"scenario","nS","nT","d","em_sd","kappa","rho_T","method","width","ess_median","ess_p05","fail_reason","n_attempted","convergence","convergence_mcse","bias","bias_mcse","empse","empse_mcse","mse","mse_mcse","modse","modse_mcse","relerror_modse","relerror_modse_mcse","coverage","coverage_mcse","becoverage","becoverage_mcse","rejection","rejection_mcse","n_used","truth","cov_err_pp","cov_err_pp_mcse"
1,500,200,0,0,0,0.3,"joint-score",0.72970307681131,481.158360001038,454.128306997806,"",5000,1,0,-0.000769938272964673,0.00266492789130836,0.18843885833173,0.00188457705044618,0.0355026942936443,0.000695304850242092,0.186287732274543,0.000100634849494958,-1.14155120458252,0.99012465402144,0.9482,0.0031342227106573,0.9476,0.00315132480077824,0.0518,0.0031342227106573,5000,0,-0.179999999999991,0.31342227106573
1,500,200,0,0,0,0.3,"normal-recon",0.730930383234813,481.158360001038,454.128306997806,"",5000,1,0,-0.000769938272964673,0.00266492789130836,0.18843885833173,0.00188457705044618,0.0355026942936443,0.000695304850242092,0.186596213564128,9.89517005110933e-05,-0.977847554328859,0.991711778410868,0.9478,0.00314563697841948,0.9476,0.00315132480077824,0.0522,0.00314563697841947,5000,0,-0.219999999999998,0.314563697841947
1,500,200,0,0,0,0.3,"reported-cov",0.730903507244129,481.158360001038,454.128306997806,"",5000,1,0,-0.000769938272964673,0.00266492789130836,0.18843885833173,0.00188457705044618,0.0355026942936443,0.000695304850242092,0.186589572450721,9.90307495171313e-05,-0.981371834547007,0.991678803723038,0.9478,0.00314563697841948,0.9478,0.00314563697841948,0.0522,0.00314563697841947,5000,0,-0.219999999999998,0.314563697841947
1,500,200,0,0,0,0.3,"target-fixed",0.726845221745287,481.158360001038,454.128306997806,"",5000,1,0,-0.000769938272964673,0.00266492789130836,0.18843885833173,0.00188457705044618,0.0355026942936443,0.000695304850242092,0.185553096846389,9.82940539335057e-05,-1.53140467464582,0.986164941975187,0.9464,0.00318518570887162,0.946,0.00319637294444813,0.0536,0.00318518570887162,5000,0,-0.359999999999994,0.318518570887162
2,500,200,0,0,0,0.6,"joint-score",0.718338243156274,482.73879497154,456.231601438805,"",5000,1,0,-0.00277888104617465,0.00251640173275167,0.177936472941829,0.00177954269258615,0.0316627783051663,0.000641690912442685,0.183390523246559,0.000100635833685768,3.0651671433958,1.03230522249575,0.9556,0.00291302729132427,0.9562,0.00289418589589542,0.0444,0.00291302729132427,5000,0,0.560000000000005,0.291302729132427
2,500,200,0,0,0,0.6,"normal-recon",0.720110706976045,482.73879497154,456.231601438805,"",5000,1,0,-0.00277888104617465,0.00251640173275167,0.177936472941829,0.00177954269258615,0.0316627783051663,0.000641690912442685,0.183839412414469,9.95316756246609e-05,3.31744210450338,1.03479071508894,0.9562,0.00289418589589542,0.9566,0.00288154264240528,0.0438,0.00289418589589542,5000,0,0.620000000000009,0.289418589589542
2,500,200,0,0,0,0.6,"reported-cov",0.719629889809788,482.73879497154,456.231601438805,"",5000,1,0,-0.00277888104617465,0.00251640173275167,0.177936472941829,0.00177954269258615,0.0316627783051663,0.000641690912442685,0.183716862787848,9.95503487272173e-05,3.24856941944074,1.03410349481717,0.9558,0.00290676314824583,0.9566,0.00288154264240528,0.0442,0.00290676314824583,5000,0,0.580000000000003,0.290676314824583
2,500,200,0,0,0,0.6,"target-fixed",0.715911084027557,482.73879497154,456.231601438805,"",5000,1,0,-0.00277888104617465,0.00251640173275167,0.177936472941829,0.00177954269258615,0.0316627783051663,0.000641690912442685,0.182767272177102,9.89646903796097e-05,2.71490108543011,1.0287562882332,0.9552,0.00292550713552368,0.9556,0.00291302729132427,0.0448,0.00292550713552369,5000,0,0.520000000000009,0.292550713552368
3,500,200,0,0.45,0,0.3,"joint-score",0.76368947918347,481.201847776223,454.887985184539,"",5000,1,0,0.00187510374722064,0.00277439793818351,0.196179559579954,0.00196199180479095,0.0384822383271282,0.000761469283176767,0.195008595666628,0.000121367612189854,-0.596883750698907,0.996053693570659,0.9458,0.00320194815698193,0.946,0.00319637294444813,0.0542,0.00320194815698193,5000,0,-0.419999999999998,0.320194815698193
3,500,200,0,0.45,0,0.3,"normal-recon",0.76496561214195,481.201847776223,454.887985184539,"",5000,1,0,0.00187510374722064,0.00277439793818351,0.196179559579954,0.00196199180479095,0.0384822383271282,0.000761469283176767,0.195311401470822,0.000113574501615818,-0.442532397865758,0.99735591656811,0.9472,0.00316266216975509,0.9466,0.00317957355631223,0.0528,0.00316266216975509,5000,0,-0.279999999999991,0.316266216975509
3,500,200,0,0.45,0,0.3,"reported-cov",0.764775171568195,481.201847776223,454.887985184539,"",5000,1,0,0.00187510374722064,0.00277439793818351,0.196179559579954,0.00196199180479095,0.0384822383271282,0.000761469283176767,0.195264558597124,0.000114152467245979,-0.466409948513014,0.997134668531513,0.9464,0.00318518570887162,0.9462,0.00319078548323136,0.0536,0.00318518570887162,5000,0,-0.359999999999994,0.318518570887162
3,500,200,0,0.45,0,0.3,"target-fixed",0.749058273773723,481.201847776223,454.887985184539,"",5000,1,0,0.00187510374722064,0.00277439793818351,0.196179559579954,0.00196199180479095,0.0384822383271282,0.000761469283176767,0.191238857899236,0.00010719282585192,-2.51845895224577,0.976442892676484,0.9404,0.00334806929438445,0.94,0.00335857112474933,0.0596,0.00334806929438445,5000,0,-0.959999999999994,0.334806929438445
4,500,200,0,0.45,0,0.6,"joint-score",0.754634664471732,482.828197385799,457.489336509235,"",5000,1,0,0.0023398306977908,0.00276454968162811,0.195483182680635,0.00195502733931639,0.0382115067837025,0.000769837568543593,0.192701374855589,0.000121419862700731,-1.42304201665822,0.987822877827174,0.944,0.00325158422926425,0.9442,0.00324611644892786,0.056,0.00325158422926425,5000,0,-0.6,0.325158422926425
4,500,200,0,0.45,0,0.6,"normal-recon",0.758464790400366,482.828197385799,457.489336509235,"",5000,1,0,0.0023398306977908,0.00276454968162811,0.195483182680635,0.00195502733931639,0.0382115067837025,0.000769837568543593,0.193659659064696,0.000115349412098444,-0.932828896548943,0.992526387415785,0.9458,0.00320194815698193,0.9464,0.00318518570887162,0.0542,0.00320194815698193,5000,0,-0.419999999999998,0.320194815698193
4,500,200,0,0.45,0,0.6,"reported-cov",0.755986346557037,482.828197385799,457.489336509235,"",5000,1,0,0.0023398306977908,0.00276454968162811,0.195483182680635,0.00195502733931639,0.0382115067837025,0.000769837568543593,0.193028158233763,0.0001154348326511,-1.25587501349561,0.989303943750807,0.9442,0.00324611644892786,0.9448,0.00322964270469661,0.0558,0.00324611644892786,5000,0,-0.579999999999992,0.324611644892786
4,500,200,0,0.45,0,0.6,"target-fixed",0.74024138733891,482.828197385799,457.489336509235,"",5000,1,0,0.0023398306977908,0.00276454968162811,0.195483182680635,0.00195502733931639,0.0382115067837025,0.000769837568543593,0.188990570147881,0.000106805100004041,-3.3213151350013,0.96842600478758,0.9384,0.00340015999623547,0.9382,0.00340531232047811,0.0616,0.00340015999623547,5000,0,-1.15999999999999,0.340015999623547
5,500,200,0,0.45,0.5,0.3,"joint-score",0.777940951076253,481.179150462518,453.423237167285,"",5000,1,0,0.00610346190813721,0.00282082993246603,0.199462797382072,0.00199482746654251,0.0398147027052378,0.000811157516774854,0.19864505551138,0.000122743916106746,-0.409972125842317,0.997899093711963,0.9504,0.00307049963361014,0.9508,0.00305873699425106,0.0496,0.00307049963361014,5000,0,0.0400000000000067,0.307049963361014
5,500,200,0,0.45,0.5,0.3,"normal-recon",0.789418610357601,481.179150462518,453.423237167285,"",5000,1,0,0.00610346190813721,0.00282082993246603,0.199462797382072,0.00199482746654251,0.0398147027052378,0.000811157516774854,0.201574188835208,0.000123989724787739,1.05853897611348,1.0125962771601,0.9538,0.00296868859936505,0.9532,0.00298696367570816,0.0462,0.00296868859936505,5000,0,0.380000000000003,0.296868859936505
5,500,200,0,0.45,0.5,0.3,"reported-cov",0.789218112319214,481.179150462518,453.423237167285,"",5000,1,0,0.00610346190813721,0.00282082993246603,0.199462797382072,0.00199482746654251,0.0398147027052378,0.000811157516774854,0.2015261904498,0.000125067074395411,1.03447514765158,1.01238937775907,0.9536,0.00297479545515318,0.9532,0.00298696367570816,0.0464,0.00297479545515318,5000,0,0.360000000000005,0.297479545515318
5,500,200,0,0.45,0.5,0.3,"target-fixed",0.773936718081969,481.179150462518,453.423237167285,"",5000,1,0,0.00610346190813721,0.00282082993246603,0.199462797382072,0.00199482746654251,0.0398147027052378,0.000811157516774854,0.197608021611045,0.000116978109811543,-0.929885570327249,0.992534390195604,0.9486,0.00312275647465504,0.9488,0.0031170036894428,0.0514,0.00312275647465504,5000,0,-0.139999999999996,0.312275647465504
6,500,200,0,0.45,0.5,0.6,"joint-score",0.768139574351187,482.817552184918,457.505394624597,"",5000,1,0,0.000174325333607266,0.00275216586094218,0.194607514322233,0.00194626977993265,0.037864540603074,0.00076897474593119,0.196140960398337,0.000120692254589351,0.787968584586718,1.00988659486879,0.9552,0.00292550713552368,0.9552,0.00292550713552368,0.0448,0.00292550713552369,5000,0,0.520000000000009,0.292550713552368
6,500,200,0,0.45,0.5,0.6,"normal-recon",0.781788737380155,482.817552184918,457.505394624597,"",5000,1,0,0.000174325333607266,0.00275216586094218,0.194607514322233,0.00194626977993265,0.037864540603074,0.00076897474593119,0.199624340646026,0.000122050536276081,2.57792014931451,1.02779705437924,0.958,0.00283675871374356,0.958,0.00283675871374356,0.042,0.00283675871374356,5000,0,0.800000000000001,0.283675871374356
6,500,200,0,0.45,0.5,0.6,"reported-cov",0.77937250053121,482.817552184918,457.505394624597,"",5000,1,0,0.000174325333607266,0.00275216586094218,0.194607514322233,0.00194626977993265,0.037864540603074,0.00076897474593119,0.19900965627585,0.000122482716782066,2.26206165211456,1.02465767501179,0.9572,0.00286245209566902,0.9572,0.00286245209566902,0.0428,0.00286245209566903,5000,0,0.72000000000001,0.286245209566902
6,500,200,0,0.45,0.5,0.6,"target-fixed",0.764547770574649,482.817552184918,457.505394624597,"",5000,1,0,0.000174325333607266,0.00275216586094218,0.194607514322233,0.00194626977993265,0.037864540603074,0.00076897474593119,0.195211496870983,0.000115814608006254,0.310359315185571,1.00496754532318,0.9538,0.00296868859936505,0.9538,0.00296868859936505,0.0462,0.00296868859936505,5000,0,0.380000000000003,0.296868859936505
7,500,200,0,0.45,1,0.3,"joint-score",0.802419508656397,481.0426409617,454.639376784559,"",5000,1,0,-0.00328915283146688,0.00286736847472797,0.202753569264068,0.00202773847662805,0.041111606573698,0.00081154548265803,0.204905661319055,0.000129648579681073,1.0614323894758,1.01273611847422,0.9548,0.00293792307591605,0.9542,0.00295642892693195,0.0452,0.00293792307591605,5000,0,0.480000000000003,0.293792307591605
7,500,200,0,0.45,1,0.3,"normal-recon",0.822857713317339,481.0426409617,454.639376784559,"",5000,1,0,-0.00328915283146688,0.00286736847472797,0.202753569264068,0.00202773847662805,0.041111606573698,0.00081154548265803,0.210145704849724,0.000139552336701725,3.64587198759929,1.03884500252452,0.9616,0.00271755183943195,0.9602,0.00276463234445378,0.0384,0.00271755183943195,5000,0,1.16000000000001,0.271755183943195
7,500,200,0,0.45,1,0.3,"reported-cov",0.822721793195209,481.0426409617,454.639376784559,"",5000,1,0,-0.00328915283146688,0.00286736847472797,0.202753569264068,0.00202773847662805,0.041111606573698,0.00081154548265803,0.210116716367093,0.000141353621077163,3.63157459064787,1.0387615763505,0.9608,0.0027445713690848,0.9606,0.00275127752144345,0.0392,0.0027445713690848,5000,0,1.08,0.27445713690848
7,500,200,0,0.45,1,0.3,"target-fixed",0.808170441693867,481.0426409617,454.639376784559,"",5000,1,0,-0.00328915283146688,0.00286736847472797,0.202753569264068,0.00202773847662805,0.041111606573698,0.00081154548265803,0.206389044981677,0.000135273218827729,1.79305140264869,1.02021620598714,0.9566,0.00288154264240528,0.9566,0.00288154264240528,0.0434,0.00288154264240528,5000,0,0.660000000000005,0.288154264240528
8,500,200,0,0.45,1,0.6,"joint-score",0.790652992597976,482.448289423042,457.541402561715,"",5000,1,0,-0.000553959973470374,0.00287995005208086,0.203643221130492,0.00203663588507763,0.0414625742717524,0.000832524885868264,0.201908405351497,0.000130120367119151,-0.851889775345849,0.993636831164546,0.9456,0.0032075111847038,0.9458,0.00320194815698193,0.0544,0.0032075111847038,5000,0,-0.439999999999996,0.32075111847038
8,500,200,0,0.45,1,0.6,"normal-recon",0.813479977052793,482.448289423042,457.541402561715,"",5000,1,0,-0.000553959973470374,0.00287995005208086,0.203643221130492,0.00203663588507763,0.0414625742717524,0.000832524885868264,0.207759407922659,0.000140690285176355,2.02127366151248,1.02265106561184,0.9524,0.00301112072159188,0.9522,0.00301712313305241,0.0476,0.00301112072159188,5000,0,0.240000000000007,0.301112072159188
8,500,200,0,0.45,1,0.6,"reported-cov",0.811130632490264,482.448289423042,457.541402561715,"",5000,1,0,-0.000553959973470374,0.00287995005208086,0.203643221130492,0.00203663588507763,0.0414625742717524,0.000832524885868264,0.207164585228304,0.000141926616542351,1.72918306745655,1.01977787129944,0.9518,0.00302908435009658,0.952,0.00302311098043059,0.0482,0.00302908435009658,5000,0,0.180000000000002,0.302908435009658
8,500,200,0,0.45,1,0.6,"target-fixed",0.796790852931017,482.448289423042,457.541402561715,"",5000,1,0,-0.000553959973470374,0.00287995005208086,0.203643221130492,0.00203663588507763,0.0414625742717524,0.000832524885868264,0.203482121472201,0.000133085529977549,-0.0791087753361674,1.00144350671348,0.9472,0.00316266216975509,0.9472,0.00316266216975509,0.0528,0.00316266216975509,5000,0,-0.279999999999991,0.316266216975509
9,500,200,0,0.9,0,0.3,"joint-score",0.822321024931682,481.230527426775,454.54285700853,"",5000,1,0,0.00391996214190307,0.00296617697633252,0.209740385416413,0.00209761362601585,0.0439975971719647,0.00086038206957671,0.210078284366755,0.000160522179743261,0.161103427778708,1.00463066037469,0.9528,0.00299907185642492,0.9516,0.00303504332753257,0.0472,0.00299907185642492,5000,0,0.280000000000002,0.299907185642492
9,500,200,0,0.9,0,0.3,"normal-recon",0.82419781343096,481.230527426775,454.54285700853,"",5000,1,0,0.00391996214190307,0.00296617697633252,0.209740385416413,0.00209761362601585,0.0439975971719647,0.00086038206957671,0.210500928187974,0.000144373453834103,0.362611506625665,1.0060840131206,0.954,0.00296256645495084,0.954,0.00296256645495084,0.046,0.00296256645495084,5000,0,0.4,0.296256645495084
9,500,200,0,0.9,0,0.3,"reported-cov",0.82370298951106,481.230527426775,454.54285700853,"",5000,1,0,0.00391996214190307,0.00296617697633252,0.209740385416413,0.00209761362601585,0.0439975971719647,0.00086038206957671,0.210383531716587,0.000146980275492046,0.306639228729022,1.00561139399982,0.9532,0.00298696367570816,0.953,0.00299302522541993,0.0468,0.00298696367570816,5000,0,0.320000000000009,0.298696367570816
9,500,200,0,0.9,0,0.3,"target-fixed",0.778157614655846,481.230527426775,454.54285700853,"",5000,1,0,0.00391996214190307,0.00296617697633252,0.209740385416413,0.00209761362601585,0.0439975971719647,0.00086038206957671,0.198690967310527,0.000119501503480033,-5.26814046038342,0.949125015194824,0.939,0.00338464178311384,0.9378,0.00341558662604244,0.061,0.00338464178311383,5000,0,-1.1,0.338464178311384
10,500,200,0,0.9,0,0.6,"joint-score",0.818060195895393,482.977539971158,455.996796214047,"",5000,1,0,-0.00279464639719702,0.00296950195616436,0.209975496995054,0.00209996497694911,0.0440887014449376,0.000888623114777898,0.209017442122631,0.000167802899179341,-0.456269843926393,0.99873926624786,0.9502,0.00307636018697421,0.95,0.00308220700148449,0.0498,0.00307636018697421,5000,0,0.0200000000000089,0.307636018697421
10,500,200,0,0.9,0,0.6,"normal-recon",0.827679463288589,482.977539971158,455.996796214047,"",5000,1,0,-0.00279464639719702,0.00296950195616436,0.209975496995054,0.00209996497694911,0.0440887014449376,0.000888623114777898,0.211420787227207,0.000154701475667323,0.688313757003378,1.00967549439045,0.9528,0.00299907185642492,0.953,0.00299302522541993,0.0472,0.00299907185642492,5000,0,0.280000000000002,0.299907185642492
10,500,200,0,0.9,0,0.6,"reported-cov",0.819987771570286,482.977539971158,455.996796214047,"",5000,1,0,-0.00279464639719702,0.00296950195616436,0.209975496995054,0.00209996497694911,0.0440887014449376,0.000888623114777898,0.20945857049516,0.000154129989285195,-0.246184201152777,1.00033471921351,0.9498,0.00308804015517933,0.951,0.00305283474822991,0.0502,0.00308804015517933,5000,0,-0.0199999999999978,0.308804015517933
10,500,200,0,0.9,0,0.6,"target-fixed",0.774363458051349,482.977539971158,455.996796214047,"",5000,1,0,-0.00279464639719702,0.00296950195616436,0.209975496995054,0.00209996497694911,0.0440887014449376,0.000888623114777898,0.197730453845569,0.000122080719308254,-5.83165337133277,0.943570587060224,0.9342,0.00350629034736144,0.9348,0.00349138826256834,0.0658,0.00350629034736144,5000,0,-1.57999999999999,0.350629034736144
11,500,200,0,0.9,0.5,0.3,"joint-score",0.843615326125234,480.48426218308,453.944239771349,"",5000,1,0,-0.00458456082571844,0.00304692372909392,0.215450043060051,0.00215471591296647,0.0464304555083317,0.000913518905230071,0.215481201581748,0.000153813814102149,0.0144620633413917,1.00278918976988,0.9506,0.0030646252625729,0.9512,0.00304691844328003,0.0494,0.0030646252625729,5000,0,0.0600000000000045,0.30646252625729
11,500,200,0,0.9,0.5,0.3,"normal-recon",0.881097348878729,480.48426218308,453.944239771349,"",5000,1,0,-0.00458456082571844,0.00304692372909392,0.215450043060051,0.00215471591296647,0.0464304555083317,0.000913518905230071,0.225056430446051,0.000160780286180736,4.45875398749493,1.04735397229113,0.9594,0.00279111590586991,0.9588,0.00281078494374792,0.0406,0.00279111590586991,5000,0,0.940000000000007,0.279111590586991
11,500,200,0,0.9,0.5,0.3,"reported-cov",0.88078479748628,480.48426218308,453.944239771349,"",5000,1,0,-0.00458456082571844,0.00304692372909392,0.215450043060051,0.00215471591296647,0.0464304555083317,0.000913518905230071,0.22499232959117,0.000165346700080942,4.4290019141277,1.04721037047916,0.9588,0.00281078494374792,0.9586,0.00281730509529941,0.0412,0.00281078494374792,5000,0,0.880000000000003,0.281078494374792
11,500,200,0,0.9,0.5,0.3,"target-fixed",0.838021567589922,480.48426218308,453.944239771349,"",5000,1,0,-0.00458456082571844,0.00304692372909392,0.215450043060051,0.00215471591296647,0.0464304555083317,0.000913518905230071,0.214019443293697,0.000142644441995414,-0.664005328583406,0.995663010696618,0.9498,0.00308804015517933,0.9494,0.00309966578843591,0.0502,0.00308804015517933,5000,0,-0.0199999999999978,0.308804015517933
12,500,200,0,0.9,0.5,0.6,"joint-score",0.833378190142114,482.965526747051,457.596055638075,"",5000,1,0,-0.00119608788572233,0.00301763188601687,0.213378796972728,0.0021340013805364,0.0455228355215594,0.00090979286829385,0.212889252995854,0.000158652446458683,-0.229424846244586,1.00057192767106,0.948,0.00313993630508646,0.9482,0.0031342227106573,0.052,0.00313993630508646,5000,0,-0.2,0.313993630508646
12,500,200,0,0.9,0.5,0.6,"normal-recon",0.877334294497584,482.965526747051,457.596055638075,"",5000,1,0,-0.00119608788572233,0.00301763188601687,0.213378796972728,0.0021340013805364,0.0455228355215594,0.00090979286829385,0.224140143441916,0.00017263269914682,5.04330637432704,1.05364883100597,0.9574,0.00285605462132642,0.9578,0.00284320804725929,0.0426,0.00285605462132642,5000,0,0.740000000000007,0.285605462132642
12,500,200,0,0.9,0.5,0.6,"reported-cov",0.86999193874455,482.965526747051,457.596055638075,"",5000,1,0,-0.00119608788572233,0.00301763188601687,0.213378796972728,0.0021340013805364,0.0455228355215594,0.00090979286829385,0.222277249610699,0.000174979490846166,4.17026094636224,1.04502922502656,0.9556,0.00291302729132427,0.9556,0.00291302729132427,0.0444,0.00291302729132427,5000,0,0.560000000000005,0.291302729132427
12,500,200,0,0.9,0.5,0.6,"target-fixed",0.827154581267415,482.965526747051,457.596055638075,"",5000,1,0,-0.00119608788572233,0.00301763188601687,0.213378796972728,0.0021340013805364,0.0455228355215594,0.00090979286829385,0.211262753065911,0.000146429458901001,-0.991684242688318,0.992557318108937,0.9472,0.00316266216975509,0.9474,0.00315699984162179,0.0528,0.00316266216975509,5000,0,-0.279999999999991,0.316266216975509
13,500,200,0,0.9,1,0.3,"joint-score",0.895771959883769,481.424639968117,453.820207322153,"",5000,1,0,-0.00376865974009444,0.00330970538649479,0.234031512252011,0.00234054918914294,0.0547739973734545,0.0010785554007531,0.228805166960647,0.000163771498258863,-2.23318015641243,0.98026694700624,0.9468,0.00317394895989208,0.9448,0.00322964270469661,0.0532,0.00317394895989208,5000,0,-0.319999999999998,0.317394895989208
13,500,200,0,0.9,1,0.3,"normal-recon",0.963501755396431,481.424639968117,453.820207322153,"",5000,1,0,-0.00376865974009444,0.00330970538649479,0.234031512252011,0.00234054918914294,0.0547739973734545,0.0010785554007531,0.246198841129071,0.000201466775328241,5.19901305596739,1.05561133850096,0.9612,0.00273110087693589,0.961,0.00273784586856163,0.0388,0.00273110087693589,5000,0,1.12000000000001,0.273110087693589
13,500,200,0,0.9,1,0.3,"reported-cov",0.963041229324805,481.424639968117,453.820207322153,"",5000,1,0,-0.00376865974009444,0.00330970538649479,0.234031512252011,0.00234054918914294,0.0547739973734545,0.0010785554007531,0.246105099265738,0.000207617568154512,5.15895782475886,1.05542974197251,0.9608,0.0027445713690848,0.9608,0.0027445713690848,0.0392,0.0027445713690848,5000,0,1.08,0.27445713690848
13,500,200,0,0.9,1,0.3,"target-fixed",0.924105161170531,481.424639968117,453.820207322153,"",5000,1,0,-0.00376865974009444,0.00330970538649479,0.234031512252011,0.00234054918914294,0.0547739973734545,0.0010785554007531,0.236115670607597,0.000188859740030057,0.890546036100437,1.01222827574235,0.9524,0.00301112072159188,0.9522,0.00301712313305241,0.0476,0.00301112072159188,5000,0,0.240000000000007,0.301112072159188
14,500,200,0,0.9,1,0.6,"joint-score",0.884323801316763,482.398119023129,456.949839245929,"",5000,1,0,0.00281578429253305,0.00318363654360266,0.225117098881474,0.00225139613968682,0.0506755013083518,0.00100561587636148,0.225927933578026,0.000175342895372235,0.360183522522428,1.00671988315395,0.9544,0.00295027591929975,0.9542,0.00295642892693195,0.0456,0.00295027591929975,5000,0,0.440000000000007,0.295027591929975
14,500,200,0,0.9,1,0.6,"normal-recon",0.959924428497724,482.398119023129,456.949839245929,"",5000,1,0,0.00281578429253305,0.00318363654360266,0.225117098881474,0.00225139613968682,0.0506755013083518,0.00100561587636148,0.245370940358704,0.000221487782519786,8.99702491630519,1.09451037440904,0.9668,0.0025336834845734,0.9672,0.00251889499582655,0.0332,0.0025336834845734,5000,0,1.68,0.25336834845734
14,500,200,0,0.9,1,0.6,"reported-cov",0.953087664089831,482.398119023129,456.949839245929,"",5000,1,0,0.00281578429253305,0.00318363654360266,0.225117098881474,0.00225139613968682,0.0506755013083518,0.00100561587636148,0.243646828734629,0.000225441484891042,8.23115167404955,1.08704249496298,0.9664,0.00254837359898426,0.9662,0.0025556822963741,0.0336,0.00254837359898426,5000,0,1.64000000000001,0.254837359898426
14,500,200,0,0.9,1,0.6,"target-fixed",0.91380493158367,482.398119023129,456.949839245929,"",5000,1,0,0.00281578429253305,0.00318363654360266,0.225117098881474,0.00225139613968682,0.0506755013083518,0.00100561587636148,0.233550643239055,0.00020344658945536,3.74629221835396,1.04149509095968,0.9598,0.00277791144567281,0.9594,0.00279111590586991,0.0402,0.00277791144567281,5000,0,0.980000000000003,0.277791144567281
15,500,200,0.4,0,0,0.3,"joint-score",0.801116964960337,355.752234824616,284.819599562456,"",5000,1,0,0.00453376458001833,0.00291503948882703,0.206124418997616,0.00206145034531898,0.0424993336731504,0.000868082634994266,0.204626388069849,0.000146404296529497,-0.726760533784221,0.995369080362258,0.9476,0.00315132480077824,0.9472,0.00316266216975509,0.0524,0.00315132480077824,5000,0,-0.239999999999996,0.315132480077824
15,500,200,0.4,0,0,0.3,"normal-recon",0.802477041637576,355.752234824616,284.819599562456,"",5000,1,0,0.00453376458001833,0.00291503948882703,0.206124418997616,0.00206145034531898,0.0424993336731504,0.000868082634994266,0.204965564957483,0.000144225596260171,-0.562210943161623,0.996935810516899,0.9472,0.00316266216975509,0.947,0.00316831185333767,0.0528,0.00316266216975509,5000,0,-0.279999999999991,0.316266216975509
15,500,200,0.4,0,0,0.3,"reported-cov",0.802381297241582,355.752234824616,284.819599562456,"",5000,1,0,0.00453376458001833,0.00291503948882703,0.206124418997616,0.00206145034531898,0.0424993336731504,0.000868082634994266,0.204941589097771,0.000144365381029741,-0.573842684722647,0.996824530882943,0.9472,0.00316266216975509,0.9472,0.00316266216975509,0.0528,0.00316266216975509,5000,0,-0.279999999999991,0.316266216975509
15,500,200,0.4,0,0,0.3,"target-fixed",0.795506377294671,355.752234824616,284.819599562456,"",5000,1,0,0.00453376458001833,0.00291503948882703,0.206124418997616,0.00206145034531898,0.0424993336731504,0.000868082634994266,0.203178660014944,0.000140989210980721,-1.42911693675005,0.988177529208518,0.9448,0.00322964270469661,0.9454,0.00321306209090332,0.0552,0.0032296427046966,5000,0,-0.519999999999998,0.32296427046966
16,500,200,0.4,0,0,0.6,"joint-score",0.787247307080468,356.851148965166,279.715227601518,"",5000,1,0,0.00103654469851735,0.00283795123327852,0.200673456172796,0.00200693526529017,0.0402628564700448,0.000804268103266213,0.201119858277883,0.000154436929559274,0.222451994199857,1.00527491586415,0.9514,0.0030409879973456,0.9512,0.00304691844328003,0.0486,0.0030409879973456,5000,0,0.140000000000007,0.30409879973456
16,500,200,0.4,0,0,0.6,"normal-recon",0.788921064996363,356.851148965166,279.715227601518,"",5000,1,0,0.00103654469851735,0.00283795123327852,0.200673456172796,0.00200693526529017,0.0402628564700448,0.000804268103266213,0.201539278986293,0.000152673330517959,0.431458564580245,1.00729230932634,0.9524,0.00301112072159188,0.952,0.00302311098043059,0.0476,0.00301112072159188,5000,0,0.240000000000007,0.301112072159188
16,500,200,0.4,0,0,0.6,"reported-cov",0.788420638308811,356.851148965166,279.715227601518,"",5000,1,0,0.00103654469851735,0.00283795123327852,0.200673456172796,0.00200693526529017,0.0402628564700448,0.000804268103266213,0.201412641940519,0.000152946749949729,0.368352537410654,1.00667329643022,0.9518,0.00302908435009658,0.9518,0.00302908435009658,0.0482,0.00302908435009658,5000,0,0.180000000000002,0.302908435009658
16,500,200,0.4,0,0,0.6,"target-fixed",0.781760577208581,356.851148965166,279.715227601518,"",5000,1,0,0.00103654469851735,0.00283795123327852,0.200673456172796,0.00200693526529017,0.0402628564700448,0.000804268103266213,0.199699723944542,0.000148325515611305,-0.485232201022212,0.997988108369581,0.9498,0.00308804015517933,0.95,0.00308220700148449,0.0502,0.00308804015517933,5000,0,-0.0199999999999978,0.308804015517933
17,500,200,0.4,0.45,0,0.3,"joint-score",0.854524028901922,355.113854601786,284.708322698859,"",5000,1,0,-0.00441204176541346,0.00313876052533144,0.221943885198251,0.00221966082916484,0.0492687024717988,0.00103440812888807,0.218384257339037,0.00018826195838172,-1.60384137460451,0.987709071641818,0.9408,0.0033375248313683,0.943,0.00327874976172321,0.0752,0.00372947610261817,5000,0.106883553578019,-0.919999999999999,0.33375248313683
17,500,200,0.4,0.45,0,0.3,"normal-recon",0.856102973092967,355.113854601786,284.708322698859,"",5000,1,0,-0.00441204176541346,0.00313876052533144,0.221943885198251,0.00221966082916484,0.0492687024717988,0.00103440812888807,0.218762633506356,0.000182204400813375,-1.43335856676255,0.989177529038095,0.9428,0.00328414859590732,0.9434,0.00326791799162708,0.0756,0.00373857298979169,5000,0.106883553578019,-0.719999999999998,0.328414859590732
17,500,200,0.4,0.45,0,0.3,"reported-cov",0.855917678181944,355.113854601786,284.708322698859,"",5000,1,0,-0.00441204176541346,0.00313876052533144,0.221943885198251,0.00221966082916484,0.0492687024717988,0.00103440812888807,0.2187178013062,0.000182770562553777,-1.45355835740624,0.988997415861137,0.9424,0.00329491244193226,0.9436,0.00326248494249399,0.0762,0.00375216097735692,5000,0.106883553578019,-0.759999999999994,0.329491244193226
17,500,200,0.4,0.45,0,0.3,"target-fixed",0.837309775880481,355.113854601786,284.708322698859,"",5000,1,0,-0.00441204176541346,0.00313876052533144,0.221943885198251,0.00221966082916484,0.0492687024717988,0.00103440812888807,0.213943687836048,0.000173974241753616,-3.6046036389138,0.967231916329668,0.9362,0.00345628586780665,0.9374,0.00342582077756557,0.0858,0.00396076659246667,5000,0.106883553578019,-1.37999999999999,0.345628586780665
18,500,200,0.4,0.45,0,0.6,"joint-score",0.846341913216676,355.605964969242,279.0351702567,"",5000,1,0,0.00127274349233779,0.0031570889414651,0.223239899931903,0.00223262227271053,0.0498277055870192,0.000999434247797246,0.216343355235584,0.000198837672312945,-3.0892975218244,0.973288032158784,0.9398,0.00336380617753164,0.9398,0.00336380617753164,0.0872,0.00398989122658751,5000,0.116436831968334,-1.02,0.336380617753164
18,500,200,0.4,0.45,0,0.6,"normal-recon",0.849784747348192,355.605964969242,279.0351702567,"",5000,1,0,0.00127274349233779,0.0031570889414651,0.223239899931903,0.00223262227271053,0.0498277055870192,0.000999434247797246,0.217199960553962,0.00019409451928186,-2.70558237115466,0.976918141494826,0.94,0.00335857112474933,0.94,0.00335857112474933,0.0868,0.00398160168776336,5000,0.116436831968334,-1,0.335857112474933
18,500,200,0.4,0.45,0,0.6,"reported-cov",0.847466203018493,355.605964969242,279.0351702567,"",5000,1,0,0.00127274349233779,0.0031570889414651,0.223239899931903,0.00223262227271053,0.0498277055870192,0.000999434247797246,0.216613477083017,0.000195117953925695,-2.9682968192101,0.97434220618956,0.9398,0.00336380617753164,0.9402,0.00335332551357604,0.0874,0.00399402653972154,5000,0.116436831968334,-1.02,0.336380617753164
18,500,200,0.4,0.45,0,0.6,"target-fixed",0.828610837262701,355.605964969242,279.0351702567,"",5000,1,0,0.00127274349233779,0.0031570889414651,0.223239899931903,0.00223262227271053,0.0498277055870192,0.000999434247797246,0.211764647362883,0.000183769445308545,-5.14032329011089,0.952256420898945,0.933,0.00353584501922808,0.933,0.00353584501922808,0.097,0.0041854748834511,5000,0.116436831968334,-1.69999999999999,0.353584501922808
19,500,200,0.4,0.45,0.5,0.3,"joint-score",0.871766141406687,355.935074426278,283.947130187059,"",5000,1,0,0.00130532418034966,0.00313012838662152,0.221333500816459,0.00221355637487096,0.0489804247511684,0.000987524179081984,0.222773802253158,0.000187914777013981,0.650738108504223,1.01018214806398,0.9492,0.00310545842026584,0.9494,0.00309966578843591,0.0554,0.00323514574633045,5000,0.0534417767890094,-0.0799999999999912,0.310545842026584
19,500,200,0.4,0.45,0.5,0.3,"normal-recon",0.881973317636648,355.935074426278,283.947130187059,"",5000,1,0,0.00130532418034966,0.00313012838662152,0.221333500816459,0.00221355637487096,0.0489804247511684,0.000987524179081984,0.225371918229079,0.000187525440658825,1.82458479973582,1.02186612987404,0.9512,0.00304691844328003,0.9512,0.00304691844328003,0.0532,0.00317394895989208,5000,0.0534417767890094,0.120000000000009,0.304691844328003
19,500,200,0.4,0.45,0.5,0.3,"reported-cov",0.881804917184438,355.935074426278,283.947130187059,"",5000,1,0,0.00130532418034966,0.00313012838662152,0.221333500816459,0.00221355637487096,0.0489804247511684,0.000987524179081984,0.225331325616858,0.000188117420719577,1.80624477797162,1.02170555748246,0.9512,0.00304691844328003,0.9512,0.00304691844328003,0.0534,0.00317957355631223,5000,0.0534417767890094,0.120000000000009,0.304691844328003
19,500,200,0.4,0.45,0.5,0.3,"target-fixed",0.863480595881804,355.935074426278,283.947130187059,"",5000,1,0,0.00130532418034966,0.00313012838662152,0.221333500816459,0.00221355637487096,0.0489804247511684,0.000987524179081984,0.220624312376063,0.000177835318889996,-0.320416221574804,1.00012818099513,0.9474,0.00315699984162179,0.9466,0.00317957355631223,0.0598,0.00335332551357604,5000,0.0534417767890094,-0.259999999999994,0.315699984162179
20,500,200,0.4,0.45,0.5,0.6,"joint-score",0.85904247183213,357.078228725541,279.902105950341,"",5000,1,0,-0.00370452936757092,0.00312313870901508,0.220839255973076,0.00220861343211815,0.0487739465211813,0.000964721693880766,0.219581822554723,0.000199436089296063,-0.56938854136801,0.998497871704117,0.95,0.00308220700148449,0.949,0.00311123769583746,0.054,0.00319637294444813,5000,0.0582184159841672,0,0.308220700148449
20,500,200,0.4,0.45,0.5,0.6,"normal-recon",0.871554193624314,357.078228725541,279.902105950341,"",5000,1,0,-0.00370452936757092,0.00312313870901508,0.220839255973076,0.00220861343211815,0.0487739465211813,0.000964721693880766,0.222771494646856,0.000200125522760178,0.874952537430551,1.01291225006958,0.9516,0.00303504332753257,0.9522,0.00301712313305241,0.0522,0.00314563697841947,5000,0.0582184159841672,0.160000000000005,0.303504332753257
20,500,200,0.4,0.45,0.5,0.6,"reported-cov",0.869069534395846,357.078228725541,279.902105950341,"",5000,1,0,-0.00370452936757092,0.00312313870901508,0.220839255973076,0.00220861343211815,0.0487739465211813,0.000964721693880766,0.222141206751156,0.000200799500605571,0.589546805138119,1.01009681207296,0.9514,0.0030409879973456,0.952,0.00302311098043059,0.0524,0.00315132480077824,5000,0.0582184159841672,0.140000000000007,0.30409879973456
20,500,200,0.4,0.45,0.5,0.6,"target-fixed",0.851340233246562,357.078228725541,279.902105950341,"",5000,1,0,-0.00370452936757092,0.00312313870901508,0.220839255973076,0.00220861343211815,0.0487739465211813,0.000964721693880766,0.217581236921411,0.000190211896688391,-1.47528981534986,0.989102950841467,0.9484,0.00312849612433834,0.9484,0.00312849612433834,0.059,0.00333223648620562,5000,0.0582184159841672,-0.159999999999993,0.312849612433834
21,500,200,0.4,0.45,1,0.3,"joint-score",0.896930111295809,355.146414782052,285.882664285822,"",5000,1,0,-0.00351442108767814,0.00324777626403154,0.229652462007341,0.00229675430698903,0.0527420564109536,0.00108542480921933,0.229210882457044,0.000194806567472312,-0.192281653084581,1.00177487585295,0.9492,0.00310545842026584,0.9494,0.00309966578843591,0.0508,0.00310545842026584,5000,0,-0.0799999999999912,0.310545842026584
21,500,200,0.4,0.45,1,0.3,"normal-recon",0.915305242779811,355.146414782052,285.882664285822,"",5000,1,0,-0.00351442108767814,0.00324777626403154,0.229652462007341,0.00229675430698903,0.0527420564109536,0.00108542480921933,0.233907452874679,0.000198661464754462,1.85279566791732,1.02229637595729,0.9532,0.00298696367570816,0.9526,0.00300510365877785,0.0468,0.00298696367570816,5000,0,0.320000000000009,0.298696367570816
21,500,200,0.4,0.45,1,0.3,"reported-cov",0.915112278559579,355.146414782052,285.882664285822,"",5000,1,0,-0.00351442108767814,0.00324777626403154,0.229652462007341,0.00229675430698903,0.0527420564109536,0.00108542480921933,0.233862811551069,0.000199808595938381,1.83335702431673,1.02214506426183,0.953,0.00299302522541993,0.9524,0.00301112072159188,0.047,0.00299302522541993,5000,0,0.3,0.299302522541993
21,500,200,0.4,0.45,1,0.3,"target-fixed",0.897552708973943,355.146414782052,285.882664285822,"",5000,1,0,-0.00351442108767814,0.00324777626403154,0.229652462007341,0.00229675430698903,0.0527420564109536,0.00108542480921933,0.229355012859015,0.000190978610605185,-0.129521428042079,1.00226060956453,0.9502,0.00307636018697421,0.9504,0.00307049963361014,0.0498,0.00307636018697421,5000,0,0.0200000000000089,0.307636018697421
22,500,200,0.4,0.45,1,0.6,"joint-score",0.884057202217913,355.787980535646,277.783047935924,"",5000,1,0,0.00202550058529774,0.00322705063123226,0.228186938457666,0.00228209760574886,0.052062967679527,0.00102812885183011,0.225973645364262,0.000204646173548259,-0.969947319668518,0.994451835371196,0.947,0.00316831185333767,0.947,0.00316831185333767,0.053,0.00316831185333767,5000,0,-0.3,0.316831185333767
22,500,200,0.4,0.45,1,0.6,"normal-recon",0.90503377796834,355.787980535646,277.783047935924,"",5000,1,0,0.00202550058529774,0.00322705063123226,0.228186938457666,0.00228209760574886,0.052062967679527,0.00102812885183011,0.231331446967147,0.000208310470252976,1.37804053585837,1.01798332734972,0.952,0.00302311098043059,0.952,0.00302311098043059,0.048,0.00302311098043059,5000,0,0.2,0.302311098043059
22,500,200,0.4,0.45,1,0.6,"reported-cov",0.90273061005987,355.787980535646,277.783047935924,"",5000,1,0,0.00202550058529774,0.00322705063123226,0.228186938457666,0.00228209760574886,0.052062967679527,0.00102812885183011,0.230750106291816,0.000209704873381901,1.12327543875854,1.01550083187577,0.9518,0.00302908435009658,0.9512,0.00304691844328003,0.0482,0.00302908435009658,5000,0,0.180000000000002,0.302908435009658
22,500,200,0.4,0.45,1,0.6,"target-fixed",0.885036627290936,355.787980535646,277.783047935924,"",5000,1,0,0.00202550058529774,0.00322705063123226,0.228186938457666,0.00228209760574886,0.052062967679527,0.00102812885183011,0.226197559413728,0.000198189819859647,-0.871819858482992,0.995178285520582,0.9464,0.00318518570887162,0.9472,0.00316266216975509,0.0536,0.00318518570887162,5000,0,-0.359999999999994,0.318518570887162
23,500,200,0.4,0.9,0,0.3,"joint-score",0.934516974077317,354.959345866909,283.506642581023,"",5000,1,0,-0.00174556542968993,0.0034367033526678,0.243011624559794,0.00243035929368032,0.0590458857399253,0.00123449738126298,0.239001774305334,0.000245114723924884,-1.65006520232257,0.988755933308391,0.943,0.00327874976172321,0.9436,0.00326248494249399,0.141,0.00492176797502686,5000,0.213767107156038,-0.700000000000001,0.327874976172321
23,500,200,0.4,0.9,0,0.3,"normal-recon",0.935895391048343,354.959345866909,283.506642581023,"",5000,1,0,-0.00174556542968993,0.0034367033526678,0.243011624559794,0.00243035929368032,0.0590458857399253,0.00123449738126298,0.239302506550735,0.00023447550372323,-1.52631299666357,0.989550652666828,0.9428,0.00328414859590732,0.9428,0.00328414859590732,0.1402,0.0049100704679261,5000,0.213767107156038,-0.719999999999998,0.328414859590732
23,500,200,0.4,0.9,0,0.3,"reported-cov",0.935523478054429,354.959345866909,283.506642581023,"",5000,1,0,-0.00174556542968993,0.0034367033526678,0.243011624559794,0.00243035929368032,0.0590458857399253,0.00123449738126298,0.239215129038166,0.000236108336989996,-1.56226910070876,0.989258535487888,0.9426,0.0032895361375124,0.9432,0.00327333957908433,0.14,0.00490713765855412,5000,0.213767107156038,-0.739999999999996,0.32895361375124
23,500,200,0.4,0.9,0,0.3,"target-fixed",0.889628096081983,354.959345866909,283.506642581023,"",5000,1,0,-0.00174556542968993,0.0034367033526678,0.243011624559794,0.00243035929368032,0.0590458857399253,0.00123449738126298,0.227439990012817,0.000216621309129492,-6.40777352737116,0.940250873519601,0.9312,0.00357956868910208,0.9312,0.00357956868910208,0.1652,0.00525183701194163,5000,0.213767107156038,-1.87999999999999,0.357956868910208
24,500,200,0.4,0.9,0,0.6,"joint-score",0.931976619089095,356.914855520176,279.513030375648,"",5000,1,0,0.000915892616545788,0.00349350693000952,0.247028244033193,0.00247052950563638,0.0610115876187379,0.00122022756496451,0.238490344918609,0.000274808378844749,-3.4562441019647,0.97192167608897,0.9444,0.00324063697442339,0.9442,0.00324611644892786,0.171,0.00532464083295766,5000,0.232873663936669,-0.559999999999994,0.324063697442339
24,500,200,0.4,0.9,0,0.6,"normal-recon",0.940917278808251,356.914855520176,279.513030375648,"",5000,1,0,0.000915892616545788,0.00349350693000952,0.247028244033193,0.00247052950563638,0.0610115876187379,0.00122022756496451,0.240720225271754,0.000266187844405374,-2.55356175409281,0.980500968997976,0.9468,0.00317394895989208,0.947,0.00316831185333767,0.1672,0.00527719925718179,5000,0.232873663936669,-0.319999999999998,0.317394895989208
24,500,200,0.4,0.9,0,0.6,"reported-cov",0.933769911903576,356.914855520176,279.513030375648,"",5000,1,0,0.000915892616545788,0.00349350693000952,0.247028244033193,0.00247052950563638,0.0610115876187379,0.00122022756496451,0.238905084659878,0.000267006880365055,-3.2883524736642,0.973233941316617,0.9452,0.00321860093829602,0.9452,0.00321860093829602,0.1714,0.00532957859497353,5000,0.232873663936669,-0.479999999999992,0.321860093829602
24,500,200,0.4,0.9,0,0.6,"target-fixed",0.886808504940562,356.914855520176,279.513030375648,"",5000,1,0,0.000915892616545788,0.00349350693000952,0.247028244033193,0.00247052950563638,0.0610115876187379,0.00122022756496451,0.226821167064011,0.000241159167917553,-8.18006744462253,0.923465821483558,0.9274,0.00366958417262774,0.9276,0.00366492128155572,0.2026,0.00568424559638304,5000,0.232873663936669,-2.26,0.366958417262774
25,500,200,0.4,0.9,0.5,0.3,"joint-score",0.958947156913119,355.497832953649,282.890782154173,"",5000,1,0,0.00389901944959117,0.00352557608604168,0.24929587580292,0.00249320809130561,0.0621512063582745,0.00126026398873171,0.245191393282698,0.000239477120508607,-1.64643017338418,0.98831359924846,0.945,0.0032241277890307,0.9454,0.00321306209090332,0.0772,0.00377465654066698,5000,0.106883553578019,-0.5,0.32241277890307
25,500,200,0.4,0.9,0.5,0.3,"normal-recon",0.992009107747794,355.497832953649,282.890782154173,"",5000,1,0,0.00389901944959117,0.00352557608604168,0.24929587580292,0.00249320809130561,0.0621512063582745,0.00126026398873171,0.253639111533768,0.000245959435261066,1.74220119641351,1.02229581990241,0.954,0.00296256645495084,0.9532,0.00298696367570816,0.0684,0.00356991428468528,5000,0.106883553578019,0.4,0.296256645495084
25,500,200,0.4,0.9,0.5,0.3,"reported-cov",0.991692826569006,355.497832953649,282.890782154173,"",5000,1,0,0.00389901944959117,0.00352557608604168,0.24929587580292,0.00249320809130561,0.0621512063582745,0.00126026398873171,0.253568183831237,0.000248031872808019,1.71374998264913,1.02209319531677,0.9536,0.00297479545515318,0.9536,0.00297479545515318,0.0692,0.00358918820905229,5000,0.106883553578019,0.360000000000005,0.297479545515318
25,500,200,0.4,0.9,0.5,0.3,"target-fixed",0.947483329051872,355.497832953649,282.890782154173,"",5000,1,0,0.00389901944959117,0.00352557608604168,0.24929587580292,0.00249320809130561,0.0621512063582745,0.00126026398873171,0.24221765792056,0.000227575667609103,-2.83928398717495,0.975982940831304,0.9412,0.00332693733033852,0.9422,0.00330027756408457,0.084,0.00392285610238255,5000,0.106883553578019,-0.879999999999992,0.332693733033852
26,500,200,0.4,0.9,0.5,0.6,"joint-score",0.95099709670406,355.563584929595,279.306282501301,"",5000,1,0,0.00120737182968318,0.00348893281525699,0.246704805277249,0.00246729479458966,0.060852546041431,0.00121141186362876,0.243257134510844,0.000259018447117224,-1.39748829072471,0.991697121664602,0.9484,0.00312849612433834,0.9478,0.00314563697841948,0.0808,0.00385412402498934,5000,0.116436831968334,-0.159999999999993,0.312849612433834
26,500,200,0.4,0.9,0.5,0.6,"normal-recon",0.990640485202735,355.563584929595,279.306282501301,"",5000,1,0,0.00120737182968318,0.00348893281525699,0.246704805277249,0.00246729479458966,0.060852546041431,0.00121141186362876,0.253389672202251,0.000267019190437093,2.70966222870688,1.03288584093234,0.9566,0.00288154264240528,0.9564,0.00288787257336607,0.0706,0.00362258581678889,5000,0.116436831968334,0.660000000000005,0.288154264240528
26,500,200,0.4,0.9,0.5,0.6,"reported-cov",0.983844110772334,355.563584929595,279.306282501301,"",5000,1,0,0.00120737182968318,0.00348893281525699,0.246704805277249,0.00246729479458966,0.060852546041431,0.00121141186362876,0.251664893809368,0.000268381302250378,2.0105358412233,1.02599102822458,0.9556,0.00291302729132427,0.9554,0.00291927525252416,0.0708,0.00362732297982962,5000,0.116436831968334,0.560000000000005,0.291302729132427
26,500,200,0.4,0.9,0.5,0.6,"target-fixed",0.939757738892762,355.563584929595,279.306282501301,"",5000,1,0,0.00120737182968318,0.00348893281525699,0.246704805277249,0.00246729479458966,0.060852546041431,0.00121141186362876,0.240331927473351,0.000245372738516689,-2.58319970571149,0.979329076157693,0.9436,0.00326248494249399,0.9432,0.00327333957908433,0.0884,0.00401460932096761,5000,0.116436831968334,-0.639999999999996,0.326248494249399
27,500,200,0.4,0.9,1,0.3,"joint-score",1.01108205465402,354.319027393976,285.339776653861,"",5000,1,0,-0.00237435586819692,0.00366974243629074,0.259489976190922,0.0025951592908154,0.0673272182998055,0.00135590395675811,0.258475080804992,0.000240643634613227,-0.391111595456639,1.00049573916501,0.9502,0.00307636018697421,0.9496,0.00309385972532693,0.0498,0.00307636018697421,5000,0,0.0200000000000089,0.307636018697421
27,500,200,0.4,0.9,1,0.3,"normal-recon",1.0714481594557,354.319027393976,285.339776653861,"",5000,1,0,-0.00237435586819692,0.00366974243629074,0.259489976190922,0.0025951592908154,0.0673272182998055,0.00135590395675811,0.273948602613131,0.000263288912010929,5.57194024773078,1.06068909372442,0.9592,0.00279769047608916,0.9592,0.00279769047608916,0.0408,0.00279769047608916,5000,0,0.92000000000001,0.279769047608916
27,500,200,0.4,0.9,1,0.3,"reported-cov",1.07115014140858,354.319027393976,285.339776653861,"",5000,1,0,-0.00237435586819692,0.00366974243629074,0.259489976190922,0.0025951592908154,0.0673272182998055,0.00135590395675811,0.273890174402211,0.000267190965008027,5.54942368975897,1.06060987072173,0.9592,0.00279769047608916,0.959,0.00280424677944007,0.0408,0.00279769047608916,5000,0,0.92000000000001,0.279769047608916
27,500,200,0.4,0.9,1,0.3,"target-fixed",1.03103041013919,354.319027393976,285.339776653861,"",5000,1,0,-0.00237435586819692,0.00366974243629074,0.259489976190922,0.0025951592908154,0.0673272182998055,0.00135590395675811,0.263586255949403,0.000247357415387858,1.57858882204645,1.02035000300115,0.952,0.00302311098043059,0.9514,0.0030409879973456,0.048,0.00302311098043059,5000,0,0.2,0.302311098043059
28,500,200,0.4,0.9,1,0.6,"joint-score",0.99863922103263,358.759592272707,279.116230051428,"",5000,1,0,0.002425889148817,0.00368447394233987,0.260531650973365,0.00260557708047089,0.067869050748838,0.00132701010075539,0.255394286070195,0.000260673204684617,-1.97187746056082,0.985471653088864,0.946,0.00319637294444813,0.946,0.00319637294444813,0.054,0.00319637294444813,5000,0,-0.4,0.319637294444813
28,500,200,0.4,0.9,1,0.6,"normal-recon",1.06638596577754,358.759592272707,279.116230051428,"",5000,1,0,0.002425889148817,0.00368447394233987,0.260531650973365,0.00260557708047089,0.067869050748838,0.00132701010075539,0.272756184738041,0.00028452884278763,4.69214919531038,1.05270645189904,0.9604,0.00275796446677618,0.9596,0.00278452293939195,0.0396,0.00275796446677618,5000,0,1.04000000000001,0.275796446677618
28,500,200,0.4,0.9,1,0.6,"reported-cov",1.06018779275348,358.759592272707,279.116230051428,"",5000,1,0,0.002425889148817,0.00368447394233987,0.260531650973365,0.00260557708047089,0.067869050748838,0.00132701010075539,0.271192773557244,0.000287611999149927,4.09206426322806,1.04686170258379,0.9596,0.00278452293939195,0.9588,0.00281078494374792,0.0404,0.00278452293939195,5000,0,0.960000000000005,0.278452293939195
28,500,200,0.4,0.9,1,0.6,"target-fixed",1.0189909465986,358.759592272707,279.116230051428,"",5000,1,0,0.002425889148817,0.00368447394233987,0.260531650973365,0.00260557708047089,0.067869050748838,0.00132701010075539,0.260589767613367,0.00026290284349561,0.0223069403600284,1.00540000665996,0.9498,0.00308804015517933,0.9502,0.00307636018697421,0.0502,0.00308804015517933,5000,0,-0.0199999999999978,0.308804015517933
29,500,200,0.8,0,0,0.3,"joint-score",0.985499403495455,147.943876379507,96.2415091783272,"",5000,1,0,0.00590885684644619,0.00385445019727367,0.272550787223804,0.0027257804639147,0.0743039894192239,0.0015267004576729,0.252678169105258,0.000379628340398607,-7.29134497132378,0.937583236877326,0.9288,0.00363677219523027,0.9286,0.0036414843127494,0.0712,0.00363677219523027,5000,0,-2.12,0.363677219523027
29,500,200,0.8,0,0,0.3,"normal-recon",0.986886168248084,147.943876379507,96.2415091783272,"",5000,1,0,0.00590885684644619,0.00385445019727367,0.272550787223804,0.0027257804639147,0.0743039894192239,0.0015267004576729,0.253012087889478,0.000377110339786097,-7.16882880190746,0.938658314910149,0.928,0.00365557109081467,0.9286,0.0036414843127494,0.072,0.00365557109081468,5000,0,-2.19999999999999,0.365557109081467
29,500,200,0.8,0,0,0.3,"reported-cov",0.986705940367866,147.943876379507,96.2415091783272,"",5000,1,0,0.00590885684644619,0.00385445019727367,0.272550787223804,0.0027257804639147,0.0743039894192239,0.0015267004576729,0.252968815195153,0.000377527265082084,-7.18470573066865,0.938523829392091,0.9282,0.00365088372863338,0.9286,0.0036414843127494,0.0718,0.00365088372863338,5000,0,-2.17999999999999,0.365088372863338
29,500,200,0.8,0,0,0.3,"target-fixed",0.971661422738064,147.943876379507,96.2415091783272,"",5000,1,0,0.00590885684644619,0.00385445019727367,0.272550787223804,0.0027257804639147,0.0743039894192239,0.0015267004576729,0.249106771650051,0.000371280837779073,-8.60170532345661,0.924169376701464,0.9206,0.00382349682882045,0.9218,0.00379696615734194,0.0794,0.00382349682882045,5000,0,-2.94,0.382349682882045
30,500,200,0.8,0,0,0.6,"joint-score",0.97140572359143,147.60792260049,90.3381158260124,"",5000,1,0,-0.000941685657951348,0.00381919155035628,0.270057624390729,0.00270084634204707,0.0729174210393442,0.0014407104437345,0.24919409637803,0.000393924605569352,-7.7255837748585,0.934293454079821,0.927,0.00367888570086106,0.9266,0.00368815509435273,0.073,0.00367888570086106,5000,0,-2.29999999999999,0.367888570086106
30,500,200,0.8,0,0,0.6,"normal-recon",0.97320779980202,147.60792260049,90.3381158260124,"",5000,1,0,-0.000941685657951348,0.00381919155035628,0.270057624390729,0.00270084634204707,0.0729174210393442,0.0014407104437345,0.249636947188003,0.000392025018220584,-7.56159995437874,0.93580400973022,0.926,0.00370199945975144,0.9264,0.00369277781622453,0.074,0.00370199945975145,5000,0,-2.39999999999999,0.370199945975144
30,500,200,0.8,0,0,0.6,"reported-cov",0.972486569191793,147.60792260049,90.3381158260124,"",5000,1,0,-0.000941685657951348,0.00381919155035628,0.270057624390729,0.00270084634204707,0.0729174210393442,0.0014407104437345,0.249457403838436,0.000392508603601532,-7.62808330213536,0.935174977298147,0.9262,0.00369739259478893,0.926,0.00370199945975144,0.0738,0.00369739259478893,5000,0,-2.37999999999999,0.369739259478893
30,500,200,0.8,0,0,0.6,"target-fixed",0.957268234537574,147.60792260049,90.3381158260124,"",5000,1,0,-0.000941685657951348,0.00381919155035628,0.270057624390729,0.00270084634204707,0.0729174210393442,0.0014407104437345,0.245544078872164,0.000385678746914812,-9.07715365336174,0.920465896746398,0.9206,0.00382349682882045,0.9202,0.00383228287056162,0.0794,0.00382349682882045,5000,0,-2.94,0.382349682882045
31,500,200,0.8,0.45,0,0.3,"joint-score",1.07134533531798,146.858761414556,93.3635500213259,"",5000,1,0,0.00195725713484463,0.0042820217018988,0.30278465826006,0.00302814941268413,0.0916640444232982,0.00186588583407303,0.274912182316691,0.000442229930132065,-9.20537919706275,0.919708145805467,0.928,0.00365557109081467,0.9274,0.00366958417262774,0.1454,0.00498515476189055,5000,0.203060061667473,-2.19999999999999,0.365557109081467
31,500,200,0.8,0.45,0,0.3,"normal-recon",1.07247172626157,146.858761414556,93.3635500213259,"",5000,1,0,0.00195725713484463,0.0042820217018988,0.30278465826006,0.00302814941268413,0.0916640444232982,0.00186588583407303,0.275167087717221,0.00043811138516612,-9.12119217054873,0.92032459034075,0.927,0.00367888570086106,0.9272,0.00367423896882062,0.1456,0.0049879983961505,5000,0.203060061667473,-2.29999999999999,0.367888570086106
31,500,200,0.8,0.45,0,0.3,"reported-cov",1.07224337475489,146.858761414556,93.3635500213259,"",5000,1,0,0.00195725713484463,0.0042820217018988,0.30278465826006,0.00302814941268413,0.0916640444232982,0.00186588583407303,0.275111499100926,0.000438483666438237,-9.13955129634272,0.920162607128861,0.9268,0.00368352439926764,0.9274,0.00366958417262774,0.1466,0.00500216832983457,5000,0.203060061667473,-2.32,0.368352439926764
31,500,200,0.8,0.45,0,0.3,"target-fixed",1.04445418078021,146.858761414556,93.3635500213259,"",5000,1,0,0.00195725713484463,0.0042820217018988,0.30278465826006,0.00302814941268413,0.0916640444232982,0.00186588583407303,0.268013224001276,0.000433021464514562,-11.4838824591036,0.896727250572905,0.9176,0.00388870775451177,0.9172,0.00389728520896277,0.16,0.00518459255872629,5000,0.203060061667473,-3.24,0.388870775451177
32,500,200,0.8,0.45,0,0.6,"joint-score",1.06358248264972,147.443100569068,90.9749875016484,"",5000,1,0,-0.0102232131968803,0.00426477938512738,0.301565442348817,0.00301595603417287,0.0910280417639024,0.00184837698748922,0.273215594234582,0.000482772311862493,-9.40089417853225,0.920115426726674,0.9168,0.00390583563402251,0.9188,0.00386281141139456,0.1538,0.00510187338141589,5000,0.22152092579085,-3.32,0.390583563402251
32,500,200,0.8,0.45,0,0.6,"normal-recon",1.06672015379998,147.443100569068,90.9749875016484,"",5000,1,0,-0.0102232131968803,0.00426477938512738,0.301565442348817,0.00301595603417287,0.0910280417639024,0.00184837698748922,0.273977655589967,0.000478620118654295,-9.14819236049586,0.92236633896758,0.916,0.00392285610238255,0.9184,0.0038714710382489,0.1546,0.005112706523946,5000,0.22152092579085,-3.39999999999999,0.392285610238255
32,500,200,0.8,0.45,0,0.6,"reported-cov",1.06449243523043,147.443100569068,90.9749875016484,"",5000,1,0,-0.0102232131968803,0.00426477938512738,0.301565442348817,0.00301595603417287,0.0910280417639024,0.00184837698748922,0.273429909029237,0.000481109095652441,-9.32982675350316,0.920719614107581,0.9164,0.00391435920681789,0.9184,0.0038714710382489,0.1554,0.00512349177807479,5000,0.22152092579085,-3.36,0.391435920681789
32,500,200,0.8,0.45,0,0.6,"target-fixed",1.0373612094029,147.443100569068,90.9749875016484,"",5000,1,0,-0.0102232131968803,0.00426477938512738,0.301565442348817,0.00301595603417287,0.0910280417639024,0.00184837698748922,0.266480377997521,0.000472107939292681,-11.6343119682504,0.897504505500648,0.9072,0.0041033683724472,0.907,0.00410733490234239,0.1698,0.0053097638365562,5000,0.22152092579085,-4.28,0.41033683724472
33,500,200,0.8,0.45,0.5,0.3,"joint-score",1.08747927187736,146.838043319902,94.5431458493974,"",5000,1,0,0.00126384213046067,0.00437891876692966,0.3096363154361,0.00309667283712963,0.0958570702042071,0.00196993281211597,0.279103558509685,0.000461357230026934,-9.86084493461673,0.913712305242845,0.914,0.00396494640569075,0.914,0.00396494640569075,0.0998,0.00423886682970815,5000,0.101530030833737,-3.59999999999999,0.396494640569075
33,500,200,0.8,0.45,0.5,0.3,"normal-recon",1.09580363487105,146.838043319902,94.5431458493974,"",5000,1,0,0.00126384213046067,0.00437891876692966,0.3096363154361,0.00309667283712963,0.0958570702042071,0.00196993281211597,0.281190772343821,0.000457778346907483,-9.18675932834791,0.920177838941527,0.9172,0.00389728520896277,0.917,0.00390156378904664,0.0968,0.00418162073842189,5000,0.101530030833737,-3.27999999999999,0.389728520896277
33,500,200,0.8,0.45,0.5,0.3,"reported-cov",1.09557196227292,146.838043319902,94.5431458493974,"",5000,1,0,0.00126384213046067,0.00437891876692966,0.3096363154361,0.00309667283712963,0.0958570702042071,0.00196993281211597,0.28113849954341,0.000458720150028929,-9.20364132758544,0.920060123477131,0.9162,0.00391861097839528,0.9168,0.00390583563402251,0.0972,0.00418932357308432,5000,0.101530030833737,-3.37999999999999,0.391861097839528
33,500,200,0.8,0.45,0.5,0.3,"target-fixed",1.06943546353624,146.838043319902,94.5431458493974,"",5000,1,0,0.00126384213046067,0.00437891876692966,0.3096363154361,0.00309667283712963,0.0958570702042071,0.00196993281211597,0.274451025347955,0.000451943900166245,-11.3634248743044,0.898390565144595,0.906,0.00412708129311745,0.9062,0.00412314346100157,0.109,0.00440724403681031,5000,0.101530030833737,-4.39999999999999,0.412708129311745
34,500,200,0.8,0.45,0.5,0.6,"joint-score",1.07755676183143,147.733201960761,91.1092216539493,"imbalance",5000,0.9998,0.000199979998999889,-0.00461428174478348,0.00429598565550892,0.303741680164148,0.00303802446730759,0.0922618443722077,0.0018627310953769,0.276742102039274,0.000483226003378944,-8.88899347309945,0.92507497699482,0.9249849969994,0.00372563102445614,0.924184836967394,0.00374382799644996,0.0940188037607522,0.00412786403752986,4999,0.110760462895425,-2.50150030006001,0.372563102445614
34,500,200,0.8,0.45,0.5,0.6,"normal-recon",1.087859907167,147.733201960761,91.1092216539493,"imbalance",5000,0.9998,0.000199979998999889,-0.00461428174478348,0.00429598565550892,0.303741680164148,0.00303802446730759,0.0922618443722077,0.0018627310953769,0.279324709690847,0.000479266315353414,-8.0387289818459,0.933232464659915,0.925785157031406,0.0037073101893578,0.925385077015403,0.00371648620399172,0.0914182836567314,0.00407621384594348,4999,0.110760462895425,-2.42148429685937,0.37073101893578
34,500,200,0.8,0.45,0.5,0.6,"reported-cov",1.08573891241048,147.733201960761,91.1092216539493,"imbalance",5000,0.9998,0.000199979998999889,-0.00461428174478348,0.00429598565550892,0.303741680164148,0.00303802446730759,0.0922618443722077,0.0018627310953769,0.278801248339258,0.000481142360966635,-8.21106665750041,0.931638423636511,0.925785157031406,0.0037073101893578,0.925785157031406,0.0037073101893578,0.091618323664733,0.00408022192152648,4999,0.110760462895425,-2.42148429685937,0.37073101893578
34,500,200,0.8,0.45,0.5,0.6,"target-fixed",1.05882735672748,147.733201960761,91.1092216539493,"imbalance",5000,0.9998,0.000199979998999889,-0.00461428174478348,0.00429598565550892,0.303741680164148,0.00303802446730759,0.0922618443722077,0.0018627310953769,0.271897563580021,0.000471619705837597,-10.4839469403469,0.908703362793327,0.91498299659932,0.00394473506000447,0.915183036607321,0.00394052214378474,0.104420884176835,0.00432517907834168,4999,0.110760462895425,-3.50170034006801,0.394473506000448
35,500,200,0.8,0.45,1,0.3,"joint-score",1.1096569100398,146.837050555014,94.6573130941251,"imbalance",5000,0.9998,0.000199979998999889,-0.00423716434366504,0.00442287936169096,0.3127135228584,0.0031277608433204,0.0977881390783383,0.00193854930434289,0.284632002387122,0.000447111369765958,-8.97995079157271,0.921541722996993,0.920184036807361,0.0038330162333524,0.919783956791358,0.00384177534112454,0.0798159631926385,0.0038330162333524,4999,0,-2.98159631926385,0.38330162333524
35,500,200,0.8,0.45,1,0.3,"normal-recon",1.12468123706822,146.837050555014,94.6573130941251,"imbalance",5000,0.9998,0.000199979998999889,-0.00423716434366504,0.00442287936169096,0.3127135228584,0.0031277608433204,0.0977881390783383,0.00193854930434289,0.288417840424016,0.000442185648709111,-7.76930981823424,0.933265860604343,0.925185037007402,0.00372106249910256,0.925785157031406,0.0037073101893578,0.0748149629925985,0.00372106249910256,4999,0,-2.48149629925984,0.372106249910256
35,500,200,0.8,0.45,1,0.3,"reported-cov",1.1244429959756,146.837050555014,94.6573130941251,"imbalance",5000,0.9998,0.000199979998999889,-0.00423716434366504,0.00442287936169096,0.3127135228584,0.0031277608433204,0.0977881390783383,0.00193854930434289,0.288361474946155,0.000442789189758002,-7.78733445539936,0.933116927379887,0.925185037007402,0.00372106249910256,0.925385077015403,0.00371648620399172,0.0748149629925985,0.00372106249910256,4999,0,-2.48149629925984,0.372106249910256
35,500,200,0.8,0.45,1,0.3,"target-fixed",1.09877527951855,146.837050555014,94.6573130941251,"imbalance",5000,0.9998,0.000199979998999889,-0.00423716434366504,0.00442287936169096,0.3127135228584,0.0031277608433204,0.0977881390783383,0.00193854930434289,0.281812038671556,0.000438646808964763,-9.88172302380299,0.912212342648426,0.91618323664733,0.00391935900138619,0.914782956591318,0.00394894145461734,0.0838167633526705,0.00391935900138619,4999,0,-3.38167633526705,0.391935900138619
36,500,200,0.8,0.45,1,0.6,"joint-score",1.10124169520725,147.344971421225,90.9071038983548,"",5000,1,0,0.00623993415653508,0.00442001727948056,0.312542419128242,0.00312573678059072,0.0977021639800606,0.00198024524897994,0.282677263956743,0.000471405616962339,-9.55555257260755,0.917023952038896,0.9272,0.00367423896882062,0.9282,0.00365088372863338,0.0728,0.00367423896882062,5000,0,-2.27999999999999,0.367423896882062
36,500,200,0.8,0.45,1,0.6,"normal-recon",1.11814102853495,147.344971421225,90.9071038983548,"",5000,1,0,0.00623993415653508,0.00442001727948056,0.312542419128242,0.00312573678059072,0.0977021639800606,0.00198024524897994,0.286938343350006,0.000467395661870432,-8.19219223094631,0.930268812452449,0.9312,0.00357956868910208,0.931,0.00358438279205779,0.0688,0.00357956868910208,5000,0,-1.87999999999999,0.357956868910208
36,500,200,0.8,0.45,1,0.6,"reported-cov",1.11611352427129,147.344971421225,90.9071038983548,"",5000,1,0,0.00623993415653508,0.00442001727948056,0.312542419128242,0.00312573678059072,0.0977021639800606,0.00198024524897994,0.286446389485377,0.000470781557519414,-8.3495961014358,0.928890184575884,0.9316,0.00356991428468528,0.9318,0.00356507391227728,0.0684,0.00356991428468528,5000,0,-1.84,0.356991428468528
36,500,200,0.8,0.45,1,0.6,"target-fixed",1.08988073889234,147.344971421225,90.9071038983548,"",5000,1,0,0.00623993415653508,0.00442001727948056,0.312542419128242,0.00312573678059072,0.0977021639800606,0.00198024524897994,0.279703366590733,0.000458674502002238,-10.5070705695262,0.906970756714952,0.9224,0.00378360251612137,0.9212,0.00381026403284602,0.0776,0.00378360251612137,5000,0,-2.76,0.378360251612137
37,500,200,0.8,0.9,0,0.3,"joint-score",1.18678080485349,146.448696668394,92.9455863235052,"",5000,1,0,0.00246453171487188,0.00479979074627037,0.339396458496422,0.00339430403234067,0.115172991965279,0.00231712667048248,0.305073397040675,0.000564959586818974,-10.1129698311535,0.914241981362334,0.9188,0.00386281141139456,0.9184,0.0038714710382489,0.2968,0.00646080118870717,5000,0.406120123334946,-3.12,0.386281141139456
37,500,200,0.8,0.9,0,0.3,"normal-recon",1.18819929267732,146.448696668394,92.9455863235052,"",5000,1,0,0.00246453171487188,0.00479979074627037,0.339396458496422,0.00339430403234067,0.115172991965279,0.00231712667048248,0.305389073908293,0.000559874815842182,-10.0199585873073,0.914885332315815,0.9172,0.00389728520896277,0.9178,0.00388440883533132,0.2958,0.00645449238902642,5000,0.406120123334946,-3.27999999999999,0.389728520896277
37,500,200,0.8,0.9,0,0.3,"reported-cov",1.18791107089667,146.448696668394,92.9455863235052,"",5000,1,0,0.00246453171487188,0.00479979074627037,0.339396458496422,0.00339430403234067,0.115172991965279,0.00231712667048248,0.305326913156591,0.000561189374842063,-10.0382736728497,0.914775096628199,0.9176,0.00388870775451177,0.9182,0.00387579050001416,0.2962,0.0064570203654627,5000,0.406120123334946,-3.24,0.388870775451177
37,500,200,0.8,0.9,0,0.3,"target-fixed",1.13598109048959,146.448696668394,92.9455863235052,"",5000,1,0,0.00246453171487188,0.00479979074627037,0.339396458496422,0.00339430403234067,0.115172991965279,0.00231712667048248,0.292145872433708,0.000559158569071759,-13.9219443455718,0.876489719965599,0.899,0.00426143168430517,0.8998,0.00424640930669666,0.323,0.00661318380207295,5000,0.406120123334946,-5.09999999999999,0.426143168430517
38,500,200,0.8,0.9,0,0.6,"joint-score",1.18580494010586,148.589890702994,90.8686038487382,"",5000,1,0,0.000861914262138774,0.00491387763065272,0.347463619455543,0.00347498371030311,0.120707563547972,0.00252680162754361,0.30510331678788,0.000610506568563758,-12.1912914894628,0.89557968428813,0.913,0.00398574961581884,0.9128,0.00398989122658751,0.3304,0.00665185447826394,5000,0.4430418515817,-3.69999999999999,0.398574961581884
38,500,200,0.8,0.9,0,0.6,"normal-recon",1.19263821018975,148.589890702994,90.8686038487382,"",5000,1,0,0.000861914262138774,0.00491387763065272,0.347463619455543,0.00347498371030311,0.120707563547972,0.00252680162754361,0.306763327851755,0.000600776601305598,-11.7135404470727,0.899722968359538,0.914,0.00396494640569075,0.9136,0.00397328680062238,0.3268,0.00663327611365606,5000,0.4430418515817,-3.59999999999999,0.396494640569075
38,500,200,0.8,0.9,0,0.6,"reported-cov",1.18662616754885,148.589890702994,90.8686038487382,"",5000,1,0,0.000861914262138774,0.00491387763065272,0.347463619455543,0.00347498371030311,0.120707563547972,0.00252680162754361,0.305272147922548,0.000605622899038443,-12.1427019033263,0.895781647989471,0.9126,0.00399402653972154,0.913,0.00398574961581884,0.3314,0.00665693683310875,5000,0.4430418515817,-3.74,0.399402653972154
38,500,200,0.8,0.9,0,0.6,"target-fixed",1.13490020183113,148.589890702994,90.8686038487382,"",5000,1,0,0.000861914262138774,0.00491387763065272,0.347463619455543,0.00347498371030311,0.120707563547972,0.00252680162754361,0.292114524176594,0.000601022297627779,-15.9294648935269,0.858397888370563,0.8954,0.00432802125687941,0.8954,0.00432802125687941,0.3594,0.0067857444691058,5000,0.4430418515817,-5.46,0.432802125687941
39,500,200,0.8,0.9,0.5,0.3,"joint-score",1.20721967245757,146.970116020477,95.0571260981075,"",5000,1,0,-0.00603770088962691,0.00495699277894064,0.350512320828167,0.00350547377318811,0.12287076910697,0.00257766434716798,0.310041861880573,0.000537894890460289,-11.5460874105576,0.897839537281499,0.9132,0.00398160168776336,0.9124,0.00399815557476194,0.135,0.0048327011080761,5000,0.203060061667473,-3.67999999999999,0.398160168776336
39,500,200,0.8,0.9,0.5,0.3,"normal-recon",1.23361140785895,146.970116020477,95.0571260981075,"",5000,1,0,-0.00603770088962691,0.00495699277894064,0.350512320828167,0.00350547377318811,0.12287076910697,0.00257766434716798,0.316687000319986,0.000530638102074424,-9.65025150278906,0.916182141093742,0.9182,0.00387579050001416,0.9186,0.0038671446830963,0.1264,0.00469942634797057,5000,0.203060061667473,-3.17999999999999,0.387579050001416
39,500,200,0.8,0.9,0.5,0.3,"reported-cov",1.23329768875044,146.970116020477,95.0571260981075,"",5000,1,0,-0.00603770088962691,0.00495699277894064,0.350512320828167,0.00350547377318811,0.12287076910697,0.00257766434716798,0.316617410008424,0.00053182614259129,-9.67010538735388,0.916042392299646,0.9188,0.00386281141139456,0.9184,0.0038714710382489,0.1262,0.0046962444570103,5000,0.203060061667473,-3.12,0.386281141139456
39,500,200,0.8,0.9,0.5,0.3,"target-fixed",1.18424667142897,146.970116020477,95.0571260981075,"",5000,1,0,-0.00603770088962691,0.00495699277894064,0.350512320828167,0.00350547377318811,0.12287076910697,0.00257766434716798,0.304146594130604,0.00052917182236767,-13.2279877032604,0.880841109910592,0.906,0.00412708129311745,0.9056,0.00413493990282809,0.1462,0.00499650998197742,5000,0.203060061667473,-4.39999999999999,0.412708129311745
40,500,200,0.8,0.9,0.5,0.6,"joint-score",1.2080334676172,147.043763149473,89.8733375477551,"",5000,1,0,-0.00175381300738348,0.004936761385198,0.34908174525734,0.00349116658668965,0.121836769119001,0.00253622760357461,0.310649118112831,0.000595463360343223,-11.0096353265844,0.906192268130602,0.915,0.003943982758583,0.915,0.003943982758583,0.148,0.00502187216085794,5000,0.22152092579085,-3.49999999999999,0.3943982758583
40,500,200,0.8,0.9,0.5,0.6,"normal-recon",1.239978247352,147.043763149473,89.8733375477551,"",5000,1,0,-0.00175381300738348,0.004936761385198,0.34908174525734,0.00349116658668965,0.121836769119001,0.00253622760357461,0.318689166400738,0.00058792740135382,-8.70643603382833,0.928430870360461,0.9216,0.00380140605565888,0.9214,0.00380583867235594,0.1372,0.00486572009059296,5000,0.22152092579085,-2.84,0.380140605565888
40,500,200,0.8,0.9,0.5,0.6,"reported-cov",1.23407050852876,147.043763149473,89.8733375477551,"",5000,1,0,-0.00175381300738348,0.004936761385198,0.34908174525734,0.00349116658668965,0.121836769119001,0.00253622760357461,0.317210609502851,0.000590543955501019,-9.12999209712143,0.924402364855973,0.9202,0.00383228287056162,0.9204,0.00382789341544406,0.1376,0.00487167815028867,5000,0.22152092579085,-2.97999999999999,0.383228287056162
40,500,200,0.8,0.9,0.5,0.6,"target-fixed",1.18371465492172,147.043763149473,89.8733375477551,"",5000,1,0,-0.00175381300738348,0.004936761385198,0.34908174525734,0.00349116658668965,0.121836769119001,0.00253622760357461,0.304412414556504,0.0005883098856533,-12.7962379321515,0.888259155217275,0.9052,0.00414277588097643,0.9048,0.00415058935574214,0.1596,0.00517934049855771,5000,0.22152092579085,-4.48,0.414277588097643
41,500,200,0.8,0.9,1,0.3,"joint-score",1.25875625775752,146.353102310126,94.8395378169469,"",5000,1,0,-0.000867191872632992,0.00505240546398484,0.357259016488765,0.00357294747750192,0.127609230083291,0.00260027754086326,0.323066935311591,0.000530533765940041,-9.57066990589138,0.916494707657302,0.9172,0.00389728520896277,0.9172,0.00389728520896277,0.0828,0.00389728520896277,5000,0,-3.27999999999999,0.389728520896277
41,500,200,0.8,0.9,1,0.3,"normal-recon",1.30838216149113,146.353102310126,94.8395378169469,"",5000,1,0,-0.000867191872632992,0.00505240546398484,0.357259016488765,0.00357294747750192,0.127609230083291,0.00260027754086326,0.335621194919324,0.000523532345511602,-6.05662014694628,0.950887366972403,0.9294,0.00362258581678889,0.9294,0.00362258581678889,0.0706,0.00362258581678889,5000,0,-2.06,0.362258581678889
41,500,200,0.8,0.9,1,0.3,"reported-cov",1.30801090105284,146.353102310126,94.8395378169469,"",5000,1,0,-0.000867191872632992,0.00505240546398484,0.357259016488765,0.00357294747750192,0.127609230083291,0.00260027754086326,0.335534030920669,0.000524278026054615,-6.08101813121888,0.95067847523319,0.9294,0.00362258581678889,0.9298,0.00361308621541197,0.0706,0.00362258581678889,5000,0,-2.06,0.362258581678889
41,500,200,0.8,0.9,1,0.3,"target-fixed",1.26184061669369,146.353102310126,94.8395378169469,"",5000,1,0,-0.000867191872632992,0.00505240546398484,0.357259016488765,0.00357294747750192,0.127609230083291,0.00260027754086326,0.323779693603731,0.000521147682685806,-9.37116247312041,0.918042548169113,0.9168,0.00390583563402251,0.9174,0.00389299987156434,0.0832,0.00390583563402251,5000,0,-3.32,0.390583563402251
42,500,200,0.8,0.9,1,0.6,"joint-score",1.25306009068718,147.549499150785,90.9747206294417,"",5000,1,0,-0.0105478981349522,0.00498639755545815,0.352591552515648,0.00352626816960655,0.124407196899879,0.00249990918568223,0.322003375914702,0.000586085101881528,-8.67524374384693,0.928341390018533,0.9234,0.00376118172919097,0.9224,0.00378360251612137,0.0766,0.00376118172919097,5000,0,-2.66,0.376118172919097
42,500,200,0.8,0.9,1,0.6,"normal-recon",1.30735778144506,147.549499150785,90.9747206294417,"",5000,1,0,-0.0105478981349522,0.00498639755545815,0.352591552515648,0.00352626816960655,0.124407196899879,0.00249990918568223,0.335706442750493,0.000575569786393118,-4.78885828224881,0.966097679503133,0.9342,0.00350629034736144,0.9328,0.00354073890593475,0.0658,0.00350629034736144,5000,0,-1.57999999999999,0.350629034736144
42,500,200,0.8,0.9,1,0.6,"reported-cov",1.30154037558474,147.549499150785,90.9747206294417,"",5000,1,0,-0.0105478981349522,0.00498639755545815,0.352591552515648,0.00352626816960655,0.124407196899879,0.00249990918568223,0.334250063250815,0.000578115150975674,-5.20190830834466,0.962149173378146,0.9338,0.00351617860752266,0.9324,0.0035504996831432,0.0662,0.00351617860752266,5000,0,-1.62,0.351617860752266
42,500,200,0.8,0.9,1,0.6,"target-fixed",1.25556049246056,147.549499150785,90.9747206294417,"",5000,1,0,-0.0105478981349522,0.00498639755545815,0.352591552515648,0.00352626816960655,0.124407196899879,0.00249990918568223,0.322538699724404,0.000573459882783973,-8.52341826592992,0.929201873945795,0.92,0.00383666521865017,0.919,0.00385847119984068,0.08,0.00383666521865018,5000,0,-2.99999999999999,0.383666521865017
43,500,500,0,0,0,0.3,"joint-score",0.550062472637863,489.382458867394,474.327556365263,"",5000,1,0,0.001854215489918,0.00201053605621297,0.142166367916825,0.00142180586686467,0.0202106720265117,0.000403566545210444,0.140368730978094,4.98557209046708e-05,-1.26446005836097,0.988076668546085,0.947,0.00316831185333767,0.9466,0.00317957355631223,0.053,0.00316831185333767,5000,0,-0.3,0.316831185333767
43,500,500,0,0,0,0.3,"normal-recon",0.550325091570679,489.382458867394,474.327556365263,"",5000,1,0,0.001854215489918,0.00201053605621297,0.142166367916825,0.00142180586686467,0.0202106720265117,0.000403566545210444,0.140435131892656,4.95279182050315e-05,-1.21775357247789,0.988535333108048,0.9472,0.00316266216975509,0.9468,0.00317394895989208,0.0528,0.00316266216975509,5000,0,-0.279999999999991,0.316266216975509
43,500,500,0,0,0,0.3,"reported-cov",0.550318910669027,489.382458867394,474.327556365263,"",5000,1,0,0.001854215489918,0.00201053605621297,0.142166367916825,0.00142180586686467,0.0202106720265117,0.000403566545210444,0.14043354332028,4.95211503872601e-05,-1.21887097626256,0.988523997134778,0.9472,0.00316266216975509,0.9468,0.00317394895989208,0.0528,0.00316266216975509,5000,0,-0.279999999999991,0.316266216975509
43,500,500,0,0,0,0.3,"target-fixed",0.548254204481162,489.382458867394,474.327556365263,"",5000,1,0,0.001854215489918,0.00201053605621297,0.142166367916825,0.00142180586686467,0.0202106720265117,0.000403566545210444,0.13990617626516,4.90492812362265e-05,-1.58982161870167,0.984804748348617,0.9464,0.00318518570887162,0.9464,0.00318518570887162,0.0536,0.00318518570887162,5000,0,-0.359999999999994,0.318518570887162
44,500,500,0,0,0,0.6,"joint-score",0.54426548208393,489.656534248032,473.87695041449,"",5000,1,0,0.00103161375054316,0.0019286566040084,0.136376616327456,0.00136390256035079,0.0185959259915602,0.000366966426405338,0.138890372616603,4.98320355530425e-05,1.843245826771,1.01918954427182,0.9562,0.00289418589589542,0.956,0.00290048271844533,0.0438,0.00289418589589542,5000,0,0.620000000000009,0.289418589589542
44,500,500,0,0,0,0.6,"normal-recon",0.544779061248191,489.656534248032,473.87695041449,"",5000,1,0,0.00103161375054316,0.0019286566040084,0.136376616327456,0.00136390256035079,0.0185959259915602,0.000366966426405338,0.139020885830272,4.95646317737755e-05,1.93894640740062,1.02013902669471,0.9564,0.00288787257336607,0.956,0.00290048271844533,0.0436,0.00288787257336608,5000,0,0.640000000000007,0.288787257336607
44,500,500,0,0,0,0.6,"reported-cov",0.544559858518318,489.656534248032,473.87695041449,"",5000,1,0,0.00103161375054316,0.0019286566040084,0.136376616327456,0.00136390256035079,0.0185959259915602,0.000366966426405338,0.138964939090347,4.95418979630069e-05,1.89792270302134,1.0197284151888,0.9566,0.00288154264240528,0.956,0.00290048271844533,0.0434,0.00288154264240528,5000,0,0.660000000000005,0.288154264240528
44,500,500,0,0,0,0.6,"target-fixed",0.542649357712546,489.656534248032,473.87695041449,"",5000,1,0,0.00103161375054316,0.0019286566040084,0.136376616327456,0.00136390256035079,0.0185959259915602,0.000366966426405338,0.138476972652674,4.91213492673642e-05,1.5401147071834,1.0161412792364,0.956,0.00290048271844533,0.9554,0.00291927525252416,0.044,0.00290048271844533,5000,0,0.6,0.290048271844533
45,500,500,0,0.45,0,0.3,"joint-score",0.58409491247908,489.206326014578,473.817971381045,"",5000,1,0,0.00015915959853054,0.00212543017225851,0.150290608774249,0.00150305640089861,0.022582774964095,0.000455398014066947,0.149071776598576,6.27075047157016e-05,-0.810983590800285,0.992866462482492,0.9522,0.00301712313305241,0.9522,0.00301712313305241,0.0478,0.00301712313305241,5000,0,0.220000000000009,0.301712313305241
45,500,500,0,0.45,0,0.3,"normal-recon",0.584431027576941,489.206326014578,473.817971381045,"",5000,1,0,0.00015915959853054,0.00212543017225851,0.150290608774249,0.00150305640089861,0.022582774964095,0.000455398014066947,0.149154717969806,6.13365896244201e-05,-0.755796262791564,0.993380009760673,0.9528,0.00299907185642492,0.9528,0.00299907185642492,0.0472,0.00299907185642492,5000,0,0.280000000000002,0.299907185642492
45,500,500,0,0.45,0,0.3,"reported-cov",0.584381072058944,489.206326014578,473.817971381045,"",5000,1,0,0.00015915959853054,0.00212543017225851,0.150290608774249,0.00150305640089861,0.022582774964095,0.000455398014066947,0.149142369331114,6.15309749757453e-05,-0.76401276999235,0.9933032284875,0.9532,0.00298696367570816,0.953,0.00299302522541993,0.0468,0.00298696367570816,5000,0,0.320000000000009,0.298696367570816
45,500,500,0,0.45,0,0.3,"target-fixed",0.576345859216435,489.206326014578,473.817971381045,"",5000,1,0,0.00015915959853054,0.00212543017225851,0.150290608774249,0.00150305640089861,0.022582774964095,0.000455398014066947,0.147087184406511,5.83883748439183e-05,-2.13148672020432,0.979553745013351,0.9492,0.00310545842026584,0.9492,0.00310545842026584,0.0508,0.00310545842026584,5000,0,-0.0799999999999912,0.310545842026584
46,500,500,0,0.45,0,0.6,"joint-score",0.58143733779451,489.820924537526,474.87894072133,"",5000,1,0,-0.00451514407782925,0.00210533539589648,0.148869693511047,0.00148884582713816,0.0221781397349874,0.000449534874043552,0.148398442116264,6.47556848618991e-05,-0.316552942152293,0.997882675207756,0.946,0.00319637294444813,0.9456,0.0032075111847038,0.054,0.00319637294444813,5000,0,-0.4,0.319637294444813
46,500,500,0,0.45,0,0.6,"normal-recon",0.582998292780863,489.820924537526,474.87894072133,"",5000,1,0,-0.00451514407782925,0.00210533539589648,0.148869693511047,0.00148884582713816,0.0221781397349874,0.000449534874043552,0.148794058135467,6.36346123492517e-05,-0.0508064292979782,1.00050543046959,0.9464,0.00318518570887162,0.9458,0.00320194815698193,0.0536,0.00318518570887162,5000,0,-0.359999999999994,0.318518570887162
46,500,500,0,0.45,0,0.6,"reported-cov",0.581752235772082,489.820924537526,474.87894072133,"",5000,1,0,-0.00451514407782925,0.00210533539589648,0.148869693511047,0.00148884582713816,0.0221781397349874,0.000449534874043552,0.148476152579738,6.3555742160008e-05,-0.264352617397856,0.998369442297308,0.946,0.00319637294444813,0.9454,0.00321306209090332,0.054,0.00319637294444813,5000,0,-0.4,0.319637294444813
46,500,500,0,0.45,0,0.6,"target-fixed",0.573751702694849,489.820924537526,474.87894072133,"",5000,1,0,-0.00451514407782925,0.00210533539589648,0.148869693511047,0.00148884582713816,0.0221781397349874,0.000449534874043552,0.146429491796995,6.03655499249595e-05,-1.63915277616319,0.984542230927271,0.943,0.00327874976172321,0.9428,0.00328414859590732,0.057,0.00327874976172321,5000,0,-0.700000000000001,0.327874976172321
47,500,500,0,0.45,0.5,0.3,"joint-score",0.592295060222317,489.144878083985,473.670830280725,"",5000,1,0,-0.00209209368323395,0.00211777949132056,0.149749623937056,0.00149764601146069,0.0224248417352954,0.000446493956542643,0.151161144784827,6.18936421546368e-05,0.942587240395509,1.01037255843011,0.9532,0.00298696367570816,0.9532,0.00298696367570816,0.0468,0.00298696367570816,5000,0,0.320000000000009,0.298696367570816
47,500,500,0,0.45,0.5,0.3,"normal-recon",0.597744973214536,489.144878083985,473.670830280725,"",5000,1,0,-0.00209209368323395,0.00211777949132056,0.149749623937056,0.00149764601146069,0.0224248417352954,0.000446493956542643,0.152553119064472,6.30224331934496e-05,1.87212164792767,1.01969195413034,0.9558,0.00290676314824583,0.955,0.00293172304285381,0.0442,0.00290676314824583,5000,0,0.580000000000003,0.290676314824583
47,500,500,0,0.45,0.5,0.3,"reported-cov",0.597715508450298,489.144878083985,473.670830280725,"",5000,1,0,-0.00209209368323395,0.00211777949132056,0.149749623937056,0.00149764601146069,0.0224248417352954,0.000446493956542643,0.152545931218661,6.31845119236614e-05,1.86732173883783,1.01964846413718,0.9558,0.00290676314824583,0.955,0.00293172304285381,0.0442,0.00290676314824583,5000,0,0.580000000000003,0.290676314824583
47,500,500,0,0.45,0.5,0.3,"target-fixed",0.589921809667734,489.144878083985,473.670830280725,"",5000,1,0,-0.00209209368323395,0.00211777949132056,0.149749623937056,0.00149764601146069,0.0224248417352954,0.000446493956542643,0.150553921593291,6.08930916265187e-05,0.537094942270144,1.00629341741588,0.9522,0.00301712313305241,0.9528,0.00299907185642492,0.0478,0.00301712313305241,5000,0,0.220000000000009,0.301712313305241
48,500,500,0,0.45,0.5,0.6,"joint-score",0.588640619679837,489.746620920891,474.715901222157,"",5000,1,0,0.000798720404990567,0.00213009966123621,0.150620791506329,0.00150635855845169,0.0226827234637118,0.000443758622963398,0.150234825453341,6.46138885443239e-05,-0.256250182414275,0.998459238229049,0.9494,0.00309966578843591,0.949,0.00311123769583746,0.0506,0.00309966578843591,5000,0,-0.0599999999999934,0.309966578843591
48,500,500,0,0.45,0.5,0.6,"normal-recon",0.595367325844735,489.746620920891,474.715901222157,"",5000,1,0,0.000798720404990567,0.00213009966123621,0.150620791506329,0.00150635855845169,0.0226827234637118,0.000443758622963398,0.151953267336065,6.6129728613018e-05,0.8846559737268,1.00990227541152,0.9532,0.00298696367570816,0.9528,0.00299907185642492,0.0468,0.00298696367570816,5000,0,0.320000000000009,0.298696367570816
48,500,500,0,0.45,0.5,0.6,"reported-cov",0.594181333720468,489.746620920891,474.715901222157,"",5000,1,0,0.000798720404990567,0.00213009966123621,0.150620791506329,0.00150635855845169,0.0226827234637118,0.000443758622963398,0.151650579738121,6.60084505111521e-05,0.683695936990247,1.00789087375324,0.9528,0.00299907185642492,0.9526,0.00300510365877785,0.0472,0.00299907185642492,5000,0,0.280000000000002,0.299907185642492
48,500,500,0,0.45,0.5,0.6,"target-fixed",0.586404216826555,489.746620920891,474.715901222157,"",5000,1,0,0.000798720404990567,0.00213009966123621,0.150620791506329,0.00150635855845169,0.0226827234637118,0.000443758622963398,0.149660832436397,6.28182022504187e-05,-0.637335032124153,0.99460083651936,0.9482,0.0031342227106573,0.949,0.00311123769583746,0.0518,0.0031342227106573,5000,0,-0.179999999999991,0.31342227106573
49,500,500,0,0.45,1,0.3,"joint-score",0.605418592685037,489.016306850107,473.789487018508,"",5000,1,0,-0.00248855368371163,0.00220812344755883,0.156137906346586,0.0015615352247968,0.0243803628885725,0.000468147780238984,0.154511893086816,6.38572621099238e-05,-1.04139558280062,0.990529696437451,0.9496,0.00309385972532693,0.9506,0.0030646252625729,0.0504,0.00309385972532693,5000,0,-0.0399999999999956,0.309385972532693
49,500,500,0,0.45,1,0.3,"normal-recon",0.615862918387803,489.016306850107,473.789487018508,"",5000,1,0,-0.00248855368371163,0.00220812344755883,0.156137906346586,0.0015615352247968,0.0243803628885725,0.000468147780238984,0.157181314047708,6.68050601559662e-05,0.668260338271476,1.00769202762654,0.9534,0.00298088711627931,0.9536,0.00297479545515318,0.0466,0.00298088711627931,5000,0,0.340000000000007,0.298088711627931
49,500,500,0,0.45,1,0.3,"reported-cov",0.615847391004858,489.016306850107,473.789487018508,"",5000,1,0,-0.00248855368371163,0.00220812344755883,0.156137906346586,0.0015615352247968,0.0243803628885725,0.000468147780238984,0.157178401389791,6.73133688113618e-05,0.666394898939271,1.00768726362317,0.9536,0.00297479545515318,0.9536,0.00297479545515318,0.0464,0.00297479545515318,5000,0,0.360000000000005,0.297479545515318
49,500,500,0,0.45,1,0.3,"target-fixed",0.608066336014223,489.016306850107,473.789487018508,"",5000,1,0,-0.00248855368371163,0.00220812344755883,0.156137906346586,0.0015615352247968,0.0243803628885725,0.000468147780238984,0.155188070463493,6.43187291166792e-05,-0.608331381737148,0.99486928805452,0.9504,0.00307049963361014,0.951,0.00305283474822991,0.0496,0.00307049963361014,5000,0,0.0400000000000067,0.307049963361014
50,500,500,0,0.45,1,0.6,"joint-score",0.600339753254832,489.823611556183,474.727097414632,"",5000,1,0,7.63095525679085e-06,0.00218741323502339,0.154673473174225,0.00154688942842031,0.0239190985853483,0.000478708819286155,0.15321986359363,6.5393874009384e-05,-0.939792422555541,0.991602871866072,0.948,0.00313993630508646,0.948,0.00313993630508646,0.052,0.00313993630508646,5000,0,-0.2,0.313993630508646
50,500,500,0,0.45,1,0.6,"normal-recon",0.611884720064675,489.823611556183,474.727097414632,"",5000,1,0,7.63095525679085e-06,0.00218741323502339,0.154673473174225,0.00154688942842031,0.0239190985853483,0.000478708819286155,0.156170883060204,6.87364203653069e-05,0.968110339316164,1.01075949119969,0.953,0.00299302522541993,0.953,0.00299302522541993,0.047,0.00299302522541993,5000,0,0.3,0.299302522541993
50,500,500,0,0.45,1,0.6,"reported-cov",0.610684601708358,489.823611556183,474.727097414632,"",5000,1,0,7.63095525679085e-06,0.00218741323502339,0.154673473174225,0.00154688942842031,0.0239190985853483,0.000478708819286155,0.155864770640279,6.8689317184034e-05,0.770201535923576,1.0087807818555,0.9526,0.00300510365877785,0.9526,0.00300510365877785,0.0474,0.00300510365877785,5000,0,0.260000000000005,0.300510365877785
50,500,500,0,0.45,1,0.6,"target-fixed",0.603212804144887,489.823611556183,474.727097414632,"",5000,1,0,7.63095525679085e-06,0.00218741323502339,0.154673473174225,0.00154688942842031,0.0239190985853483,0.000478708819286155,0.153953904576307,6.60668528483587e-05,-0.465217844501908,0.996363354445024,0.9496,0.00309385972532693,0.9496,0.00309385972532693,0.0504,0.00309385972532693,5000,0,-0.0399999999999956,0.309385972532693
51,500,500,0,0.9,0,0.3,"joint-score",0.636007326373882,489.334465395772,473.958583878503,"",5000,1,0,-0.00455358452881275,0.00231634044873413,0.16379000388366,0.00163806385341308,0.0268425350711959,0.000524147435865132,0.162360606290718,8.56289997977562e-05,-0.872701360918726,0.992749650840516,0.9518,0.00302908435009658,0.9532,0.00298696367570816,0.0482,0.00302908435009658,5000,0,0.180000000000002,0.302908435009658
51,500,500,0,0.9,0,0.3,"normal-recon",0.636373416907548,489.334465395772,473.958583878503,"",5000,1,0,-0.00455358452881275,0.00231634044873413,0.16379000388366,0.00163806385341308,0.0268425350711959,0.000524147435865132,0.162446490935374,8.26575555572178e-05,-0.820265532956099,0.993179499478145,0.9522,0.00301712313305241,0.9528,0.00299907185642492,0.0478,0.00301712313305241,5000,0,0.220000000000009,0.301712313305241
51,500,500,0,0.9,0,0.3,"reported-cov",0.63633275373649,489.334465395772,473.958583878503,"",5000,1,0,-0.00455358452881275,0.00231634044873413,0.16379000388366,0.00163806385341308,0.0268425350711959,0.000524147435865132,0.162437303359741,8.31406779560819e-05,-0.82587489580801,0.993138505022016,0.9524,0.00301112072159188,0.9526,0.00300510365877785,0.0476,0.00301112072159188,5000,0,0.240000000000007,0.301112072159188
51,500,500,0,0.9,0,0.3,"target-fixed",0.613145888003764,489.334465395772,473.958583878503,"",5000,1,0,-0.00455358452881275,0.00231634044873413,0.16379000388366,0.00163806385341308,0.0268425350711959,0.000524147435865132,0.156500295466272,7.25433501167393e-05,-4.45064304569276,0.956614988706425,0.942,0.00330563155841664,0.9434,0.00326791799162708,0.058,0.00330563155841664,5000,0,-0.800000000000001,0.330563155841664
52,500,500,0,0.9,0,0.6,"joint-score",0.638583765644759,489.974481408035,474.78361094098,"",5000,1,0,-0.00097628950515178,0.00230725115042945,0.163147293436913,0.00163163610613874,0.026612669089117,0.000522938588662416,0.163034691512072,9.23086334771043e-05,-0.0690185674974586,1.00101006892382,0.952,0.00302311098043059,0.9516,0.00303504332753257,0.048,0.00302311098043059,5000,0,0.2,0.302311098043059
52,500,500,0,0.9,0,0.6,"normal-recon",0.642627830319107,489.974481408035,474.78361094098,"",5000,1,0,-0.00097628950515178,0.00230725115042945,0.163147293436913,0.00163163610613874,0.026612669089117,0.000522938588662416,0.164061087836506,9.06714579168111e-05,0.560103928384525,1.00723605875563,0.9532,0.00298696367570816,0.9534,0.00298088711627931,0.0468,0.00298696367570816,5000,0,0.320000000000009,0.298696367570816
52,500,500,0,0.9,0,0.6,"reported-cov",0.638785399845971,489.974481408035,474.78361094098,"",5000,1,0,-0.00097628950515178,0.00230725115042945,0.163147293436913,0.00163163610613874,0.026612669089117,0.000522938588662416,0.163079399517723,8.99115933769689e-05,-0.0416151060554593,1.00120174409215,0.951,0.00305283474822991,0.9514,0.0030409879973456,0.049,0.00305283474822991,5000,0,0.1,0.305283474822991
52,500,500,0,0.9,0,0.6,"target-fixed",0.615620592068827,489.974481408035,474.78361094098,"",5000,1,0,-0.00097628950515178,0.00230725115042945,0.163147293436913,0.00163163610613874,0.026612669089117,0.000522938588662416,0.157144778492553,7.854300758606e-05,-3.67919983096837,0.964506576110971,0.9408,0.0033375248313683,0.9414,0.00332162731202644,0.0592,0.0033375248313683,5000,0,-0.919999999999999,0.33375248313683
53,500,500,0,0.9,0.5,0.3,"joint-score",0.646632854361623,489.33968426576,473.475061375233,"",5000,1,0,0.00335097183184809,0.0023645423772458,0.167198394935347,0.00167215117283234,0.0279609412205202,0.000553563175958366,0.165059281589722,8.1426173472302e-05,-1.27938629222578,0.988505252189111,0.9492,0.00310545842026584,0.9496,0.00309385972532693,0.0508,0.00310545842026584,5000,0,-0.0799999999999912,0.310545842026584
53,500,500,0,0.9,0.5,0.3,"normal-recon",0.665686612257968,489.33968426576,473.475061375233,"",5000,1,0,0.00335097183184809,0.0023645423772458,0.167198394935347,0.00167215117283234,0.0279609412205202,0.000553563175958366,0.169929369518009,8.64322453836817e-05,1.63337368383134,1.01774908802451,0.9556,0.00291302729132427,0.9558,0.00290676314824583,0.0444,0.00291302729132427,5000,0,0.560000000000005,0.291302729132427
53,500,500,0,0.9,0.5,0.3,"reported-cov",0.665592613152728,489.33968426576,473.475061375233,"",5000,1,0,0.00335097183184809,0.0023645423772458,0.167198394935347,0.00167215117283234,0.0279609412205202,0.000553563175958366,0.169907538099775,8.72828664745499e-05,1.62031649016472,1.01764464262409,0.956,0.00290048271844533,0.9556,0.00291302729132427,0.044,0.00290048271844533,5000,0,0.6,0.290048271844533
53,500,500,0,0.9,0.5,0.3,"target-fixed",0.643166029861822,489.33968426576,473.475061375233,"",5000,1,0,0.00335097183184809,0.0023645423772458,0.167198394935347,0.00167215117283234,0.0279609412205202,0.000553563175958366,0.164167200671429,7.79456433450669e-05,-1.81293263316893,0.983074855442424,0.9472,0.00316266216975509,0.9478,0.00314563697841948,0.0528,0.00316266216975509,5000,0,-0.279999999999991,0.316266216975509
54,500,500,0,0.9,0.5,0.6,"joint-score",0.646080665843794,489.671022142845,474.490922874753,"",5000,1,0,0.00220651532861895,0.00235747251156026,0.166698479938514,0.00166715152287402,0.0277876942470639,0.000570888462736668,0.164933977824229,8.79526109932696e-05,-1.05849922263018,0.990919603495856,0.9478,0.00314563697841948,0.948,0.00313993630508646,0.0522,0.00314563697841947,5000,0,-0.219999999999998,0.314563697841947
54,500,500,0,0.9,0.5,0.6,"normal-recon",0.668778710668166,489.671022142845,474.490922874753,"",5000,1,0,0.00220651532861895,0.00235747251156026,0.166698479938514,0.00166715152287402,0.0277876942470639,0.000570888462736668,0.170736506404997,9.39627843003617e-05,2.42235350194684,1.02587568794434,0.9532,0.00298696367570816,0.953,0.00299302522541993,0.0468,0.00298696367570816,5000,0,0.320000000000009,0.298696367570816
54,500,500,0,0.9,0.5,0.6,"reported-cov",0.665086905399521,489.671022142845,474.490922874753,"",5000,1,0,0.00220651532861895,0.00235747251156026,0.166698479938514,0.00166715152287402,0.0277876942470639,0.000570888462736668,0.169795165401723,9.39418911219676e-05,1.85765668910172,1.0202360411523,0.9524,0.00301112072159188,0.953,0.00299302522541993,0.0476,0.00301112072159188,5000,0,0.240000000000007,0.301112072159188
54,500,500,0,0.9,0.5,0.6,"target-fixed",0.642843007329143,489.671022142845,474.490922874753,"",5000,1,0,0.00220651532861895,0.00235747251156026,0.166698479938514,0.00166715152287402,0.0277876942470639,0.000570888462736668,0.164098682229228,8.38883353295171e-05,-1.55958093333881,0.985787960885718,0.9444,0.00324063697442339,0.9456,0.0032075111847038,0.0556,0.00324063697442339,5000,0,-0.559999999999994,0.324063697442339
55,500,500,0,0.9,1,0.3,"joint-score",0.675027580570134,489.014614485278,473.50859746697,"",5000,1,0,-0.0034586001642109,0.00244501468341272,0.172888646274182,0.00172905937732571,0.0298964678288129,0.000594997283505873,0.17230761768362,8.51204724197151e-05,-0.336070993140758,0.99795420040559,0.949,0.00311123769583746,0.9484,0.00312849612433834,0.051,0.00311123769583746,5000,0,-0.1,0.311123769583746
55,500,500,0,0.9,1,0.3,"normal-recon",0.711139638107261,489.014614485278,473.50859746697,"",5000,1,0,-0.0034586001642109,0.00244501468341272,0.172888646274182,0.00172905937732571,0.0298964678288129,0.000594997283505873,0.181546831674196,9.78862191008564e-05,5.0079548811341,1.05170967595307,0.9596,0.00278452293939195,0.9592,0.00279769047608916,0.0404,0.00278452293939195,5000,0,0.960000000000005,0.278452293939195
55,500,500,0,0.9,1,0.3,"reported-cov",0.711070315065157,489.014614485278,473.50859746697,"",5000,1,0,-0.0034586001642109,0.00244501468341272,0.172888646274182,0.00172905937732571,0.0298964678288129,0.000594997283505873,0.18153305992728,9.93795730588013e-05,4.99998920657254,1.05167698424956,0.9596,0.00278452293939195,0.9592,0.00279769047608916,0.0404,0.00278452293939195,5000,0,0.960000000000005,0.278452293939195
55,500,500,0,0.9,1,0.3,"target-fixed",0.690209381993973,489.014614485278,473.50859746697,"",5000,1,0,-0.0034586001642109,0.00244501468341272,0.172888646274182,0.00172905937732571,0.0298964678288129,0.000594997283505873,0.176193995851554,9.14208991862036e-05,1.91183727133266,1.0205910806598,0.9542,0.00295642892693195,0.9548,0.00293792307591605,0.0458,0.00295642892693195,5000,0,0.420000000000009,0.295642892693195
56,500,500,0,0.9,1,0.6,"joint-score",0.672034969216826,489.90341050431,475.010809117164,"",5000,1,0,0.00133852489932612,0.00246887331666652,0.174575706410542,0.00174593166600255,0.0304723735821922,0.000598413172733178,0.171559246856514,9.09596171475593e-05,-1.7278804800792,0.984199615426107,0.944,0.00325158422926425,0.9436,0.00326248494249399,0.056,0.00325158422926425,5000,0,-0.6,0.325158422926425
56,500,500,0,0.9,1,0.6,"normal-recon",0.71135193960533,489.90341050431,475.010809117164,"",5000,1,0,0.00133852489932612,0.00246887331666652,0.174575706410542,0.00174593166600255,0.0304723735821922,0.000598413172733178,0.181615992148167,0.00010345734876508,4.03279808077559,1.04211842512859,0.9554,0.00291927525252416,0.9556,0.00291302729132427,0.0446,0.00291927525252416,5000,0,0.540000000000007,0.291927525252416
56,500,500,0,0.9,1,0.6,"reported-cov",0.707870784199908,489.90341050431,475.010809117164,"",5000,1,0,0.00133852489932612,0.00246887331666652,0.174575706410542,0.00174593166600255,0.0304723735821922,0.000598413172733178,0.180731206574747,0.000104428450228478,3.52597752045136,1.03708989118736,0.955,0.00293172304285381,0.9542,0.00295642892693195,0.045,0.00293172304285381,5000,0,0.5,0.293172304285381
56,500,500,0,0.9,1,0.6,"target-fixed",0.68708582131129,489.90341050431,475.010809117164,"",5000,1,0,0.00133852489932612,0.00246887331666652,0.174575706410542,0.00174593166600255,0.0304723735821922,0.000598413172733178,0.17541074631682,9.64367603689399e-05,0.478325377251942,1.00640095145289,0.9476,0.00315132480077824,0.9482,0.0031342227106573,0.0524,0.00315132480077824,5000,0,-0.239999999999996,0.315132480077824
57,500,500,0.4,0,0,0.3,"joint-score",0.626871963435017,359.752318297249,305.629839818856,"",5000,1,0,0.00131747849025361,0.00233628139081102,0.165200041420241,0.00165216563902797,0.0272873312240845,0.000567079477008898,0.16011975288675,0.000115472092794586,-3.07523441871762,0.971861472918706,0.9406,0.00334280241713446,0.9406,0.00334280241713446,0.0594,0.00334280241713446,5000,0,-0.939999999999996,0.334280241713446
57,500,500,0.4,0,0,0.3,"normal-recon",0.627131510754672,359.752318297249,305.629839818856,"",5000,1,0,0.00131747849025361,0.00233628139081102,0.165200041420241,0.00165216563902797,0.0272873312240845,0.000567079477008898,0.160184646031224,0.000115099779916361,-3.03595286411508,0.972237134129066,0.9408,0.0033375248313683,0.941,0.00333223648620562,0.0592,0.0033375248313683,5000,0,-0.919999999999999,0.33375248313683
57,500,500,0.4,0,0,0.3,"reported-cov",0.6271138296675,359.752318297249,305.629839818856,"",5000,1,0,0.00131747849025361,0.00233628139081102,0.165200041420241,0.00165216563902797,0.0272873312240845,0.000567079477008898,0.160180201117517,0.000115116827246334,-3.03864348917112,0.972211033949203,0.9406,0.00334280241713446,0.941,0.00333223648620562,0.0594,0.00334280241713446,5000,0,-0.939999999999996,0.334280241713446
57,500,500,0.4,0,0,0.3,"target-fixed",0.62350649549183,359.752318297249,305.629839818856,"",5000,1,0,0.00131747849025361,0.00233628139081102,0.165200041420241,0.00165216563902797,0.0272873312240845,0.000567079477008898,0.159256880933388,0.000113855994173223,-3.59755387211694,0.966581111257375,0.9392,0.00337944847571316,0.9396,0.00336903072114221,0.0608,0.00337944847571316,5000,0,-1.07999999999999,0.337944847571316
58,500,500,0.4,0,0,0.6,"joint-score",0.618776131866549,362.028581276719,302.293656619904,"",5000,1,0,-0.00454310953680913,0.002286234877547,0.161661218529868,0.00161677387077044,0.02614976255091,0.00051076198960386,0.15806562690998,0.000118567865240969,-2.224152244172,0.980602946231472,0.9474,0.00315699984162179,0.9462,0.00319078548323136,0.0526,0.00315699984162179,5000,0,-0.259999999999994,0.315699984162179
58,500,500,0.4,0,0,0.6,"normal-recon",0.6192684523061,362.028581276719,302.293656619904,"",5000,1,0,-0.00454310953680913,0.002286234877547,0.161661218529868,0.00161677387077044,0.02614976255091,0.00051076198960386,0.158189548556794,0.000118114666016312,-2.14749709586834,0.981346517152625,0.9476,0.00315132480077824,0.9466,0.00317957355631223,0.0524,0.00315132480077824,5000,0,-0.239999999999996,0.315132480077824
58,500,500,0.4,0,0,0.6,"reported-cov",0.619046009803834,362.028581276719,302.293656619904,"",5000,1,0,-0.00454310953680913,0.002286234877547,0.161661218529868,0.00161677387077044,0.02614976255091,0.00051076198960386,0.158133226291396,0.000118238467304956,-2.18233678463862,0.981004759365388,0.9472,0.00316266216975509,0.9468,0.00317394895989208,0.0528,0.00316266216975509,5000,0,-0.279999999999991,0.316266216975509
58,500,500,0.4,0,0,0.6,"target-fixed",0.615694016118454,362.028581276719,302.293656619904,"",5000,1,0,-0.00454310953680913,0.002286234877547,0.161661218529868,0.00161677387077044,0.02614976255091,0.00051076198960386,0.157274364062384,0.00011678848718502,-2.71360967545441,0.975639542982934,0.9466,0.00317957355631223,0.945,0.0032241277890307,0.0534,0.00317957355631223,5000,0,-0.339999999999996,0.317957355631223
59,500,500,0.4,0.45,0,0.3,"joint-score",0.68199950036047,360.52690258532,304.313081557184,"",5000,1,0,-0.00055203002815768,0.0024953629481146,0.176448806213349,0.00176466453741143,0.031128259115025,0.000617919778413556,0.174290186604714,0.000149910890158455,-1.22336878041804,0.991511806838029,0.948,0.00313993630508646,0.9478,0.00314563697841948,0.0954,0.00415448769404845,5000,0.106883553578019,-0.2,0.313993630508646
59,500,500,0.4,0.45,0,0.3,"normal-recon",0.682238117580477,360.52690258532,304.313081557184,"",5000,1,0,-0.00055203002815768,0.0024953629481146,0.176448806213349,0.00176466453741143,0.031128259115025,0.000617919778413556,0.174347406502091,0.000149127582390223,-1.1909401691941,0.991797004865988,0.9482,0.0031342227106573,0.948,0.00313993630508646,0.0954,0.00415448769404845,5000,0.106883553578019,-0.179999999999991,0.31342227106573
59,500,500,0.4,0.45,0,0.3,"reported-cov",0.682226454651786,360.52690258532,304.313081557184,"",5000,1,0,-0.00055203002815768,0.0024953629481146,0.176448806213349,0.00176466453741143,0.031128259115025,0.000617919778413556,0.174344744128803,0.000149196902490931,-1.19244903363165,0.991785318205865,0.9482,0.0031342227106573,0.948,0.00313993630508646,0.0952,0.00415058935574215,5000,0.106883553578019,-0.179999999999991,0.31342227106573
59,500,500,0.4,0.45,0,0.3,"target-fixed",0.672841649532626,360.52690258532,304.313081557184,"",5000,1,0,-0.00055203002815768,0.0024953629481146,0.176448806213349,0.00176466453741143,0.031128259115025,0.000617919778413556,0.171947735651448,0.000147595232059636,-2.55092151570471,0.97817134440446,0.9434,0.00326791799162708,0.9434,0.00326791799162708,0.1018,0.00427637135899117,5000,0.106883553578019,-0.659999999999994,0.326791799162708
60,500,500,0.4,0.45,0,0.6,"joint-score",0.68034878260495,361.498638145294,302.847902266245,"",5000,1,0,-0.00195685881420238,0.00251968033058407,0.178168304817836,0.00178186124321287,0.0317414253491115,0.000662389079939203,0.173924813344992,0.000163826568079337,-2.38173196808612,0.980600905718921,0.9414,0.00332162731202644,0.941,0.00333223648620562,0.1056,0.00434623147105628,5000,0.116436831968334,-0.859999999999994,0.332162731202644
60,500,500,0.4,0.45,0,0.6,"normal-recon",0.681767839258883,361.498638145294,302.847902266245,"",5000,1,0,-0.00195685881420238,0.00251968033058407,0.178168304817836,0.00178186124321287,0.0317414253491115,0.000662389079939203,0.174281265771471,0.000162750034023595,-2.1816669639076,0.982536599217226,0.9406,0.00334280241713446,0.9414,0.00332162731202644,0.1048,0.00433167311786104,5000,0.116436831968334,-0.939999999999996,0.334280241713446
60,500,500,0.4,0.45,0,0.6,"reported-cov",0.680646672826523,361.498638145294,302.847902266245,"",5000,1,0,-0.00195685881420238,0.00251968033058407,0.178168304817836,0.00178186124321287,0.0317414253491115,0.000662389079939203,0.173996656276271,0.000162981070598571,-2.34140889751926,0.980958034326858,0.9408,0.0033375248313683,0.9412,0.00332693733033852,0.1056,0.00434623147105628,5000,0.116436831968334,-0.919999999999999,0.33375248313683
60,500,500,0.4,0.45,0,0.6,"target-fixed",0.671560810018386,361.498638145294,302.847902266245,"",5000,1,0,-0.00195685881420238,0.00251968033058407,0.178168304817836,0.00178186124321287,0.0317414253491115,0.000662389079939203,0.171674656657464,0.000161079965121817,-3.64467078867385,0.967881416329406,0.9376,0.00342070869850094,0.938,0.00341045451516363,0.1128,0.00447383862024548,5000,0.116436831968334,-1.24,0.342070869850094
61,500,500,0.4,0.45,0.5,0.3,"joint-score",0.691867115334242,361.695400405648,306.18334106029,"",5000,1,0,-0.00101187387830356,0.00259318217555952,0.183365670119022,0.00183384009436977,0.033617268273148,0.00064520703110692,0.176804597089539,0.000150407873940054,-3.57813598653646,0.967797428509414,0.9438,0.00325704037432759,0.9436,0.00326248494249399,0.072,0.00365557109081468,5000,0.0534417767890094,-0.619999999999998,0.325704037432759
61,500,500,0.4,0.45,0.5,0.3,"normal-recon",0.696556178385486,361.695400405648,306.18334106029,"",5000,1,0,-0.00101187387830356,0.00259318217555952,0.183365670119022,0.00183384009436977,0.033617268273148,0.00064520703110692,0.177998541796061,0.000150372066038378,-2.92700826685658,0.97428443798192,0.9448,0.00322964270469661,0.9456,0.0032075111847038,0.0688,0.00357956868910208,5000,0.0534417767890094,-0.519999999999998,0.32296427046966
61,500,500,0.4,0.45,0.5,0.3,"reported-cov",0.696508333089774,361.695400405648,306.18334106029,"",5000,1,0,-0.00101187387830356,0.00259318217555952,0.183365670119022,0.00183384009436977,0.033617268273148,0.00064520703110692,0.177986477066353,0.000150376960153103,-2.93358786798946,0.974219093594232,0.945,0.0032241277890307,0.9454,0.00321306209090332,0.0684,0.00356991428468528,5000,0.0534417767890094,-0.5,0.32241277890307
61,500,500,0.4,0.45,0.5,0.3,"target-fixed",0.687592830431561,361.695400405648,306.18334106029,"",5000,1,0,-0.00101187387830356,0.00259318217555952,0.183365670119022,0.00183384009436977,0.033617268273148,0.00064520703110692,0.17570905117648,0.000148694103507423,-4.17560110219785,0.961764559768862,0.9416,0.00331630637909105,0.9408,0.0033375248313683,0.0748,0.00372034837078465,5000,0.0534417767890094,-0.839999999999996,0.331630637909105
62,500,500,0.4,0.45,0.5,0.6,"joint-score",0.688158907585904,362.029095300096,302.631859987935,"",5000,1,0,-0.00942127595677944,0.00254221277792216,0.179761589448785,0.00179779568304603,0.032396526635999,0.000652957031899347,0.175894511182933,0.000158850308459825,-2.15122611994591,0.98256732362289,0.9462,0.00319078548323136,0.9454,0.00321306209090332,0.0626,0.00342582077756557,5000,0.0582184159841672,-0.379999999999991,0.319078548323136
62,500,500,0.4,0.45,0.5,0.6,"normal-recon",0.69391162663494,362.029095300096,302.631859987935,"",5000,1,0,-0.00942127595677944,0.00254221277792216,0.179761589448785,0.00179779568304603,0.032396526635999,0.000652957031899347,0.177359047560493,0.000158720828111141,-1.33651571264958,0.99067607293663,0.948,0.00313993630508646,0.9478,0.00314563697841948,0.0602,0.00336380617753164,5000,0.0582184159841672,-0.2,0.313993630508646
62,500,500,0.4,0.45,0.5,0.6,"reported-cov",0.692748823053265,362.029095300096,302.631859987935,"",5000,1,0,-0.00942127595677944,0.00254221277792216,0.179761589448785,0.00179779568304603,0.032396526635999,0.000652957031899347,0.177063320185317,0.000158832224660715,-1.50102659402487,0.989042892224968,0.9478,0.00314563697841948,0.9478,0.00314563697841948,0.0608,0.00337944847571316,5000,0.0582184159841672,-0.219999999999998,0.314563697841947
62,500,500,0.4,0.45,0.5,0.6,"target-fixed",0.683741987528236,362.029095300096,302.631859987935,"",5000,1,0,-0.00942127595677944,0.00254221277792216,0.179761589448785,0.00179779568304603,0.032396526635999,0.000652957031899347,0.174760851365489,0.000156770103038552,-2.78187242259605,0.976181890935923,0.9442,0.00324611644892786,0.9434,0.00326791799162708,0.0648,0.00348140661227614,5000,0.0582184159841672,-0.579999999999992,0.324611644892786
63,500,500,0.4,0.45,1,0.3,"joint-score",0.704385230110196,360.631212310581,305.062402401306,"",5000,1,0,-0.00590905731976631,0.00258649168598123,0.182892581063996,0.00182910873065948,0.0334779232274169,0.000648649598891798,0.179981988493082,0.000147517887975214,-1.591421890369,0.987483820436268,0.9454,0.00321306209090332,0.9434,0.00326791799162708,0.0546,0.00321306209090332,5000,0,-0.459999999999994,0.321306209090332
63,500,500,0.4,0.45,1,0.3,"normal-recon",0.713422365108304,360.631212310581,305.062402401306,"",5000,1,0,-0.00590905731976631,0.00258649168598123,0.182892581063996,0.00182910873065948,0.0334779232274169,0.000648649598891798,0.182282364818913,0.000147063574856111,-0.33364734727519,1.00000131492385,0.948,0.00313993630508646,0.9484,0.00312849612433834,0.052,0.00313993630508646,5000,0,-0.2,0.313993630508646
63,500,500,0.4,0.45,1,0.3,"reported-cov",0.713383499057437,360.631212310581,305.062402401306,"",5000,1,0,-0.00590905731976631,0.00258649168598123,0.182892581063996,0.00182910873065948,0.0334779232274169,0.000648649598891798,0.182272967293783,0.0001471853670624,-0.338785623018834,0.999955450572109,0.948,0.00313993630508646,0.9482,0.0031342227106573,0.052,0.00313993630508646,5000,0,-0.2,0.313993630508646
63,500,500,0.4,0.45,1,0.3,"target-fixed",0.704533572455926,360.631212310581,305.062402401306,"",5000,1,0,-0.00590905731976631,0.00258649168598123,0.182892581063996,0.00182910873065948,0.0334779232274169,0.000648649598891798,0.180013565304266,0.000145854192599531,-1.57415666779968,0.987582040873281,0.9448,0.00322964270469661,0.944,0.00325158422926425,0.0552,0.0032296427046966,5000,0,-0.519999999999998,0.32296427046966
64,500,500,0.4,0.45,1,0.6,"joint-score",0.6997515540129,360.812199519528,301.314254670294,"",5000,1,0,-0.00243779017463896,0.00260093374603782,0.183913788924028,0.00183932183062087,0.033823459720976,0.000667242764598386,0.178856040494148,0.000161572671798553,-2.75006483171769,0.976556307388407,0.9436,0.00326248494249399,0.9438,0.00325704037432759,0.0564,0.00326248494249399,5000,0,-0.639999999999996,0.326248494249399
64,500,500,0.4,0.45,1,0.6,"normal-recon",0.709910088756294,360.812199519528,301.314254670294,"",5000,1,0,-0.00243779017463896,0.00260093374603782,0.183913788924028,0.00183932183062087,0.033823459720976,0.000667242764598386,0.181442452870883,0.000161367311851285,-1.34374701734069,0.99055477489225,0.9458,0.00320194815698193,0.9454,0.00321306209090332,0.0542,0.00320194815698193,5000,0,-0.419999999999998,0.320194815698193
64,500,500,0.4,0.45,1,0.6,"reported-cov",0.70879303404136,360.812199519528,301.314254670294,"",5000,1,0,-0.00243779017463896,0.00260093374603782,0.183913788924028,0.00183932183062087,0.033823459720976,0.000667242764598386,0.181158823740809,0.000161605091552163,-1.49796554099433,0.989029985547456,0.9458,0.00320194815698193,0.9454,0.00321306209090332,0.0542,0.00320194815698193,5000,0,-0.419999999999998,0.320194815698193
64,500,500,0.4,0.45,1,0.6,"target-fixed",0.699971681159661,360.812199519528,301.314254670294,"",5000,1,0,-0.00243779017463896,0.00260093374603782,0.183913788924028,0.00183932183062087,0.033823459720976,0.000667242764598386,0.178903463090332,0.000159463513240206,-2.72427960024518,0.97671066560918,0.9432,0.00327333957908433,0.9424,0.00329491244193226,0.0568,0.00327333957908433,5000,0,-0.679999999999992,0.327333957908433
65,500,500,0.4,0.9,0,0.3,"joint-score",0.756729320547916,359.86629345827,304.146393059566,"",5000,1,0,-0.00521831125843636,0.00279162850231783,0.197397944454259,0.00197417687210167,0.0389853860574614,0.000795808503753796,0.193492867542668,0.000190667372784262,-1.97827638093526,0.985062297605447,0.9442,0.00324611644892786,0.9442,0.00324611644892786,0.1952,0.00560530034877704,5000,0.213767107156038,-0.579999999999992,0.324611644892786
65,500,500,0.4,0.9,0,0.3,"normal-recon",0.757044009503652,359.86629345827,304.146393059566,"",5000,1,0,-0.00521831125843636,0.00279162850231783,0.197397944454259,0.00197417687210167,0.0389853860574614,0.000795808503753796,0.193567635918367,0.000189588728387658,-1.94039940308459,0.985385870666249,0.944,0.00325158422926425,0.9442,0.00324611644892786,0.1958,0.00561181539254456,5000,0.213767107156038,-0.6,0.325158422926425
65,500,500,0.4,0.9,0,0.3,"reported-cov",0.756984367415397,359.86629345827,304.146393059566,"",5000,1,0,-0.00521831125843636,0.00279162850231783,0.197397944454259,0.00197417687210167,0.0389853860574614,0.000795808503753796,0.193552959157813,0.000189658529352864,-1.94783451624847,0.985315313593651,0.944,0.00325158422926425,0.9442,0.00324611644892786,0.1956,0.00560964597813445,5000,0.213767107156038,-0.6,0.325158422926425
65,500,500,0.4,0.9,0,0.3,"target-fixed",0.734395654469199,359.86629345827,304.146393059566,"",5000,1,0,-0.00521831125843636,0.00279162850231783,0.197397944454259,0.00197417687210167,0.0389853860574614,0.000795808503753796,0.18779370498024,0.000187939014495443,-4.8654202051449,0.956192697694857,0.9356,0.00347138704266753,0.9362,0.00345628586780665,0.2134,0.00579414255951646,5000,0.213767107156038,-1.44,0.347138704266753
66,500,500,0.4,0.9,0,0.6,"joint-score",0.763786753493584,361.237062863767,301.570860116486,"",5000,1,0,-0.00200968945589186,0.00282560280355791,0.199800290333552,0.00199820273360089,0.0399162108378773,0.000803424648818668,0.195405465017464,0.000216715173521646,-2.1996090740163,0.984097471567524,0.9438,0.00325704037432759,0.944,0.00325158422926425,0.2156,0.00581578266443993,5000,0.232873663936669,-0.619999999999998,0.325704037432759
66,500,500,0.4,0.9,0,0.6,"normal-recon",0.767380915603449,361.237062863767,301.570860116486,"",5000,1,0,-0.00200968945589186,0.00282560280355791,0.199800290333552,0.00199820273360089,0.0399162108378773,0.000803424648818668,0.196312266255977,0.000215233203625705,-1.74575525979092,0.988527831787751,0.9454,0.00321306209090332,0.9458,0.00320194815698193,0.2156,0.00581578266443993,5000,0.232873663936669,-0.459999999999994,0.321306209090332
66,500,500,0.4,0.9,0,0.6,"reported-cov",0.763947859547926,361.237062863767,301.570860116486,"",5000,1,0,-0.00200968945589186,0.00282560280355791,0.199800290333552,0.00199820273360089,0.0399162108378773,0.000803424648818668,0.195440017720207,0.000215540135606835,-2.18231545412957,0.984204736128566,0.9442,0.00324611644892786,0.9444,0.00324063697442339,0.2164,0.00582359064495437,5000,0.232873663936669,-0.579999999999992,0.324611644892786
66,500,500,0.4,0.9,0,0.6,"target-fixed",0.74161487798382,361.237062863767,301.570860116486,"",5000,1,0,-0.00200968945589186,0.00282560280355791,0.199800290333552,0.00199820273360089,0.0399162108378773,0.000803424648818668,0.189747428643512,0.00021398701790378,-5.03145499601482,0.955799862849884,0.936,0.00346132922444543,0.9358,0.00346636293541228,0.2386,0.00602776973680979,5000,0.232873663936669,-1.39999999999999,0.346132922444543
67,500,500,0.4,0.9,0.5,0.3,"joint-score",0.769773530520727,359.906141013787,307.766807529886,"",5000,1,0,-0.000440760161404777,0.00283505161791652,0.200468422404267,0.00200488472254035,0.0401797451330991,0.000810819228955827,0.196807951184806,0.000190610114869933,-1.8259590091844,0.98643179681914,0.9452,0.00321860093829602,0.9452,0.00321860093829602,0.0892,0.00403096415265628,5000,0.106883553578019,-0.479999999999992,0.321860093829602
67,500,500,0.4,0.9,0.5,0.3,"normal-recon",0.786011096849028,359.906141013787,307.766807529886,"",5000,1,0,-0.000440760161404777,0.00283505161791652,0.200468422404267,0.00200488472254035,0.0401797451330991,0.000810819228955827,0.200942720912479,0.0001905044513057,0.236595121827032,1.00696033849106,0.9488,0.0031170036894428,0.9488,0.0031170036894428,0.0848,0.0039397705516946,5000,0.106883553578019,-0.119999999999998,0.31170036894428
67,500,500,0.4,0.9,0.5,0.3,"reported-cov",0.78598589906259,359.906141013787,307.766807529886,"",5000,1,0,-0.000440760161404777,0.00283505161791652,0.200468422404267,0.00200488472254035,0.0401797451330991,0.000810819228955827,0.200937542992584,0.000190764956377919,0.234012211345358,1.00694689429054,0.949,0.00311123769583746,0.949,0.00311123769583746,0.0844,0.00393132649369141,5000,0.106883553578019,-0.1,0.311123769583746
67,500,500,0.4,0.9,0.5,0.3,"target-fixed",0.764083269221016,359.906141013787,307.766807529886,"",5000,1,0,-0.000440760161404777,0.00283505161791652,0.200468422404267,0.00200488472254035,0.0401797451330991,0.000810819228955827,0.195349068655309,0.000188454915685786,-2.5536958327699,0.979084032316547,0.9426,0.0032895361375124,0.9426,0.0032895361375124,0.0932,0.00411129565952146,5000,0.106883553578019,-0.739999999999996,0.32895361375124
68,500,500,0.4,0.9,0.5,0.6,"joint-score",0.773138659496271,361.171341424759,300.656938467871,"",5000,1,0,-0.00405516077526399,0.00293106020209618,0.207257254496822,0.00207277983331649,0.0429634227565656,0.000843495660648179,0.197746442566914,0.000207913823870438,-4.58889217315888,0.959465220815889,0.935,0.00348640215695206,0.9354,0.00347640158784914,0.1008,0.00425768387741504,5000,0.116436831968334,-1.49999999999999,0.348640215695206
68,500,500,0.4,0.9,0.5,0.6,"normal-recon",0.792677615067869,361.171341424759,300.656938467871,"",5000,1,0,-0.00405516077526399,0.00293106020209618,0.207257254496822,0.00207277983331649,0.0429634227565656,0.000843495660648179,0.202717354845123,0.000207110781723578,-2.19046598041691,0.98328415907499,0.9422,0.00330027756408457,0.9426,0.0032895361375124,0.0916,0.00407944702134983,5000,0.116436831968334,-0.779999999999992,0.330027756408457
68,500,500,0.4,0.9,0.5,0.6,"reported-cov",0.789445780665436,361.171341424759,300.656938467871,"",5000,1,0,-0.00405516077526399,0.00293106020209618,0.207257254496822,0.00207277983331649,0.0429634227565656,0.000843495660648179,0.201896538705037,0.000207528064399133,-2.58650333123441,0.979364543405164,0.9412,0.00332693733033852,0.9418,0.00331097447891101,0.0922,0.00409143397844814,5000,0.116436831968334,-0.879999999999992,0.332693733033852
68,500,500,0.4,0.9,0.5,0.6,"target-fixed",0.767356294265918,361.171341424759,300.656938467871,"",5000,1,0,-0.00405516077526399,0.00293106020209618,0.207257254496822,0.00207277983331649,0.0429634227565656,0.000843495660648179,0.196260575123945,0.000204939968974015,-5.30581156233854,0.952184826446521,0.9328,0.00354073890593475,0.9328,0.00354073890593475,0.1066,0.00436431987828573,5000,0.116436831968334,-1.72,0.354073890593475
69,500,500,0.4,0.9,1,0.3,"joint-score",0.798319920386938,359.60658664037,305.832442655454,"",5000,1,0,-0.0034616129721277,0.00297500356892224,0.210364519763909,0.0021038555937188,0.0442563632936339,0.000891217750562844,0.204085608391632,0.000192759414535054,-2.98477679568988,0.974566517219198,0.9434,0.00326791799162708,0.943,0.00327874976172321,0.0566,0.00326791799162709,5000,0,-0.659999999999994,0.326791799162708
69,500,500,0.4,0.9,1,0.3,"normal-recon",0.829046434181244,359.60658664037,305.832442655454,"",5000,1,0,-0.0034616129721277,0.00297500356892224,0.210364519763909,0.0021038555937188,0.0442563632936339,0.000891217750562844,0.211911547661786,0.000193016404563504,0.735403431915604,1.0116243437729,0.9488,0.0031170036894428,0.949,0.00311123769583746,0.0512,0.0031170036894428,5000,0,-0.119999999999998,0.31170036894428
69,500,500,0.4,0.9,1,0.3,"reported-cov",0.8290258985705,359.60658664037,305.832442655454,"",5000,1,0,-0.0034616129721277,0.00297500356892224,0.210364519763909,0.0021038555937188,0.0442563632936339,0.000891217750562844,0.211908430547763,0.000193475486925238,0.733921663970016,1.01162940273336,0.949,0.00311123769583746,0.9488,0.0031170036894428,0.051,0.00311123769583746,5000,0,-0.1,0.311123769583746
69,500,500,0.4,0.9,1,0.3,"target-fixed",0.808485340927324,359.60658664037,305.832442655454,"",5000,1,0,-0.0034616129721277,0.00297500356892224,0.210364519763909,0.0021038555937188,0.0442563632936339,0.000891217750562844,0.206667254890481,0.000191209037564714,-1.75755154794037,0.986718138113369,0.946,0.00319637294444813,0.9452,0.00321860093829602,0.054,0.00319637294444813,5000,0,-0.4,0.319637294444813
70,500,500,0.4,0.9,1,0.6,"joint-score",0.798046975417081,361.05326262951,302.223479538212,"",5000,1,0,-0.00593204108179702,0.00295481222517668,0.208936776155534,0.00208957672967724,0.0436810346263778,0.000895578225504708,0.204083493326034,0.000207917352356392,-2.32284757083032,0.981924702500493,0.9442,0.00324611644892786,0.9436,0.00326248494249399,0.0558,0.00324611644892786,5000,0,-0.579999999999992,0.324611644892786
70,500,500,0.4,0.9,1,0.6,"normal-recon",0.831988770062089,361.05326262951,302.223479538212,"",5000,1,0,-0.00593204108179702,0.00295481222517668,0.208936776155534,0.00208957672967724,0.0436810346263778,0.000895578225504708,0.212729102597147,0.000208445859265259,1.81505932626731,1.02312807676192,0.9526,0.00300510365877785,0.9526,0.00300510365877785,0.0474,0.00300510365877785,5000,0,0.260000000000005,0.300510365877785
70,500,500,0.4,0.9,1,0.6,"reported-cov",0.828805160169517,361.05326262951,302.223479538212,"",5000,1,0,-0.00593204108179702,0.00295481222517668,0.208936776155534,0.00208957672967724,0.0436810346263778,0.000895578225504708,0.211921144526028,0.00020901355356125,1.42835953794584,1.01930582160166,0.9512,0.00304691844328003,0.9524,0.00301112072159188,0.0488,0.00304691844328003,5000,0,0.120000000000009,0.304691844328003
70,500,500,0.4,0.9,1,0.6,"target-fixed",0.807967901708496,361.05326262951,302.223479538212,"",5000,1,0,-0.00593204108179702,0.00295481222517668,0.208936776155534,0.00208957672967724,0.0436810346263778,0.000895578225504708,0.20659818924278,0.000205268472017,-1.11927969588909,0.99377422698206,0.9444,0.00324063697442339,0.9454,0.00321306209090332,0.0556,0.00324063697442339,5000,0,-0.559999999999994,0.324063697442339
71,500,500,0.8,0,0,0.3,"joint-score",0.828791597081129,148.177437205772,101.022329124205,"",5000,1,0,-0.00487454395605177,0.00338776375367446,0.23955107232812,0.00239575031029218,0.0573970004890807,0.00117929683649187,0.212971490229665,0.000386514559196657,-11.095580512388,0.903654451014539,0.9134,0.0039774474226569,0.9126,0.00399402653972154,0.0866,0.0039774474226569,5000,0,-3.66,0.39774474226569
71,500,500,0.8,0,0,0.3,"normal-recon",0.829054207018028,148.177437205772,101.022329124205,"",5000,1,0,-0.00487454395605177,0.00338776375367446,0.23955107232812,0.00239575031029218,0.0573970004890807,0.00117929683649187,0.213036723149964,0.000386501039903192,-11.0683491918746,0.903921409008354,0.9136,0.00397328680062238,0.9124,0.00399815557476194,0.0864,0.00397328680062238,5000,0,-3.64,0.397328680062238
71,500,500,0.8,0,0,0.3,"reported-cov",0.829022113766494,148.177437205772,101.022329124205,"",5000,1,0,-0.00487454395605177,0.00338776375367446,0.23955107232812,0.00239575031029218,0.0573970004890807,0.00117929683649187,0.213028440557664,0.000386487587956471,-11.0718067394528,0.903886383047558,0.9136,0.00397328680062238,0.9122,0.00400227835113951,0.0864,0.00397328680062238,5000,0,-3.64,0.397328680062238
71,500,500,0.8,0,0,0.3,"target-fixed",0.821876803274404,148.177437205772,101.022329124205,"",5000,1,0,-0.00487454395605177,0.00338776375367446,0.23955107232812,0.00239575031029218,0.0573970004890807,0.00117929683649187,0.211207679650172,0.000385350990574941,-11.8318788567663,0.896322725688507,0.9096,0.00405531355137923,0.9098,0.00405127041802939,0.0904,0.00405531355137923,5000,0,-4.04,0.405531355137923
72,500,500,0.8,0,0,0.6,"joint-score",0.821913282391044,148.661356534741,99.1644832880532,"",5000,1,0,-0.000135566262056827,0.00341829798009885,0.241710168184417,0.00241734342827493,0.0584121390208702,0.00118241697617538,0.211261323702711,0.000386352788355291,-12.5972542696155,0.888609063454531,0.909,0.00406740703642997,0.909,0.00406740703642997,0.091,0.00406740703642997,5000,0,-4.09999999999999,0.406740703642997
72,500,500,0.8,0,0,0.6,"normal-recon",0.822244407832175,148.661356534741,99.1644832880532,"",5000,1,0,-0.000135566262056827,0.00341829798009885,0.241710168184417,0.00241734342827493,0.0584121390208702,0.00118241697617538,0.211338401239776,0.000385566455203009,-12.5653658564619,0.888864339641097,0.909,0.00406740703642997,0.9088,0.00407142628571364,0.091,0.00406740703642997,5000,0,-4.09999999999999,0.406740703642997
72,500,500,0.8,0,0,0.6,"reported-cov",0.822034114236402,148.661356534741,99.1644832880532,"",5000,1,0,-0.000135566262056827,0.00341829798009885,0.241710168184417,0.00241734342827493,0.0584121390208702,0.00118241697617538,0.211289440195639,0.000386145227823516,-12.5856219526389,0.888708060525241,0.9092,0.00406338184275118,0.9092,0.00406338184275118,0.0908,0.00406338184275118,5000,0,-4.08,0.406338184275118
72,500,500,0.8,0,0,0.6,"target-fixed",0.814912528604817,148.661356534741,99.1644832880532,"",5000,1,0,-0.000135566262056827,0.00341829798009885,0.241710168184417,0.00241734342827493,0.0584121390208702,0.00118241697617538,0.209470391784263,0.000384181590255208,-13.3381961720188,0.881158307527828,0.9058,0.00413101343498178,0.9058,0.00413101343498178,0.0942,0.00413101343498178,5000,0,-4.41999999999999,0.413101343498178
73,500,500,0.8,0.45,0,0.3,"joint-score",0.916947094284435,148.033365686969,102.203906776774,"",5000,1,0,0.00301092671517886,0.00380453293244287,0.269021103577789,0.00269048009724136,0.0723669453790615,0.00146954836601024,0.235898669929561,0.000461370548726871,-12.3122064431835,0.893577582269119,0.9096,0.00405531355137923,0.9088,0.00407142628571364,0.194,0.00559220886591336,5000,0.203060061667473,-4.04,0.405531355137923
73,500,500,0.8,0.45,0,0.3,"normal-recon",0.917129666571276,148.033365686969,102.203906776774,"",5000,1,0,0.00301092671517886,0.00380453293244287,0.269021103577789,0.00269048009724136,0.0723669453790615,0.00146954836601024,0.235943984257625,0.000461202566129901,-12.2953622895237,0.89373092964587,0.91,0.00404722126896961,0.9086,0.00407543960818953,0.193,0.00558123642215594,5000,0.203060061667473,-3.99999999999999,0.404722126896961
73,500,500,0.8,0.45,0,0.3,"reported-cov",0.917089641947477,148.033365686969,102.203906776774,"",5000,1,0,0.00301092671517886,0.00380453293244287,0.269021103577789,0.00269048009724136,0.0723669453790615,0.00146954836601024,0.235934167819977,0.000461210191969697,-12.2990112365832,0.893695658017617,0.9094,0.00405935068699417,0.9088,0.00407142628571364,0.1932,0.00558343550155278,5000,0.203060061667473,-4.06,0.405935068699417
73,500,500,0.8,0.45,0,0.3,"target-fixed",0.904208617578269,148.033365686969,102.203906776774,"",5000,1,0,0.00301092671517886,0.00380453293244287,0.269021103577789,0.00269048009724136,0.0723669453790615,0.00146954836601024,0.232687402530203,0.000463055667654679,-13.505892498534,0.881986467711038,0.9046,0.00415448769404845,0.9042,0.00416226765117286,0.2042,0.0057009185224839,5000,0.203060061667473,-4.54,0.415448769404845
74,500,500,0.8,0.45,0,0.6,"joint-score",0.922173428756197,146.620720412979,98.1399467766707,"",5000,1,0,-0.00824509098306256,0.00391302922366813,0.276692949903687,0.00276720623349763,0.0766116582540176,0.001575077069226,0.237496738882788,0.000495953290430891,-14.1659594270627,0.87693999512719,0.8956,0.00432436446197589,0.8948,0.00433896208787309,0.1972,0.00562693806612442,5000,0.22152092579085,-5.44,0.432436446197589
74,500,500,0.8,0.45,0,0.6,"normal-recon",0.923351918841747,146.620720412979,98.1399467766707,"",5000,1,0,-0.00824509098306256,0.00391302922366813,0.276692949903687,0.00276720623349763,0.0766116582540176,0.001575077069226,0.237780839363196,0.000494366312753082,-14.0632822607281,0.877828297415425,0.895,0.00433532005738907,0.8948,0.00433896208787309,0.197,0.00562478444031413,5000,0.22152092579085,-5.49999999999999,0.433532005738907
74,500,500,0.8,0.45,0,0.6,"reported-cov",0.922407224133351,146.620720412979,98.1399467766707,"",5000,1,0,-0.00824509098306256,0.00391302922366813,0.276692949903687,0.00276720623349763,0.0766116582540176,0.001575077069226,0.237548524967354,0.000495175458894578,-14.1472433431927,0.877065819713343,0.895,0.00433532005738907,0.895,0.00433532005738907,0.197,0.00562478444031413,5000,0.22152092579085,-5.49999999999999,0.433532005738907
74,500,500,0.8,0.45,0,0.6,"target-fixed",0.909715343810094,146.620720412979,98.1399467766707,"",5000,1,0,-0.00824509098306256,0.00391302922366813,0.276692949903687,0.00276720623349763,0.0766116582540176,0.001575077069226,0.234350153039948,0.000496071194783926,-15.3031715764632,0.865818789185818,0.8888,0.00444599955015742,0.8882,0.00445647304490894,0.2046,0.00570506511794563,5000,0.22152092579085,-6.11999999999999,0.444599955015742
75,500,500,0.8,0.45,0.5,0.3,"joint-score",0.925825913444533,147.706382970623,101.635774573671,"",5000,1,0,-0.00324135447048764,0.00383889869034602,0.271451129623183,0.00271478278808591,0.0736814850093505,0.00148668368274407,0.238146236908257,0.000463991727990561,-12.2692039488499,0.893890556181109,0.9036,0.00417389602170442,0.904,0.00416614930121329,0.1138,0.00449109251741711,5000,0.101530030833737,-4.64,0.417389602170442
75,500,500,0.8,0.45,0.5,0.3,"normal-recon",0.92937176007569,147.706382970623,101.635774573671,"",5000,1,0,-0.00324135447048764,0.00383889869034602,0.271451129623183,0.00271478278808591,0.0736814850093505,0.00148668368274407,0.239033762523248,0.000462786502402401,-11.9422480005648,0.897015830789772,0.904,0.00416614930121329,0.905,0.00414668542332307,0.1124,0.00446690586424205,5000,0.101530030833737,-4.59999999999999,0.416614930121329
75,500,500,0.8,0.45,0.5,0.3,"reported-cov",0.929356029039429,147.706382970623,101.635774573671,"",5000,1,0,-0.00324135447048764,0.00383889869034602,0.271451129623183,0.00271478278808591,0.0736814850093505,0.00148668368274407,0.23902982735123,0.000462807758663827,-11.9436976803001,0.897003085146548,0.9036,0.00417389602170442,0.9048,0.00415058935574214,0.1122,0.00446343275965932,5000,0.101530030833737,-4.64,0.417389602170442
75,500,500,0.8,0.45,0.5,0.3,"target-fixed",0.916742477614621,147.706382970623,101.635774573671,"",5000,1,0,-0.00324135447048764,0.00383889869034602,0.271451129623183,0.00271478278808591,0.0736814850093505,0.00148668368274407,0.235853926871003,0.000465143950676911,-13.113669042967,0.885684401272739,0.9006,0.00423130334530627,0.9012,0.00421991848262499,0.1202,0.00459895553359673,5000,0.101530030833737,-4.94,0.423130334530627
76,500,500,0.8,0.45,0.5,0.6,"joint-score",0.92833873888292,148.509467028014,99.9951654735615,"",5000,1,0,-0.00491844125976247,0.00388095082070491,0.274424664277194,0.00274452110860678,0.0753180256488036,0.00148603684044159,0.239000310222203,0.000491572381474848,-12.908589739299,0.889230043130403,0.9046,0.00415448769404845,0.9052,0.00414277588097643,0.1196,0.00458902691210239,5000,0.110760462895425,-4.54,0.415448769404845
76,500,500,0.8,0.45,0.5,0.6,"normal-recon",0.9326767796776,148.509467028014,99.9951654735615,"",5000,1,0,-0.00491844125976247,0.00388095082070491,0.274424664277194,0.00274452110860678,0.0753180256488036,0.00148603684044159,0.240080028318448,0.000489554659220572,-12.5151418328986,0.892937422643242,0.9042,0.00416226765117286,0.9054,0.00413886071280491,0.1168,0.00454219682532582,5000,0.110760462895425,-4.58,0.416226765117286
76,500,500,0.8,0.45,0.5,0.6,"reported-cov",0.931797623418925,148.509467028014,99.9951654735615,"",5000,1,0,-0.00491844125976247,0.00388095082070491,0.274424664277194,0.00274452110860678,0.0753180256488036,0.00148603684044159,0.239866665928929,0.000490781551812721,-12.5928908173348,0.892265046182737,0.9054,0.00413886071280491,0.9058,0.00413101343498178,0.117,0.00454556927127945,5000,0.110760462895425,-4.46,0.413886071280491
76,500,500,0.8,0.45,0.5,0.6,"target-fixed",0.91919663394492,148.509467028014,99.9951654735615,"",5000,1,0,-0.00491844125976247,0.00388095082070491,0.274424664277194,0.00274452110860678,0.0753180256488036,0.00148603684044159,0.236679994248651,0.000490658948669795,-13.7541099405036,0.88088136693445,0.898,0.00428009345692357,0.8984,0.00427264414619332,0.1264,0.00469942634797057,5000,0.110760462895425,-5.19999999999999,0.428009345692357
77,500,500,0.8,0.45,1,0.3,"joint-score",0.940945905463426,148.405313465877,101.94626576351,"",5000,1,0,0.00132007597008499,0.00379188377289939,0.268126672928839,0.00268153489618702,0.0718792769539079,0.00140078908071209,0.242021796327859,0.000471141541256352,-9.7360237666127,0.919672576275897,0.9142,0.00396076659246667,0.9138,0.00396911980166888,0.0858,0.00396076659246667,5000,0,-3.57999999999999,0.396076659246667
77,500,500,0.8,0.45,1,0.3,"normal-recon",0.9476916019634,148.405313465877,101.94626576351,"",5000,1,0,0.00132007597008499,0.00379188377289939,0.268126672928839,0.00268153489618702,0.0718792769539079,0.00140078908071209,0.243707860342811,0.000468019012148153,-9.10719262626615,0.925626121715688,0.9154,0.00393555180375002,0.9156,0.00393132649369141,0.0846,0.00393555180375002,5000,0,-3.46,0.393555180375002
77,500,500,0.8,0.45,1,0.3,"reported-cov",0.947647057462492,148.405313465877,101.94626576351,"",5000,1,0,0.00132007597008499,0.00379188377289939,0.268126672928839,0.00268153489618702,0.0718792769539079,0.00140078908071209,0.243697223563119,0.000468096000868492,-9.11115969883498,0.925592574241363,0.915,0.003943982758583,0.9156,0.00393132649369141,0.085,0.003943982758583,5000,0,-3.49999999999999,0.3943982758583
77,500,500,0.8,0.45,1,0.3,"target-fixed",0.935471093711904,148.405313465877,101.94626576351,"",5000,1,0,0.00132007597008499,0.00379188377289939,0.268126672928839,0.00268153489618702,0.0718792769539079,0.00140078908071209,0.240624039873554,0.000469776553001271,-10.2573282825107,0.914457923319697,0.9104,0.00403910485132535,0.9108,0.00403096415265628,0.0896,0.00403910485132535,5000,0,-3.96,0.403910485132535
78,500,500,0.8,0.45,1,0.6,"joint-score",0.938459117139038,148.39233946682,101.539355668702,"",5000,1,0,-0.00444247095896361,0.00392095766052431,0.277253575050208,0.0027728130456721,0.0768739065173667,0.00158933951087414,0.241485922831858,0.000481090068974156,-12.9007000944435,0.888194634667562,0.908,0.00408744418922142,0.9082,0.0040834485425924,0.092,0.00408744418922143,5000,0,-4.19999999999999,0.408744418922142
78,500,500,0.8,0.45,1,0.6,"normal-recon",0.946124474900068,148.39233946682,101.539355668702,"",5000,1,0,-0.00444247095896361,0.00392095766052431,0.277253575050208,0.0027728130456721,0.0768739065173667,0.00158933951087414,0.243398579583369,0.000477682178437569,-12.2108418117633,0.894724477713221,0.9118,0.00401050520508327,0.9102,0.00404316608612607,0.0882,0.00401050520508327,5000,0,-3.81999999999999,0.401050520508327
78,500,500,0.8,0.45,1,0.6,"reported-cov",0.945114688722602,148.39233946682,101.539355668702,"",5000,1,0,-0.00444247095896361,0.00392095766052431,0.277253575050208,0.0027728130456721,0.0768739065173667,0.00158933951087414,0.243146549697051,0.00047805799713258,-12.3017441152851,0.893858533250345,0.9116,0.00401460932096761,0.9104,0.00403910485132535,0.0884,0.00401460932096761,5000,0,-3.84,0.401460932096761
78,500,500,0.8,0.45,1,0.6,"target-fixed",0.93291137120456,148.39233946682,101.539355668702,"",5000,1,0,-0.00444247095896361,0.00392095766052431,0.277253575050208,0.0027728130456721,0.0768739065173667,0.00158933951087414,0.240068230424853,0.000480031859906586,-13.4120343150205,0.883104975235109,0.9048,0.00415058935574214,0.9052,0.00414277588097643,0.0952,0.00415058935574215,5000,0,-4.51999999999999,0.415058935574214
79,500,500,0.8,0.9,0,0.3,"joint-score",1.03243941633283,147.877035406904,101.355462666163,"",5000,1,0,-0.00608656609914371,0.00440499311244764,0.311480050089176,0.00311511202767165,0.0970374639261143,0.00195068113976117,0.265966293425083,0.000560836475259187,-14.6120936641248,0.87274007170404,0.8928,0.00437511508420064,0.892,0.00438944187796125,0.3596,0.00678657262541262,5000,0.406120123334946,-5.71999999999999,0.437511508420064
79,500,500,0.8,0.9,0,0.3,"normal-recon",1.03267325811066,147.877035406904,101.355462666163,"",5000,1,0,-0.00608656609914371,0.00440499311244764,0.311480050089176,0.00311511202767165,0.0970374639261143,0.00195068113976117,0.266024135224804,0.000560626241427908,-14.5935236787584,0.87290787598926,0.8928,0.00437511508420064,0.8914,0.004400137270586,0.3596,0.00678657262541262,5000,0.406120123334946,-5.71999999999999,0.437511508420064
79,500,500,0.8,0.9,0,0.3,"reported-cov",1.03265284875799,147.877035406904,101.355462666163,"",5000,1,0,-0.00608656609914371,0.00440499311244764,0.311480050089176,0.00311511202767165,0.0970374639261143,0.00195068113976117,0.266019910817154,0.000560732964200439,-14.5948799157464,0.872901669314857,0.8924,0.00438228798688539,0.8914,0.004400137270586,0.3596,0.00678657262541262,5000,0.406120123334946,-5.76,0.438228798688539
79,500,500,0.8,0.9,0,0.3,"target-fixed",1.00927611906553,147.877035406904,101.355462666163,"",5000,1,0,-0.00608656609914371,0.00440499311244764,0.311480050089176,0.00311511202767165,0.0970374639261143,0.00195068113976117,0.260183625484076,0.000568668834747994,-16.4686067664411,0.855114444931309,0.8832,0.00454219682532583,0.8816,0.00456905767089889,0.3718,0.00683468741055507,5000,0.406120123334946,-6.68,0.454219682532582
80,500,500,0.8,0.9,0,0.6,"joint-score",1.04455851084251,147.754834274811,100.744287475294,"",5000,1,0,-0.00408728636279787,0.00452255308445847,0.319792795429672,0.00319824779506907,0.102263684432134,0.00208033594164446,0.269226931622974,0.000589908628437356,-15.812070981386,0.861933979243572,0.8896,0.00443197111903947,0.8908,0.0044107904053582,0.4004,0.00692935552558822,5000,0.4430418515817,-6.04,0.443197111903947
80,500,500,0.8,0.9,0,0.6,"normal-recon",1.04722620031696,147.754834274811,100.744287475294,"",5000,1,0,-0.00408728636279787,0.00452255308445847,0.319792795429672,0.00319824779506907,0.102263684432134,0.00208033594164446,0.269890088010758,0.000588682727834593,-15.6047003347479,0.863878188785469,0.89,0.00442492937796752,0.8904,0.0044178691696337,0.3982,0.00692295832718932,5000,0.4430418515817,-6,0.442492937796752
80,500,500,0.8,0.9,0,0.6,"reported-cov",1.04462519305807,147.754834274811,100.744287475294,"",5000,1,0,-0.00408728636279787,0.00452255308445847,0.319792795429672,0.00319824779506907,0.102263684432134,0.00208033594164446,0.269243161716342,0.000589912993099262,-15.8069957909503,0.86198385236297,0.8892,0.00443899448073547,0.8898,0.00442845255139987,0.4004,0.00692935552558822,5000,0.4430418515817,-6.08,0.443899448073547
80,500,500,0.8,0.9,0,0.6,"target-fixed",1.02075347567634,147.754834274811,100.744287475294,"",5000,1,0,-0.00408728636279787,0.00452255308445847,0.319792795429672,0.00319824779506907,0.102263684432134,0.00208033594164446,0.263280153328986,0.000597461151287761,-17.6716432978913,0.844296135188658,0.879,0.00461213616451206,0.8784,0.00462197879700892,0.416,0.00697056669145343,5000,0.4430418515817,-7.1,0.461213616451206
81,500,500,0.8,0.9,0.5,0.3,"joint-score",1.0395529921692,148.753863280994,101.960713963736,"",5000,1,0,0.00341837415766386,0.0043810032905308,0.309783713513491,0.00309814696532373,0.0959584412502593,0.00190852916578043,0.26767645836219,0.000544556753019691,-13.5924689757671,0.881859543739534,0.8966,0.00430600603808216,0.8966,0.00430600603808216,0.1724,0.00534187682373901,5000,0.203060061667473,-5.34,0.430600603808216
81,500,500,0.8,0.9,0.5,0.3,"normal-recon",1.05162823808995,148.753863280994,101.960713963736,"",5000,1,0,0.00341837415766386,0.0043810032905308,0.309783713513491,0.00309814696532373,0.0959584412502593,0.00190852916578043,0.270696739872314,0.00054054409706785,-12.6175043864837,0.891162072652351,0.9012,0.00421991848262499,0.901,0.00422371874063603,0.1678,0.0052847546773715,5000,0.203060061667473,-4.88,0.421991848262499
81,500,500,0.8,0.9,0.5,0.3,"reported-cov",1.05151977340743,148.753863280994,101.960713963736,"",5000,1,0,0.00341837415766386,0.0043810032905308,0.309783713513491,0.00309814696532373,0.0959584412502593,0.00190852916578043,0.270668879594418,0.000540466669762356,-12.6264978476249,0.891068976201823,0.9008,0.00422751369010202,0.901,0.00422371874063603,0.1678,0.0052847546773715,5000,0.203060061667473,-4.91999999999999,0.422751369010202
81,500,500,0.8,0.9,0.5,0.3,"target-fixed",1.02834046215572,148.753863280994,101.960713963736,"",5000,1,0,0.00341837415766386,0.0043810032905308,0.309783713513491,0.00309814696532373,0.0959584412502593,0.00190852916578043,0.26486130820523,0.000546840954647469,-14.5012159608915,0.873104216052012,0.8898,0.00442845255139987,0.8908,0.0044107904053582,0.1798,0.00543087396281667,5000,0.203060061667473,-6.01999999999999,0.442845255139987
82,500,500,0.8,0.9,0.5,0.6,"joint-score",1.05427229530979,148.839525159108,100.863067562571,"",5000,1,0,-0.0143284496224477,0.00445944608735393,0.315330456870378,0.0031536199464681,0.0996187148392581,0.00200110267834444,0.271709551860307,0.000596399210989835,-13.8333941614786,0.88226347651412,0.8976,0.00428752236145772,0.896,0.00431703602023425,0.1718,0.00533450578779328,5000,0.22152092579085,-5.24,0.428752236145772
82,500,500,0.8,0.9,0.5,0.6,"normal-recon",1.06879644453082,148.839525159108,100.863067562571,"",5000,1,0,-0.0143284496224477,0.00445944608735393,0.315330456870378,0.0031536199464681,0.0996187148392581,0.00200110267834444,0.275321923204981,0.000589196506139953,-12.6878114034646,0.892976725626014,0.9004,0.00423508772046105,0.9012,0.00421991848262499,0.1654,0.00525438559681339,5000,0.22152092579085,-4.96,0.423508772046105
82,500,500,0.8,0.9,0.5,0.6,"reported-cov",1.06608931277775,148.839525159108,100.863067562571,"",5000,1,0,-0.0143284496224477,0.00445944608735393,0.315330456870378,0.0031536199464681,0.0996187148392581,0.00200110267834444,0.274650002075306,0.000590521010086425,-12.9008961578976,0.89098114173367,0.8998,0.00424640930669666,0.8996,0.0042501727023734,0.1656,0.0052569314243197,5000,0.22152092579085,-5.01999999999999,0.424640930669666
82,500,500,0.8,0.9,0.5,0.6,"target-fixed",1.04322254204662,148.839525159108,100.863067562571,"",5000,1,0,-0.0143284496224477,0.00445944608735393,0.315330456870378,0.0031536199464681,0.0996187148392581,0.00200110267834444,0.268937354737572,0.000598835813487632,-14.7125344609123,0.873845237708689,0.892,0.00438944187796125,0.8904,0.0044178691696337,0.1796,0.00542851434556454,5000,0.22152092579085,-5.79999999999999,0.438944187796125
83,500,500,0.8,0.9,1,0.3,"joint-score",1.06379169310747,147.237772640693,102.737180530867,"imbalance",5000,0.9998,0.000199979998999889,-0.00449748120204173,0.00452366856000315,0.319839682695197,0.00319903669828516,0.102297186386486,0.00208356674308689,0.273693594567429,0.000533992931149092,-14.427880786683,0.872024214390041,0.893978795759152,0.00435430059655632,0.893978795759152,0.00435430059655632,0.106021204240848,0.00435430059655632,4999,0,-5.60212042408481,0.435430059655632
83,500,500,0.8,0.9,1,0.3,"normal-recon",1.08682908793603,147.237772640693,102.737180530867,"imbalance",5000,0.9998,0.000199979998999889,-0.00449748120204173,0.00452366856000315,0.319839682695197,0.00319903669828516,0.102297186386486,0.00208356674308689,0.279449918019969,0.0005249997176162,-12.6281280467997,0.889175653005524,0.900780156031206,0.00422831278787731,0.900580116023205,0.00423210305505678,0.0992198439687938,0.00422831278787731,4999,0,-4.92198439687938,0.422831278787731
83,500,500,0.8,0.9,1,0.3,"reported-cov",1.08676908219925,147.237772640693,102.737180530867,"imbalance",5000,0.9998,0.000199979998999889,-0.00449748120204173,0.00452366856000315,0.319839682695197,0.00319903669828516,0.102297186386486,0.00208356674308689,0.27943626682369,0.000525150728512728,-12.6323961839377,0.889142414415321,0.900180036007201,0.00423966775971863,0.900580116023205,0.00423210305505678,0.0998199639927986,0.00423966775971863,4999,0,-4.98199639927985,0.423966775971863
83,500,500,0.8,0.9,1,0.3,"target-fixed",1.06473743066699,147.237772640693,102.737180530867,"imbalance",5000,0.9998,0.000199979998999889,-0.00449748120204173,0.00452366856000315,0.319839682695197,0.00319903669828516,0.102297186386486,0.00208356674308689,0.273902699040968,0.00053045968773713,-14.3625028849237,0.872455362989222,0.892378475695139,0.00438311175946622,0.892378475695139,0.00438311175946622,0.107621524304861,0.00438311175946622,4999,0,-5.76215243048609,0.438311175946622
84,500,500,0.8,0.9,1,0.6,"joint-score",1.07270530006579,149.019479889753,101.177921986314,"",5000,1,0,-0.00190276571820515,0.00446591281115495,0.315787723295554,0.00315819306805489,0.0997055623243311,0.00198873703645264,0.276199189518426,0.000567683046595407,-12.5364385176165,0.893004348810659,0.9084,0.00407944702134983,0.9076,0.00409541792739154,0.0916,0.00407944702134983,5000,0,-4.16,0.407944702134983
84,500,500,0.8,0.9,1,0.6,"normal-recon",1.09812436492333,149.019479889753,101.177921986314,"",5000,1,0,-0.00190276571820515,0.00446591281115495,0.315787723295554,0.00315819306805489,0.0997055623243311,0.00198873703645264,0.282523723441225,0.000555350871399144,-10.5336583408584,0.911871821116719,0.9142,0.00396076659246667,0.914,0.00396494640569075,0.0858,0.00396076659246667,5000,0,-3.57999999999999,0.396076659246667
84,500,500,0.8,0.9,1,0.6,"reported-cov",1.0956569379366,149.019479889753,101.177921986314,"",5000,1,0,-0.00190276571820515,0.00446591281115495,0.315787723295554,0.00315819306805489,0.0997055623243311,0.00198873703645264,0.281907786285049,0.000556299348938886,-10.728706188111,0.910015941199932,0.9136,0.00397328680062238,0.9134,0.0039774474226569,0.0864,0.00397328680062238,5000,0,-3.64,0.397328680062238
84,500,500,0.8,0.9,1,0.6,"target-fixed",1.07336733030598,149.019479889753,101.177921986314,"",5000,1,0,-0.00190276571820515,0.00446591281115495,0.315787723295554,0.00315819306805489,0.0997055623243311,0.00198873703645264,0.276324396412655,0.000562681094877327,-12.4967894480067,0.89307539054993,0.9066,0.0041152506606524,0.9062,0.00412314346100157,0.0934,0.0041152506606524,5000,0,-4.34,0.41152506606524
85,500,2000,0,0,0,0.3,"joint-score",0.433011226219107,493.204584954834,483.269690611518,"",5000,1,0,-0.00126420357026836,0.00155846401455709,0.110200047292853,0.00110211068950858,0.0121432198239294,0.000248581031630075,0.110506447689842,4.33721530270983e-05,0.278040168326776,1.00365268536731,0.9486,0.00312275647465504,0.9488,0.0031170036894428,0.0514,0.00312275647465504,5000,0,-0.139999999999996,0.312275647465504
85,500,2000,0,0,0,0.3,"normal-recon",0.433031928232551,493.204584954834,483.269690611518,"",5000,1,0,-0.00126420357026836,0.00155846401455709,0.110200047292853,0.00110211068950858,0.0121432198239294,0.000248581031630075,0.110511672022875,4.33458720471286e-05,0.282780940369065,1.00369912648699,0.9486,0.00312275647465504,0.9492,0.00310545842026584,0.0514,0.00312275647465504,5000,0,-0.139999999999996,0.312275647465504
85,500,2000,0,0,0,0.3,"reported-cov",0.433031292372441,493.204584954834,483.269690611518,"",5000,1,0,-0.00126420357026836,0.00155846401455709,0.110200047292853,0.00110211068950858,0.0121432198239294,0.000248581031630075,0.110511509026018,4.33453851363455e-05,0.28263303039977,1.00369763106047,0.9484,0.00312849612433834,0.9492,0.00310545842026584,0.0516,0.00312849612433834,5000,0,-0.159999999999993,0.312849612433834
85,500,2000,0,0,0,0.3,"target-fixed",0.432372803180683,493.204584954834,483.269690611518,"",5000,1,0,-0.00126420357026836,0.00155846401455709,0.110200047292853,0.00110211068950858,0.0121432198239294,0.000248581031630075,0.110343547573846,4.33241960519554e-05,0.130217984945102,1.0021737463906,0.9482,0.0031342227106573,0.9484,0.00312849612433834,0.0518,0.0031342227106573,5000,0,-0.179999999999991,0.31342227106573
86,500,2000,0,0,0,0.6,"joint-score",0.431209559830165,493.413017102345,483.411302291762,"",5000,1,0,-0.00192290250786184,0.00153668591430567,0.108660103055939,0.00108670970696418,0.0118083541465827,0.000236911651222494,0.110047265329197,4.34689525360147e-05,1.27660680806139,1.01365706741707,0.9514,0.0030409879973456,0.9516,0.00303504332753257,0.0486,0.0030409879973456,5000,0,0.140000000000007,0.30409879973456
86,500,2000,0,0,0,0.6,"normal-recon",0.431293311450973,493.413017102345,483.411302291762,"",5000,1,0,-0.00192290250786184,0.00153668591430567,0.108660103055939,0.00108670970696418,0.0118083541465827,0.000236911651222494,0.110068620034876,4.34667151032119e-05,1.29625956475712,1.01385338029969,0.9514,0.0030409879973456,0.9518,0.00302908435009658,0.0486,0.0030409879973456,5000,0,0.140000000000007,0.30409879973456
86,500,2000,0,0,0,0.6,"reported-cov",0.431230621981677,493.413017102345,483.411302291762,"",5000,1,0,-0.00192290250786184,0.00153668591430567,0.108660103055939,0.00108670970696418,0.0118083541465827,0.000236911651222494,0.110052648798067,4.34745788215628e-05,1.28156121977108,1.01370678224001,0.9514,0.0030409879973456,0.9516,0.00303504332753257,0.0486,0.0030409879973456,5000,0,0.140000000000007,0.30409879973456
86,500,2000,0,0,0,0.6,"target-fixed",0.430638303845245,493.413017102345,483.411302291762,"",5000,1,0,-0.00192290250786184,0.00153668591430567,0.108660103055939,0.00108670970696418,0.0118083541465827,0.000236911651222494,0.109901571042092,4.34577569156509e-05,1.14252421195837,1.01231674632267,0.9506,0.0030646252625729,0.9508,0.00305873699425106,0.0494,0.0030646252625729,5000,0,0.0600000000000045,0.30646252625729
87,500,2000,0,0.45,0,0.3,"joint-score",0.469281277671659,493.134386485525,483.092314719198,"",5000,1,0,-0.000569597637162488,0.00169185800166467,0.119632426578181,0.00119644391615624,0.0143093795469543,0.000289993678817172,0.11977340594036,5.22992655588938e-05,0.117843770465886,1.00223246786279,0.9448,0.00322964270469661,0.9446,0.00323514574633045,0.0552,0.0032296427046966,5000,0,-0.519999999999998,0.32296427046966
87,500,2000,0,0.45,0,0.3,"normal-recon",0.469303054919331,493.134386485525,483.092314719198,"",5000,1,0,-0.000569597637162488,0.00169185800166467,0.119632426578181,0.00119644391615624,0.0143093795469543,0.000289993678817172,0.11977900119796,5.23177283129673e-05,0.122520811431603,1.00227987169182,0.945,0.0032241277890307,0.9446,0.00323514574633045,0.055,0.0032241277890307,5000,0,-0.5,0.32241277890307
87,500,2000,0,0.45,0,0.3,"reported-cov",0.469301438812299,493.134386485525,483.092314719198,"",5000,1,0,-0.000569597637162488,0.00169185800166467,0.119632426578181,0.00119644391615624,0.0143093795469543,0.000289993678817172,0.119778587772055,5.23165736176676e-05,0.122175231294164,1.00227637672234,0.9448,0.00322964270469661,0.9446,0.00323514574633045,0.0552,0.0032296427046966,5000,0,-0.519999999999998,0.32296427046966
87,500,2000,0,0.45,0,0.3,"target-fixed",0.466801048136508,493.134386485525,483.092314719198,"",5000,1,0,-0.000569597637162488,0.00169185800166467,0.119632426578181,0.00119644391615624,0.0143093795469543,0.000289993678817172,0.119140816656849,5.22199841975141e-05,-0.410933670237079,0.996946320743684,0.9428,0.00328414859590732,0.9428,0.00328414859590732,0.0572,0.00328414859590732,5000,0,-0.719999999999998,0.328414859590732
88,500,2000,0,0.45,0,0.6,"joint-score",0.471297515832867,493.320267679113,483.744504025027,"",5000,1,0,0.00184692787722655,0.00173995118713136,0.123033128335417,0.00123045433494055,0.0151375343804492,0.000310940392145394,0.120290011864687,5.34501485794405e-05,-2.22957548738539,0.97876665541442,0.9374,0.00342582077756557,0.9378,0.00341558662604244,0.0626,0.00342582077756557,5000,0,-1.25999999999999,0.342582077756557
88,500,2000,0,0.45,0,0.6,"normal-recon",0.471685230758596,493.320267679113,483.744504025027,"",5000,1,0,0.00184692787722655,0.00173995118713136,0.123033128335417,0.00123045433494055,0.0151375343804492,0.000310940392145394,0.120388815805782,5.34218885743229e-05,-2.14926870950227,0.979567994195641,0.9376,0.00342070869850094,0.9378,0.00341558662604244,0.0624,0.00342070869850094,5000,0,-1.24,0.342070869850094
88,500,2000,0,0.45,0,0.6,"reported-cov",0.471320587956053,493.320267679113,483.744504025027,"",5000,1,0,0.00184692787722655,0.00173995118713136,0.123033128335417,0.00123045433494055,0.0151375343804492,0.000310940392145394,0.120295896660325,5.34503487037967e-05,-2.22479238894874,0.978814451259747,0.9374,0.00342582077756557,0.9378,0.00341558662604244,0.0626,0.00342582077756557,5000,0,-1.25999999999999,0.342582077756557
88,500,2000,0,0.45,0,0.6,"target-fixed",0.468864268320674,493.320267679113,483.744504025027,"",5000,1,0,0.00184692787722655,0.00173995118713136,0.123033128335417,0.00123045433494055,0.0151375343804492,0.000310940392145394,0.11966912661831,5.32410657114341e-05,-2.73422432040856,0.97371709494414,0.9364,0.0034512328232097,0.937,0.00343601513384327,0.0636,0.0034512328232097,5000,0,-1.35999999999999,0.34512328232097
89,500,2000,0,0.45,0.5,0.3,"joint-score",0.472070609725398,493.19694836499,483.572831166304,"",5000,1,0,0.00133614325910795,0.0017218521766577,0.121753335031547,0.00121765512191655,0.0148226950951948,0.000294504974231726,0.120485786105725,5.2858876021325e-05,-1.04107942956455,0.990639960310116,0.9466,0.00317957355631223,0.9458,0.00320194815698193,0.0534,0.00317957355631223,5000,0,-0.339999999999996,0.317957355631223
89,500,2000,0,0.45,0.5,0.3,"normal-recon",0.473738610924061,493.19694836499,483.572831166304,"",5000,1,0,0.00133614325910795,0.0017218521766577,0.121753335031547,0.00121765512191655,0.0148226950951948,0.000294504974231726,0.120911063658851,5.28332144710522e-05,-0.691785052522909,0.9941289887331,0.947,0.00316831185333767,0.947,0.00316831185333767,0.053,0.00316831185333767,5000,0,-0.3,0.316831185333767
89,500,2000,0,0.45,0.5,0.3,"reported-cov",0.473736597738935,493.19694836499,483.572831166304,"",5000,1,0,0.00133614325910795,0.0017218521766577,0.121753335031547,0.00121765512191655,0.0148226950951948,0.000294504974231726,0.120910573901614,5.28444167697932e-05,-0.692187306175052,0.994125371287517,0.947,0.00316831185333767,0.947,0.00316831185333767,0.053,0.00316831185333767,5000,0,-0.3,0.316831185333767
89,500,2000,0,0.45,0.5,0.3,"target-fixed",0.471282594346567,493.19694836499,483.572831166304,"",5000,1,0,0.00133614325910795,0.0017218521766577,0.121753335031547,0.00121765512191655,0.0148226950951948,0.000294504974231726,0.120284711780843,5.27900959425263e-05,-1.20622835532475,0.988987417145033,0.9458,0.00320194815698193,0.9456,0.0032075111847038,0.0542,0.00320194815698193,5000,0,-0.419999999999998,0.320194815698193
90,500,2000,0,0.45,0.5,0.6,"joint-score",0.473068756234606,493.316683463902,483.648514492362,"",5000,1,0,0.000391218030186019,0.00171781517916171,0.121467876201043,0.00121480024810985,0.0147516471113494,0.000293127287556927,0.120740788407706,5.30365530552428e-05,-0.598584429132643,0.995071984401514,0.9454,0.00321306209090332,0.9454,0.00321306209090332,0.0546,0.00321306209090332,5000,0,-0.459999999999994,0.321306209090332
90,500,2000,0,0.45,0.5,0.6,"normal-recon",0.475104807847893,493.316683463902,483.648514492362,"",5000,1,0,0.000391218030186019,0.00171781517916171,0.121467876201043,0.00121480024810985,0.0147516471113494,0.000293127287556927,0.121259880745747,5.29932361167645e-05,-0.171234948532217,0.99934025028402,0.9466,0.00317957355631223,0.9466,0.00317957355631223,0.0534,0.00317957355631223,5000,0,-0.339999999999996,0.317957355631223
90,500,2000,0,0.45,0.5,0.6,"reported-cov",0.474726815035467,493.316683463902,483.648514492362,"",5000,1,0,0.000391218030186019,0.00171781517916171,0.121467876201043,0.00121480024810985,0.0147516471113494,0.000293127287556927,0.121163589380585,5.30396650960059e-05,-0.250508060216936,0.998549867070345,0.9468,0.00317394895989208,0.9462,0.00319078548323136,0.0532,0.00317394895989208,5000,0,-0.319999999999998,0.317394895989208
90,500,2000,0,0.45,0.5,0.6,"target-fixed",0.472298659066651,493.316683463902,483.648514492362,"",5000,1,0,0.000391218030186019,0.00171781517916171,0.121467876201043,0.00121480024810985,0.0147516471113494,0.000293127287556927,0.120544074698193,5.28783004106824e-05,-0.760531534543973,0.993448196351222,0.9444,0.00324063697442339,0.9444,0.00324063697442339,0.0556,0.00324063697442339,5000,0,-0.559999999999994,0.324063697442339
91,500,2000,0,0.45,1,0.3,"joint-score",0.475844998065739,493.174727205307,483.455699169739,"",5000,1,0,0.00105645031794089,0.00174900821324418,0.123673556793593,0.00123685926004685,0.0152932057075222,0.000300412343129237,0.121445168366253,5.13704178757612e-05,-1.80183095328856,0.9829579176523,0.9468,0.00317394895989208,0.946,0.00319637294444813,0.0532,0.00317394895989208,5000,0,-0.319999999999998,0.317394895989208
91,500,2000,0,0.45,1,0.3,"normal-recon",0.479146078644398,493.174727205307,483.455699169739,"",5000,1,0,0.00105645031794089,0.00174900821324418,0.123673556793593,0.00123685926004685,0.0152932057075222,0.000300412343129237,0.12228679578579,5.13065164007529e-05,-1.1213076131686,0.989755627106592,0.948,0.00313993630508646,0.9484,0.00312849612433834,0.052,0.00313993630508646,5000,0,-0.2,0.313993630508646
91,500,2000,0,0.45,1,0.3,"reported-cov",0.479142972690438,493.174727205307,483.455699169739,"",5000,1,0,0.00105645031794089,0.00174900821324418,0.123673556793593,0.00123685926004685,0.0152932057075222,0.000300412343129237,0.122286013082288,5.13103880180963e-05,-1.1219404917906,0.989749434470524,0.948,0.00313993630508646,0.9484,0.00312849612433834,0.052,0.00313993630508646,5000,0,-0.2,0.313993630508646
91,500,2000,0,0.45,1,0.3,"target-fixed",0.4766807459758,493.174727205307,483.455699169739,"",5000,1,0,0.00105645031794089,0.00174900821324418,0.123673556793593,0.00123685926004685,0.0152932057075222,0.000300412343129237,0.121657831717085,5.11541647203618e-05,-1.62987556011825,0.98466874949418,0.9472,0.00316266216975509,0.9466,0.00317957355631223,0.0528,0.00316266216975509,5000,0,-0.279999999999991,0.316266216975509
92,500,2000,0,0.45,1,0.6,"joint-score",0.47692971279999,493.261069235178,483.738061562929,"",5000,1,0,0.000278152280453805,0.00174565980948131,0.123436788892905,0.00123449134423655,0.0152336708927124,0.000304338937152479,0.121725027710279,5.29032040715262e-05,-1.38675122544791,0.987161925977047,0.9436,0.00326248494249399,0.9438,0.00325704037432759,0.0564,0.00326248494249399,5000,0,-0.639999999999996,0.326248494249399
92,500,2000,0,0.45,1,0.6,"normal-recon",0.480579785926372,493.261069235178,483.738061562929,"",5000,1,0,0.000278152280453805,0.00174565980948131,0.123436788892905,0.00123449134423655,0.0152336708927124,0.000304338937152479,0.122655589137919,5.28225578458509e-05,-0.632874333488698,0.994691580699419,0.9452,0.00321860093829602,0.945,0.0032241277890307,0.0548,0.00321860093829602,5000,0,-0.479999999999992,0.321860093829602
92,500,2000,0,0.45,1,0.6,"reported-cov",0.480208723522768,493.261069235178,483.738061562929,"",5000,1,0,0.000278152280453805,0.00174565980948131,0.123436788892905,0.00123449134423655,0.0152336708927124,0.000304338937152479,0.12256105306129,5.28622262675e-05,-0.709460963356168,0.993927731653912,0.945,0.0032241277890307,0.945,0.0032241277890307,0.055,0.0032241277890307,5000,0,-0.5,0.32241277890307
92,500,2000,0,0.45,1,0.6,"target-fixed",0.477822849504814,493.261069235178,483.738061562929,"",5000,1,0,0.000278152280453805,0.00174565980948131,0.123436788892905,0.00123449134423655,0.0152336708927124,0.000304338937152479,0.121952486582729,5.2772437485017e-05,-1.20247968493729,0.988998506045402,0.9442,0.00324611644892786,0.9442,0.00324611644892786,0.0558,0.00324611644892786,5000,0,-0.579999999999992,0.324611644892786
93,500,2000,0,0.9,0,0.3,"joint-score",0.517943691048115,493.120023738102,483.298047798837,"",5000,1,0,0.00262563820093848,0.0018932967646371,0.133876298107345,0.00133889687745635,0.0179261725982499,0.000356514975148766,0.132209192576979,6.47384002740983e-05,-1.24525816289657,0.9888292978737,0.9428,0.00328414859590732,0.9426,0.0032895361375124,0.0572,0.00328414859590732,5000,0,-0.719999999999998,0.328414859590732
93,500,2000,0,0.9,0,0.3,"normal-recon",0.517962612329436,493.120023738102,483.298047798837,"",5000,1,0,0.00262563820093848,0.0018932967646371,0.133876298107345,0.00133889687745635,0.0179261725982499,0.000356514975148766,0.132213730988451,6.4623286594797e-05,-1.24186815918736,0.988858959667821,0.9428,0.00328414859590732,0.9428,0.00328414859590732,0.0572,0.00328414859590732,5000,0,-0.719999999999998,0.328414859590732
93,500,2000,0,0.9,0,0.3,"reported-cov",0.51795304058561,493.120023738102,483.298047798837,"",5000,1,0,0.00262563820093848,0.0018932967646371,0.133876298107345,0.00133889687745635,0.0179261725982499,0.000356514975148766,0.13221129102115,6.46236040714792e-05,-1.24369071279449,0.988840765615329,0.9428,0.00328414859590732,0.9426,0.0032895361375124,0.0572,0.00328414859590732,5000,0,-0.719999999999998,0.328414859590732
93,500,2000,0,0.9,0,0.3,"target-fixed",0.510835077932099,493.120023738102,483.298047798837,"",5000,1,0,0.00262563820093848,0.0018932967646371,0.133876298107345,0.00133889687745635,0.0179261725982499,0.000356514975148766,0.130394715968596,6.38933645838152e-05,-2.60059636244002,0.975259910799385,0.94,0.00335857112474933,0.9398,0.00336380617753164,0.06,0.00335857112474933,5000,0,-1,0.335857112474933
94,500,2000,0,0.9,0,0.6,"joint-score",0.525431561336906,493.317182760873,483.829553610002,"",5000,1,0,-0.00616166550644294,0.00190402608533681,0.134634975649774,0.001346484411672,0.0181609174746947,0.000366259335301214,0.134127332104434,6.84682575557491e-05,-0.377051760056724,0.997626142312818,0.9482,0.0031342227106573,0.9502,0.00307636018697421,0.0518,0.0031342227106573,5000,0,-0.179999999999991,0.31342227106573
94,500,2000,0,0.9,0,0.6,"normal-recon",0.526590797594658,493.317182760873,483.829553610002,"",5000,1,0,-0.00616166550644294,0.00190402608533681,0.134634975649774,0.001346484411672,0.0181609174746947,0.000366259335301214,0.134422676343628,6.83855287628625e-05,-0.157685107544436,0.999814058657663,0.949,0.00311123769583746,0.9506,0.0030646252625729,0.051,0.00311123769583746,5000,0,-0.1,0.311123769583746
94,500,2000,0,0.9,0,0.6,"reported-cov",0.52544741618172,493.317182760873,483.829553610002,"",5000,1,0,-0.00616166550644294,0.00190402608533681,0.134634975649774,0.001346484411672,0.0181609174746947,0.000366259335301214,0.134131110755821,6.83669630552127e-05,-0.374245170336496,0.997650342231994,0.9484,0.00312849612433834,0.9502,0.00307636018697421,0.0516,0.00312849612433834,5000,0,-0.159999999999993,0.312849612433834
94,500,2000,0,0.9,0,0.6,"target-fixed",0.518560159735232,493.317182760873,483.829553610002,"",5000,1,0,-0.00616166550644294,0.00190402608533681,0.134634975649774,0.001346484411672,0.0181609174746947,0.000366259335301214,0.132373641678251,6.77534123902645e-05,-1.6796036547032,0.984589200388899,0.9454,0.00321306209090332,0.9464,0.00318518570887162,0.0546,0.00321306209090332,5000,0,-0.459999999999994,0.321306209090332
95,500,2000,0,0.9,0.5,0.3,"joint-score",0.521221540060221,493.253701891711,483.576589791578,"",5000,1,0,0.000101938560818712,0.00191523159843646,0.135427325079717,0.00135440869843973,0.0183369026576418,0.000369895514541902,0.133045666211208,6.50572625666831e-05,-1.75862505377509,0.983685691204328,0.9442,0.00324611644892786,0.9442,0.00324611644892786,0.0558,0.00324611644892786,5000,0,-0.579999999999992,0.324611644892786
95,500,2000,0,0.9,0.5,0.3,"normal-recon",0.527191195231549,493.253701891711,483.576589791578,"",5000,1,0,0.000101938560818712,0.00191523159843646,0.135427325079717,0.00135440869843973,0.0183369026576418,0.000369895514541902,0.134568010096289,6.51800010275144e-05,-0.634521122618603,0.994918972793071,0.9478,0.00314563697841948,0.948,0.00313993630508646,0.0522,0.00314563697841947,5000,0,-0.219999999999998,0.314563697841947
95,500,2000,0,0.9,0.5,0.3,"reported-cov",0.527189652736428,493.253701891711,483.576589791578,"",5000,1,0,0.000101938560818712,0.00191523159843646,0.135427325079717,0.00135440869843973,0.0183369026576418,0.000369895514541902,0.134567711928405,6.52192510789166e-05,-0.634741290803553,0.99491817591338,0.9478,0.00314563697841948,0.948,0.00313993630508646,0.0522,0.00314563697841947,5000,0,-0.219999999999998,0.314563697841947
95,500,2000,0,0.9,0.5,0.3,"target-fixed",0.520171684193292,493.253701891711,483.576589791578,"",5000,1,0,0.000101938560818712,0.00191523159843646,0.135427325079717,0.00135440869843973,0.0183369026576418,0.000369895514541902,0.132777235222073,6.47422955036575e-05,-1.95683541418544,0.981694406154219,0.9438,0.00325704037432759,0.9436,0.00326248494249399,0.0562,0.00325704037432759,5000,0,-0.619999999999998,0.325704037432759
96,500,2000,0,0.9,0.5,0.6,"joint-score",0.527309242971754,493.340154601545,483.229194045398,"",5000,1,0,-3.59459623487334e-05,0.00191168331428593,0.135176423501275,0.0013518994317161,0.0182690122296143,0.000368700892638526,0.134605478181564,6.81930148904532e-05,-0.422370488080115,0.997152809564714,0.9508,0.00305873699425106,0.9508,0.00305873699425106,0.0492,0.00305873699425106,5000,0,0.0800000000000023,0.305873699425106
96,500,2000,0,0.9,0.5,0.6,"normal-recon",0.534333606439866,493.340154601545,483.229194045398,"",5000,1,0,-3.59459623487334e-05,0.00191168331428593,0.135176423501275,0.0013518994317161,0.0182690122296143,0.000368700892638526,0.136396754114055,6.83635136698737e-05,0.902768826967715,1.01039508489467,0.953,0.00299302522541993,0.953,0.00299302522541993,0.047,0.00299302522541993,5000,0,0.3,0.299302522541993
96,500,2000,0,0.9,0.5,0.6,"reported-cov",0.533206437762197,493.340154601545,483.229194045398,"",5000,1,0,-3.59459623487334e-05,0.00191168331428593,0.135176423501275,0.0013518994317161,0.0182690122296143,0.000368700892638526,0.136109262423799,6.83161525537533e-05,0.690089956784856,1.00826899841155,0.9532,0.00298696367570816,0.9532,0.00298696367570816,0.0468,0.00298696367570816,5000,0,0.320000000000009,0.298696367570816
96,500,2000,0,0.9,0.5,0.6,"target-fixed",0.5262911221489,493.340154601545,483.229194045398,"",5000,1,0,-3.59459623487334e-05,0.00191168331428593,0.135176423501275,0.0013518994317161,0.0182690122296143,0.000368700892638526,0.134344712325001,6.77161410306407e-05,-0.615278282064469,0.995208194249948,0.9502,0.00307636018697421,0.9504,0.00307049963361014,0.0498,0.00307636018697421,5000,0,0.0200000000000089,0.307636018697421
97,500,2000,0,0.9,1,0.3,"joint-score",0.530683424417696,493.108729580956,483.44857983865,"",5000,1,0,0.00122128286886449,0.00192867883866907,0.136378188555389,0.00136391828420259,0.0185967820434324,0.000376378292849662,0.135454453740664,6.34980409237412e-05,-0.677333248454237,0.99441661807566,0.9504,0.00307049963361014,0.9506,0.0030646252625729,0.0496,0.00307049963361014,5000,0,0.0400000000000067,0.307049963361014
97,500,2000,0,0.9,1,0.3,"normal-recon",0.542229632230024,493.108729580956,483.44857983865,"",5000,1,0,0.00122128286886449,0.00192867883866907,0.136378188555389,0.00136391828420259,0.0185967820434324,0.000376378292849662,0.138398579070301,6.35577821192065e-05,1.48146161516947,1.01598555853038,0.9548,0.00293792307591605,0.9552,0.00292550713552368,0.0452,0.00293792307591605,5000,0,0.480000000000003,0.293792307591605
97,500,2000,0,0.9,1,0.3,"reported-cov",0.542217110161139,493.108729580956,483.44857983865,"",5000,1,0,0.00122128286886449,0.00192867883866907,0.136378188555389,0.00136391828420259,0.0185967820434324,0.000376378292849662,0.138395508751265,6.36117800250664e-05,1.47921028812903,1.0159648837385,0.955,0.00293172304285381,0.9548,0.00293792307591605,0.045,0.00293172304285381,5000,0,0.5,0.293172304285381
97,500,2000,0,0.9,1,0.3,"target-fixed",0.53546614475723,493.108729580956,483.44857983865,"",5000,1,0,0.00122128286886449,0.00192867883866907,0.136378188555389,0.00136391828420259,0.0185967820434324,0.000376378292849662,0.136673213310272,6.31825862566933e-05,0.21632840119632,1.0033337062495,0.9524,0.00301112072159188,0.9526,0.00300510365877785,0.0476,0.00301112072159188,5000,0,0.240000000000007,0.301112072159188
98,500,2000,0,0.9,1,0.6,"joint-score",0.535989856602674,493.38556200411,483.953738798164,"",5000,1,0,-0.00317527134234041,0.00193331602812705,0.136706087366528,0.00136719760026198,0.0186948989602977,0.000374346655367987,0.136817673306597,6.79256119729277e-05,0.0816247046627305,1.00214887035049,0.9532,0.00298696367570816,0.9546,0.00294410733499986,0.0468,0.00298696367570816,5000,0,0.320000000000009,0.298696367570816
98,500,2000,0,0.9,1,0.6,"normal-recon",0.548562672577514,493.38556200411,483.953738798164,"",5000,1,0,-0.00317527134234041,0.00193331602812705,0.136706087366528,0.00136719760026198,0.0186948989602977,0.000374346655367987,0.140023724723556,6.81132241067846e-05,2.42683952188074,1.02558183516846,0.9588,0.00281078494374792,0.9582,0.00283029185774188,0.0412,0.00281078494374792,5000,0,0.880000000000003,0.281078494374792
98,500,2000,0,0.9,1,0.6,"reported-cov",0.547450459607903,493.38556200411,483.953738798164,"",5000,1,0,-0.00317527134234041,0.00193331602812705,0.136706087366528,0.00136719760026198,0.0186948989602977,0.000374346655367987,0.139740405091989,6.82214516524037e-05,2.21959225365413,1.02351546452022,0.9582,0.00283029185774188,0.9576,0.00284963997726029,0.0418,0.00283029185774188,5000,0,0.82000000000001,0.283029185774188
98,500,2000,0,0.9,1,0.6,"target-fixed",0.540799562414376,493.38556200411,483.953738798164,"",5000,1,0,-0.00317527134234041,0.00193331602812705,0.136706087366528,0.00136719760026198,0.0186948989602977,0.000374346655367987,0.138043249139076,6.76323899277676e-05,0.978128917523979,1.01109336203398,0.9558,0.00290676314824583,0.9556,0.00291302729132427,0.0442,0.00290676314824583,5000,0,0.580000000000003,0.290676314824583
99,500,2000,0.4,0,0,0.3,"joint-score",0.516408747147697,363.314769059505,316.920351102815,"",5000,1,0,-0.00316903353912189,0.00191480434947253,0.135397114015752,0.00135410655758449,0.0183387547816699,0.000369130309518913,0.132008473058536,0.000122570248463655,-2.50274238254555,0.979263356386581,0.9426,0.0032895361375124,0.9424,0.00329491244193226,0.0574,0.0032895361375124,5000,0,-0.739999999999996,0.32895361375124
99,500,2000,0.4,0,0,0.3,"normal-recon",0.516426928136514,363.314769059505,316.920351102815,"",5000,1,0,-0.00316903353912189,0.00191480434947253,0.135397114015752,0.00135410655758449,0.0183387547816699,0.000369130309518913,0.132013033105497,0.000122553336257548,-2.49937447696367,0.97929574000972,0.9428,0.00328414859590732,0.9424,0.00329491244193226,0.0572,0.00328414859590732,5000,0,-0.719999999999998,0.328414859590732
99,500,2000,0.4,0,0,0.3,"reported-cov",0.516424744656094,363.314769059505,316.920351102815,"",5000,1,0,-0.00316903353912189,0.00191480434947253,0.135397114015752,0.00135410655758449,0.0183387547816699,0.000369130309518913,0.132012463158516,0.000122550750003511,-2.49979542166768,0.979291371615245,0.9428,0.00328414859590732,0.9424,0.00329491244193226,0.0572,0.00328414859590732,5000,0,-0.719999999999998,0.328414859590732
99,500,2000,0.4,0,0,0.3,"target-fixed",0.515366806779759,363.314769059505,316.920351102815,"",5000,1,0,-0.00316903353912189,0.00191480434947253,0.135397114015752,0.00135410655758449,0.0183387547816699,0.000369130309518913,0.131742882296543,0.000122471952953763,-2.69889926810679,0.977303286629979,0.9416,0.00331630637909105,0.9418,0.00331097447891101,0.0584,0.00331630637909105,5000,0,-0.839999999999996,0.331630637909105
100,500,2000,0.4,0,0,0.6,"joint-score",0.514302010897273,363.280286476176,315.50688792409,"",5000,1,0,-0.000274288710422507,0.00189307911481843,0.133860907941074,0.00133874296040116,0.0179152341605703,0.000376326914564995,0.13148072349414,0.000124048955492642,-1.77810272135706,0.986678689359275,0.9426,0.0032895361375124,0.9422,0.00330027756408457,0.0574,0.0032895361375124,5000,0,-0.739999999999996,0.32895361375124
100,500,2000,0.4,0,0,0.6,"normal-recon",0.514397129020555,363.280286476176,315.50688792409,"",5000,1,0,-0.000274288710422507,0.00189307911481843,0.133860907941074,0.00133874296040116,0.0179152341605703,0.000376326914564995,0.131504920670403,0.000124043416838853,-1.76002636386436,0.986858283507845,0.9426,0.0032895361375124,0.9426,0.0032895361375124,0.0574,0.0032895361375124,5000,0,-0.739999999999996,0.32895361375124
100,500,2000,0.4,0,0,0.6,"reported-cov",0.514327633137555,363.280286476176,315.50688792409,"",5000,1,0,-0.000274288710422507,0.00189307911481843,0.133860907941074,0.00133874296040116,0.0179152341605703,0.000376326914564995,0.131487251005319,0.000124047299476054,-1.77322638271642,0.986727125874803,0.9426,0.0032895361375124,0.942,0.00330563155841664,0.0574,0.0032895361375124,5000,0,-0.739999999999996,0.32895361375124
100,500,2000,0.4,0,0,0.6,"target-fixed",0.513346296377036,363.280286476176,315.50688792409,"",5000,1,0,-0.000274288710422507,0.00189307911481843,0.133860907941074,0.00133874296040116,0.0179152341605703,0.000376326914564995,0.131236867829805,0.000123910269863932,-1.96027365392115,0.984855122968804,0.9418,0.00331097447891101,0.9416,0.00331630637909105,0.0582,0.003310974478911,5000,0,-0.819999999999999,0.3310974478911
101,500,2000,0.4,0.45,0,0.3,"joint-score",0.578263612093542,362.471732616498,317.441210989673,"",5000,1,0,0.000336029412851657,0.00216213830062321,0.152886265423383,0.00152901556343601,0.0233696482288443,0.00046514217638683,0.147890534381877,0.000152536398336572,-3.26761271044963,0.972551767100804,0.938,0.00341045451516363,0.9382,0.00340531232047811,0.1204,0.00460225683768301,5000,0.106883553578019,-1.2,0.341045451516363
101,500,2000,0.4,0.45,0,0.3,"normal-recon",0.578276394474069,362.471732616498,317.441210989673,"",5000,1,0,0.000336029412851657,0.00216213830062321,0.152886265423383,0.00152901556343601,0.0233696482288443,0.00046514217638683,0.147893848275381,0.000152554899742591,-3.26544515570188,0.972574571942894,0.9378,0.00341558662604244,0.938,0.00341045451516363,0.1204,0.00460225683768301,5000,0.106883553578019,-1.22,0.341558662604244
101,500,2000,0.4,0.45,0,0.3,"reported-cov",0.578275887010257,362.471732616498,317.441210989673,"",5000,1,0,0.000336029412851657,0.00216213830062321,0.152886265423383,0.00152901556343601,0.0233696482288443,0.00046514217638683,0.147893767028233,0.000152562802366594,-3.26549829791714,0.972574573605601,0.9378,0.00341558662604244,0.938,0.00341045451516363,0.1202,0.00459895553359673,5000,0.106883553578019,-1.22,0.341558662604244
101,500,2000,0.4,0.45,0,0.3,"target-fixed",0.575506292688673,362.471732616498,317.441210989673,"",5000,1,0,0.000336029412851657,0.00216213830062321,0.152886265423383,0.00152901556343601,0.0233696482288443,0.00046514217638683,0.147191159675857,0.000153013537040892,-3.7250604112507,0.9680332999249,0.937,0.00343601513384327,0.937,0.00343601513384327,0.1232,0.00464804819252124,5000,0.106883553578019,-1.29999999999999,0.343601513384327
102,500,2000,0.4,0.45,0,0.6,"joint-score",0.580961574199006,363.303373209382,316.449264374502,"",5000,1,0,-0.00338632371957943,0.00218181278389113,0.154277461476892,0.00154292891537587,0.0238082420010637,0.000465450701703463,0.14860486366185,0.000158809842314367,-3.67688044691596,0.968811709799695,0.9406,0.00334280241713446,0.939,0.00338464178311384,0.1348,0.0048296782501529,5000,0.116436831968334,-0.939999999999996,0.334280241713446
102,500,2000,0.4,0.45,0,0.6,"normal-recon",0.581311509721825,363.303373209382,316.449264374502,"",5000,1,0,-0.00338632371957943,0.00218181278389113,0.154277461476892,0.00154292891537587,0.0238082420010637,0.000465450701703463,0.148693291637442,0.000158699356946733,-3.61956295235425,0.969374096984661,0.9408,0.0033375248313683,0.939,0.00338464178311384,0.1342,0.00482058834583498,5000,0.116436831968334,-0.919999999999999,0.33375248313683
102,500,2000,0.4,0.45,0,0.6,"reported-cov",0.580977712088152,363.303373209382,316.449264374502,"",5000,1,0,-0.00338632371957943,0.00218181278389113,0.154277461476892,0.00154292891537587,0.0238082420010637,0.000465450701703463,0.14860880463363,0.000158775927657177,-3.67432597671481,0.968834777033702,0.9406,0.00334280241713446,0.9388,0.00338982477423244,0.1346,0.00482665184159786,5000,0.116436831968334,-0.939999999999996,0.334280241713446
102,500,2000,0.4,0.45,0,0.6,"target-fixed",0.578311422674984,363.303373209382,316.449264374502,"",5000,1,0,-0.00338632371957943,0.00218181278389113,0.154277461476892,0.00154292891537587,0.0238082420010637,0.000465450701703463,0.147931967960057,0.000159103362905002,-4.11303988028445,0.964494807215392,0.9384,0.00340015999623547,0.9374,0.00342582077756557,0.1374,0.00486870085341049,5000,0.116436831968334,-1.15999999999999,0.340015999623547
103,500,2000,0.4,0.45,0.5,0.3,"joint-score",0.579610311545698,363.171521580723,316.605907262365,"",5000,1,0,-0.00207238464186488,0.00219939892425384,0.155520989387429,0.00155536543819572,0.0241862355625207,0.00048403390202999,0.148213978037308,0.000148065487700892,-4.69840847778944,0.95785448930241,0.935,0.00348640215695206,0.9354,0.00347640158784914,0.0804,0.0038454086908936,5000,0.0534417767890094,-1.49999999999999,0.348640215695206
103,500,2000,0.4,0.45,0.5,0.3,"normal-recon",0.580960784864707,363.171521580723,316.605907262365,"",5000,1,0,-0.00207238464186488,0.00219939892425384,0.155520989387429,0.00155536543819572,0.0241862355625207,0.00048403390202999,0.148556598487679,0.000147823939900829,-4.47810351977654,0.960031483799165,0.9352,0.00348140661227613,0.9364,0.0034512328232097,0.0798,0.00383228287056162,5000,0.0534417767890094,-1.47999999999999,0.348140661227614
103,500,2000,0.4,0.45,0.5,0.3,"reported-cov",0.580956990940435,363.171521580723,316.605907262365,"",5000,1,0,-0.00207238464186488,0.00219939892425384,0.155520989387429,0.00155536543819572,0.0241862355625207,0.00048403390202999,0.14855564020545,0.000147826192096398,-4.47871969527375,0.960025495087684,0.9352,0.00348140661227613,0.9362,0.00345628586780665,0.0796,0.00382789341544406,5000,0.0534417767890094,-1.47999999999999,0.348140661227614
103,500,2000,0.4,0.45,0.5,0.3,"target-fixed",0.578260066375641,363.171521580723,316.605907262365,"",5000,1,0,-0.00207238464186488,0.00219939892425384,0.155520989387429,0.00155536543819572,0.0241862355625207,0.00048403390202999,0.147870300839185,0.000148053833247283,-4.91939292463249,0.955654646687887,0.934,0.00351123909752668,0.9348,0.00349138826256834,0.0806,0.00384976986325157,5000,0.0534417767890094,-1.59999999999999,0.351123909752668
104,500,2000,0.4,0.45,0.5,0.6,"joint-score",0.582841855080726,362.777714388446,315.785715655689,"",5000,1,0,-0.000890851216373202,0.0022127204788439,0.156462965546087,0.00156478614189977,0.0244765570714482,0.000489998615457774,0.149071970400535,0.000155883472986401,-4.72379845272371,0.958051725443311,0.9368,0.00344109749934523,0.9366,0.00344617004803884,0.084,0.00392285610238255,5000,0.0582184159841672,-1.32,0.344109749934523
104,500,2000,0.4,0.45,0.5,0.6,"normal-recon",0.584503077157897,362.777714388446,315.785715655689,"",5000,1,0,-0.000890851216373202,0.0022127204788439,0.156462965546087,0.00156478614189977,0.0244765570714482,0.000489998615457774,0.14949297123552,0.000155515514030131,-4.45472466039475,0.960703823478155,0.9378,0.00341558662604244,0.9374,0.00342582077756557,0.0836,0.00391435920681789,5000,0.0582184159841672,-1.22,0.341558662604244
104,500,2000,0.4,0.45,0.5,0.6,"reported-cov",0.584185496255832,362.777714388446,315.785715655689,"",5000,1,0,-0.000890851216373202,0.0022127204788439,0.156462965546087,0.00156478614189977,0.0244765570714482,0.000489998615457774,0.149412504609298,0.000155593954151464,-4.50615320512536,0.960197439057218,0.9376,0.00342070869850094,0.9372,0.00343092290790685,0.0836,0.00391435920681789,5000,0.0582184159841672,-1.24,0.342070869850094
104,500,2000,0.4,0.45,0.5,0.6,"target-fixed",0.581497836127639,362.777714388446,315.785715655689,"",5000,1,0,-0.000890851216373202,0.0022127204788439,0.156462965546087,0.00156478614189977,0.0244765570714482,0.000489998615457774,0.148730302102869,0.000155927487725166,-4.94216852929341,0.955882606614813,0.9354,0.00347640158784914,0.9354,0.00347640158784914,0.0854,0.00395238763281134,5000,0.0582184159841672,-1.45999999999999,0.347640158784914
105,500,2000,0.4,0.45,1,0.3,"joint-score",0.583072252448181,363.393699615845,316.902671022529,"",5000,1,0,-0.0028539359727379,0.00219024947153169,0.154874025381031,0.00154889515107066,0.023989311495513,0.000480556453723498,0.149097117315147,0.000148835103448639,-3.73006903621881,0.967579821220705,0.9374,0.00342582077756557,0.9386,0.00339499749631719,0.0626,0.00342582077756557,5000,0,-1.25999999999999,0.342582077756557
105,500,2000,0.4,0.45,1,0.3,"normal-recon",0.585738826592389,363.393699615845,316.902671022529,"",5000,1,0,-0.0028539359727379,0.00219024947153169,0.154874025381031,0.00154889515107066,0.023989311495513,0.000480556453723498,0.149773239131465,0.000148276961097992,-3.29350660126271,0.971888823299704,0.9388,0.00338982477423244,0.9396,0.00336903072114221,0.0612,0.00338982477423244,5000,0,-1.12,0.338982477423244
105,500,2000,0.4,0.45,1,0.3,"reported-cov",0.585734875439549,363.393699615845,316.902671022529,"",5000,1,0,-0.0028539359727379,0.00219024947153169,0.154874025381031,0.00154889515107066,0.023989311495513,0.000480556453723498,0.149772238613378,0.000148276760846609,-3.29415262184918,0.971882381135537,0.939,0.00338464178311384,0.9398,0.00336380617753164,0.061,0.00338464178311383,5000,0,-1.1,0.338464178311384
105,500,2000,0.4,0.45,1,0.3,"target-fixed",0.583073765247166,363.393699615845,316.902671022529,"",5000,1,0,-0.0028539359727379,0.00219024947153169,0.154874025381031,0.00154889515107066,0.023989311495513,0.000480556453723498,0.149096222463327,0.000148531880345115,-3.73064682956892,0.967554645074798,0.937,0.00343601513384327,0.9378,0.00341558662604244,0.063,0.00343601513384327,5000,0,-1.29999999999999,0.343601513384327
106,500,2000,0.4,0.45,1,0.6,"joint-score",0.587143238146759,363.226416381168,315.550294755951,"",5000,1,0,-0.00250776223723631,0.00221260688713643,0.156454933399423,0.00156470581239978,0.0244795394272194,0.00049374647901963,0.150172248952743,0.000157845115987048,-4.0156512231168,0.965226562828925,0.937,0.00343601513384327,0.9366,0.00344617004803884,0.063,0.00343601513384327,5000,0,-1.29999999999999,0.343601513384327
106,500,2000,0.4,0.45,1,0.6,"normal-recon",0.590090022258147,363.226416381168,315.550294755951,"",5000,1,0,-0.00250776223723631,0.00221260688713643,0.156454933399423,0.00156470581239978,0.0244795394272194,0.00049374647901963,0.15091857337188,0.000157132026742408,-3.53862924437763,0.969923955612015,0.9384,0.00340015999623547,0.938,0.00341045451516363,0.0616,0.00340015999623547,5000,0,-1.15999999999999,0.340015999623547
106,500,2000,0.4,0.45,1,0.6,"reported-cov",0.589765817823612,363.226416381168,315.550294755951,"",5000,1,0,-0.00250776223723631,0.00221260688713643,0.156454933399423,0.00156470581239978,0.0244795394272194,0.00049374647901963,0.150836689035535,0.000157263515181043,-3.59096657536842,0.969412055735404,0.9386,0.00339499749631719,0.9378,0.00341558662604244,0.0614,0.00339499749631719,5000,0,-1.14,0.339499749631719
106,500,2000,0.4,0.45,1,0.6,"target-fixed",0.587088472183261,363.226416381168,315.550294755951,"",5000,1,0,-0.00250776223723631,0.00221260688713643,0.156454933399423,0.00156470581239978,0.0244795394272194,0.00049374647901963,0.150156472231997,0.000157445584791486,-4.02573509864765,0.965099605526113,0.936,0.00346132922444543,0.9366,0.00344617004803884,0.064,0.00346132922444543,5000,0,-1.39999999999999,0.346132922444543
107,500,2000,0.4,0.9,0,0.3,"joint-score",0.652782529204631,362.507883643899,315.7852301689,"",5000,1,0,-0.00355820646323018,0.0024509217119507,0.173306336267768,0.00173323669501424,0.0300417400065536,0.000594113938334201,0.167016766794654,0.000186272716343988,-3.62916302344354,0.969779323653692,0.9388,0.00338982477423244,0.9394,0.00337424480439698,0.2524,0.00614319525979762,5000,0.213767107156038,-1.12,0.338982477423244
107,500,2000,0.4,0.9,0,0.3,"normal-recon",0.652810726592753,362.507883643899,315.7852301689,"",5000,1,0,-0.00355820646323018,0.0024509217119507,0.173306336267768,0.00173323669501424,0.0300417400065536,0.000594113938334201,0.167023653908645,0.000186225214436291,-3.62518906949615,0.969815785038897,0.9388,0.00338982477423244,0.9392,0.00337944847571316,0.2526,0.00614480658768036,5000,0.213767107156038,-1.12,0.338982477423244
107,500,2000,0.4,0.9,0,0.3,"reported-cov",0.652798393176315,362.507883643899,315.7852301689,"",5000,1,0,-0.00355820646323018,0.0024509217119507,0.173306336267768,0.00173323669501424,0.0300417400065536,0.000594113938334201,0.167020620666001,0.000186246241669864,-3.62693928977629,0.969799733280307,0.9388,0.00338982477423244,0.9394,0.00337424480439698,0.2528,0.0061464161915705,5000,0.213767107156038,-1.12,0.338982477423244
107,500,2000,0.4,0.9,0,0.3,"target-fixed",0.646307712871489,362.507883643899,315.7852301689,"",5000,1,0,-0.00355820646323018,0.0024509217119507,0.173306336267768,0.00173323669501424,0.0300417400065536,0.000594113938334201,0.165378574490448,0.000187991043246607,-4.57442119431313,0.960496077943072,0.9356,0.00347138704266753,0.9364,0.0034512328232097,0.2592,0.0061970212199088,5000,0.213767107156038,-1.44,0.347138704266753
108,500,2000,0.4,0.9,0,0.6,"joint-score",0.665097989571321,362.167486096498,313.177352458107,"",5000,1,0,-0.0035060025529495,0.00253490883210684,0.179245122487242,0.00179263049688616,0.0321346802265805,0.000639418701488743,0.170214682959896,0.000199131960893567,-5.03803919573231,0.956190273949461,0.9356,0.00347138704266753,0.9352,0.00348140661227613,0.2934,0.00643919932910917,5000,0.232873663936669,-1.44,0.347138704266753
108,500,2000,0.4,0.9,0,0.6,"normal-recon",0.666040680733303,362.167486096498,313.177352458107,"",5000,1,0,-0.0035060025529495,0.00253490883210684,0.179245122487242,0.00179263049688616,0.0321346802265805,0.000639418701488743,0.170453304965361,0.000198925311687761,-4.90491311556123,0.957499294241393,0.936,0.00346132922444543,0.9352,0.00348140661227613,0.293,0.00643662955280168,5000,0.232873663936669,-1.39999999999999,0.346132922444543
108,500,2000,0.4,0.9,0,0.6,"reported-cov",0.665097174506964,362.167486096498,313.177352458107,"",5000,1,0,-0.0035060025529495,0.00253490883210684,0.179245122487242,0.00179263049688616,0.0321346802265805,0.000639418701488743,0.17021425050804,0.000199087082702748,-5.03828045856278,0.956184968779903,0.9354,0.00347640158784914,0.9352,0.00348140661227613,0.2934,0.00643919932910917,5000,0.232873663936669,-1.45999999999999,0.347640158784914
108,500,2000,0.4,0.9,0,0.6,"target-fixed",0.658678157965745,362.167486096498,313.177352458107,"",5000,1,0,-0.0035060025529495,0.00253490883210684,0.179245122487242,0.00179263049688616,0.0321346802265805,0.000639418701488743,0.168590323753978,0.000200603435769636,-5.94426145906534,0.947285745941586,0.9324,0.0035504996831432,0.9318,0.00356507391227728,0.3,0.00648074069840786,5000,0.232873663936669,-1.76,0.35504996831432
109,500,2000,0.4,0.9,0.5,0.3,"joint-score",0.655349229549259,362.844396286587,317.036730652457,"",5000,1,0,-0.00352529205053234,0.00249596081079202,0.176491081488691,0.00176508733244648,0.0311552997087204,0.000618460846137457,0.167649685407642,0.000181039410183099,-5.00954269557019,0.955521457898656,0.9342,0.00350629034736144,0.9332,0.00353094208392038,0.1094,0.00441433211256244,5000,0.106883553578019,-1.57999999999999,0.350629034736144
109,500,2000,0.4,0.9,0.5,0.3,"normal-recon",0.660092854777254,362.844396286587,317.036730652457,"",5000,1,0,-0.00352529205053234,0.00249596081079202,0.176491081488691,0.00176508733244648,0.0311552997087204,0.000618460846137457,0.168851242088531,0.000179967579816881,-4.32873963699386,0.96222655327111,0.9366,0.00344617004803884,0.9354,0.00347640158784914,0.1066,0.00436431987828573,5000,0.106883553578019,-1.34,0.344617004803884
109,500,2000,0.4,0.9,0.5,0.3,"reported-cov",0.660094053132723,362.844396286587,317.036730652457,"",5000,1,0,-0.00352529205053234,0.00249596081079202,0.176491081488691,0.00176508733244648,0.0311552997087204,0.000618460846137457,0.168851406067269,0.000179937906715976,-4.32864672649882,0.962225695684624,0.9366,0.00344617004803884,0.9356,0.00347138704266753,0.1068,0.00436792307624573,5000,0.106883553578019,-1.34,0.344617004803884
109,500,2000,0.4,0.9,0.5,0.3,"target-fixed",0.653584936975216,362.844396286587,317.036730652457,"",5000,1,0,-0.00352529205053234,0.00249596081079202,0.176491081488691,0.00176508733244648,0.0311552997087204,0.000618460846137457,0.167202957686398,0.000181438366832607,-5.26265901027297,0.95302906659261,0.933,0.00353584501922808,0.9318,0.00356507391227728,0.1106,0.00443548509184734,5000,0.106883553578019,-1.69999999999999,0.353584501922808
110,500,2000,0.4,0.9,0.5,0.6,"joint-score",0.666765847483442,362.819387886095,316.135349344086,"",5000,1,0,-0.00237997483930456,0.00255182116246453,0.180441004835401,0.00180459051642951,0.0325581087149998,0.000645319381279255,0.170616644972922,0.000195299121126716,-5.44463819154684,0.95182202432057,0.9282,0.00365088372863338,0.9284,0.00364618814654428,0.1228,0.00464155491188029,5000,0.116436831968334,-2.17999999999999,0.365088372863338
110,500,2000,0.4,0.9,0.5,0.6,"normal-recon",0.672343839125514,362.819387886095,316.135349344086,"",5000,1,0,-0.00237997483930456,0.00255182116246453,0.180441004835401,0.00180459051642951,0.0325581087149998,0.000645319381279255,0.172028209795167,0.000193845861475174,-4.66235213437656,0.959504825014964,0.9304,0.00359877312427444,0.9294,0.00362258581678889,0.119,0.00457906103912145,5000,0.116436831968334,-1.96,0.359877312427444
110,500,2000,0.4,0.9,0.5,0.6,"reported-cov",0.671398816272074,362.819387886095,316.135349344086,"",5000,1,0,-0.00237997483930456,0.00255182116246453,0.180441004835401,0.00180459051642951,0.0325581087149998,0.000645319381279255,0.17178910803877,0.00019410865842814,-4.79486179126682,0.958204279713931,0.9304,0.00359877312427444,0.9294,0.00362258581678889,0.1196,0.00458902691210239,5000,0.116436831968334,-1.96,0.359877312427444
110,500,2000,0.4,0.9,0.5,0.6,"target-fixed",0.665007424428648,362.819387886095,316.135349344086,"",5000,1,0,-0.00237997483930456,0.00255182116246453,0.180441004835401,0.00180459051642951,0.0325581087149998,0.000645319381279255,0.170171917534759,0.000195744893822978,-5.69110513988168,0.949401334484305,0.9276,0.00366492128155572,0.927,0.00367888570086106,0.125,0.00467707173346743,5000,0.116436831968334,-2.24,0.366492128155572
111,500,2000,0.4,0.9,1,0.3,"joint-score",0.663817981996606,362.48615210635,316.752849290453,"",5000,1,0,0.00701650535863599,0.00252783098309021,0.178744642983655,0.0017876252012957,0.0319924888133229,0.000667044027728497,0.169819216689927,0.00018391576365548,-4.99339512767626,0.955715978724538,0.9344,0.00350133231784702,0.9332,0.00353094208392038,0.0656,0.00350133231784702,5000,0,-1.55999999999999,0.350133231784702
111,500,2000,0.4,0.9,1,0.3,"normal-recon",0.673245338021066,362.48615210635,316.752849290453,"",5000,1,0,0.00701650535863599,0.00252783098309021,0.178744642983655,0.0017876252012957,0.0319924888133229,0.000667044027728497,0.172207434527993,0.000181866633227444,-3.6572891620925,0.968880716806064,0.9372,0.00343092290790685,0.937,0.00343601513384327,0.0628,0.00343092290790685,5000,0,-1.27999999999999,0.343092290790685
111,500,2000,0.4,0.9,1,0.3,"reported-cov",0.673240754087039,362.48615210635,316.752849290453,"",5000,1,0,0.00701650535863599,0.00252783098309021,0.178744642983655,0.0017876252012957,0.0319924888133229,0.000667044027728497,0.172206190773408,0.000181848537345597,-3.65798498970652,0.968872733202827,0.937,0.00343601513384327,0.937,0.00343601513384327,0.063,0.00343601513384327,5000,0,-1.29999999999999,0.343601513384327
111,500,2000,0.4,0.9,1,0.3,"target-fixed",0.66676686194877,362.48615210635,316.752849290453,"",5000,1,0,0.00701650535863599,0.00252783098309021,0.178744642983655,0.0017876252012957,0.0319924888133229,0.000667044027728497,0.170565574273402,0.000183106364003856,-4.57583990978713,0.959819346880059,0.9348,0.00349138826256834,0.934,0.00351123909752668,0.0652,0.00349138826256834,5000,0,-1.52,0.349138826256835
112,500,2000,0.4,0.9,1,0.6,"joint-score",0.674708636775626,363.142802531824,316.578272193719,"",5000,1,0,-0.00265782881980185,0.00253789579712582,0.179456332809251,0.00179474281134825,0.0322051985243029,0.000645569650859079,0.172662199625738,0.000199430811066382,-3.78595342786489,0.968632776126756,0.9356,0.00347138704266753,0.9356,0.00347138704266753,0.0644,0.00347138704266753,5000,0,-1.44,0.347138704266753
112,500,2000,0.4,0.9,1,0.6,"normal-recon",0.684721828140485,363.142802531824,316.578272193719,"",5000,1,0,-0.00265782881980185,0.00253789579712582,0.179456332809251,0.00179474281134825,0.0322051985243029,0.000645569650859079,0.175197140296762,0.000197104680990011,-2.37338657589502,0.98252216495627,0.9388,0.00338982477423244,0.939,0.00338464178311384,0.0612,0.00338982477423244,5000,0,-1.12,0.338982477423244
112,500,2000,0.4,0.9,1,0.6,"reported-cov",0.683763194931585,363.142802531824,316.578272193719,"",5000,1,0,-0.00265782881980185,0.00253789579712582,0.179456332809251,0.00179474281134825,0.0322051985243029,0.000645569650859079,0.174954558098701,0.000197363116958152,-2.5085627461999,0.981194884449761,0.9384,0.00340015999623547,0.9386,0.00339499749631719,0.0616,0.00340015999623547,5000,0,-1.15999999999999,0.340015999623547
112,500,2000,0.4,0.9,1,0.6,"target-fixed",0.677558825334184,363.142802531824,316.578272193719,"",5000,1,0,-0.00265782881980185,0.00253789579712582,0.179456332809251,0.00179474281134825,0.0322051985243029,0.000645569650859079,0.173383390957266,0.000198680744096355,-3.3840777624936,0.972577837204286,0.9364,0.0034512328232097,0.9366,0.00344617004803884,0.0636,0.0034512328232097,5000,0,-1.35999999999999,0.34512328232097
113,500,2000,0.8,0,0,0.3,"joint-score",0.736117467549512,149.244383488798,107.168461971287,"",5000,1,0,0.00214369070514715,0.00313469831292372,0.221656643404239,0.00221678812393983,0.0491264366415602,0.000987955030723769,0.189832590455102,0.000422486707029658,-14.3573648235299,0.87746381763718,0.8954,0.00432802125687941,0.8958,0.00432070272062312,0.1046,0.00432802125687941,5000,0,-5.46,0.432802125687941
113,500,2000,0.8,0,0,0.3,"normal-recon",0.736145052508445,149.244383488798,107.168461971287,"",5000,1,0,0.00214369070514715,0.00313469831292372,0.221656643404239,0.00221678812393983,0.0491264366415602,0.000987955030723769,0.189839491027464,0.000422471874913961,-14.3542516425955,0.877492755696009,0.8954,0.00432802125687941,0.8958,0.00432070272062312,0.1046,0.00432802125687941,5000,0,-5.46,0.432802125687941
113,500,2000,0.8,0,0,0.3,"reported-cov",0.736142099752165,149.244383488798,107.168461971287,"",5000,1,0,0.00214369070514715,0.00313469831292372,0.221656643404239,0.00221678812393983,0.0491264366415602,0.000987955030723769,0.189838711884879,0.000422471827757811,-14.3546031513855,0.877489319564923,0.8954,0.00432802125687941,0.8958,0.00432070272062312,0.1046,0.00432802125687941,5000,0,-5.46,0.432802125687941
113,500,2000,0.8,0,0,0.3,"target-fixed",0.734069468746486,149.244383488798,107.168461971287,"",5000,1,0,0.00214369070514715,0.00313469831292372,0.221656643404239,0.00221678812393983,0.0491264366415602,0.000987955030723769,0.189318175282274,0.000422825658822187,-14.5894423128068,0.875231691835971,0.8944,0.00434623147105628,0.8946,0.00434259922166437,0.1056,0.00434623147105628,5000,0,-5.56,0.434623147105628
114,500,2000,0.8,0,0,0.6,"joint-score",0.737007199811585,149.094716457319,104.934788359991,"",5000,1,0,0.0048199145595318,0.00316743867530579,0.223971736630126,0.00223994137163925,0.050176537717714,0.00104290491214608,0.19003292298136,0.000417394021757723,-15.1531680556701,0.868776493708215,0.8966,0.00430600603808216,0.8976,0.00428752236145772,0.1034,0.00430600603808216,5000,0,-5.34,0.430600603808216
114,500,2000,0.8,0,0,0.6,"normal-recon",0.737077357550063,149.094716457319,104.934788359991,"",5000,1,0,0.0048199145595318,0.00316743867530579,0.223971736630126,0.00223994137163925,0.050176537717714,0.00104290491214608,0.190049881225174,0.000417295887933036,-15.1455964557579,0.868841057840572,0.8964,0.00430968769170111,0.8974,0.00429122919453156,0.1036,0.0043096876917011,5000,0,-5.36,0.430968769170111
114,500,2000,0.8,0,0,0.6,"reported-cov",0.737012847328881,149.094716457319,104.934788359991,"",5000,1,0,0.0048199145595318,0.00316743867530579,0.223971736630126,0.00223994137163925,0.050176537717714,0.00104290491214608,0.190034536112125,0.000417415319216075,-15.1524478171307,0.868785568937136,0.8964,0.00430968769170111,0.8976,0.00428752236145772,0.1036,0.0043096876917011,5000,0,-5.36,0.430968769170111
114,500,2000,0.8,0,0,0.6,"target-fixed",0.734981577389132,149.094716457319,104.934788359991,"",5000,1,0,0.0048199145595318,0.00316743867530579,0.223971736630126,0.00223994137163925,0.050176537717714,0.00104290491214608,0.189522102606976,0.000417443031105767,-15.3812416430212,0.866553470168238,0.895,0.00433532005738907,0.8962,0.00431336434816258,0.105,0.00433532005738907,5000,0,-5.49999999999999,0.433532005738907
115,500,2000,0.8,0.45,0,0.3,"joint-score",0.826467303350095,148.389066067844,106.795430494112,"",5000,1,0,-0.00373279983545494,0.00357271301774503,0.252628960208097,0.00252654226894184,0.0638225610521284,0.00127849191889763,0.213165313987793,0.000475083979690534,-15.6211885556576,0.86457265434761,0.8878,0.00446343275965932,0.888,0.00445995515672523,0.2128,0.00578819764693639,5000,0.203060061667473,-6.21999999999999,0.446343275965932
115,500,2000,0.8,0.45,0,0.3,"normal-recon",0.826467033325328,148.389066067844,106.795430494112,"",5000,1,0,-0.00373279983545494,0.00357271301774503,0.252628960208097,0.00252654226894184,0.0638225610521284,0.00127849191889763,0.213165430388543,0.000475115880073413,-15.6211424798828,0.864575850824624,0.8882,0.00445647304490894,0.888,0.00445995515672523,0.213,0.00579018134431038,5000,0.203060061667473,-6.18,0.445647304490894
115,500,2000,0.8,0.45,0,0.3,"reported-cov",0.826463828364029,148.389066067844,106.795430494112,"",5000,1,0,-0.00373279983545494,0.00357271301774503,0.252628960208097,0.00252654226894184,0.0638225610521284,0.00127849191889763,0.2131645869204,0.000475111754853496,-15.6214763561504,0.864572236481965,0.888,0.00445995515672523,0.888,0.00445995515672523,0.213,0.00579018134431038,5000,0.203060061667473,-6.19999999999999,0.445995515672523
115,500,2000,0.8,0.45,0,0.3,"target-fixed",0.822966702355749,148.389066067844,106.795430494112,"",5000,1,0,-0.00373279983545494,0.00357271301774503,0.252628960208097,0.00252654226894184,0.0638225610521284,0.00127849191889763,0.212293037868816,0.000476236730313801,-15.9664680985325,0.861302273635514,0.886,0.00449453000879959,0.8848,0.00451506279026106,0.216,0.00581969071343143,5000,0.203060061667473,-6.4,0.449453000879959
116,500,2000,0.8,0.45,0,0.6,"joint-score",0.839329190605395,147.803901869005,105.661886556335,"imbalance",5000,0.9998,0.000199979998999889,-0.00212673147399686,0.00364822866300361,0.257942924530657,0.00257994528597299,0.0665257657298129,0.00139206883103255,0.216537010292639,0.000485357694544997,-16.0523551143565,0.860470038748736,0.886377275455091,0.00448849078335721,0.887177435487097,0.00447467666275164,0.236847369473895,0.00601309987306505,4999,0.22152092579085,-6.36227245449089,0.448849078335721
116,500,2000,0.8,0.45,0,0.6,"normal-recon",0.83957382275532,147.803901869005,105.661886556335,"imbalance",5000,0.9998,0.000199979998999889,-0.00212673147399686,0.00364822866300361,0.257942924530657,0.00257994528597299,0.0665257657298129,0.00139206883103255,0.216597392533526,0.000485225320271674,-16.0289459663844,0.8606872939383,0.886377275455091,0.00448849078335721,0.887377475495099,0.00447121198816802,0.236847369473895,0.00601309987306505,4999,0.22152092579085,-6.36227245449089,0.448849078335721
116,500,2000,0.8,0.45,0,0.6,"reported-cov",0.839323945192724,147.803901869005,105.661886556335,"imbalance",5000,0.9998,0.000199979998999889,-0.00212673147399686,0.00364822866300361,0.257942924530657,0.00257994528597299,0.0665257657298129,0.00139206883103255,0.216535777887283,0.000485358991372986,-16.0528328965475,0.860465485572779,0.886377275455091,0.00448849078335721,0.887377475495099,0.00447121198816802,0.236847369473895,0.00601309987306505,4999,0.22152092579085,-6.36227245449089,0.448849078335721
116,500,2000,0.8,0.45,0,0.6,"target-fixed",0.835795848324857,147.803901869005,105.661886556335,"imbalance",5000,0.9998,0.000199979998999889,-0.00212673147399686,0.00364822866300361,0.257942924530657,0.00257994528597299,0.0665257657298129,0.00139206883103255,0.215659237314757,0.000486678004815645,-16.3926524803259,0.857261596151022,0.885177035407081,0.00450907935595838,0.885377075415083,0.00450565890201774,0.24004800960192,0.00604088495138043,4999,0.22152092579085,-6.48229645929186,0.450907935595838
117,500,2000,0.8,0.45,0.5,0.3,"joint-score",0.832876009825058,149.404261893154,106.331266490293,"",5000,1,0,-0.00132983786623703,0.00358379036373359,0.253412246854703,0.00253437591881206,0.0642066917713281,0.00126847647984695,0.214847815111558,0.000479616234427054,-15.2180615663994,0.868770436644831,0.8874,0.00447037448095794,0.887,0.00447729829249739,0.1372,0.00486572009059296,5000,0.101530030833737,-6.26,0.447037448095794
117,500,2000,0.8,0.45,0.5,0.3,"normal-recon",0.833841442902559,149.404261893154,106.331266490293,"",5000,1,0,-0.00132983786623703,0.00358379036373359,0.253412246854703,0.00253437591881206,0.0642066917713281,0.00126847647984695,0.215086506635539,0.000479103844248984,-15.1238705685518,0.869645859967049,0.8876,0.00446690586424205,0.887,0.00447729829249739,0.1368,0.00485974814162216,5000,0.101530030833737,-6.24,0.446690586424205
117,500,2000,0.8,0.45,0.5,0.3,"reported-cov",0.833834183685695,149.404261893154,106.331266490293,"",5000,1,0,-0.00132983786623703,0.00358379036373359,0.253412246854703,0.00253437591881206,0.0642066917713281,0.00126847647984695,0.215084668823545,0.000479098744453481,-15.1245957947462,0.869638342945752,0.8876,0.00446690586424205,0.8872,0.00447383862024548,0.1366,0.00485675694265216,5000,0.101530030833737,-6.24,0.446690586424205
117,500,2000,0.8,0.45,0.5,0.3,"target-fixed",0.830281883150017,149.404261893154,106.331266490293,"",5000,1,0,-0.00132983786623703,0.00358379036373359,0.253412246854703,0.00253437591881206,0.0642066917713281,0.00126847647984695,0.214199826064599,0.000480254979914287,-15.4737670640626,0.866329831323654,0.8852,0.00450823601866628,0.8846,0.00451846965243765,0.1384,0.00488355280507951,5000,0.101530030833737,-6.48,0.450823601866628
118,500,2000,0.8,0.45,0.5,0.6,"joint-score",0.841981547911013,148.985003986274,106.100384290036,"",5000,1,0,-0.000265438774808488,0.00361190925344185,0.255400552613917,0.00255426096500826,0.0652164668447825,0.00131460388453131,0.217326505325395,0.000499431537988207,-14.907582187607,0.873187238279074,0.8896,0.00443197111903947,0.8894,0.00443548509184734,0.144,0.00496515860773853,5000,0.110760462895425,-6.04,0.443197111903947
118,500,2000,0.8,0.45,0.5,0.6,"normal-recon",0.843157272724433,148.985003986274,106.100384290036,"",5000,1,0,-0.000265438774808488,0.00361190925344185,0.255400552613917,0.00255426096500826,0.0652164668447825,0.00131460388453131,0.217615455784304,0.000498651195154747,-14.7944459958677,0.874221724626111,0.8898,0.00442845255139987,0.8898,0.00442845255139987,0.1438,0.00496228898795707,5000,0.110760462895425,-6.01999999999999,0.442845255139987
118,500,2000,0.8,0.45,0.5,0.6,"reported-cov",0.842915980835549,148.985003986274,106.100384290036,"",5000,1,0,-0.000265438774808488,0.00361190925344185,0.255400552613917,0.00255426096500826,0.0652164668447825,0.00131460388453131,0.217556407518696,0.000498833070013003,-14.8175658618993,0.874012255315224,0.8898,0.00442845255139987,0.8898,0.00442845255139987,0.1434,0.00495653992216344,5000,0.110760462895425,-6.01999999999999,0.442845255139987
118,500,2000,0.8,0.45,0.5,0.6,"target-fixed",0.839427381324644,148.985003986274,106.100384290036,"",5000,1,0,-0.000265438774808488,0.00361190925344185,0.255400552613917,0.00255426096500826,0.0652164668447825,0.00131460388453131,0.216688131820626,0.000499967952117746,-15.1575321185041,0.870798350775731,0.8868,0.00448075350806089,0.8864,0.00448765061028597,0.1468,0.0050049927072874,5000,0.110760462895425,-6.31999999999999,0.448075350806089
119,500,2000,0.8,0.45,1,0.3,"joint-score",0.835480028529836,148.915497055571,106.231467582826,"",5000,1,0,-0.0062944563225567,0.00354891747458015,0.250946361214706,0.0025097145961565,0.0630011015720569,0.00123990659855825,0.21543518066925,0.000473556906098256,-14.1509047485544,0.879070539305501,0.8948,0.00433896208787309,0.8952,0.00433167311786104,0.1052,0.00433896208787309,5000,0,-5.51999999999999,0.433896208787309
119,500,2000,0.8,0.45,1,0.3,"normal-recon",0.837311277369978,148.915497055571,106.231467582826,"",5000,1,0,-0.0062944563225567,0.00354891747458015,0.250946361214706,0.0025097145961565,0.0630011015720569,0.00123990659855825,0.21588876411218,0.000472581055243565,-13.9701555873654,0.880752926609165,0.8958,0.00432070272062312,0.8968,0.00430231937447698,0.1042,0.00432070272062312,5000,0,-5.41999999999999,0.432070272062312
119,500,2000,0.8,0.45,1,0.3,"reported-cov",0.837308104319342,148.915497055571,106.231467582826,"",5000,1,0,-0.0062944563225567,0.00354891747458015,0.250946361214706,0.0025097145961565,0.0630011015720569,0.00123990659855825,0.215887995657858,0.000472587153523721,-13.9704618099053,0.880750454505694,0.8958,0.00432070272062312,0.897,0.00429862768799532,0.1042,0.00432070272062312,5000,0,-5.41999999999999,0.432070272062312
119,500,2000,0.8,0.45,1,0.3,"target-fixed",0.83389493564233,148.915497055571,106.231467582826,"",5000,1,0,-0.0062944563225567,0.00354891747458015,0.250946361214706,0.0025097145961565,0.0630011015720569,0.00123990659855825,0.215035074751391,0.000473481663585426,-14.3103435688354,0.877506784570015,0.8942,0.00434985884828462,0.8948,0.00433896208787309,0.1058,0.00434985884828462,5000,0,-5.58,0.434985884828462
120,500,2000,0.8,0.45,1,0.6,"joint-score",0.839994488005376,149.040115197787,105.377719295856,"",5000,1,0,0.00212269949621813,0.00360523728490845,0.254928773194534,0.00254954269896423,0.0649801875197409,0.0012892864779949,0.216579633221107,0.000473438740781564,-15.0430802662527,0.869713711383929,0.8946,0.00434259922166437,0.8942,0.00434985884828462,0.1054,0.00434259922166437,5000,0,-5.54,0.434259922166437
120,500,2000,0.8,0.45,1,0.6,"normal-recon",0.842130341770989,149.040115197787,105.377719295856,"",5000,1,0,0.00212269949621813,0.00360523728490845,0.254928773194534,0.00254954269896423,0.0649801875197409,0.0012892864779949,0.217106715059506,0.000472177807670227,-14.8363237547008,0.871628662702209,0.8952,0.00433167311786104,0.8944,0.00434623147105628,0.1048,0.00433167311786104,5000,0,-5.48,0.433167311786104
120,500,2000,0.8,0.45,1,0.6,"reported-cov",0.841876508538365,149.040115197787,105.377719295856,"",5000,1,0,0.00212269949621813,0.00360523728490845,0.254928773194534,0.00254954269896423,0.0649801875197409,0.0012892864779949,0.217044201113803,0.000472347896350316,-14.8608458770645,0.87140320379869,0.8954,0.00432802125687941,0.8944,0.00434623147105628,0.1046,0.00432802125687941,5000,0,-5.46,0.432802125687941
120,500,2000,0.8,0.45,1,0.6,"target-fixed",0.838440045495249,149.040115197787,105.377719295856,"",5000,1,0,0.00212269949621813,0.00360523728490845,0.254928773194534,0.00254954269896423,0.0649801875197409,0.0012892864779949,0.21618817921409,0.000473534710819811,-15.196634532455,0.868221550558407,0.8936,0.0043607118684912,0.8928,0.00437511508420064,0.1064,0.0043607118684912,5000,0,-5.64,0.43607118684912
121,500,2000,0.8,0.9,0,0.3,"joint-score",0.941834333798799,148.208670506934,105.229164319827,"",5000,1,0,-0.00813935450138259,0.00412552196295103,0.291718455593671,0.00291747631815736,0.085148886494189,0.00170751927362688,0.243217965741772,0.000573177724112219,-16.6257872691655,0.856662495595584,0.8804,0.00458902691210239,0.8792,0.00460884714435183,0.4066,0.00694660262286537,5000,0.406120123334946,-6.96,0.458902691210239
121,500,2000,0.8,0.9,0,0.3,"normal-recon",0.941839826161592,148.208670506934,105.229164319827,"",5000,1,0,-0.00813935450138259,0.00412552196295103,0.291718455593671,0.00291747631815736,0.085148886494189,0.00170751927362688,0.243219137991573,0.000573158676297003,-16.6253854263,0.856664909719014,0.8802,0.00459234057970443,0.8794,0.00460555403833241,0.4066,0.00694660262286537,5000,0.406120123334946,-6.98,0.459234057970443
121,500,2000,0.8,0.9,0,0.3,"reported-cov",0.941837314828175,148.208670506934,105.229164319827,"",5000,1,0,-0.00813935450138259,0.00412552196295103,0.291718455593671,0.00291747631815736,0.085148886494189,0.00170751927362688,0.243218483038446,0.000573160693864853,-16.6256099417924,0.856662882815802,0.8804,0.00458902691210239,0.8794,0.00460555403833241,0.4066,0.00694660262286537,5000,0.406120123334946,-6.96,0.458902691210239
121,500,2000,0.8,0.9,0,0.3,"target-fixed",0.935404719711032,148.208670506934,105.229164319827,"",5000,1,0,-0.00813935450138259,0.00412552196295103,0.291718455593671,0.00291747631815736,0.085148886494189,0.00170751927362688,0.241634750735584,0.000576622279539254,-17.168507476211,0.8516536319678,0.8766,0.00465128885364046,0.877,0.00464480354805238,0.4106,0.00695712066878245,5000,0.406120123334946,-7.33999999999999,0.465128885364046
122,500,2000,0.8,0.9,0,0.6,"joint-score",0.95590329689842,149.536383702011,105.88672762595,"",5000,1,0,-0.00510853307016396,0.00415502059763803,0.293804324055963,0.00293833708896168,0.0863298137479436,0.00173439728934778,0.246710932327483,0.000560469496472022,-16.0288286701695,0.861189454786925,0.8852,0.00450823601866628,0.8862,0.00449109251741712,0.454,0.00704107946269604,5000,0.4430418515817,-6.48,0.450823601866628
122,500,2000,0.8,0.9,0,0.6,"normal-recon",0.956622954855823,149.536383702011,105.88672762595,"",5000,1,0,-0.00510853307016396,0.00415502059763803,0.293804324055963,0.00293833708896168,0.0863298137479436,0.00173439728934778,0.246889064612583,0.000560142686754315,-15.968199104668,0.861756142615942,0.8848,0.00451506279026106,0.8858,0.00449796309455736,0.4534,0.00704029033492228,5000,0.4430418515817,-6.51999999999999,0.451506279026106
122,500,2000,0.8,0.9,0,0.6,"reported-cov",0.955915224361272,149.536383702011,105.88672762595,"",5000,1,0,-0.00510853307016396,0.00415502059763803,0.293804324055963,0.00293833708896168,0.0863298137479436,0.00173439728934778,0.246714354325354,0.000560517949401056,-16.0276639501191,0.861204466949453,0.8852,0.00450823601866628,0.8858,0.00449796309455736,0.4538,0.00704081756616375,5000,0.4430418515817,-6.48,0.450823601866628
122,500,2000,0.8,0.9,0,0.6,"target-fixed",0.949411597226385,149.536383702011,105.88672762595,"",5000,1,0,-0.00510853307016396,0.00415502059763803,0.293804324055963,0.00293833708896168,0.0863298137479436,0.00173439728934778,0.245110183660586,0.00056396066857935,-16.5736636286205,0.856142404358018,0.8814,0.004572396308283,0.8812,0.00457573076131015,0.457,0.00704487047432385,5000,0.4430418515817,-6.86,0.4572396308283
123,500,2000,0.8,0.9,0.5,0.3,"joint-score",0.950790070975673,149.102028318989,106.844251736781,"",5000,1,0,-0.00200673268740265,0.00406956101609206,0.287761419093111,0.00287790199552161,0.0827940999676962,0.00167197280252957,0.245639640876004,0.000593619360350601,-14.6377434299065,0.878278023110559,0.8872,0.00447383862024548,0.8862,0.00449109251741712,0.1966,0.00562047044294337,5000,0.203060061667473,-6.28,0.447383862024548
123,500,2000,0.8,0.9,0.5,0.3,"normal-recon",0.954079193851381,149.102028318989,106.844251736781,"",5000,1,0,-0.00200673268740265,0.00406956101609206,0.287761419093111,0.00287790199552161,0.0827940999676962,0.00167197280252957,0.246449640425413,0.000591788554399717,-14.3562604041549,0.88086587548049,0.8878,0.00446343275965932,0.8878,0.00446343275965932,0.1946,0.00559876486378916,5000,0.203060061667473,-6.21999999999999,0.446343275965932
123,500,2000,0.8,0.9,0.5,0.3,"reported-cov",0.954076209090665,149.102028318989,106.844251736781,"",5000,1,0,-0.00200673268740265,0.00406956101609206,0.287761419093111,0.00287790199552161,0.0827940999676962,0.00167197280252957,0.246449025984347,0.000591797324629962,-14.356473928632,0.880864510588022,0.888,0.00445995515672523,0.8878,0.00446343275965932,0.1946,0.00559876486378916,5000,0.203060061667473,-6.19999999999999,0.445995515672523
123,500,2000,0.8,0.9,0.5,0.3,"target-fixed",0.947678780313011,149.102028318989,106.844251736781,"",5000,1,0,-0.00200673268740265,0.00406956101609206,0.287761419093111,0.00287790199552161,0.0827940999676962,0.00167197280252957,0.244868226240226,0.000594839045863753,-14.9058178083999,0.87577218685214,0.8854,0.0045048160894758,0.8848,0.00451506279026106,0.1984,0.00563981276284949,5000,0.203060061667473,-6.46,0.45048160894758
124,500,2000,0.8,0.9,0.5,0.6,"joint-score",0.968193732239437,148.623512339681,105.597487707191,"",5000,1,0,-0.00771394718303237,0.00423267476796471,0.299295303098504,0.00299325237118992,0.0896192679022765,0.00185200140569217,0.250164216078188,0.000597518156691422,-16.4155890559184,0.859436983589668,0.88,0.00459565011723042,0.8814,0.004572396308283,0.2042,0.0057009185224839,5000,0.22152092579085,-7,0.459565011723042
124,500,2000,0.8,0.9,0.5,0.6,"normal-recon",0.972139775405085,148.623512339681,105.597487707191,"",5000,1,0,-0.00771394718303237,0.00423267476796471,0.299295303098504,0.00299325237118992,0.0896192679022765,0.00185200140569217,0.251133925372237,0.000595215106261658,-16.0915915577921,0.862411205248496,0.8824,0.00455566109362845,0.8822,0.00455901656061919,0.2022,0.00568005563353036,5000,0.22152092579085,-6.76,0.455566109362845
124,500,2000,0.8,0.9,0.5,0.6,"reported-cov",0.971436592867072,148.623512339681,105.597487707191,"",5000,1,0,-0.00771394718303237,0.00423267476796471,0.299295303098504,0.00299325237118992,0.0896192679022765,0.00185200140569217,0.250960030943843,0.00059553200040002,-16.1496928465841,0.861870243494561,0.8814,0.004572396308283,0.8818,0.00456571483997851,0.2026,0.00568424559638304,5000,0.22152092579085,-6.86,0.4572396308283
124,500,2000,0.8,0.9,0.5,0.6,"target-fixed",0.965053704474506,148.623512339681,105.597487707191,"",5000,1,0,-0.00771394718303237,0.00423267476796471,0.299295303098504,0.00299325237118992,0.0896192679022765,0.00185200140569217,0.249389799798117,0.000599028347423793,-16.6743356089227,0.857037951340223,0.879,0.00461213616451206,0.879,0.00461213616451206,0.2066,0.00572566921852808,5000,0.22152092579085,-7.1,0.461213616451206
125,500,2000,0.8,0.9,1,0.3,"joint-score",0.948841050135007,149.296630909087,105.451648432987,"",5000,1,0,0.00129266730748498,0.00416090959190897,0.294220738834299,0.00294250165322229,0.0865502009803366,0.00174852076146989,0.24478250062169,0.00054911684753928,-16.8031112995237,0.852726836080556,0.884,0.00452866426223009,0.884,0.00452866426223009,0.116,0.00452866426223009,5000,0,-6.59999999999999,0.452866426223009
125,500,2000,0.8,0.9,1,0.3,"normal-recon",0.955502477035061,149.296630909087,105.451648432987,"",5000,1,0,0.00129266730748498,0.00416090959190897,0.294220738834299,0.00294250165322229,0.0865502009803366,0.00174852076146989,0.246423141062169,0.000545062552646637,-16.2454890030877,0.85787064566717,0.888,0.00445995515672523,0.888,0.00445995515672523,0.112,0.00445995515672523,5000,0,-6.19999999999999,0.445995515672523
125,500,2000,0.8,0.9,1,0.3,"reported-cov",0.955501005123133,149.296630909087,105.451648432987,"",5000,1,0,0.00129266730748498,0.00416090959190897,0.294220738834299,0.00294250165322229,0.0865502009803366,0.00174852076146989,0.246423029130386,0.000545083904728553,-16.2455270465593,0.857871841379295,0.888,0.00445995515672523,0.888,0.00445995515672523,0.112,0.00445995515672523,5000,0,-6.19999999999999,0.445995515672523
125,500,2000,0.8,0.9,1,0.3,"target-fixed",0.94909442307474,149.296630909087,105.451648432987,"",5000,1,0,0.00129266730748498,0.00416090959190897,0.294220738834299,0.00294250165322229,0.0865502009803366,0.00174852076146989,0.244839883742723,0.000548331649545021,-16.783607874558,0.852858804496079,0.8846,0.00451846965243765,0.8842,0.00452527037866247,0.1154,0.00451846965243765,5000,0,-6.53999999999999,0.451846965243765
126,500,2000,0.8,0.9,1,0.6,"joint-score",0.964806433028255,148.816483629227,105.394275640343,"",5000,1,0,-0.000734787628939373,0.00422543666887908,0.298783492203869,0.00298813375035589,0.0892542608113569,0.0017850279835658,0.24898309675656,0.000563211976503249,-16.6677198529191,0.854458130822908,0.877,0.00464480354805238,0.8772,0.00464155491188029,0.123,0.00464480354805238,5000,0,-7.3,0.464480354805238
126,500,2000,0.8,0.9,1,0.6,"normal-recon",0.972013405787433,148.816483629227,105.394275640343,"",5000,1,0,-0.000734787628939373,0.00422543666887908,0.298783492203869,0.00298813375035589,0.0892542608113569,0.0017850279835658,0.250757272710224,0.000558842247098914,-16.0739199945076,0.8599321205513,0.8794,0.00460555403833241,0.8798,0.00459895553359673,0.1206,0.00460555403833241,5000,0,-7.06,0.460555403833241
126,500,2000,0.8,0.9,1,0.6,"reported-cov",0.971320131099456,148.816483629227,105.394275640343,"",5000,1,0,-0.000734787628939373,0.00422543666887908,0.298783492203869,0.00298813375035589,0.0892542608113569,0.0017850279835658,0.250585259516078,0.000559167914321631,-16.1314911785368,0.859393874178539,0.879,0.00461213616451206,0.8794,0.00460555403833241,0.121,0.00461213616451206,5000,0,-7.1,0.461213616451206
126,500,2000,0.8,0.9,1,0.6,"target-fixed",0.964989474414045,148.816483629227,105.394275640343,"",5000,1,0,-0.000734787628939373,0.00422543666887908,0.298783492203869,0.00298813375035589,0.0892542608113569,0.0017850279835658,0.249023104590248,0.000562536555206638,-16.6543296105758,0.854538913446927,0.8774,0.00463830227561766,0.8768,0.00464804819252124,0.1226,0.00463830227561766,5000,0,-7.26,0.463830227561766
127,2000,200,0,0,0,0.3,"joint-score",0.64224891276105,1941.26680883445,1862.43545285344,"",5000,1,0,0.0014163750982327,0.00234699236678995,0.165957421795024,0.00165974020026979,0.0275383635941006,0.000552229777702798,0.164023323404017,0.0001092056938745,-1.16541843690188,0.990632600247509,0.9486,0.00312275647465504,0.9486,0.00312275647465504,0.0514,0.00312275647465504,5000,0,-0.139999999999996,0.312275647465504
127,2000,200,0,0,0,0.3,"normal-recon",0.643741438740529,1941.26680883445,1862.43545285344,"",5000,1,0,0.0014163750982327,0.00234699236678995,0.165957421795024,0.00165974020026979,0.0275383635941006,0.000552229777702798,0.164401611181313,0.000108575395853767,-0.9374757675088,0.992882133538379,0.9488,0.0031170036894428,0.9492,0.00310545842026584,0.0512,0.0031170036894428,5000,0,-0.119999999999998,0.31170036894428
127,2000,200,0,0,0,0.3,"reported-cov",0.643727606274851,1941.26680883445,1862.43545285344,"",5000,1,0,0.0014163750982327,0.00234699236678995,0.165957421795024,0.00165974020026979,0.0275383635941006,0.000552229777702798,0.164398166040888,0.000108599168077584,-0.939551685770179,0.992862361388786,0.9488,0.0031170036894428,0.949,0.00311123769583746,0.0512,0.0031170036894428,5000,0,-0.119999999999998,0.31170036894428
127,2000,200,0,0,0,0.3,"target-fixed",0.642591928345788,1941.26680883445,1862.43545285344,"",5000,1,0,0.0014163750982327,0.00234699236678995,0.165957421795024,0.00165974020026979,0.0275383635941006,0.000552229777702798,0.164108794232722,0.000108604120650995,-1.11391677594587,0.991122531434704,0.9488,0.0031170036894428,0.9486,0.00312275647465504,0.0512,0.0031170036894428,5000,0,-0.119999999999998,0.31170036894428
128,2000,200,0,0,0,0.6,"joint-score",0.630393415929024,1947.97252586091,1869.25318095081,"",5000,1,0,-0.00143252499784738,0.00230173151794912,0.162756996481262,0.00162773274622673,0.0264865940634905,0.0005357753863274,0.160992823977188,0.000106470773378323,-1.08393036380344,0.991420191628517,0.9454,0.00321306209090332,0.9448,0.00322964270469661,0.0546,0.00321306209090332,5000,0,-0.459999999999994,0.321306209090332
128,2000,200,0,0,0,0.6,"normal-recon",0.63193754795174,1947.97252586091,1869.25318095081,"",5000,1,0,-0.00143252499784738,0.00230173151794912,0.162756996481262,0.00162773274622673,0.0264865940634905,0.0005357753863274,0.161385198315765,0.000106110960290733,-0.842850504221082,0.993811462436375,0.9458,0.00320194815698193,0.9458,0.00320194815698193,0.0542,0.00320194815698193,5000,0,-0.419999999999998,0.320194815698193
128,2000,200,0,0,0,0.6,"reported-cov",0.63181888483015,1947.97252586091,1869.25318095081,"",5000,1,0,-0.00143252499784738,0.00230173151794912,0.162756996481262,0.00162773274622673,0.0264865940634905,0.0005357753863274,0.161355074734319,0.000106149707969474,-0.861358821588487,0.993628321922382,0.9458,0.00320194815698193,0.9458,0.00320194815698193,0.0542,0.00320194815698193,5000,0,-0.419999999999998,0.320194815698193
128,2000,200,0,0,0,0.6,"target-fixed",0.630771718018494,1947.97252586091,1869.25318095081,"",5000,1,0,-0.00143252499784738,0.00230173151794912,0.162756996481262,0.00162773274622673,0.0264865940634905,0.0005357753863274,0.161088109061977,0.00010610357688305,-1.02538597747946,0.991989566671172,0.9452,0.00321860093829602,0.9454,0.00321306209090332,0.0548,0.00321860093829602,5000,0,-0.479999999999992,0.321860093829602
129,2000,200,0,0.45,0,0.3,"joint-score",0.660285633061124,1940.84191390042,1863.01400402595,"",5000,1,0,-0.0027532080328823,0.00235443897665051,0.166483976627949,0.00166500627523288,0.027718951245433,0.00056602754014701,0.168642513129887,0.000116245184024611,1.29654309421103,1.01547012107616,0.9522,0.00301712313305241,0.9526,0.00300510365877785,0.0478,0.00301712313305241,5000,0,0.220000000000009,0.301712313305241
129,2000,200,0,0.45,0,0.3,"normal-recon",0.662069369952903,1940.84191390042,1863.01400402595,"",5000,1,0,-0.0027532080328823,0.00235443897665051,0.166483976627949,0.00166500627523288,0.027718951245433,0.00056602754014701,0.169069777501445,0.000107713906581186,1.55318303050564,1.01769209257477,0.9528,0.00299907185642492,0.9534,0.00298088711627931,0.0472,0.00299907185642492,5000,0,0.280000000000002,0.299907185642492
129,2000,200,0,0.45,0,0.3,"reported-cov",0.661943722678341,1940.84191390042,1863.01400402595,"",5000,1,0,-0.0027532080328823,0.00235443897665051,0.166483976627949,0.00166500627523288,0.027718951245433,0.00056602754014701,0.169040883629601,0.000108713352954872,1.53582768350502,1.01755722120674,0.953,0.00299302522541993,0.953,0.00299302522541993,0.047,0.00299302522541993,5000,0,0.3,0.299302522541993
129,2000,200,0,0.45,0,0.3,"target-fixed",0.648638377563354,1940.84191390042,1863.01400402595,"",5000,1,0,-0.0027532080328823,0.00235443897665051,0.166483976627949,0.00166500627523288,0.027718951245433,0.00056602754014701,0.165644970970346,0.000107067622085985,-0.50395580079039,0.997136010459693,0.9474,0.00315699984162179,0.9482,0.0031342227106573,0.0526,0.00315699984162179,5000,0,-0.259999999999994,0.315699984162179
130,2000,200,0,0.45,0,0.6,"joint-score",0.649227206834366,1946.8301426266,1872.34595838253,"",5000,1,0,0.00471502100230273,0.0023347418424726,0.165091178913235,0.00165107690507907,0.027271877758543,0.0005424789785324,0.165818147180626,0.000114502277782111,0.440343495138062,1.00689545547946,0.9496,0.00309385972532693,0.9508,0.00305873699425106,0.0504,0.00309385972532693,5000,0,-0.0399999999999956,0.309385972532693
130,2000,200,0,0.45,0,0.6,"normal-recon",0.652979500384548,1946.8301426266,1872.34595838253,"",5000,1,0,0.00471502100230273,0.0023347418424726,0.165091178913235,0.00165107690507907,0.027271877758543,0.0005424789785324,0.166750162700834,0.000107069331857122,1.00488941839278,1.01222970557545,0.951,0.00305283474822991,0.9508,0.00305873699425106,0.049,0.00305283474822991,5000,0,0.1,0.305283474822991
130,2000,200,0,0.45,0,0.6,"reported-cov",0.650575725131961,1946.8301426266,1872.34595838253,"",5000,1,0,0.00471502100230273,0.0023347418424726,0.165091178913235,0.00165107690507907,0.027271877758543,0.0005424789785324,0.166139640074871,0.000107730560412264,0.635080062143989,1.00856470415883,0.9508,0.00305873699425106,0.95,0.00308220700148449,0.0492,0.00305873699425106,5000,0,0.0800000000000023,0.305873699425106
130,2000,200,0,0.45,0,0.6,"target-fixed",0.637143535991619,1946.8301426266,1872.34595838253,"",5000,1,0,0.00471502100230273,0.0023347418424726,0.165091178913235,0.00165107690507907,0.027271877758543,0.0005424789785324,0.162709258412693,0.00010537410552514,-1.4427908966557,0.987735109707439,0.945,0.0032241277890307,0.9464,0.00318518570887162,0.055,0.0032241277890307,5000,0,-0.5,0.32241277890307
131,2000,200,0,0.45,0.5,0.3,"joint-score",0.678410068962097,1940.91381999197,1861.25861773787,"",5000,1,0,0.000216327169071305,0.00240351738176012,0.169954343934232,0.00169971341918365,0.0288787489237547,0.000566029060009381,0.17326783995645,0.000118040913409269,1.94963891214253,1.02196121697693,0.9526,0.00300510365877785,0.9522,0.00301712313305241,0.0474,0.00300510365877785,5000,0,0.260000000000005,0.300510365877785
131,2000,200,0,0.45,0.5,0.3,"normal-recon",0.691383188016671,1940.91381999197,1861.25861773787,"",5000,1,0,0.000216327169071305,0.00240351738176012,0.169954343934232,0.00169971341918365,0.0288787489237547,0.000566029060009381,0.176572554265608,0.000117785547466442,3.89411072301731,1.04135374553466,0.9568,0.00287519599331941,0.9564,0.00288787257336607,0.0432,0.00287519599331941,5000,0,0.680000000000003,0.287519599331941
131,2000,200,0,0.45,0.5,0.3,"reported-cov",0.691233006685976,1940.91381999197,1861.25861773787,"",5000,1,0,0.000216327169071305,0.00240351738176012,0.169954343934232,0.00169971341918365,0.0288787489237547,0.000566029060009381,0.176539108026479,0.000119260653571521,3.87443117946731,1.04121550125116,0.9564,0.00288787257336607,0.9566,0.00288154264240528,0.0436,0.00288787257336608,5000,0,0.640000000000007,0.288787257336607
131,2000,200,0,0.45,0.5,0.3,"target-fixed",0.678378077451907,1940.91381999197,1861.25861773787,"",5000,1,0,0.000216327169071305,0.00240351738176012,0.169954343934232,0.00169971341918365,0.0288787489237547,0.000566029060009381,0.173256380656069,0.000117036336263924,1.94289633639211,1.02185393652317,0.952,0.00302311098043059,0.952,0.00302311098043059,0.048,0.00302311098043059,5000,0,0.2,0.302311098043059
132,2000,200,0,0.45,0.5,0.6,"joint-score",0.664740527260641,1948.6137270075,1868.63174746344,"",5000,1,0,7.9951440340496e-05,0.00239961917870675,0.169678699352883,0.00169695669768423,0.0287851092341161,0.000570195369069183,0.169778482257004,0.000116448971265818,0.0588069713527872,1.00303874029815,0.9484,0.00312849612433834,0.9484,0.00312849612433834,0.0516,0.00312849612433834,5000,0,-0.159999999999993,0.312849612433834
132,2000,200,0,0.45,0.5,0.6,"normal-recon",0.680159933226509,1948.6137270075,1868.63174746344,"",5000,1,0,7.9951440340496e-05,0.00239961917870675,0.169678699352883,0.00169695669768423,0.0287851092341161,0.000570195369069183,0.173709028001927,0.000116821426253179,2.37527082916971,1.02616733270416,0.9552,0.00292550713552368,0.9552,0.00292550713552368,0.0448,0.00292550713552369,5000,0,0.520000000000009,0.292550713552368
132,2000,200,0,0.45,0.5,0.6,"reported-cov",0.677800491088572,1948.6137270075,1868.63174746344,"",5000,1,0,7.9951440340496e-05,0.00239961917870675,0.169678699352883,0.00169695669768423,0.0287851092341161,0.000570195369069183,0.173111937357547,0.000118106473214971,2.02337595570752,1.02270725511043,0.954,0.00296256645495084,0.954,0.00296256645495084,0.046,0.00296256645495084,5000,0,0.4,0.296256645495084
132,2000,200,0,0.45,0.5,0.6,"target-fixed",0.664838564672665,1948.6137270075,1868.63174746344,"",5000,1,0,7.9951440340496e-05,0.00239961917870675,0.169678699352883,0.00169695669768423,0.0287851092341161,0.000570195369069183,0.16979954165703,0.000115160114670939,0.0712183112005826,1.00311089610459,0.9496,0.00309385972532693,0.9494,0.00309966578843591,0.0504,0.00309385972532693,5000,0,-0.0399999999999956,0.309385972532693
133,2000,200,0,0.45,1,0.3,"joint-score",0.706330704904788,1942.11505696736,1864.54006655517,"",5000,1,0,-0.00295368593429284,0.00256069579406546,0.181068536053956,0.00181086645624042,0.0327879818463714,0.000656621116759054,0.180410582794465,0.000126506407699687,-0.363372496309555,0.998912249894214,0.9428,0.00328414859590732,0.9434,0.00326791799162708,0.0572,0.00328414859590732,5000,0,-0.719999999999998,0.328414859590732
133,2000,200,0,0.45,1,0.3,"normal-recon",0.729155194819523,1942.11505696736,1864.54006655517,"",5000,1,0,-0.00295368593429284,0.00256069579406546,0.181068536053956,0.00181086645624042,0.0327879818463714,0.000656621116759054,0.186255366867195,0.000135027074593347,2.86456770804948,1.03144783197223,0.9528,0.00299907185642492,0.9524,0.00301112072159188,0.0472,0.00299907185642492,5000,0,0.280000000000002,0.299907185642492
133,2000,200,0,0.45,1,0.3,"reported-cov",0.729038031066397,1942.11505696736,1864.54006655517,"",5000,1,0,-0.00295368593429284,0.00256069579406546,0.181068536053956,0.00181086645624042,0.0327879818463714,0.000656621116759054,0.186231482574643,0.000136702447638268,2.85137696101354,1.03138357383179,0.9526,0.00300510365877785,0.9522,0.00301712313305241,0.0474,0.00300510365877785,5000,0,0.260000000000005,0.300510365877785
133,2000,200,0,0.45,1,0.3,"target-fixed",0.716959187898034,1942.11505696736,1864.54006655517,"",5000,1,0,-0.00295368593429284,0.00256069579406546,0.181068536053956,0.00181086645624042,0.0327879818463714,0.000656621116759054,0.18314594430071,0.0001343765128036,1.14730493327384,1.01429283997324,0.9478,0.00314563697841948,0.949,0.00311123769583746,0.0522,0.00314563697841947,5000,0,-0.219999999999998,0.314563697841947
134,2000,200,0,0.45,1,0.6,"joint-score",0.691313313958772,1949.43437163928,1872.35829246677,"",5000,1,0,0.000103668365856319,0.00248199825514192,0.175503779710403,0.0017552133272137,0.0307954271244293,0.00060579474205274,0.176577560197062,0.000124688579571362,0.611827556323918,1.00872395982817,0.9482,0.0031342227106573,0.948,0.00313993630508646,0.0518,0.0031342227106573,5000,0,-0.179999999999991,0.31342227106573
134,2000,200,0,0.45,1,0.6,"normal-recon",0.716906559574613,1949.43437163928,1872.35829246677,"",5000,1,0,0.000103668365856319,0.00248199825514192,0.175503779710403,0.0017552133272137,0.0307954271244293,0.00060579474205274,0.183141286609403,0.0001369619811438,4.35176205982724,1.04653570963864,0.9572,0.00286245209566902,0.9572,0.00286245209566902,0.0428,0.00286245209566903,5000,0,0.72000000000001,0.286245209566902
134,2000,200,0,0.45,1,0.6,"reported-cov",0.714662952346625,1949.43437163928,1872.35829246677,"",5000,1,0,0.000103668365856319,0.00248199825514192,0.175503779710403,0.0017552133272137,0.0307954271244293,0.00060579474205274,0.182575154188696,0.000138480988012976,4.02918643117585,1.04338373692843,0.9568,0.00287519599331941,0.9566,0.00288154264240528,0.0432,0.00287519599331941,5000,0,0.680000000000003,0.287519599331941
134,2000,200,0,0.45,1,0.6,"target-fixed",0.702410037230566,1949.43437163928,1872.35829246677,"",5000,1,0,0.000103668365856319,0.00248199825514192,0.175503779710403,0.0017552133272137,0.0307954271244293,0.00060579474205274,0.179441728258016,0.000135171439039112,2.24379700204229,1.02543671801889,0.9528,0.00299907185642492,0.9528,0.00299907185642492,0.0472,0.00299907185642492,5000,0,0.280000000000002,0.299907185642492
135,2000,200,0,0.9,0,0.3,"joint-score",0.705318080852056,1941.62156401741,1860.82498214658,"",5000,1,0,0.00452756869061356,0.00252941830531825,0.178856883614792,0.00178874771986454,0.0320038857376802,0.000662445266468371,0.180196899733247,0.000139180316309031,0.749211375806502,1.0105933052642,0.9496,0.00309385972532693,0.9498,0.00308804015517933,0.0504,0.00309385972532693,5000,0,-0.0399999999999956,0.309385972532693
135,2000,200,0,0.9,0,0.3,"normal-recon",0.706882497084058,1941.62156401741,1860.82498214658,"",5000,1,0,0.00452756869061356,0.00252941830531825,0.178856883614792,0.00178874771986454,0.0320038857376802,0.000662445266468371,0.180509990787694,0.000114112807698045,0.924262538568232,1.01135800918334,0.9512,0.00304691844328003,0.9508,0.00305873699425106,0.0488,0.00304691844328003,5000,0,0.120000000000009,0.304691844328003
135,2000,200,0,0.9,0,0.3,"reported-cov",0.706578405940383,1941.62156401741,1860.82498214658,"",5000,1,0,0.00452756869061356,0.00252941830531825,0.178856883614792,0.00178874771986454,0.0320038857376802,0.000662445266468371,0.180447044274352,0.000118776020891482,0.889068750065336,1.01117461878134,0.9514,0.0030409879973456,0.9508,0.00305873699425106,0.0486,0.0030409879973456,5000,0,0.140000000000007,0.30409879973456
135,2000,200,0,0.9,0,0.3,"target-fixed",0.658509833000991,1941.62156401741,1860.82498214658,"",5000,1,0,0.00452756869061356,0.00252941830531825,0.178856883614792,0.00178874771986454,0.0320038857376802,0.000662445266468371,0.168155625754259,0.000105461102993289,-5.98314006386256,0.942109634107236,0.9362,0.00345628586780665,0.9346,0.00349636496950762,0.0638,0.00345628586780665,5000,0,-1.37999999999999,0.345628586780665
136,2000,200,0,0.9,0,0.6,"joint-score",0.694986737924698,1948.95094392979,1869.63554146154,"",5000,1,0,-0.000216789189294322,0.00251231442449646,0.177647456603423,0.00177665224014239,0.0315523541114502,0.000644749556393992,0.177570635001478,0.000140840346812135,-0.0432438512847133,1.00280637424599,0.949,0.00311123769583746,0.949,0.00311123769583746,0.051,0.00311123769583746,5000,0,-0.1,0.311123769583746
136,2000,200,0,0.9,0,0.6,"normal-recon",0.705102398610434,1948.95094392979,1869.63554146154,"",5000,1,0,-0.000216789189294322,0.00251231442449646,0.177647456603423,0.00177665224014239,0.0315523541114502,0.000644749556393992,0.180072661119496,0.000119406956390786,1.365178293257,1.01597904730604,0.9544,0.00295027591929975,0.9546,0.00294410733499986,0.0456,0.00295027591929975,5000,0,0.440000000000007,0.295027591929975
136,2000,200,0,0.9,0,0.6,"reported-cov",0.696584010735004,1948.95094392979,1869.63554146154,"",5000,1,0,-0.000216789189294322,0.00251231442449646,0.177647456603423,0.00177665224014239,0.0315523541114502,0.000644749556393992,0.177908944190464,0.00012155478401805,0.14719466973554,1.00390668509544,0.9504,0.00307049963361014,0.9504,0.00307049963361014,0.0496,0.00307049963361014,5000,0,0.0400000000000067,0.307049963361014
136,2000,200,0,0.9,0,0.6,"target-fixed",0.648686316988567,1948.95094392979,1869.63554146154,"",5000,1,0,-0.000216789189294322,0.00251231442449646,0.177647456603423,0.00177665224014239,0.0315523541114502,0.000644749556393992,0.165655396993757,0.000106670931766463,-6.75048201587057,0.934519543298902,0.9312,0.00357956868910208,0.931,0.00358438279205779,0.0688,0.00357956868910208,5000,0,-1.87999999999999,0.357956868910208
137,2000,200,0,0.9,0.5,0.3,"joint-score",0.726346459144812,1941.53747368757,1863.46343030628,"",5000,1,0,-0.0021230733609369,0.00260908786702292,0.184490372348345,0.00184508824153397,0.034034397590229,0.000666361936310952,0.185555218758282,0.000139305733435838,0.577182644482943,1.00870255359274,0.9482,0.0031342227106573,0.9488,0.0031170036894428,0.0518,0.0031342227106573,5000,0,-0.179999999999991,0.31342227106573
137,2000,200,0,0.9,0.5,0.3,"normal-recon",0.769373541146667,1941.53747368757,1863.46343030628,"",5000,1,0,-0.0021230733609369,0.00260908786702292,0.184490372348345,0.00184508824153397,0.034034397590229,0.000666361936310952,0.196517665093289,0.000139287109416091,6.51919804369774,1.06797046863336,0.9614,0.00272433624943765,0.9616,0.00271755183943195,0.0386,0.00272433624943765,5000,0,1.14000000000001,0.272433624943765
137,2000,200,0,0.9,0.5,0.3,"reported-cov",0.769011705946096,1941.53747368757,1863.46343030628,"",5000,1,0,-0.0021230733609369,0.00260908786702292,0.184490372348345,0.00184508824153397,0.034034397590229,0.000666361936310952,0.196448288999063,0.000145781107113436,6.48159386232894,1.06785002816948,0.961,0.00273784586856163,0.9616,0.00271755183943195,0.039,0.00273784586856163,5000,0,1.1,0.273784586856163
137,2000,200,0,0.9,0.5,0.3,"target-fixed",0.72543042118834,1941.53747368757,1863.46343030628,"",5000,1,0,-0.0021230733609369,0.00260908786702292,0.184490372348345,0.00184508824153397,0.034034397590229,0.000666361936310952,0.185301789332891,0.000133495970175478,0.439815354165929,1.007101447142,0.9468,0.00317394895989208,0.9466,0.00317957355631223,0.0532,0.00317394895989208,5000,0,-0.319999999999998,0.317394895989208
138,2000,200,0,0.9,0.5,0.6,"joint-score",0.712602850411361,1947.1612029494,1869.01440514338,"",5000,1,0,-0.00428753877184141,0.0025867014384831,0.18290741280564,0.00182925706290989,0.0334668136236409,0.000649428876094381,0.182054085795404,0.000139507899311508,-0.466534951835285,0.998352004781208,0.9454,0.00321306209090332,0.9456,0.0032075111847038,0.0546,0.00321306209090332,5000,0,-0.459999999999994,0.321306209090332
138,2000,200,0,0.9,0.5,0.6,"normal-recon",0.764009022222179,1947.1612029494,1869.01440514338,"",5000,1,0,-0.00428753877184141,0.0025867014384831,0.18290741280564,0.00182925706290989,0.0334668136236409,0.000649428876094381,0.195188804877374,0.000150090210996497,6.71454036955008,1.07040209153434,0.9622,0.0026970784193271,0.9616,0.00271755183943195,0.0378,0.00269707841932711,5000,0,1.22000000000001,0.26970784193271
138,2000,200,0,0.9,0.5,0.6,"reported-cov",0.755962050592327,1947.1612029494,1869.01440514338,"",5000,1,0,-0.00428753877184141,0.0025867014384831,0.18290741280564,0.00182925706290989,0.0334668136236409,0.000649428876094381,0.193159899178274,0.000155675720242099,5.6052875142512,1.05958236165486,0.9598,0.00277791144567281,0.9588,0.00281078494374792,0.0402,0.00277791144567281,5000,0,0.980000000000003,0.277791144567281
138,2000,200,0,0.9,0.5,0.6,"target-fixed",0.711863008456551,1947.1612029494,1869.01440514338,"",5000,1,0,-0.00428753877184141,0.0025867014384831,0.18290741280564,0.00182925706290989,0.0334668136236409,0.000649428876094381,0.181865094198294,0.000139341152168778,-0.569861325660792,0.997314693078464,0.9452,0.00321860093829602,0.9456,0.0032075111847038,0.0548,0.00321860093829602,5000,0,-0.479999999999992,0.321860093829602
139,2000,200,0,0.9,1,0.3,"joint-score",0.786771774325545,1941.56734064426,1863.24251068951,"",5000,1,0,0.000872667129541182,0.00285685240804103,0.202009971057493,0.00202030175085254,0.040800628348887,0.000803656584558571,0.201001248815233,0.000153273656940262,-0.499342798268776,0.997994506695386,0.9508,0.00305873699425106,0.951,0.00305283474822991,0.0492,0.00305873699425106,5000,0,0.0800000000000023,0.305873699425106
139,2000,200,0,0.9,1,0.3,"normal-recon",0.863223482354401,1941.56734064426,1863.24251068951,"",5000,1,0,0.000872667129541182,0.00285685240804103,0.202009971057493,0.00202030175085254,0.040800628348887,0.000803656584558571,0.22062574368157,0.000192057355853137,9.21527414049228,1.09639186985963,0.969,0.00245108139399735,0.969,0.00245108139399735,0.031,0.00245108139399735,5000,0,1.9,0.245108139399735
139,2000,200,0,0.9,1,0.3,"reported-cov",0.862832097086174,1941.56734064426,1863.24251068951,"",5000,1,0,0.000872667129541182,0.00285685240804103,0.202009971057493,0.00202030175085254,0.040800628348887,0.000803656584558571,0.22055611550238,0.0001991251008785,9.18080644623636,1.09635748234564,0.9688,0.00245872161905328,0.9688,0.00245872161905328,0.0312,0.00245872161905328,5000,0,1.88,0.245872161905328
139,2000,200,0,0.9,1,0.3,"target-fixed",0.824370434493936,1941.56734064426,1863.24251068951,"",5000,1,0,0.000872667129541182,0.00285685240804103,0.202009971057493,0.00202030175085254,0.040800628348887,0.000803656584558571,0.210722359129209,0.000189622510040909,4.3128505123323,1.04744733857874,0.9602,0.00276463234445378,0.9602,0.00276463234445378,0.0398,0.00276463234445378,5000,0,1.02000000000001,0.276463234445378
140,2000,200,0,0.9,1,0.6,"joint-score",0.770204626529515,1947.78155952938,1871.45562040959,"",5000,1,0,0.00337743200856215,0.00277818106374395,0.196447066953741,0.00196466714607633,0.038595138871677,0.000770264415279597,0.196795389320007,0.000157357124629331,0.177311054660811,1.00507033168967,0.947,0.00316831185333767,0.9472,0.00316266216975509,0.053,0.00316831185333767,5000,0,-0.3,0.316831185333767
140,2000,200,0,0.9,1,0.6,"normal-recon",0.854964047304595,1947.78155952938,1871.45562040959,"",5000,1,0,0.00337743200856215,0.00277818106374395,0.196447066953741,0.00196466714607633,0.038595138871677,0.000770264415279597,0.218572350977843,0.000203465417411599,11.2627204708087,1.11754831046269,0.967,0.00252630164469725,0.9674,0.00251146331846595,0.033,0.00252630164469724,5000,0,1.7,0.252630164469725
140,2000,200,0,0.9,1,0.6,"reported-cov",0.847890385347914,1947.78155952938,1871.45562040959,"",5000,1,0,0.00337743200856215,0.00277818106374395,0.196447066953741,0.00196466714607633,0.038595138871677,0.000770264415279597,0.216805757795563,0.000211050786366676,10.3634486162202,1.10896112507853,0.9662,0.0025556822963741,0.9668,0.0025336834845734,0.0338,0.0025556822963741,5000,0,1.62,0.25556822963741
140,2000,200,0,0.9,1,0.6,"target-fixed",0.809014671337901,1947.78155952938,1871.45562040959,"",5000,1,0,0.00337743200856215,0.00277818106374395,0.196447066953741,0.00196466714607633,0.038595138871677,0.000770264415279597,0.206853093564676,0.000198594277514958,5.29711477615806,1.05791768640787,0.9574,0.00285605462132642,0.9574,0.00285605462132642,0.0426,0.00285605462132642,5000,0,0.740000000000007,0.285605462132642
141,2000,200,0.4,0,0,0.3,"joint-score",0.681262768063507,1442.00678493521,1211.4615332659,"",5000,1,0,0.000584352806476707,0.00245615650051047,0.173676491716638,0.00173693861971391,0.0301578325384467,0.000597532435096438,0.173994498753817,0.000118170748397388,0.183103098200554,1.00423888018231,0.9474,0.00315699984162179,0.948,0.00313993630508646,0.0526,0.00315699984162179,5000,0,-0.259999999999994,0.315699984162179
141,2000,200,0.4,0,0,0.3,"normal-recon",0.682820880966454,1442.00678493521,1211.4615332659,"",5000,1,0,0.000584352806476707,0.00245615650051047,0.173676491716638,0.00173693861971391,0.0301578325384467,0.000597532435096438,0.174388544348993,0.000117244149259432,0.40998791794864,1.00646682710022,0.9484,0.00312849612433834,0.9482,0.0031342227106573,0.0516,0.00312849612433834,5000,0,-0.159999999999993,0.312849612433834
141,2000,200,0.4,0,0,0.3,"reported-cov",0.682796705241182,1442.00678493521,1211.4615332659,"",5000,1,0,0.000584352806476707,0.00245615650051047,0.173676491716638,0.00173693861971391,0.0301578325384467,0.000597532435096438,0.174382774552704,0.000117365117833502,0.406665766383063,1.00643835141661,0.9486,0.00312275647465504,0.9486,0.00312275647465504,0.0514,0.00312275647465504,5000,0,-0.139999999999996,0.312275647465504
141,2000,200,0.4,0,0,0.3,"target-fixed",0.68051020791378,1442.00678493521,1211.4615332659,"",5000,1,0,0.000584352806476707,0.00245615650051047,0.173676491716638,0.00173693861971391,0.0301578325384467,0.000597532435096438,0.17379785424304,0.000116654233960108,0.0698784995035728,1.00305027637238,0.947,0.00316831185333767,0.9476,0.00315132480077824,0.053,0.00316831185333767,5000,0,-0.3,0.316831185333767
142,2000,200,0.4,0,0,0.6,"joint-score",0.665592540109505,1444.6308250484,1182.04540613656,"",5000,1,0,0.00312532772013927,0.00239313469946456,0.169220177428422,0.00169237101984891,0.0286395090285751,0.000565044539081723,0.169991394152503,0.000115206032212543,0.45574749760966,1.00696203985806,0.9508,0.00305873699425106,0.9508,0.00305873699425106,0.0492,0.00305873699425106,5000,0,0.0800000000000023,0.305873699425106
142,2000,200,0.4,0,0,0.6,"normal-recon",0.667166750329174,1444.6308250484,1182.04540613656,"",5000,1,0,0.00312532772013927,0.00239313469946456,0.169220177428422,0.00169237101984891,0.0286395090285751,0.000565044539081723,0.170388127844646,0.00011383559116018,0.6901957165941,1.00924709995119,0.9514,0.0030409879973456,0.951,0.00305283474822991,0.0486,0.0030409879973456,5000,0,0.140000000000007,0.30409879973456
142,2000,200,0.4,0,0,0.6,"reported-cov",0.667020087069196,1444.6308250484,1182.04540613656,"",5000,1,0,0.00312532772013927,0.00239313469946456,0.169220177428422,0.00169237101984891,0.0286395090285751,0.000565044539081723,0.170351061031479,0.000113936930677991,0.668291228766305,1.00903251475575,0.9516,0.00303504332753257,0.951,0.00305283474822991,0.0484,0.00303504332753257,5000,0,0.160000000000005,0.303504332753257
142,2000,200,0.4,0,0,0.6,"target-fixed",0.664831999374906,1444.6308250484,1182.04540613656,"",5000,1,0,0.00312532772013927,0.00239313469946456,0.169220177428422,0.00169237101984891,0.0286395090285751,0.000565044539081723,0.169790556546845,0.000113011246691724,0.337063302432972,1.00569083766122,0.9504,0.00307049963361014,0.9508,0.00305873699425106,0.0496,0.00307049963361014,5000,0,0.0400000000000067,0.307049963361014
143,2000,200,0.4,0.45,0,0.3,"joint-score",0.706515106431618,1440.432663272,1213.06851637986,"",5000,1,0,-0.000104734412062324,0.00251964266741249,0.178165641629433,0.00178183460866526,0.0317366582273532,0.000623046562370773,0.180467339203961,0.000129736940825091,1.2918863331209,1.01563396457393,0.9516,0.00303504332753257,0.9516,0.00303504332753257,0.0868,0.00398160168776336,5000,0.106883553578019,0.160000000000005,0.303504332753257
143,2000,200,0.4,0.45,0,0.3,"normal-recon",0.70827994479692,1440.432663272,1213.06851637986,"",5000,1,0,-0.000104734412062324,0.00251964266741249,0.178165641629433,0.00178183460866526,0.0317366582273532,0.000623046562370773,0.180892494958844,0.000122284904845394,1.53051581914005,1.01772373867349,0.9524,0.00301112072159188,0.9524,0.00301112072159188,0.0864,0.00397328680062238,5000,0.106883553578019,0.240000000000007,0.301112072159188
143,2000,200,0.4,0.45,0,0.3,"reported-cov",0.708173242598041,1440.432663272,1213.06851637986,"",5000,1,0,-0.000104734412062324,0.00251964266741249,0.178165641629433,0.00178183460866526,0.0317366582273532,0.000623046562370773,0.180868419041508,0.000123262588290508,1.51700259789509,1.01762606065881,0.952,0.00302311098043059,0.952,0.00302311098043059,0.0862,0.00396911980166888,5000,0.106883553578019,0.2,0.302311098043059
143,2000,200,0.4,0.45,0,0.3,"target-fixed",0.693967680588569,1440.432663272,1213.06851637986,"",5000,1,0,-0.000104734412062324,0.00251964266741249,0.178165641629433,0.00178183460866526,0.0317366582273532,0.000623046562370773,0.177230521998274,0.000117631769826105,-0.52485968821343,0.997039339751921,0.9484,0.00312849612433834,0.9486,0.00312275647465504,0.0944,0.00413493990282809,5000,0.106883553578019,-0.159999999999993,0.312849612433834
144,2000,200,0.4,0.45,0,0.6,"joint-score",0.693114326410827,1442.79326292724,1176.97569775808,"",5000,1,0,-0.00253355953254132,0.00249642336959672,0.176523789335441,0.00176541444362673,0.0311608349956077,0.000627594432144776,0.177061723992508,0.000132227690281475,0.304737768825158,1.00594049428159,0.9498,0.00308804015517933,0.9506,0.0030646252625729,0.0936,0.00411919992231501,5000,0.116436831968334,-0.0199999999999978,0.308804015517933
144,2000,200,0.4,0.45,0,0.6,"normal-recon",0.697115717586435,1442.79326292724,1176.97569775808,"",5000,1,0,-0.00253355953254132,0.00249642336959672,0.176523789335441,0.00176541444362673,0.0311608349956077,0.000627594432144776,0.178055923995213,0.000124988757730753,0.867947977742856,1.01126220924645,0.9526,0.00300510365877785,0.9522,0.00301712313305241,0.091,0.00406740703642997,5000,0.116436831968334,0.260000000000005,0.300510365877785
144,2000,200,0.4,0.45,0,0.6,"reported-cov",0.694724824706847,1442.79326292724,1176.97569775808,"",5000,1,0,-0.00253355953254132,0.00249642336959672,0.176523789335441,0.00176541444362673,0.0311608349956077,0.000627594432144776,0.177448871263813,0.000125643570451566,0.524055104331711,1.00785753510736,0.9506,0.0030646252625729,0.951,0.00305283474822991,0.0932,0.00411129565952146,5000,0.116436831968334,0.0600000000000045,0.30646252625729
144,2000,200,0.4,0.45,0,0.6,"target-fixed",0.680200623525319,1442.79326292724,1176.97569775808,"",5000,1,0,-0.00253355953254132,0.00249642336959672,0.176523789335441,0.00176541444362673,0.0311608349956077,0.000627594432144776,0.173725699324327,0.00011884759869846,-1.58510647298462,0.986547391964821,0.943,0.00327874976172321,0.9446,0.00323514574633045,0.103,0.00429862768799532,5000,0.116436831968334,-0.700000000000001,0.327874976172321
145,2000,200,0.4,0.45,0.5,0.3,"joint-score",0.728087846074426,1440.84080868354,1205.32627625279,"",5000,1,0,-0.000192982080221019,0.00262677209208053,0.185740835894172,0.00185759412764338,0.0344927954291251,0.00070373972577715,0.185991992148422,0.000137446270503837,0.135218651860369,1.00418256685735,0.9468,0.00317394895989208,0.9466,0.00317957355631223,0.0598,0.00335332551357604,5000,0.0534417767890094,-0.319999999999998,0.317394895989208
145,2000,200,0.4,0.45,0.5,0.3,"normal-recon",0.740295208231853,1440.84080868354,1205.32627625279,"",5000,1,0,-0.000192982080221019,0.00262677209208053,0.185740835894172,0.00185759412764338,0.0344927954291251,0.00070373972577715,0.189099984958703,0.000136716784440432,1.80851402351021,1.02084404658012,0.9512,0.00304691844328003,0.9514,0.0030409879973456,0.056,0.00325158422926425,5000,0.0534417767890094,0.120000000000009,0.304691844328003
145,2000,200,0.4,0.45,0.5,0.3,"reported-cov",0.740161719541782,1440.84080868354,1205.32627625279,"",5000,1,0,-0.000192982080221019,0.00262677209208053,0.185740835894172,0.00185759412764338,0.0344927954291251,0.00070373972577715,0.189069924970627,0.000137854187552379,1.79233018976612,1.02072695630313,0.9516,0.00303504332753257,0.9516,0.00303504332753257,0.0562,0.00325704037432759,5000,0.0534417767890094,0.160000000000005,0.303504332753257
145,2000,200,0.4,0.45,0.5,0.3,"target-fixed",0.726459945081367,1440.84080868354,1205.32627625279,"",5000,1,0,-0.000192982080221019,0.00262677209208053,0.185740835894172,0.00185759412764338,0.0344927954291251,0.00070373972577715,0.185563575125547,0.000133436007395543,-0.095434462632249,1.00172493695686,0.9458,0.00320194815698193,0.9458,0.00320194815698193,0.0618,0.00340531232047811,5000,0.0534417767890094,-0.419999999999998,0.320194815698193
146,2000,200,0.4,0.45,0.5,0.6,"joint-score",0.711132722283947,1449.20341057802,1183.30313278438,"",5000,1,0,0.00215701989937647,0.00255911689377433,0.180956890943688,0.00180974989347589,0.0327435000355762,0.000684085504916393,0.181653243324436,0.000132386008589418,0.384816724644033,1.00661062235651,0.9488,0.0031170036894428,0.949,0.00311123769583746,0.0612,0.00338982477423244,5000,0.0582184159841672,-0.119999999999998,0.31170036894428
146,2000,200,0.4,0.45,0.5,0.6,"normal-recon",0.725207069057432,1449.20341057802,1183.30313278438,"",5000,1,0,0.00215701989937647,0.00255911689377433,0.180956890943688,0.00180974989347589,0.0327435000355762,0.000684085504916393,0.185242464645212,0.000133166764401118,2.3682843351114,1.02642667880527,0.9532,0.00298696367570816,0.9522,0.00301712313305241,0.058,0.00330563155841664,5000,0.0582184159841672,0.320000000000009,0.298696367570816
146,2000,200,0.4,0.45,0.5,0.6,"reported-cov",0.722992215249832,1449.20341057802,1183.30313278438,"",5000,1,0,0.00215701989937647,0.00255911689377433,0.180956890943688,0.00180974989347589,0.0327435000355762,0.000684085504916393,0.184681688367066,0.000134191741549631,2.0583893787925,1.0233763077039,0.9526,0.00300510365877785,0.952,0.00302311098043059,0.0586,0.00332162731202644,5000,0.0582184159841672,0.260000000000005,0.300510365877785
146,2000,200,0.4,0.45,0.5,0.6,"target-fixed",0.708822957855585,1449.20341057802,1183.30313278438,"",5000,1,0,0.00215701989937647,0.00255911689377433,0.180956890943688,0.00180974989347589,0.0327435000355762,0.000684085504916393,0.181049282523415,0.00012770307670937,0.0510572320539415,1.00309616431021,0.9488,0.0031170036894428,0.9486,0.00312275647465504,0.0636,0.0034512328232097,5000,0.0582184159841672,-0.119999999999998,0.31170036894428
147,2000,200,0.4,0.45,1,0.3,"joint-score",0.759481001973864,1437.32661342464,1212.39509558761,"",5000,1,0,-0.00206020329697849,0.00273008446175972,0.193046123612232,0.00193065431120768,0.0372635969181658,0.000758433599882129,0.194010091479672,0.000143037804718858,0.49934588138969,1.0078214055639,0.9486,0.00312275647465504,0.9484,0.00312849612433834,0.0514,0.00312275647465504,5000,0,-0.139999999999996,0.312275647465504
147,2000,200,0.4,0.45,1,0.3,"normal-recon",0.781100695363277,1437.32661342464,1212.39509558761,"",5000,1,0,-0.00206020329697849,0.00273008446175972,0.193046123612232,0.00193065431120768,0.0372635969181658,0.000758433599882129,0.19954445078085,0.000150311739354435,3.36620443188524,1.03669360076805,0.954,0.00296256645495084,0.954,0.00296256645495084,0.046,0.00296256645495084,5000,0,0.4,0.296256645495084
147,2000,200,0.4,0.45,1,0.3,"reported-cov",0.780993874947999,1437.32661342464,1212.39509558761,"",5000,1,0,-0.00206020329697849,0.00273008446175972,0.193046123612232,0.00193065431120768,0.0372635969181658,0.000758433599882129,0.199522178601707,0.000151676900680376,3.3546671998882,1.0366319020157,0.9542,0.00295642892693195,0.9536,0.00297479545515318,0.0458,0.00295642892693195,5000,0,0.420000000000009,0.295642892693195
147,2000,200,0.4,0.45,1,0.3,"target-fixed",0.76788104704231,1437.32661342464,1212.39509558761,"",5000,1,0,-0.00206020329697849,0.00273008446175972,0.193046123612232,0.00193065431120768,0.0372635969181658,0.000758433599882129,0.196165512745992,0.000147293647863981,1.61587763348512,1.0191206320782,0.9504,0.00307049963361014,0.9506,0.0030646252625729,0.0496,0.00307049963361014,5000,0,0.0400000000000067,0.307049963361014
148,2000,200,0.4,0.45,1,0.6,"joint-score",0.738746202725806,1444.62069764812,1185.18491215864,"",5000,1,0,0.00146726756438976,0.00272290197349581,0.192538244996512,0.00192557501709567,0.037065714465285,0.000724601088184742,0.188727707838611,0.00014291610578441,-1.97910662267093,0.983113146586693,0.9438,0.00325704037432759,0.9448,0.00322964270469661,0.0562,0.00325704037432759,5000,0,-0.619999999999998,0.325704037432759
148,2000,200,0.4,0.45,1,0.6,"normal-recon",0.762713505366032,1444.62069764812,1185.18491215864,"",5000,1,0,0.00146726756438976,0.00272290197349581,0.192538244996512,0.00192557501709567,0.037065714465285,0.000724601088184742,0.194863837601907,0.000151021361527187,1.20786008277867,1.01521444537097,0.9526,0.00300510365877785,0.9524,0.00301112072159188,0.0474,0.00300510365877785,5000,0,0.260000000000005,0.300510365877785
148,2000,200,0.4,0.45,1,0.6,"reported-cov",0.760494104602053,1444.62069764812,1185.18491215864,"",5000,1,0,0.00146726756438976,0.00272290197349581,0.192538244996512,0.00192557501709567,0.037065714465285,0.000724601088184742,0.194303521388441,0.000152369870648999,0.916844542735662,1.01236723241421,0.9512,0.00304691844328003,0.9514,0.0030409879973456,0.0488,0.00304691844328003,5000,0,0.120000000000009,0.304691844328003
148,2000,200,0.4,0.45,1,0.6,"target-fixed",0.747068340607428,1444.62069764812,1185.18491215864,"",5000,1,0,0.00146726756438976,0.00272290197349581,0.192538244996512,0.00192557501709567,0.037065714465285,0.000724601088184742,0.19086526366533,0.000147496558712871,-0.868908580325112,0.994365346932953,0.9462,0.00319078548323136,0.9468,0.00317394895989208,0.0538,0.00319078548323136,5000,0,-0.379999999999991,0.319078548323136
149,2000,200,0.4,0.9,0,0.3,"joint-score",0.759075778869331,1439.06867501156,1207.17711602997,"",5000,1,0,0.00522250078956635,0.00275482690720476,0.194795678707965,0.00194815161198258,0.037965041886505,0.00073668539032052,0.193996050269651,0.000166765997688374,-0.410495984109072,0.999667208996728,0.9496,0.00309385972532693,0.949,0.00311123769583746,0.2032,0.00569051421226588,5000,0.213767107156038,-0.0399999999999956,0.309385972532693
149,2000,200,0.4,0.9,0,0.3,"normal-recon",0.760491447281012,1439.06867501156,1207.17711602997,"",5000,1,0,0.00522250078956635,0.00275482690720476,0.194795678707965,0.00194815161198258,0.037965041886505,0.00073668539032052,0.194274661102968,0.0001454691397911,-0.267468769560231,1.00021673885187,0.951,0.00305283474822991,0.9504,0.00307049963361014,0.2024,0.00568215170512016,5000,0.213767107156038,0.1,0.305283474822991
149,2000,200,0.4,0.9,0,0.3,"reported-cov",0.760191546157465,1439.06867501156,1207.17711602997,"",5000,1,0,0.00522250078956635,0.00275482690720476,0.194795678707965,0.00194815161198258,0.037965041886505,0.00073668539032052,0.194209802145428,0.00014868749620361,-0.300764660911912,1.00000942824743,0.95,0.00308220700148449,0.95,0.00308220700148449,0.2024,0.00568215170512016,5000,0.213767107156038,0,0.308220700148449
149,2000,200,0.4,0.9,0,0.3,"target-fixed",0.71300215749861,1439.06867501156,1207.17711602997,"",5000,1,0,0.00522250078956635,0.00275482690720476,0.194795678707965,0.00194815161198258,0.037965041886505,0.00073668539032052,0.182114202021462,0.00012790890994651,-6.51014271498037,0.937294952609127,0.9284,0.00364618814654428,0.928,0.00365557109081467,0.2438,0.00607225757029459,5000,0.213767107156038,-2.16,0.364618814654428
150,2000,200,0.4,0.9,0,0.6,"joint-score",0.746898492159679,1444.67494715168,1188.72767629301,"",5000,1,0,-0.000471746277092289,0.00272212626231884,0.192483393933164,0.0019250264516029,0.0370426695131916,0.000744072959210721,0.190929958452781,0.000176031661981465,-0.807049090646528,0.996235218040622,0.9526,0.00300510365877785,0.9524,0.00301112072159188,0.2258,0.0059129410617729,5000,0.232873663936669,0.260000000000005,0.300510365877785
150,2000,200,0.4,0.9,0,0.6,"normal-recon",0.756942207661107,1444.67494715168,1188.72767629301,"",5000,1,0,-0.000471746277092289,0.00272212626231884,0.192483393933164,0.0019250264516029,0.0370426695131916,0.000744072959210721,0.193418272891952,0.000159045494442918,0.485693305632839,1.0083485792566,0.9558,0.00290676314824583,0.9552,0.00292550713552368,0.2172,0.00583136622070677,5000,0.232873663936669,0.580000000000003,0.290676314824583
150,2000,200,0.4,0.9,0,0.6,"reported-cov",0.748739687240012,1444.67494715168,1188.72767629301,"",5000,1,0,-0.000471746277092289,0.00272212626231884,0.192483393933164,0.0019250264516029,0.0370426695131916,0.000744072959210721,0.191337535749478,0.000161425111454439,-0.595302358438299,0.997677453011778,0.9536,0.00297479545515318,0.9532,0.00298696367570816,0.2248,0.00590364226558486,5000,0.232873663936669,0.360000000000005,0.297479545515318
150,2000,200,0.4,0.9,0,0.6,"target-fixed",0.70109684327944,1444.67494715168,1188.72767629301,"",5000,1,0,-0.000471746277092289,0.00272212626231884,0.192483393933164,0.0019250264516029,0.0370426695131916,0.000744072959210721,0.17909641099021,0.000132739734166233,-6.95487681789424,0.933096129667781,0.9368,0.00344109749934523,0.9368,0.00344109749934523,0.2672,0.00625786161560001,5000,0.232873663936669,-1.32,0.344109749934523
151,2000,200,0.4,0.9,0.5,0.3,"joint-score",0.786159656480565,1436.65528288987,1214.11409942132,"",5000,1,0,-0.00637779282640176,0.00286118932913021,0.202316637688656,0.0020233687238768,0.0409645117226023,0.000812653252389515,0.20087776664805,0.000162938741133192,-0.711197584659795,0.996247941670637,0.947,0.00316831185333767,0.9492,0.00310545842026584,0.077,0.00377017240985078,5000,0.106883553578019,-0.3,0.316831185333767
151,2000,200,0.4,0.9,0.5,0.3,"normal-recon",0.826486551294253,1436.65528288987,1214.11409942132,"",5000,1,0,-0.00637779282640176,0.00286118932913021,0.202316637688656,0.0020233687238768,0.0409645117226023,0.000812653252389515,0.211167303778204,0.000166905725815456,4.37466052750863,1.0471058697352,0.9584,0.00282380735886852,0.959,0.00280424677944007,0.0648,0.00348140661227614,5000,0.106883553578019,0.840000000000007,0.282380735886852
151,2000,200,0.4,0.9,0.5,0.3,"reported-cov",0.826148636332418,1436.65528288987,1214.11409942132,"",5000,1,0,-0.00637779282640176,0.00286118932913021,0.202316637688656,0.0020233687238768,0.0409645117226023,0.000812653252389515,0.21110098826392,0.000172158583971038,4.34188244507199,1.04698689499602,0.9584,0.00282380735886852,0.9592,0.00279769047608916,0.065,0.00348640215695206,5000,0.106883553578019,0.840000000000007,0.282380735886852
151,2000,200,0.4,0.9,0.5,0.3,"target-fixed",0.783678434768323,1436.65528288987,1214.11409942132,"",5000,1,0,-0.00637779282640176,0.00286118932913021,0.202316637688656,0.0020233687238768,0.0409645117226023,0.000812653252389515,0.200214240732172,0.00015392412128026,-1.03916167276324,0.992627294035073,0.9474,0.00315699984162179,0.9464,0.00318518570887162,0.0804,0.0038454086908936,5000,0.106883553578019,-0.259999999999994,0.315699984162179
152,2000,200,0.4,0.9,0.5,0.6,"joint-score",0.770211977460748,1449.29935185655,1177.06426903711,"",5000,1,0,0.00257799498050638,0.00281779045870492,0.1992478741313,0.0019926780190793,0.039698421460893,0.000783526948256779,0.196850825094663,0.000171770518224054,-1.20304873870701,0.991822103409184,0.9476,0.00315132480077824,0.947,0.00316831185333767,0.0958,0.00416226765117286,5000,0.116436831968334,-0.239999999999996,0.315132480077824
152,2000,200,0.4,0.9,0.5,0.6,"normal-recon",0.818065635832743,1449.29935185655,1177.06426903711,"",5000,1,0,0.00257799498050638,0.00281779045870492,0.1992478741313,0.0019926780190793,0.039698421460893,0.000783526948256779,0.209077964052833,0.000181197524777196,4.9335983956621,1.05337386228268,0.9594,0.00279111590586991,0.959,0.00280424677944007,0.0786,0.00380583867235594,5000,0.116436831968334,0.940000000000007,0.279111590586991
152,2000,200,0.4,0.9,0.5,0.6,"reported-cov",0.810418314268763,1449.29935185655,1177.06426903711,"",5000,1,0,0.00257799498050638,0.00281779045870492,0.1992478741313,0.0019926780190793,0.039698421460893,0.000783526948256779,0.207143928102792,0.000184596430901362,3.96293009695452,1.04385281032784,0.9584,0.00282380735886852,0.9572,0.00286245209566902,0.0812,0.00386281141139456,5000,0.116436831968334,0.840000000000007,0.282380735886852
152,2000,200,0.4,0.9,0.5,0.6,"target-fixed",0.766611045227918,1449.29935185655,1177.06426903711,"",5000,1,0,0.00257799498050638,0.00281779045870492,0.1992478741313,0.0019926780190793,0.039698421460893,0.000783526948256779,0.195892382517962,0.000160900889102817,-1.68407900358677,0.986568102501736,0.945,0.0032241277890307,0.9446,0.00323514574633045,0.1014,0.00426891180513254,5000,0.116436831968334,-0.5,0.32241277890307
153,2000,200,0.4,0.9,1,0.3,"joint-score",0.853205432308075,1435.81016453042,1210.07126129257,"",5000,1,0,-0.00212010098732331,0.00310537232744388,0.219582983084462,0.00219604944677064,0.0482115379511756,0.000967524563271877,0.218010863796597,0.000176352988457953,-0.715956794912775,0.996182431420665,0.9488,0.0031170036894428,0.9476,0.00315132480077824,0.0512,0.0031170036894428,5000,0,-0.119999999999998,0.31170036894428
153,2000,200,0.4,0.9,1,0.3,"normal-recon",0.92437371494093,1435.81016453042,1210.07126129257,"",5000,1,0,-0.00212010098732331,0.00310537232744388,0.219582983084462,0.00219604944677064,0.0482115379511756,0.000967524563271877,0.23626373401008,0.00020785992099649,7.59655902807452,1.08022881090585,0.9654,0.0025846794772273,0.9654,0.0025846794772273,0.0346,0.0025846794772273,5000,0,1.54000000000001,0.25846794772273
153,2000,200,0.4,0.9,1,0.3,"reported-cov",0.924192059735389,1435.81016453042,1210.07126129257,"",5000,1,0,-0.00212010098732331,0.00310537232744388,0.219582983084462,0.00219604944677064,0.0482115379511756,0.000967524563271877,0.236242458220021,0.000213823006915229,7.58686984826658,1.08037366388125,0.9652,0.00259187036712873,0.9654,0.0025846794772273,0.0348,0.00259187036712873,5000,0,1.52,0.259187036712873
153,2000,200,0.4,0.9,1,0.3,"target-fixed",0.886079015896237,1435.81016453042,1210.07126129257,"",5000,1,0,-0.00212010098732331,0.00310537232744388,0.219582983084462,0.00219604944677064,0.0482115379511756,0.000967524563271877,0.226483135127745,0.000200809032659893,3.14238924453851,1.03557288052974,0.9562,0.00289418589589542,0.9566,0.00288154264240528,0.0438,0.00289418589589542,5000,0,0.620000000000009,0.289418589589542
154,2000,200,0.4,0.9,1,0.6,"joint-score",0.830707890874736,1445.77192377505,1174.48370639149,"",5000,1,0,0.00495844678331482,0.0030502869559562,0.21568785911215,0.00215709431133918,0.046536534512372,0.000951016230435046,0.212282950715205,0.000176940372817982,-1.57862774982389,0.987724774714835,0.9464,0.00318518570887162,0.9472,0.00316266216975509,0.0536,0.00318518570887162,5000,0,-0.359999999999994,0.318518570887162
154,2000,200,0.4,0.9,1,0.6,"normal-recon",0.910404988633932,1445.77192377505,1174.48370639149,"",5000,1,0,0.00495844678331482,0.0030502869559562,0.21568785911215,0.00215709431133918,0.046536534512372,0.000951016230435046,0.232751848891072,0.000218220651836129,7.91142804660578,1.08395424746847,0.965,0.00259903828367341,0.9652,0.00259187036712873,0.035,0.00259903828367341,5000,0,1.5,0.259903828367341
154,2000,200,0.4,0.9,1,0.6,"reported-cov",0.903449214075986,1445.77192377505,1174.48370639149,"",5000,1,0,0.00495844678331482,0.0030502869559562,0.21568785911215,0.00215709431133918,0.046536534512372,0.000951016230435046,0.231004106850447,0.000223329067329491,7.10111723550122,1.07611127873307,0.9634,0.00265557677350891,0.9638,0.00264157377334043,0.0366,0.00265557677350891,5000,0,1.34000000000001,0.265557677350891
154,2000,200,0.4,0.9,1,0.6,"target-fixed",0.864090562303718,1445.77192377505,1174.48370639149,"",5000,1,0,0.00495844678331482,0.0030502869559562,0.21568785911215,0.00215709431133918,0.046536534512372,0.000951016230435046,0.220906450338,0.000205602777686999,2.41951088361261,1.02872356136741,0.9532,0.00298696367570816,0.9528,0.00299907185642492,0.0468,0.00298696367570816,5000,0,0.320000000000009,0.298696367570816
155,2000,200,0.8,0,0,0.3,"joint-score",0.777331109217053,594.599527570872,416.44404245232,"imbalance",5000,0.9998,0.000199979998999889,0.00165527016991679,0.00281138006076692,0.198774710092967,0.00198814476965445,0.0395062214340324,0.000793292176348432,0.198646582637888,0.000168047721940226,-0.0644586300838967,1.00312422138998,0.951590318063613,0.00303563501465994,0.951790358071614,0.00302967494242466,0.0484096819363873,0.00303563501465994,4999,0,0.159031806361276,0.303563501465994
155,2000,200,0.8,0,0,0.3,"normal-recon",0.778870570508644,594.599527570872,416.44404245232,"imbalance",5000,0.9998,0.000199979998999889,0.00165527016991679,0.00281138006076692,0.198774710092967,0.00198814476965445,0.0395062214340324,0.000793292176348432,0.19903018343216,0.000165954921253496,0.128524065799729,1.0049595651104,0.950590118023605,0.00306522237782839,0.95119023804761,0.00304751231078156,0.0494098819763953,0.00306522237782839,4999,0,0.0590118023604758,0.306522237782839
155,2000,200,0.8,0,0,0.3,"reported-cov",0.778784043041499,594.599527570872,416.44404245232,"imbalance",5000,0.9998,0.000199979998999889,0.00165527016991679,0.00281138006076692,0.198774710092967,0.00198814476965445,0.0395062214340324,0.000793292176348432,0.199008532434265,0.000166055473737779,0.117631836157095,1.00485520192938,0.950590118023605,0.00306522237782839,0.950790158031606,0.0030593330299406,0.0494098819763953,0.00306522237782839,4999,0,0.0590118023604758,0.306522237782839
155,2000,200,0.8,0,0,0.3,"target-fixed",0.772381320697598,594.599527570872,416.44404245232,"imbalance",5000,0.9998,0.000199979998999889,0.00165527016991679,0.00281138006076692,0.198774710092967,0.00198814476965445,0.0395062214340324,0.000793292176348432,0.197361182036961,0.000161758365974031,-0.711120672919152,0.996416068398856,0.949189837967593,0.00310606300947247,0.94878975795159,0.00311761038785424,0.0508101620324065,0.00310606300947247,4999,0,-0.081016203240647,0.310606300947247
156,2000,200,0.8,0,0,0.6,"joint-score",0.753796892838074,599.477865392316,404.736085726748,"",5000,1,0,-0.00434723027881742,0.00274428528857644,0.194050273706288,0.00194069681644898,0.0376668760348372,0.00078330835296834,0.192660748844396,0.000170253119937964,-0.716064365874247,0.996807345775618,0.9498,0.00308804015517933,0.9512,0.00304691844328003,0.0502,0.00308804015517933,5000,0,-0.0199999999999978,0.308804015517933
156,2000,200,0.8,0,0,0.6,"normal-recon",0.755258385425582,599.477865392316,404.736085726748,"",5000,1,0,-0.00434723027881742,0.00274428528857644,0.194050273706288,0.00194069681644898,0.0376668760348372,0.00078330835296834,0.193022193080802,0.000167695087224146,-0.529801172577826,0.998547999083962,0.9504,0.00307049963361014,0.9514,0.0030409879973456,0.0496,0.00307049963361014,5000,0,0.0400000000000067,0.307049963361014
156,2000,200,0.8,0,0,0.6,"reported-cov",0.755058232954155,599.477865392316,404.736085726748,"",5000,1,0,-0.00434723027881742,0.00274428528857644,0.194050273706288,0.00194069681644898,0.0376668760348372,0.00078330835296834,0.192971739357848,0.000167788784670512,-0.555801508464737,0.998293126631951,0.9504,0.00307049963361014,0.951,0.00305283474822991,0.0496,0.00307049963361014,5000,0,0.0400000000000067,0.307049963361014
156,2000,200,0.8,0,0,0.6,"target-fixed",0.748524075743279,599.477865392316,404.736085726748,"",5000,1,0,-0.00434723027881742,0.00274428528857644,0.194050273706288,0.00194069681644898,0.0376668760348372,0.00078330835296834,0.191286786074954,0.000162601013943841,-1.42410911283598,0.989412106605042,0.9468,0.00317394895989208,0.9472,0.00316266216975509,0.0532,0.00317394895989208,5000,0,-0.319999999999998,0.317394895989208
157,2000,200,0.8,0.45,0,0.3,"joint-score",0.820717508757505,595.356394901998,418.301149436822,"imbalance",5000,0.9998,0.000199979998999889,-0.00049816435514824,0.00309027637893242,0.218493685681852,0.00218537397532981,0.0477301890424665,0.000955978056550021,0.209823201431573,0.000198959404059431,-3.9682996894037,0.964815848907934,0.938987797559512,0.00338529685045831,0.939187837567513,0.0033801026146097,0.170234046809362,0.00531568758771243,4999,0.203060061667473,-1.10122024404881,0.338529685045831
157,2000,200,0.8,0.45,0,0.3,"normal-recon",0.822056370915744,595.356394901998,418.301149436822,"imbalance",5000,0.9998,0.000199979998999889,-0.00049816435514824,0.00309027637893242,0.218493685681852,0.00218537397532981,0.0477301890424665,0.000955978056550021,0.210141728422477,0.00019395341403132,-3.82251653328624,0.966054252682196,0.938587717543509,0.00339565441377279,0.938587717543509,0.00339565441377279,0.169633926785357,0.00530822823465096,4999,0.203060061667473,-1.14122824564913,0.339565441377279
157,2000,200,0.8,0.45,0,0.3,"reported-cov",0.821841972575215,595.356394901998,418.301149436822,"imbalance",5000,0.9998,0.000199979998999889,-0.00049816435514824,0.00309027637893242,0.218493685681852,0.00218537397532981,0.0477301890424665,0.000955978056550021,0.210089149104526,0.000194413327814735,-3.84658098978857,0.965833947745126,0.938987797559512,0.00338529685045831,0.938587717543509,0.00339565441377279,0.169433886777355,0.00530573643574574,4999,0.203060061667473,-1.10122024404881,0.338529685045831
157,2000,200,0.8,0.45,0,0.3,"target-fixed",0.80342231528791,595.356394901998,418.301149436822,"imbalance",5000,0.9998,0.000199979998999889,-0.00049816435514824,0.00309027637893242,0.218493685681852,0.00218537397532981,0.0477301890424665,0.000955978056550021,0.205360031105081,0.000185365310912992,-6.01099960201807,0.943898393043078,0.932386477295459,0.00355118417323167,0.932586517303461,0.00354630741317025,0.180436087217443,0.0054389059073415,4999,0.203060061667473,-1.76135227045409,0.355118417323167
158,2000,200,0.8,0.45,0,0.6,"joint-score",0.80667032757317,596.608558054702,401.014878066633,"",5000,1,0,-0.00271019346708792,0.00297897961616908,0.210645668760966,0.00210666736488054,0.04437006859683,0.000863788019107522,0.206367442891871,0.000227040844406941,-2.03100585654529,0.985698542706232,0.9464,0.00318518570887162,0.9472,0.00316266216975509,0.1912,0.00556134084551559,5000,0.22152092579085,-0.359999999999994,0.318518570887162
158,2000,200,0.8,0.45,0,0.6,"normal-recon",0.810283275795889,596.608558054702,401.014878066633,"",5000,1,0,-0.00271019346708792,0.00297897961616908,0.210645668760966,0.00210666736488054,0.04437006859683,0.000863788019107522,0.207257113639038,0.000221168745657153,-1.60865169545569,0.989597635498949,0.947,0.00316831185333767,0.9476,0.00315132480077824,0.19,0.00554797260267208,5000,0.22152092579085,-0.3,0.316831185333767
158,2000,200,0.8,0.45,0,0.6,"reported-cov",0.808182803160338,596.608558054702,401.014878066633,"",5000,1,0,-0.00271019346708792,0.00297897961616908,0.210645668760966,0.00210666736488054,0.04437006859683,0.000863788019107522,0.206728584685456,0.000222557507731513,-1.85956070141399,0.987172838783978,0.9468,0.00317394895989208,0.9468,0.00317394895989208,0.1908,0.0055568940965255,5000,0.22152092579085,-0.319999999999998,0.317394895989208
158,2000,200,0.8,0.45,0,0.6,"target-fixed",0.789140780360101,596.608558054702,401.014878066633,"",5000,1,0,-0.00271019346708792,0.00297897961616908,0.210645668760966,0.00210666736488054,0.04437006859683,0.000863788019107522,0.201826855215278,0.000211213396943412,-4.18656296023605,0.96346203299236,0.9396,0.00336903072114221,0.9406,0.00334280241713446,0.2058,0.00571745327921444,5000,0.22152092579085,-1.04,0.336903072114221
159,2000,200,0.8,0.45,0.5,0.3,"joint-score",0.842829802443563,595.916437467258,424.304649504775,"",5000,1,0,-0.00340117292841886,0.00309594421982388,0.218916315201276,0.00218938210117089,0.0479263361679814,0.00095301745118518,0.215464881143294,0.000201180895718615,-1.57659974077707,0.988613016015249,0.9468,0.00317394895989208,0.947,0.00316831185333767,0.0788,0.00381026403284602,5000,0.101530030833737,-0.319999999999998,0.317394895989208
159,2000,200,0.8,0.45,0.5,0.3,"normal-recon",0.85395019809814,595.916437467258,424.304649504775,"",5000,1,0,-0.00340117292841886,0.00309594421982388,0.218916315201276,0.00218938210117089,0.0479263361679814,0.00095301745118518,0.218291946273204,0.000200032835278962,-0.28520895187647,1.00142502663866,0.9498,0.00308804015517933,0.9494,0.00309966578843591,0.0746,0.00371577286711661,5000,0.101530030833737,-0.0199999999999978,0.308804015517933
159,2000,200,0.8,0.45,0.5,0.3,"reported-cov",0.853740772829926,595.916437467258,424.304649504775,"",5000,1,0,-0.00340117292841886,0.00309594421982388,0.218916315201276,0.00218938210117089,0.0479263361679814,0.00095301745118518,0.218240940372055,0.000200557202443877,-0.308508220869819,1.00121487193044,0.9502,0.00307636018697421,0.9494,0.00309966578843591,0.0746,0.00371577286711661,5000,0.101530030833737,0.0200000000000089,0.307636018697421
159,2000,200,0.8,0.45,0.5,0.3,"target-fixed",0.836006903410788,595.916437467258,424.304649504775,"",5000,1,0,-0.00340117292841886,0.00309594421982388,0.218916315201276,0.00218938210117089,0.0479263361679814,0.00095301745118518,0.213687996008636,0.000191867662873111,-2.38827297446228,0.98014134030958,0.9444,0.00324063697442339,0.9446,0.00323514574633045,0.084,0.00392285610238255,5000,0.101530030833737,-0.559999999999994,0.324063697442339
160,2000,200,0.8,0.45,0.5,0.6,"joint-score",0.824273645433953,602.125533302622,406.302195541887,"",5000,1,0,0.00298763045796659,0.00309358119558781,0.218749224155133,0.00218771102359333,0.0478505787596121,0.000945182588772243,0.210810174360801,0.000217368197842224,-3.62929277806329,0.968912399204147,0.9404,0.00334806929438445,0.9408,0.0033375248313683,0.0918,0.0040834485425924,5000,0.110760462895425,-0.959999999999994,0.334806929438445
160,2000,200,0.8,0.45,0.5,0.6,"normal-recon",0.83687683804089,602.125533302622,406.302195541887,"",5000,1,0,0.00298763045796659,0.00309358119558781,0.218749224155133,0.00218771102359333,0.0478505787596121,0.000945182588772243,0.214013231216498,0.000216135904691179,-2.16503302214036,0.983423633322007,0.9444,0.00324063697442339,0.9434,0.00326791799162708,0.0864,0.00397328680062238,5000,0.110760462895425,-0.559999999999994,0.324063697442339
160,2000,200,0.8,0.45,0.5,0.6,"reported-cov",0.834941944117184,602.125533302622,406.302195541887,"",5000,1,0,0.00298763045796659,0.00309358119558781,0.218749224155133,0.00218771102359333,0.0478505787596121,0.000945182588772243,0.213526663772935,0.000217416762235193,-2.38746464238612,0.981269511230383,0.9436,0.00326248494249399,0.9426,0.0032895361375124,0.0868,0.00398160168776336,5000,0.110760462895425,-0.639999999999996,0.326248494249399
160,2000,200,0.8,0.45,0.5,0.6,"target-fixed",0.816394604582879,602.125533302622,406.302195541887,"",5000,1,0,0.00298763045796659,0.00309358119558781,0.218749224155133,0.00218771102359333,0.0478505787596121,0.000945182588772243,0.208748369218164,0.00020523605649185,-4.57183561477504,0.958977731783415,0.9364,0.0034512328232097,0.9366,0.00344617004803884,0.0966,0.00417776112289824,5000,0.110760462895425,-1.35999999999999,0.34512328232097
161,2000,200,0.8,0.45,1,0.3,"joint-score",0.873866633567877,597.330030473502,421.134433047985,"",5000,1,0,0.000774113383183152,0.00321955163424907,0.227656679295775,0.00227679448379124,0.0518177973667836,0.00102919003457524,0.223415436190966,0.000212108774941393,-1.86299963520877,0.985880557975193,0.9454,0.00321306209090332,0.946,0.00319637294444813,0.0546,0.00321306209090332,5000,0,-0.459999999999994,0.321306209090332
161,2000,200,0.8,0.45,1,0.3,"normal-recon",0.893097065380667,597.330030473502,421.134433047985,"",5000,1,0,0.000774113383183152,0.00321955163424907,0.227656679295775,0.00227679448379124,0.0518177973667836,0.00102919003457524,0.228323256293371,0.000214483908371319,0.292799227177665,1.00744329997172,0.9502,0.00307636018697421,0.9498,0.00308804015517933,0.0498,0.00307636018697421,5000,0,0.0200000000000089,0.307636018697421
161,2000,200,0.8,0.45,1,0.3,"reported-cov",0.892908101324022,597.330030473502,421.134433047985,"",5000,1,0,0.000774113383183152,0.00321955163424907,0.227656679295775,0.00227679448379124,0.0518177973667836,0.00102919003457524,0.228278370416504,0.000215171841171161,0.273082750153431,1.00727528939125,0.9502,0.00307636018697421,0.9502,0.00307636018697421,0.0498,0.00307636018697421,5000,0,0.0200000000000089,0.307636018697421
161,2000,200,0.8,0.45,1,0.3,"target-fixed",0.875775961980119,597.330030473502,421.134433047985,"",5000,1,0,0.000774113383183152,0.00321955163424907,0.227656679295775,0.00227679448379124,0.0518177973667836,0.00102919003457524,0.223875712040634,0.000205813065620401,-1.66081982168783,0.987636549529709,0.9438,0.00325704037432759,0.9436,0.00326248494249399,0.0562,0.00325704037432759,5000,0,-0.619999999999998,0.325704037432759
162,2000,200,0.8,0.45,1,0.6,"joint-score",0.852257106711032,598.029308872716,399.474828759036,"imbalance",5000,0.9998,0.000199979998999889,-0.00192212386244709,0.00315590223614486,0.223133670479371,0.00223178310605951,0.049782369742815,0.000986399013723623,0.21796146910678,0.000223038751188808,-2.3179833691076,0.982115550768198,0.944588917783557,0.0032357739234047,0.944588917783557,0.0032357739234047,0.0554110822164433,0.0032357739234047,4999,0,-0.541108221644326,0.32357739234047
162,2000,200,0.8,0.45,1,0.6,"normal-recon",0.873534451877066,598.029308872716,399.474828759036,"imbalance",5000,0.9998,0.000199979998999889,-0.00192212386244709,0.00315590223614486,0.223133670479371,0.00223178310605951,0.049782369742815,0.000986399013723623,0.223392080052398,0.000225929905966581,0.115809313974191,1.00646451430133,0.9499899979996,0.0030828073375221,0.949189837967593,0.00310606300947247,0.0500100020004001,0.0030828073375221,4999,0,-0.00100020004000223,0.30828073375221
162,2000,200,0.8,0.45,1,0.6,"reported-cov",0.871606777463536,598.029308872716,399.474828759036,"imbalance",5000,0.9998,0.000199979998999889,-0.00192212386244709,0.00315590223614486,0.223133670479371,0.00223178310605951,0.049782369742815,0.000986399013723623,0.222905279655116,0.000226737779271394,-0.102356055795594,1.0043300859945,0.9499899979996,0.0030828073375221,0.949789957991598,0.0030886415588927,0.0500100020004001,0.0030828073375221,4999,0,-0.00100020004000223,0.30828073375221
162,2000,200,0.8,0.45,1,0.6,"target-fixed",0.854003017853113,598.029308872716,399.474828759036,"imbalance",5000,0.9998,0.000199979998999889,-0.00192212386244709,0.00315590223614486,0.223133670479371,0.00223178310605951,0.049782369742815,0.000986399013723623,0.218372230072334,0.000215612918210422,-2.13389597222498,0.983614738372103,0.943188637727545,0.0032739746577902,0.943188637727545,0.0032739746577902,0.0568113622724545,0.0032739746577902,4999,0,-0.681136227245449,0.32739746577902
163,2000,200,0.8,0.9,0,0.3,"joint-score",0.894057037828183,593.978042576183,418.866970824734,"imbalance",5000,0.9998,0.000199979998999889,0.00152509749402235,0.00335270851906655,0.237048584502615,0.00237096008447173,0.0561831166826458,0.00114527835484431,0.228819410326383,0.000268453114830722,-3.47151373778433,0.972097148694849,0.941788357671534,0.00331161633733904,0.941588317663533,0.00331694919632671,0.427285457091418,0.00699659270729843,4999,0.406120123334946,-0.821164232846561,0.331161633733904
163,2000,200,0.8,0.9,0,0.3,"normal-recon",0.895846156559662,593.978042576183,418.866970824734,"imbalance",5000,0.9998,0.000199979998999889,0.00152509749402235,0.00335270851906655,0.237048584502615,0.00237096008447173,0.0561831166826458,0.00114527835484431,0.229220084367751,0.000258458831959617,-3.30248761083701,0.973294937337906,0.942788557711542,0.00328478562394344,0.943188637727545,0.0032739746577902,0.424884976995399,0.0069915179273452,4999,0.406120123334946,-0.72114422884576,0.328478562394344
163,2000,200,0.8,0.9,0,0.3,"reported-cov",0.895525310156748,593.978042576183,418.866970824734,"imbalance",5000,0.9998,0.000199979998999889,0.00152509749402235,0.00335270851906655,0.237048584502615,0.00237096008447173,0.0561831166826458,0.00114527835484431,0.229146426375767,0.000260008919349177,-3.33356056245928,0.973059596252849,0.942388477695539,0.00329555140944018,0.942588517703541,0.00329017413651105,0.425685137027405,0.00699322824427519,4999,0.406120123334946,-0.761152230446083,0.329555140944018
163,2000,200,0.8,0.9,0,0.3,"target-fixed",0.848038318206646,593.978042576183,418.866970824734,"imbalance",5000,0.9998,0.000199979998999889,0.00152509749402235,0.00335270851906655,0.237048584502615,0.00237096008447173,0.0561831166826458,0.00114527835484431,0.21695601650108,0.000239754286586037,-8.47613920314859,0.920992124610287,0.925785157031406,0.0037073101893578,0.925785157031406,0.0037073101893578,0.462292458491698,0.00705163621986808,4999,0.406120123334946,-2.42148429685937,0.37073101893578
164,2000,200,0.8,0.9,0,0.6,"joint-score",0.88454282953719,600.28751416177,405.401595649176,"imbalance",5000,0.9998,0.000199979998999889,-0.00528815795570592,0.00326126089244539,0.230582907476595,0.00230629037897678,0.0531858060123157,0.00111533668891152,0.226499517003284,0.000286304289545949,-1.77089903063404,0.990302376935318,0.941388277655531,0.00332227108567168,0.942588517703541,0.00329017413651105,0.491698339667934,0.00707080021852493,4999,0.4430418515817,-0.861172234446883,0.332227108567168
164,2000,200,0.8,0.9,0,0.6,"normal-recon",0.892733106186096,600.28751416177,405.401595649176,"imbalance",5000,0.9998,0.000199979998999889,-0.00528815795570592,0.00326126089244539,0.230582907476595,0.00230629037897678,0.0531858060123157,0.00111533668891152,0.228520711089807,0.000274952305509996,-0.894340525651205,0.998401186250042,0.944788957791558,0.00323026988563598,0.944788957791558,0.00323026988563598,0.484096819363873,0.00706819705802414,4999,0.4430418515817,-0.52110422084416,0.323026988563598
164,2000,200,0.8,0.9,0,0.6,"reported-cov",0.885577082342843,600.28751416177,405.401595649176,"imbalance",5000,0.9998,0.000199979998999889,-0.00528815795570592,0.00326126089244539,0.230582907476595,0.00230629037897678,0.0531858060123157,0.00111533668891152,0.226706686387022,0.000276449041555229,-1.681053089317,0.990667601025716,0.942588517703541,0.00329017413651105,0.942788557711542,0.00328478562394344,0.490698139627926,0.00707055115372537,4999,0.4430418515817,-0.741148229645927,0.329017413651105
164,2000,200,0.8,0.9,0,0.6,"target-fixed",0.837339126737684,600.28751416177,405.401595649176,"imbalance",5000,0.9998,0.000199979998999889,-0.00528815795570592,0.00326126089244539,0.230582907476595,0.00230629037897678,0.0531858060123157,0.00111533668891152,0.214297536648951,0.000251182197077297,-7.06269645303014,0.935920078891318,0.929185837167434,0.00362802094014992,0.929585917183437,0.00361853654297917,0.529905981196239,0.00705911415662569,4999,0.4430418515817,-2.08141628325664,0.362802094014992
165,2000,200,0.8,0.9,0.5,0.3,"joint-score",0.925124443879606,594.298873922704,417.077599164344,"imbalance",5000,0.9998,0.000199979998999889,-0.00379155294533476,0.00347334117655101,0.245577748472241,0.00245626878761513,0.0603107423195038,0.00120954569527498,0.236680245299433,0.000259917710605505,-3.62309013261982,0.969754874643348,0.941388277655531,0.00332227108567168,0.940788157631526,0.0033381714599613,0.143828765753151,0.00496319826789385,4999,0.203060061667473,-0.861172234446883,0.332227108567168
165,2000,200,0.8,0.9,0.5,0.3,"normal-recon",0.960071453924272,594.298873922704,417.077599164344,"imbalance",5000,0.9998,0.000199979998999889,-0.00379155294533476,0.00347334117655101,0.245577748472241,0.00245626878761513,0.0603107423195038,0.00120954569527498,0.24558123612287,0.000261069435027075,0.00142018185735893,1.00584791182947,0.949189837967593,0.00310606300947247,0.948589717943589,0.0031233642233772,0.124824964992999,0.00467473092737408,4999,0.203060061667473,-0.081016203240647,0.310606300947247
165,2000,200,0.8,0.9,0.5,0.3,"reported-cov",0.959724303294599,594.298873922704,417.077599164344,"imbalance",5000,0.9998,0.000199979998999889,-0.00379155294533476,0.00347334117655101,0.245577748472241,0.00245626878761513,0.0603107423195038,0.00120954569527498,0.245506112948422,0.000263692048286063,-0.0291702013983541,1.00565712621196,0.948989797959592,0.00311184334108207,0.948989797959592,0.00311184334108207,0.125025005001,0.00467794049241225,4999,0.203060061667473,-0.101020204040803,0.311184334108208
165,2000,200,0.8,0.9,0.5,0.3,"target-fixed",0.915204645384483,594.298873922704,417.077599164344,"imbalance",5000,0.9998,0.000199979998999889,-0.00379155294533476,0.00347334117655101,0.245577748472241,0.00245626878761513,0.0603107423195038,0.00120954569527498,0.234082581292348,0.000245067186949613,-4.6808667525481,0.958590503815847,0.93618723744749,0.00345695369991589,0.935987197439488,0.00346199795201213,0.152630526105221,0.00508645889927754,4999,0.203060061667473,-1.38127625525104,0.345695369991589
166,2000,200,0.8,0.9,0.5,0.6,"joint-score",0.911008511838869,598.494326256538,397.230878330475,"imbalance",5000,0.9998,0.000199979998999889,0.000902544871128452,0.00338775921093267,0.239526794834784,0.0023957471457015,0.0573624231185977,0.00117976879595229,0.23323129607556,0.00028708101999788,-2.6283066842546,0.981258837557558,0.945389077815563,0.0032136862678871,0.944788957791558,0.00323026988563598,0.163832766553311,0.00523486379872085,4999,0.22152092579085,-0.461092218443682,0.32136862678871
166,2000,200,0.8,0.9,0.5,0.6,"normal-recon",0.952183041780717,598.494326256538,397.230878330475,"imbalance",5000,0.9998,0.000199979998999889,0.000902544871128452,0.00338775921093267,0.239526794834784,0.0023957471457015,0.0573624231185977,0.00117976879595229,0.2437236065306,0.000290730835746071,1.75212618642993,1.02493718848457,0.952790558111622,0.00299965692793862,0.952590518103621,0.00300568984075586,0.144628925785157,0.00497465871876165,4999,0.22152092579085,0.279055811162232,0.299965692793862
166,2000,200,0.8,0.9,0.5,0.6,"reported-cov",0.945423069042973,598.494326256538,397.230878330475,"imbalance",5000,0.9998,0.000199979998999889,0.000902544871128452,0.00338775921093267,0.239526794834784,0.0023957471457015,0.0573624231185977,0.00117976879595229,0.242014368800332,0.000292619596053819,1.03853682309911,1.01794477576205,0.951990398079616,0.00302370047486162,0.951790358071614,0.00302967494242466,0.146029205841168,0.00499458952882271,4999,0.22152092579085,0.199039807961598,0.302370047486162
166,2000,200,0.8,0.9,0.5,0.6,"target-fixed",0.900143771532264,598.494326256538,397.230878330475,"imbalance",5000,0.9998,0.000199979998999889,0.000902544871128452,0.00338775921093267,0.239526794834784,0.0023957471457015,0.0573624231185977,0.00117976879595229,0.23037399502054,0.00026988226368281,-3.82120080576221,0.968556416167457,0.938987797559512,0.00338529685045831,0.939187837567513,0.0033801026146097,0.174434886977395,0.00536723698778919,4999,0.22152092579085,-1.10122024404881,0.338529685045831
167,2000,200,0.8,0.9,1,0.3,"joint-score",0.98675756866153,595.87301720074,418.598268039616,"imbalance",5000,0.9998,0.000199979998999889,0.0038425710546914,0.00370752192453296,0.262135171973625,0.00262187614741375,0.0687158680191315,0.00140927640886839,0.252362468665282,0.000260028352587839,-3.72811600776951,0.96800741066398,0.940188037607521,0.00335397497591674,0.93998799759952,0.00335922152700986,0.0598119623924785,0.00335397497591673,4999,0,-0.98119623924785,0.335397497591674
167,2000,200,0.8,0.9,1,0.3,"normal-recon",1.04930763048209,595.87301720074,418.598268039616,"imbalance",5000,0.9998,0.000199979998999889,0.0038425710546914,0.00370752192453296,0.262135171973625,0.00262187614741375,0.0687158680191315,0.00140927640886839,0.268369518769957,0.000276863729835678,2.37829465973354,1.02942034631549,0.957391478295659,0.00285661323324233,0.957191438287658,0.00286301189636305,0.0426085217043409,0.00285661323324233,4999,0,0.739147829565923,0.285661323324233
167,2000,200,0.8,0.9,1,0.3,"reported-cov",1.04900920060221,595.87301720074,418.598268039616,"imbalance",5000,0.9998,0.000199979998999889,0.0038425710546914,0.00370752192453296,0.262135171973625,0.00262187614741375,0.0687158680191315,0.00140927640886839,0.268308109360681,0.000279823178573773,2.35486804024803,1.02930374227492,0.956791358271654,0.00287575816067123,0.956791358271654,0.00287575816067123,0.0432086417283457,0.00287575816067123,4999,0,0.679135827165434,0.287575816067123
167,2000,200,0.8,0.9,1,0.3,"target-fixed",1.0090870621499,595.87301720074,418.598268039616,"imbalance",5000,0.9998,0.000199979998999889,0.0038425710546914,0.00370752192453296,0.262135171973625,0.00262187614741375,0.0687158680191315,0.00140927640886839,0.258071059026812,0.000264134315656806,-1.55038826579966,0.989835118873654,0.943988797759552,0.00325221537936532,0.945189037807561,0.00321922611920269,0.0560112022404481,0.00325221537936532,4999,0,-0.601120224044804,0.325221537936532
168,2000,200,0.8,0.9,1,0.6,"joint-score",0.967966774528599,600.732788201206,399.884263978097,"",5000,1,0,0.00136600471771675,0.0035726409104358,0.252623861451364,0.00252649127627498,0.0638079175804114,0.00131236607233695,0.24772161077562,0.000288083698858593,-1.94053350605109,0.987300662407203,0.9458,0.00320194815698193,0.9454,0.00321306209090332,0.0542,0.00320194815698193,5000,0,-0.419999999999998,0.320194815698193
168,2000,200,0.8,0.9,1,0.6,"normal-recon",1.03648939949984,600.732788201206,399.884263978097,"",5000,1,0,0.00136600471771675,0.0035726409104358,0.252623861451364,0.00252649127627498,0.0638079175804114,0.00131236607233695,0.265248555180461,0.000304428273027056,4.99742726461645,1.05697130166724,0.9606,0.00275127752144345,0.9606,0.00275127752144345,0.0394,0.00275127752144345,5000,0,1.06000000000001,0.275127752144345
168,2000,200,0.8,0.9,1,0.6,"reported-cov",1.03036133166167,600.732788201206,399.884263978097,"",5000,1,0,0.00136600471771675,0.0035726409104358,0.252623861451364,0.00252649127627498,0.0638079175804114,0.00131236607233695,0.263705081017789,0.000307292660558434,4.38645007750325,1.05103161496663,0.9602,0.00276463234445378,0.9604,0.00275796446677618,0.0398,0.00276463234445378,5000,0,1.02000000000001,0.276463234445378
168,2000,200,0.8,0.9,1,0.6,"target-fixed",0.989117413068259,600.732788201206,399.884263978097,"",5000,1,0,0.00136600471771675,0.0035726409104358,0.252623861451364,0.00252649127627498,0.0638079175804114,0.00131236607233695,0.253108959857913,0.000287759324547876,0.192023985288969,1.00847412305064,0.9484,0.00312849612433834,0.9484,0.00312849612433834,0.0516,0.00312849612433834,5000,0,-0.159999999999993,0.312849612433834
169,2000,500,0,0,0,0.3,"joint-score",0.433679531877594,1972.73895410931,1936.62469571132,"",5000,1,0,0.000709648926896271,0.00158952522197673,0.11239640633268,0.00112407647659541,0.012630929167669,0.000244650396878286,0.110674260930038,4.19140137471234e-05,-1.53220681944621,0.985482228601888,0.9462,0.00319078548323136,0.9468,0.00317394895989208,0.0538,0.00319078548323136,5000,0,-0.379999999999991,0.319078548323136
169,2000,500,0,0,0,0.3,"normal-recon",0.43401266827123,1972.73895410931,1936.62469571132,"",5000,1,0,0.000709648926896271,0.00158952522197673,0.11239640633268,0.00112407647659541,0.012630929167669,0.000244650396878286,0.110758840950352,4.17144525481117e-05,-1.45695528510192,0.986227583042453,0.9466,0.00317957355631223,0.947,0.00316831185333767,0.0534,0.00317957355631223,5000,0,-0.339999999999996,0.317957355631223
169,2000,500,0,0,0,0.3,"reported-cov",0.434010500468421,1972.73895410931,1936.62469571132,"",5000,1,0,0.000709648926896271,0.00158952522197673,0.11239640633268,0.00112407647659541,0.012630929167669,0.000244650396878286,0.110758300483669,4.17213316621442e-05,-1.45743614271983,0.986223007734733,0.9466,0.00317957355631223,0.9468,0.00317394895989208,0.0534,0.00317957355631223,5000,0,-0.339999999999996,0.317957355631223
169,2000,500,0,0,0,0.3,"target-fixed",0.433365177268418,1972.73895410931,1936.62469571132,"",5000,1,0,0.000709648926896271,0.00158952522197673,0.11239640633268,0.00112407647659541,0.012630929167669,0.000244650396878286,0.110593680793626,4.16923331958435e-05,-1.60389962443982,0.984758293699181,0.946,0.00319637294444813,0.9466,0.00317957355631223,0.054,0.00319637294444813,5000,0,-0.4,0.319637294444813
170,2000,500,0,0,0,0.6,"joint-score",0.426746034502042,1975.9380973013,1940.74092941361,"",5000,1,0,-0.00489892840289778,0.00151776687962068,0.107322325284013,0.00107333059126644,0.0115397773875633,0.000230355063206604,0.10890285992689,4.02339567120544e-05,1.47269884312975,1.01552068116178,0.9514,0.0030409879973456,0.951,0.00305283474822991,0.0486,0.0030409879973456,5000,0,0.140000000000007,0.30409879973456
170,2000,500,0,0,0,0.6,"normal-recon",0.427172392688647,1975.9380973013,1940.74092941361,"",5000,1,0,-0.00489892840289778,0.00151776687962068,0.107322325284013,0.00107333059126644,0.0115397773875633,0.000230355063206604,0.109011367716102,4.01167312879651e-05,1.5738034259134,1.01652711720648,0.9514,0.0030409879973456,0.9514,0.0030409879973456,0.0486,0.0030409879973456,5000,0,0.140000000000007,0.30409879973456
170,2000,500,0,0,0,0.6,"reported-cov",0.427103473311734,1975.9380973013,1940.74092941361,"",5000,1,0,-0.00489892840289778,0.00151776687962068,0.107322325284013,0.00107333059126644,0.0115397773875633,0.000230355063206604,0.108993795490599,4.01183889364598e-05,1.55743010800689,1.01636353522244,0.9514,0.0030409879973456,0.951,0.00305283474822991,0.0486,0.0030409879973456,5000,0,0.140000000000007,0.30409879973456
170,2000,500,0,0,0,0.6,"target-fixed",0.426501910731397,1975.9380973013,1940.74092941361,"",5000,1,0,-0.00489892840289778,0.00151776687962068,0.107322325284013,0.00107333059126644,0.0115397773875633,0.000230355063206604,0.108840394609871,4.01248176189064e-05,1.41449537348473,1.01493523410052,0.9512,0.00304691844328003,0.9508,0.00305873699425106,0.0488,0.00304691844328003,5000,0,0.120000000000009,0.304691844328003
171,2000,500,0,0.45,0,0.3,"joint-score",0.44966806354001,1973.05436082355,1937.5523015233,"",5000,1,0,-0.00187535103009547,0.00165815212891153,0.117249061459225,0.001172607881244,0.0137481098860727,0.000276415664587321,0.114758033543137,4.53717032921127e-05,-2.12456107118187,0.979616880090451,0.941,0.00333223648620562,0.9406,0.00334280241713446,0.059,0.00333223648620562,5000,0,-0.900000000000001,0.333223648620562
171,2000,500,0,0.45,0,0.3,"normal-recon",0.450122520552626,1973.05436082355,1937.5523015233,"",5000,1,0,-0.00187535103009547,0.00165815212891153,0.117249061459225,0.001172607881244,0.0137481098860727,0.000276415664587321,0.114868626355363,4.25500501664189e-05,-2.03023808825159,0.98046744542138,0.9404,0.00334806929438445,0.94,0.00335857112474933,0.0596,0.00334806929438445,5000,0,-0.959999999999994,0.334806929438445
171,2000,500,0,0.45,0,0.3,"reported-cov",0.450092168913302,1973.05436082355,1937.5523015233,"",5000,1,0,-0.00187535103009547,0.00165815212891153,0.117249061459225,0.001172607881244,0.0137481098860727,0.000276415664587321,0.114861502679543,4.2883464902594e-05,-2.03631376658178,0.980417291297476,0.9406,0.00334280241713446,0.9404,0.00334806929438445,0.0594,0.00334280241713446,5000,0,-0.939999999999996,0.334280241713446
171,2000,500,0,0.45,0,0.3,"target-fixed",0.442340419977448,1973.05436082355,1937.5523015233,"",5000,1,0,-0.00187535103009547,0.00165815212891153,0.117249061459225,0.001172607881244,0.0137481098860727,0.000276415664587321,0.112882152920177,4.15209664103853e-05,-3.72447206374201,0.963502567892153,0.9364,0.0034512328232097,0.9366,0.00344617004803884,0.0636,0.0034512328232097,5000,0,-1.35999999999999,0.34512328232097
172,2000,500,0,0.45,0,0.6,"joint-score",0.444142346038149,1975.81246090228,1939.10775328397,"",5000,1,0,-0.00218481748911759,0.00161863090324947,0.114454488792581,0.00114465935958563,0.0131019834662308,0.000266822629167266,0.113350066225799,4.59916907922704e-05,-0.96494473780141,0.99126440458445,0.9456,0.0032075111847038,0.9454,0.00321306209090332,0.0544,0.0032075111847038,5000,0,-0.439999999999996,0.32075111847038
172,2000,500,0,0.45,0,0.6,"normal-recon",0.445833744769706,1975.81246090228,1939.10775328397,"",5000,1,0,-0.00218481748911759,0.00161863090324947,0.114454488792581,0.00114465935958563,0.0131019834662308,0.000266822629167266,0.113777136050472,4.37679754974777e-05,-0.591809678462307,0.994916501969338,0.9466,0.00317957355631223,0.9466,0.00317957355631223,0.0534,0.00317957355631223,5000,0,-0.339999999999996,0.317957355631223
172,2000,500,0,0.45,0,0.6,"reported-cov",0.444467444170364,1975.81246090228,1939.10775328397,"",5000,1,0,-0.00218481748911759,0.00161863090324947,0.114454488792581,0.00114465935958563,0.0131019834662308,0.000266822629167266,0.113428831146052,4.38354300405565e-05,-0.896127060937735,0.991877553542924,0.9466,0.00317957355631223,0.9454,0.00321306209090332,0.0534,0.00317957355631223,5000,0,-0.339999999999996,0.317957355631223
172,2000,500,0,0.45,0,0.6,"target-fixed",0.436549708365792,1975.81246090228,1939.10775328397,"",5000,1,0,-0.00218481748911759,0.00161863090324947,0.114454488792581,0.00114465935958563,0.0131019834662308,0.000266822629167266,0.111405841229286,4.1789957299609e-05,-2.66363302606606,0.974145526251862,0.9424,0.00329491244193226,0.942,0.00330563155841664,0.0576,0.00329491244193226,5000,0,-0.759999999999994,0.329491244193226
173,2000,500,0,0.45,0.5,0.3,"joint-score",0.4602600907791,1973.28705951176,1936.32895957477,"",5000,1,0,0.000338819232107627,0.0016574976527531,0.11720278300625,0.00117214505042886,0.0137338598444133,0.000284224246503657,0.117461746346217,4.66809015264883e-05,0.220953234492183,1.00310080992743,0.9496,0.00309385972532693,0.9496,0.00309385972532693,0.0504,0.00309385972532693,5000,0,-0.0399999999999956,0.309385972532693
173,2000,500,0,0.45,0.5,0.3,"normal-recon",0.467357473930906,1973.28705951176,1936.32895957477,"",5000,1,0,0.000338819232107627,0.0016574976527531,0.11720278300625,0.00117214505042886,0.0137338598444133,0.000284224246503657,0.119272343697464,4.70181237188857e-05,1.76579483705879,1.01855006384199,0.9526,0.00300510365877785,0.9524,0.00301112072159188,0.0474,0.00300510365877785,5000,0,0.260000000000005,0.300510365877785
173,2000,500,0,0.45,0.5,0.3,"reported-cov",0.467335317763929,1973.28705951176,1936.32895957477,"",5000,1,0,0.000338819232107627,0.0016574976527531,0.11720278300625,0.00117214505042886,0.0137338598444133,0.000284224246503657,0.119267582796022,4.74737366158006e-05,1.76173273092113,1.01852485590473,0.9526,0.00300510365877785,0.9526,0.00300510365877785,0.0474,0.00300510365877785,5000,0,0.260000000000005,0.300510365877785
173,2000,500,0,0.45,0.5,0.3,"target-fixed",0.459750976832293,1973.28705951176,1936.32895957477,"",5000,1,0,0.000338819232107627,0.0016574976527531,0.11720278300625,0.00117214505042886,0.0137338598444133,0.000284224246503657,0.117330629862127,4.60052593668724e-05,0.1090817577859,1.00196011713438,0.9498,0.00308804015517933,0.95,0.00308220700148449,0.0502,0.00308804015517933,5000,0,-0.0199999999999978,0.308804015517933
174,2000,500,0,0.45,0.5,0.6,"joint-score",0.453009768615907,1975.57884910386,1939.54314431763,"",5000,1,0,0.00140895285749388,0.00165131106836989,0.116765325429275,0.0011677700371359,0.0136333995425147,0.000274550446375546,0.11561093624076,4.57454715241803e-05,-0.98864040696266,0.990987333851747,0.945,0.0032241277890307,0.9444,0.00324063697442339,0.055,0.0032241277890307,5000,0,-0.5,0.32241277890307
174,2000,500,0,0.45,0.5,0.6,"normal-recon",0.461442489843452,1975.57884910386,1939.54314431763,"",5000,1,0,0.00140895285749388,0.00165131106836989,0.116765325429275,0.0011677700371359,0.0136333995425147,0.000274550446375546,0.117762954189261,4.6586561855318e-05,0.854387855570904,1.00943352741076,0.9502,0.00307636018697421,0.9498,0.00308804015517933,0.0498,0.00307636018697421,5000,0,0.0200000000000089,0.307636018697421
174,2000,500,0,0.45,0.5,0.6,"reported-cov",0.460070764279883,1975.57884910386,1939.54314431763,"",5000,1,0,0.00140895285749388,0.00165131106836989,0.116765325429275,0.0011677700371359,0.0136333995425147,0.000274550446375546,0.117413921204836,4.69851699049252e-05,0.555469505331097,1.00645997850955,0.9492,0.00310545842026584,0.9498,0.00308804015517933,0.0508,0.00310545842026584,5000,0,-0.0799999999999912,0.310545842026584
174,2000,500,0,0.45,0.5,0.6,"target-fixed",0.452483701833685,1975.57884910386,1939.54314431763,"",5000,1,0,0.00140895285749388,0.00165131106836989,0.116765325429275,0.0011677700371359,0.0136333995425147,0.000274550446375546,0.115475949166203,4.53299854171035e-05,-1.1042458523816,0.989818048880475,0.9448,0.00322964270469661,0.9446,0.00323514574633045,0.0552,0.0032296427046966,5000,0,-0.519999999999998,0.32296427046966
175,2000,500,0,0.45,1,0.3,"joint-score",0.477446158353258,1973.65169180265,1936.98695689774,"",5000,1,0,-0.000647250920065871,0.00169672447241104,0.119976538024701,0.00119988537478452,0.0143919097362108,0.000283676264481034,0.121850111171007,4.96247475388775e-05,1.56161627694289,1.0165595630385,0.9538,0.00296868859936505,0.9536,0.00297479545515318,0.0462,0.00296868859936505,5000,0,0.380000000000003,0.296868859936505
175,2000,500,0,0.45,1,0.3,"normal-recon",0.490614658199205,1973.65169180265,1936.98695689774,"",5000,1,0,-0.000647250920065871,0.00169672447241104,0.119976538024701,0.00119988537478452,0.0143919097362108,0.000283676264481034,0.125216880871747,5.3880242402079e-05,4.36780635057787,1.04474810998007,0.959,0.00280424677944007,0.9586,0.00281730509529941,0.041,0.00280424677944007,5000,0,0.900000000000001,0.280424677944007
175,2000,500,0,0.45,1,0.3,"reported-cov",0.490592859620434,1973.65169180265,1936.98695689774,"",5000,1,0,-0.000647250920065871,0.00169672447241104,0.119976538024701,0.00119988537478452,0.0143919097362108,0.000283676264481034,0.125212548001084,5.44578547849254e-05,4.36419491893083,1.04473283170199,0.9586,0.00281730509529941,0.9584,0.00282380735886852,0.0414,0.00281730509529941,5000,0,0.860000000000005,0.281730509529941
175,2000,500,0,0.45,1,0.3,"target-fixed",0.483431497981123,1973.65169180265,1936.98695689774,"",5000,1,0,-0.000647250920065871,0.00169672447241104,0.119976538024701,0.00119988537478452,0.0143919097362108,0.000283676264481034,0.123383656206737,5.31403827135429e-05,2.83982038332764,1.0294543396614,0.9564,0.00288787257336607,0.9566,0.00288154264240528,0.0436,0.00288787257336608,5000,0,0.640000000000007,0.288787257336607
176,2000,500,0,0.45,1,0.6,"joint-score",0.468432341494964,1975.68642497397,1937.10596661063,"",5000,1,0,-0.001007828301476,0.00166740720536076,0.11790349419099,0.00117915286309256,0.0138994694135416,0.000274334735460172,0.11955160066935,4.96674105215615e-05,1.39784362598285,1.01495443084203,0.9502,0.00307636018697421,0.9502,0.00307636018697421,0.0498,0.00307636018697421,5000,0,0.0200000000000089,0.307636018697421
176,2000,500,0,0.45,1,0.6,"normal-recon",0.483055101644315,1975.68642497397,1937.10596661063,"",5000,1,0,-0.001007828301476,0.00166740720536076,0.11790349419099,0.00117915286309256,0.0138994694135416,0.000274334735460172,0.123290141388566,5.43330882423587e-05,4.56869173771028,1.04680632325669,0.957,0.00286883251515316,0.9576,0.00284963997726029,0.043,0.00286883251515316,5000,0,0.700000000000001,0.286883251515316
176,2000,500,0,0.45,1,0.6,"reported-cov",0.481805897359534,1975.68642497397,1937.10596661063,"",5000,1,0,-0.001007828301476,0.00166740720536076,0.11790349419099,0.00117915286309256,0.0138994694135416,0.000274334735460172,0.122972707420131,5.48406057186879e-05,4.29945970976005,1.04413543753691,0.9564,0.00288787257336607,0.9564,0.00288787257336607,0.0436,0.00288787257336608,5000,0,0.640000000000007,0.288787257336607
176,2000,500,0,0.45,1,0.6,"target-fixed",0.474542994149965,1975.68642497397,1937.10596661063,"",5000,1,0,-0.001007828301476,0.00166740720536076,0.11790349419099,0.00117915286309256,0.0138994694135416,0.000274334735460172,0.121116985583064,5.30590500510619e-05,2.72552685068719,1.02834316680017,0.9534,0.00298088711627931,0.9532,0.00298696367570816,0.0466,0.00298088711627931,5000,0,0.340000000000007,0.298088711627931
177,2000,500,0,0.9,0,0.3,"joint-score",0.48224467009913,1973.16143744458,1936.83950565183,"",5000,1,0,-0.00149189207422362,0.00175376948198815,0.124010229335184,0.00124022632218581,0.0153776870143301,0.000300149837791197,0.12309297994248,5.85841939968696e-05,-0.739656234506803,0.993826155822846,0.9476,0.00315132480077824,0.9476,0.00315132480077824,0.0524,0.00315132480077824,5000,0,-0.239999999999996,0.315132480077824
177,2000,500,0,0.9,0,0.3,"normal-recon",0.482828473531038,1973.16143744458,1936.83950565183,"",5000,1,0,-0.00149189207422362,0.00175376948198815,0.124010229335184,0.00124022632218581,0.0153776870143301,0.000300149837791197,0.123225372480576,5.10702497547385e-05,-0.632896865698407,0.994623353485868,0.9482,0.0031342227106573,0.9484,0.00312849612433834,0.0518,0.0031342227106573,5000,0,-0.179999999999991,0.31342227106573
177,2000,500,0,0.9,0,0.3,"reported-cov",0.482749972558374,1973.16143744458,1936.83950565183,"",5000,1,0,-0.00149189207422362,0.00175376948198815,0.124010229335184,0.00124022632218581,0.0153776870143301,0.000300149837791197,0.12320844828033,5.25708780764304e-05,-0.64654428844505,0.994537827880518,0.9482,0.0031342227106573,0.9484,0.00312849612433834,0.0518,0.0031342227106573,5000,0,-0.179999999999991,0.31342227106573
177,2000,500,0,0.9,0,0.3,"target-fixed",0.455169096437249,1973.16143744458,1936.83950565183,"",5000,1,0,-0.00149189207422362,0.00175376948198815,0.124010229335184,0.00124022632218581,0.0153776870143301,0.000300149837791197,0.11615863510083,4.41914807867742e-05,-6.3314085268982,0.937457141588723,0.9336,0.00352110891623647,0.9342,0.00350629034736144,0.0664,0.00352110891623647,5000,0,-1.64,0.352110891623648
178,2000,500,0,0.9,0,0.6,"joint-score",0.477821965666904,1976.16155418998,1940.03342464912,"",5000,1,0,-0.00233787667318307,0.00172976495825964,0.122312853184426,0.00122325086304743,0.014962907634643,0.000306808935724581,0.121969734354487,6.04292870170691e-05,-0.280525571111678,0.998517491863894,0.9518,0.00302908435009658,0.951,0.00305283474822991,0.0482,0.00302908435009658,5000,0,0.180000000000002,0.302908435009658
178,2000,500,0,0.9,0,0.6,"normal-recon",0.483121129967434,1976.16155418998,1940.03342464912,"",5000,1,0,-0.00233787667318307,0.00172976495825964,0.122312853184426,0.00122325086304743,0.014962907634643,0.000306808935724581,0.123305317795546,5.3593135396662e-05,0.811414814781153,1.00916664402652,0.9542,0.00295642892693195,0.9528,0.00299907185642492,0.0458,0.00295642892693195,5000,0,0.420000000000009,0.295642892693195
178,2000,500,0,0.9,0,0.6,"reported-cov",0.478237771238706,1976.16155418998,1940.03342464912,"",5000,1,0,-0.00233787667318307,0.00172976495825964,0.122312853184426,0.00122325086304743,0.014962907634643,0.000306808935724581,0.122061037151337,5.40508323877443e-05,-0.205878635427958,0.999018866546479,0.9508,0.00305873699425106,0.951,0.00305283474822991,0.0492,0.00305873699425106,5000,0,0.0800000000000023,0.305873699425106
178,2000,500,0,0.9,0,0.6,"target-fixed",0.450492064330823,1976.16155418998,1940.03342464912,"",5000,1,0,-0.00233787667318307,0.00172976495825964,0.122312853184426,0.00122325086304743,0.014962907634643,0.000306808935724581,0.114966907660195,4.47047494201735e-05,-6.00586555948841,0.940745624996906,0.9338,0.00351617860752266,0.9342,0.00350629034736144,0.0662,0.00351617860752266,5000,0,-1.62,0.351617860752266
179,2000,500,0,0.9,0.5,0.3,"joint-score",0.495289937005986,1973.28870591389,1936.03971277443,"",5000,1,0,-0.0033342693283625,0.001808014187261,0.127845909229373,0.00127858695738305,0.016352424943338,0.000326916963323172,0.126414471030603,5.64912788529343e-05,-1.11965897649703,0.989889014534056,0.944,0.00325158422926425,0.9442,0.00324611644892786,0.056,0.00325158422926425,5000,0,-0.6,0.325158422926425
179,2000,500,0,0.9,0.5,0.3,"normal-recon",0.52025998533175,1973.28870591389,1936.03971277443,"",5000,1,0,-0.0033342693283625,0.001808014187261,0.127845909229373,0.00127858695738305,0.016352424943338,0.000326916963323172,0.132788506686473,5.9704974036906e-05,3.86605835641689,1.0398137200669,0.9554,0.00291927525252416,0.9548,0.00293792307591605,0.0446,0.00291927525252416,5000,0,0.540000000000007,0.291927525252416
179,2000,500,0,0.9,0.5,0.3,"reported-cov",0.520169089837985,1973.28870591389,1936.03971277443,"",5000,1,0,-0.0033342693283625,0.001808014187261,0.127845909229373,0.00127858695738305,0.016352424943338,0.000326916963323172,0.132769602374889,6.16040203319615e-05,3.85127156214453,1.03973376897429,0.9554,0.00291927525252416,0.955,0.00293172304285381,0.0446,0.00291927525252416,5000,0,0.540000000000007,0.291927525252416
179,2000,500,0,0.9,0.5,0.3,"target-fixed",0.494582524085274,1973.28870591389,1936.03971277443,"",5000,1,0,-0.0033342693283625,0.001808014187261,0.127845909229373,0.00127858695738305,0.016352424943338,0.000326916963323172,0.126230321472734,5.47681934057557e-05,-1.26369921914395,0.988390572755084,0.9426,0.0032895361375124,0.9436,0.00326248494249399,0.0574,0.0032895361375124,5000,0,-0.739999999999996,0.32895361375124
180,2000,500,0,0.9,0.5,0.6,"joint-score",0.488035623861911,1975.58000660039,1940.46420357666,"",5000,1,0,9.96024883710914e-05,0.00175296014247608,0.123953000389457,0.00123965397549101,0.0153612833569434,0.000303995128930568,0.12456462269864,5.64422998116723e-05,0.493430822376806,1.00606582348666,0.9506,0.0030646252625729,0.9506,0.0030646252625729,0.0494,0.0030646252625729,5000,0,0.0600000000000045,0.30646252625729
180,2000,500,0,0.9,0.5,0.6,"normal-recon",0.517692544245341,1975.58000660039,1940.46420357666,"",5000,1,0,9.96024883710914e-05,0.00175296014247608,0.123953000389457,0.00123965397549101,0.0153612833569434,0.000303995128930568,0.132141178704956,6.29357396032943e-05,6.60587342764731,1.06737367068405,0.9646,0.00261330595223751,0.9646,0.00261330595223751,0.0354,0.00261330595223751,5000,0,1.46000000000001,0.261330595223751
180,2000,500,0,0.9,0.5,0.6,"reported-cov",0.513287545921025,1975.58000660039,1940.46420357666,"",5000,1,0,9.96024883710914e-05,0.00175296014247608,0.123953000389457,0.00123965397549101,0.0153612833569434,0.000303995128930568,0.131021524580148,6.4408425294467e-05,5.70258417987566,1.05840785255694,0.9628,0.00267642149146953,0.9628,0.00267642149146953,0.0372,0.00267642149146953,5000,0,1.28,0.267642149146953
180,2000,500,0,0.9,0.5,0.6,"target-fixed",0.487537959784522,1975.58000660039,1940.46420357666,"",5000,1,0,9.96024883710914e-05,0.00175296014247608,0.123953000389457,0.00123965397549101,0.0153612833569434,0.000303995128930568,0.124435728820811,5.54825319788333e-05,0.389444732952793,1.00499214153098,0.9508,0.00305873699425106,0.9508,0.00305873699425106,0.0492,0.00305873699425106,5000,0,0.0800000000000023,0.305873699425106
181,2000,500,0,0.9,1,0.3,"joint-score",0.531913825502722,1973.4829671902,1936.91624075773,"",5000,1,0,-0.00210248982331122,0.00187150455561817,0.132335356229913,0.00132348591750897,0.0175135644426533,0.000353865062375821,0.135764710310428,6.16950177189416e-05,2.59141183294729,1.02707534485186,0.9548,0.00293792307591605,0.955,0.00293172304285381,0.0452,0.00293792307591605,5000,0,0.480000000000003,0.293792307591605
181,2000,500,0,0.9,1,0.3,"normal-recon",0.577326765616489,1973.4829671902,1936.91624075773,"",5000,1,0,-0.00210248982331122,0.00187150455561817,0.132335356229913,0.00132348591750897,0.0175135644426533,0.000353865062375821,0.147382358320286,7.79593731139133e-05,11.370356735377,1.11537177457568,0.9698,0.00242024626846113,0.9694,0.00243571919563812,0.0302,0.00242024626846112,5000,0,1.98,0.242024626846113
181,2000,500,0,0.9,1,0.3,"reported-cov",0.577202634233643,1973.4829671902,1936.91624075773,"",5000,1,0,-0.00210248982331122,0.00187150455561817,0.132335356229913,0.00132348591750897,0.0175135644426533,0.000353865062375821,0.147356954109844,8.03325719379118e-05,11.3511598924731,1.11527622669992,0.9696,0.00242799670510485,0.9694,0.00243571919563812,0.0304,0.00242799670510485,5000,0,1.96000000000001,0.242799670510485
181,2000,500,0,0.9,1,0.3,"target-fixed",0.554272798396234,1973.4829671902,1936.91624075773,"",5000,1,0,-0.00210248982331122,0.00187150455561817,0.132335356229913,0.00132348591750897,0.0175135644426533,0.000353865062375821,0.141497711896258,7.50752799289134e-05,6.92358862164295,1.07084662528961,0.9616,0.00271755183943195,0.9612,0.00273110087693589,0.0384,0.00271755183943195,5000,0,1.16000000000001,0.271755183943195
182,2000,500,0,0.9,1,0.6,"joint-score",0.522530562160932,1975.52130415939,1939.15422001786,"",5000,1,0,0.00019534762413244,0.00187837776649623,0.132821365631952,0.00132834649761168,0.0176380250259973,0.000353208164489573,0.13337542104318,6.31726752947729e-05,0.417143287596478,1.00539750126359,0.9502,0.00307636018697421,0.9502,0.00307636018697421,0.0498,0.00307636018697421,5000,0,0.0200000000000089,0.307636018697421
182,2000,500,0,0.9,1,0.6,"normal-recon",0.57239146731395,1975.52130415939,1939.15422001786,"",5000,1,0,0.00019534762413244,0.00187837776649623,0.132821365631952,0.00132834649761168,0.0176380250259973,0.000353208164489573,0.146132997836481,8.12867646555947e-05,10.0222070005026,1.10203275707553,0.9682,0.00248148181536759,0.9682,0.00248148181536759,0.0318,0.00248148181536758,5000,0,1.82,0.248148181536759
182,2000,500,0,0.9,1,0.6,"reported-cov",0.56826590149505,1975.52130415939,1939.15422001786,"",5000,1,0,0.00019534762413244,0.00187837776649623,0.132821365631952,0.00132834649761168,0.0176380250259973,0.000353208164489573,0.145087476272792,8.3519494992087e-05,9.23504330984579,1.09426787908694,0.966,0.0025629670306112,0.9662,0.0025556822963741,0.034,0.0025629670306112,5000,0,1.6,0.25629670306112
182,2000,500,0,0.9,1,0.6,"target-fixed",0.545092628396974,1975.52130415939,1939.15422001786,"",5000,1,0,0.00019534762413244,0.00187837776649623,0.132821365631952,0.00132834649761168,0.0176380250259973,0.000353208164489573,0.139162959251283,7.71978646362626e-05,4.77452824638449,1.04946076245023,0.9592,0.00279769047608916,0.9592,0.00279769047608916,0.0408,0.00279769047608916,5000,0,0.92000000000001,0.279769047608916
183,2000,500,0.4,0,0,0.3,"joint-score",0.470969974326313,1461.84281192371,1298.36015367495,"",5000,1,0,-0.00159037776226292,0.0017077517025754,0.120756280947394,0.00120768358387135,0.014581692273795,0.000293059810555285,0.120202607168814,5.16010806860281e-05,-0.458505159513001,0.996431190923854,0.9476,0.00315132480077824,0.9474,0.00315699984162179,0.0524,0.00315132480077824,5000,0,-0.239999999999996,0.315132480077824
183,2000,500,0.4,0,0,0.3,"normal-recon",0.4713637053521,1461.84281192371,1298.36015367495,"",5000,1,0,-0.00159037776226292,0.0017077517025754,0.120756280947394,0.00120768358387135,0.014581692273795,0.000293059810555285,0.120302737071782,5.14674923356524e-05,-0.375586157551178,0.997254967495419,0.9476,0.00315132480077824,0.9474,0.00315699984162179,0.0524,0.00315132480077824,5000,0,-0.239999999999996,0.315132480077824
183,2000,500,0.4,0,0,0.3,"reported-cov",0.471357818958402,1461.84281192371,1298.36015367495,"",5000,1,0,-0.00159037776226292,0.0017077517025754,0.120756280947394,0.00120768358387135,0.014581692273795,0.000293059810555285,0.120301265915114,5.14816880251273e-05,-0.376804443387657,0.99724329704301,0.9474,0.00315699984162179,0.9474,0.00315699984162179,0.0526,0.00315699984162179,5000,0,-0.259999999999994,0.315699984162179
183,2000,500,0.4,0,0,0.3,"target-fixed",0.47004341791033,1461.84281192371,1298.36015367495,"",5000,1,0,-0.00159037776226292,0.0017077517025754,0.120756280947394,0.00120768358387135,0.014581692273795,0.000293059810555285,0.119965090093092,5.09903392707714e-05,-0.655196440379324,0.994444290671989,0.947,0.00316831185333767,0.9468,0.00317394895989208,0.053,0.00316831185333767,5000,0,-0.3,0.316831185333767
184,2000,500,0.4,0,0,0.6,"joint-score",0.461381182118787,1461.18462521085,1287.12835806995,"",5000,1,0,-0.00161580059772949,0.00166050034955692,0.117415105733433,0.00117426849005526,0.013786160604554,0.000275597665873894,0.117757405420211,5.15432499387915e-05,0.291529513719557,1.00397577615826,0.9514,0.0030409879973456,0.9514,0.0030409879973456,0.0486,0.0030409879973456,5000,0,0.140000000000007,0.30409879973456
184,2000,500,0.4,0,0,0.6,"normal-recon",0.461768483047987,1461.18462521085,1287.12835806995,"",5000,1,0,-0.00161580059772949,0.00166050034955692,0.117415105733433,0.00117426849005526,0.013786160604554,0.000275597665873894,0.11785557846269,5.12749123696599e-05,0.37514144922508,1.00480122164733,0.9514,0.0030409879973456,0.9516,0.00303504332753257,0.0486,0.0030409879973456,5000,0,0.140000000000007,0.30409879973456
184,2000,500,0.4,0,0,0.6,"reported-cov",0.461707450349172,1461.18462521085,1287.12835806995,"",5000,1,0,-0.00161580059772949,0.00166050034955692,0.117415105733433,0.00117426849005526,0.013786160604554,0.000275597665873894,0.117840126079885,5.13307984372563e-05,0.361980976636223,1.00467179815289,0.9516,0.00303504332753257,0.9516,0.00303504332753257,0.0484,0.00303504332753257,5000,0,0.160000000000005,0.303504332753257
184,2000,500,0.4,0,0,0.6,"target-fixed",0.460449545788852,1461.18462521085,1287.12835806995,"",5000,1,0,-0.00161580059772949,0.00166050034955692,0.117415105733433,0.00117426849005526,0.013786160604554,0.000275597665873894,0.117517830207209,5.05881514941891e-05,0.0874882947423217,1.00190180554283,0.9508,0.00305873699425106,0.9502,0.00307636018697421,0.0492,0.00305873699425106,5000,0,0.0800000000000023,0.305873699425106
185,2000,500,0.4,0.45,0,0.3,"joint-score",0.496763322684308,1459.76014821202,1306.4069211649,"",5000,1,0,-0.000799803520798295,0.00181913802104276,0.128632483059361,0.00128645348237476,0.0165436461205491,0.000322882705451553,0.126805993895891,6.35421346939485e-05,-1.41992840379779,0.987136076490705,0.9472,0.00316266216975509,0.9472,0.00316266216975509,0.1398,0.004904201464051,5000,0.106883553578019,-0.279999999999991,0.316266216975509
185,2000,500,0.4,0.45,0,0.3,"normal-recon",0.497078317781955,1459.76014821202,1306.4069211649,"",5000,1,0,-0.000799803520798295,0.00181913802104276,0.128632483059361,0.00128645348237476,0.0165436461205491,0.000322882705451553,0.126880019587406,6.09084580388784e-05,-1.36238019377003,0.987610614098848,0.9476,0.00315132480077824,0.9472,0.00316266216975509,0.1402,0.0049100704679261,5000,0.106883553578019,-0.239999999999996,0.315132480077824
185,2000,500,0.4,0.45,0,0.3,"reported-cov",0.497051792813201,1459.76014821202,1306.4069211649,"",5000,1,0,-0.000799803520798295,0.00181913802104276,0.128632483059361,0.00128645348237476,0.0165436461205491,0.000322882705451553,0.126873972951537,6.12223828366935e-05,-1.36708090056257,0.987575387854159,0.9476,0.00315132480077824,0.9472,0.00316266216975509,0.14,0.00490713765855412,5000,0.106883553578019,-0.239999999999996,0.315132480077824
185,2000,500,0.4,0.45,0,0.3,"target-fixed",0.489038375177246,1459.76014821202,1306.4069211649,"",5000,1,0,-0.000799803520798295,0.00181913802104276,0.128632483059361,0.00128645348237476,0.0165436461205491,0.000322882705451553,0.124825054394086,5.87154768091826e-05,-2.95992783060748,0.971570627188245,0.9446,0.00323514574633045,0.9438,0.00325704037432759,0.1476,0.00501625836655171,5000,0.106883553578019,-0.539999999999996,0.323514574633045
186,2000,500,0.4,0.45,0,0.6,"joint-score",0.490074595512024,1458.32104932014,1285.24779461286,"imbalance",5000,0.9998,0.000199979998999889,0.000245260091654945,0.0017769004757805,0.125633272379748,0.00125658406574734,0.0157806219060557,0.000309271791582025,0.125107496046981,6.62867786987475e-05,-0.418500865899674,0.997410725868026,0.951390278055611,0.00304158077619175,0.951590318063613,0.00303563501465994,0.15503100620124,0.00511903502306907,4999,0.116436831968334,0.13902780556112,0.304158077619175
186,2000,500,0.4,0.45,0,0.6,"normal-recon",0.491693827923188,1458.32104932014,1285.24779461286,"imbalance",5000,0.9998,0.000199979998999889,0.000245260091654945,0.0017769004757805,0.125633272379748,0.00125658406574734,0.0157806219060557,0.000309271791582025,0.125515498465972,6.43951883421509e-05,-0.0937442060894078,1.00057614962032,0.951590318063613,0.00303563501465994,0.951590318063613,0.00303563501465994,0.155231046209242,0.00512173018856227,4999,0.116436831968334,0.159031806361276,0.303563501465994
186,2000,500,0.4,0.45,0,0.6,"reported-cov",0.490410640147215,1458.32104932014,1285.24779461286,"imbalance",5000,0.9998,0.000199979998999889,0.000245260091654945,0.0017769004757805,0.125633272379748,0.00125658406574734,0.0157806219060557,0.000309271791582025,0.125188667114677,6.45311207856338e-05,-0.353891335193146,0.997983146025196,0.95119023804761,0.00304751231078156,0.951390278055611,0.00304158077619175,0.156431286257251,0.00513783877373392,4999,0.116436831968334,0.119023804760954,0.304751231078156
186,2000,500,0.4,0.45,0,0.6,"target-fixed",0.482172772543811,1458.32104932014,1285.24779461286,"imbalance",5000,0.9998,0.000199979998999889,0.000245260091654945,0.0017769004757805,0.125633272379748,0.00125658406574734,0.0157806219060557,0.000309271791582025,0.123080096988388,6.11451764463967e-05,-2.03224459810531,0.981081494063275,0.947189437887577,0.00316327719191301,0.947189437887577,0.00316327719191301,0.167633526705341,0.00528318917922829,4999,0.116436831968334,-0.281056211242248,0.316327719191301
187,2000,500,0.4,0.45,0.5,0.3,"joint-score",0.508748986574666,1459.30028030884,1306.69325600727,"",5000,1,0,-0.000271812681126395,0.00186097618818265,0.131590888229065,0.0013160404929208,0.0173127725146748,0.000344304243774741,0.129861997516325,6.35424827062204e-05,-1.31383771019957,0.988140881972652,0.9484,0.00312849612433834,0.9484,0.00312849612433834,0.07,0.00360832371053374,5000,0.0534417767890094,-0.159999999999993,0.312849612433834
187,2000,500,0.4,0.45,0.5,0.3,"normal-recon",0.515048240579136,1459.30028030884,1306.69325600727,"",5000,1,0,-0.000271812681126395,0.00186097618818265,0.131590888229065,0.0013160404929208,0.0173127725146748,0.000344304243774741,0.131469765246956,6.42408273661694e-05,-0.0920451132586542,1.0003713672664,0.9524,0.00301112072159188,0.9526,0.00300510365877785,0.0672,0.00354073890593475,5000,0.0534417767890094,0.240000000000007,0.301112072159188
187,2000,500,0.4,0.45,0.5,0.3,"reported-cov",0.515017250555432,1459.30028030884,1306.69325600727,"",5000,1,0,-0.000271812681126395,0.00186097618818265,0.131590888229065,0.0013160404929208,0.0173127725146748,0.000344304243774741,0.131462621330145,6.45617981141521e-05,-0.0974739973613081,1.00032907119925,0.9528,0.00299907185642492,0.9524,0.00301112072159188,0.0674,0.00354562378150869,5000,0.0534417767890094,0.280000000000002,0.299907185642492
187,2000,500,0.4,0.45,0.5,0.3,"target-fixed",0.507169043743961,1459.30028030884,1306.69325600727,"",5000,1,0,-0.000271812681126395,0.00186097618818265,0.131590888229065,0.0013160404929208,0.0173127725146748,0.000344304243774741,0.129455078362671,6.17736753283091e-05,-1.62306820414151,0.984986996952872,0.949,0.00311123769583746,0.949,0.00311123769583746,0.0714,0.0036414843127494,5000,0.0534417767890094,-0.1,0.311123769583746
188,2000,500,0.4,0.45,0.5,0.6,"joint-score",0.500573501652234,1462.66578138419,1283.05821978376,"",5000,1,0,-0.0051937933157399,0.00181096995917063,0.128054913865468,0.00128067721277999,0.016421756841906,0.000324314251485906,0.127787396324135,6.75059649109742e-05,-0.208908454394585,0.999402031764948,0.9516,0.00303504332753257,0.9518,0.00302908435009658,0.0718,0.00365088372863338,5000,0.0582184159841672,0.160000000000005,0.303504332753257
188,2000,500,0.4,0.45,0.5,0.6,"normal-recon",0.508354338615759,1462.66578138419,1283.05821978376,"",5000,1,0,-0.0051937933157399,0.00181096995917063,0.128054913865468,0.00128067721277999,0.016421756841906,0.000324314251485906,0.12977304013299,6.82795617036376e-05,1.34171053312875,1.01492007196478,0.9548,0.00293792307591605,0.9548,0.00293792307591605,0.0662,0.00351617860752266,5000,0.0582184159841672,0.480000000000003,0.293792307591605
188,2000,500,0.4,0.45,0.5,0.6,"reported-cov",0.507109937884905,1462.66578138419,1283.05821978376,"",5000,1,0,-0.0051937933157399,0.00181096995917063,0.128054913865468,0.00128067721277999,0.016421756841906,0.000324314251485906,0.129456407010466,6.85276692750562e-05,1.09444698582193,1.01246083493513,0.9544,0.00295027591929975,0.954,0.00296256645495084,0.0676,0.0035504996831432,5000,0.0582184159841672,0.440000000000007,0.295027591929975
188,2000,500,0.4,0.45,0.5,0.6,"target-fixed",0.499103074403772,1462.66578138419,1283.05821978376,"",5000,1,0,-0.0051937933157399,0.00181096995917063,0.128054913865468,0.00128067721277999,0.016421756841906,0.000324314251485906,0.127406929528978,6.52690870376038e-05,-0.506020672639951,0.99634387325614,0.9504,0.00307049963361014,0.9506,0.0030646252625729,0.074,0.00370199945975145,5000,0.0582184159841672,0.0400000000000067,0.307049963361014
189,2000,500,0.4,0.45,1,0.3,"joint-score",0.526572501083371,1461.19617401175,1300.14166101707,"",5000,1,0,0.000684591854682774,0.00187337428791906,0.132467566268809,0.0013248081501278,0.0175446152479661,0.0003471233654611,0.134414404502817,6.68397153904789e-05,1.46967162517175,1.0160518393347,0.9528,0.00299907185642492,0.9528,0.00299907185642492,0.0472,0.00299907185642492,5000,0,0.280000000000002,0.299907185642492
189,2000,500,0.4,0.45,1,0.3,"normal-recon",0.538615618122915,1461.19617401175,1300.14166101707,"",5000,1,0,0.000684591854682774,0.00187337428791906,0.132467566268809,0.0013248081501278,0.0175446152479661,0.0003471233654611,0.137492707090931,7.00317246040208e-05,3.79348769186609,1.03938406807397,0.9568,0.00287519599331941,0.9568,0.00287519599331941,0.0432,0.00287519599331941,5000,0,0.680000000000003,0.287519599331941
189,2000,500,0.4,0.45,1,0.3,"reported-cov",0.538588688487512,1461.19617401175,1300.14166101707,"",5000,1,0,0.000684591854682774,0.00187337428791906,0.132467566268809,0.0013248081501278,0.0175446152479661,0.0003471233654611,0.137486957159463,7.04725476693641e-05,3.78914705843463,1.03935769380887,0.9568,0.00287519599331941,0.9566,0.00288154264240528,0.0432,0.00287519599331941,5000,0,0.680000000000003,0.287519599331941
189,2000,500,0.4,0.45,1,0.3,"target-fixed",0.531092860280886,1461.19617401175,1300.14166101707,"",5000,1,0,0.000684591854682774,0.00187337428791906,0.132467566268809,0.0013248081501278,0.0175446152479661,0.0003471233654611,0.135569703809046,6.79613592880536e-05,2.34180911419635,1.02480545662851,0.9548,0.00293792307591605,0.9548,0.00293792307591605,0.0452,0.00293792307591605,5000,0,0.480000000000003,0.293792307591605
190,2000,500,0.4,0.45,1,0.6,"joint-score",0.516405258532135,1463.96697075919,1282.64819829791,"",5000,1,0,0.000271418809963905,0.00187352086463057,0.132477930807476,0.00132491180588057,0.0175469657387707,0.00034975991986878,0.131827374753031,6.90529184981535e-05,-0.491067493642006,0.99655294188945,0.9506,0.0030646252625729,0.9504,0.00307049963361014,0.0494,0.0030646252625729,5000,0,0.0600000000000045,0.30646252625729
190,2000,500,0.4,0.45,1,0.6,"normal-recon",0.529921470803448,1463.96697075919,1282.64819829791,"",5000,1,0,0.000271418809963905,0.00187352086463057,0.132477930807476,0.00132491180588057,0.0175469657387707,0.00034975991986878,0.135282820045261,7.27692649596061e-05,2.11725018702231,1.02275075767907,0.9558,0.00290676314824583,0.9558,0.00290676314824583,0.0442,0.00290676314824583,5000,0,0.580000000000003,0.290676314824583
190,2000,500,0.4,0.45,1,0.6,"reported-cov",0.528738918805111,1463.96697075919,1282.64819829791,"",5000,1,0,0.000271418809963905,0.00187352086463057,0.132477930807476,0.00132491180588057,0.0175469657387707,0.00034975991986878,0.134982310258924,7.31581527670706e-05,1.89041256621671,1.02050127899333,0.9556,0.00291302729132427,0.9556,0.00291302729132427,0.0444,0.00291302729132427,5000,0,0.560000000000005,0.291302729132427
190,2000,500,0.4,0.45,1,0.6,"target-fixed",0.520995209298291,1463.96697075919,1282.64819829791,"",5000,1,0,0.000271418809963905,0.00187352086463057,0.132477930807476,0.00132491180588057,0.0175469657387707,0.00034975991986878,0.133000479502877,7.01536437843406e-05,0.394442072136458,1.00544032621097,0.9524,0.00301112072159188,0.9524,0.00301112072159188,0.0476,0.00301112072159188,5000,0,0.240000000000007,0.301112072159188
191,2000,500,0.4,0.9,0,0.3,"joint-score",0.53958970788979,1457.51413918415,1307.76116318434,"",5000,1,0,0.000360038342280544,0.00194748742808972,0.137708156667779,0.00137721929549412,0.0189598733331628,0.000369674096129422,0.13778268874522,8.5530641574834e-05,0.0541232119034563,1.00256704283896,0.9472,0.00316266216975509,0.9474,0.00315699984162179,0.339,0.00669446039647708,5000,0.213767107156038,-0.279999999999991,0.316266216975509
191,2000,500,0.4,0.9,0,0.3,"normal-recon",0.539891880943472,1457.51413918415,1307.76116318434,"",5000,1,0,0.000360038342280544,0.00194748742808972,0.137708156667779,0.00137721929549412,0.0189598733331628,0.000369674096129422,0.13784359154895,7.99070884103398e-05,0.0983492078091119,1.00276390461817,0.947,0.00316831185333767,0.9472,0.00316266216975509,0.341,0.00670401372313631,5000,0.213767107156038,-0.3,0.316831185333767
191,2000,500,0.4,0.9,0,0.3,"reported-cov",0.53981008506696,1457.51413918415,1307.76116318434,"",5000,1,0,0.000360038342280544,0.00194748742808972,0.137708156667779,0.00137721929549412,0.0189598733331628,0.000369674096129422,0.137825409796977,8.08862400081087e-05,0.0851461032052026,1.00267348334883,0.9468,0.00317394895989208,0.9472,0.00316266216975509,0.341,0.00670401372313631,5000,0.213767107156038,-0.319999999999998,0.317394895989208
191,2000,500,0.4,0.9,0,0.3,"target-fixed",0.5135362505812,1457.51413918415,1307.76116318434,"",5000,1,0,0.000360038342280544,0.00194748742808972,0.137708156667779,0.00137721929549412,0.0189598733331628,0.000369674096129422,0.131103007899911,7.18994589374559e-05,-4.79648332219201,0.953560856627894,0.9338,0.00351617860752266,0.934,0.00351123909752668,0.3786,0.00685947578171977,5000,0.213767107156038,-1.62,0.351617860752266
192,2000,500,0.4,0.9,0,0.6,"joint-score",0.535903006675232,1464.67879242305,1284.7744164613,"",5000,1,0,-0.00205673607420745,0.00196442578495058,0.138905879367626,0.00138919772039499,0.019295214517508,0.000396030488138263,0.136864832723752,9.26697476201817e-05,-1.46937383296251,0.987660568830677,0.945,0.0032241277890307,0.944,0.00325158422926425,0.3894,0.00689590661189666,5000,0.232873663936669,-0.5,0.32241277890307
192,2000,500,0.4,0.9,0,0.6,"normal-recon",0.540740964932349,1464.67879242305,1284.7744164613,"",5000,1,0,-0.00205673607420745,0.00196442578495058,0.138905879367626,0.00138919772039499,0.019295214517508,0.000396030488138263,0.13808828326876,8.96822015988668e-05,-0.588597187238338,0.996307588564368,0.9468,0.00317394895989208,0.9462,0.00319078548323136,0.383,0.00687475090457829,5000,0.232873663936669,-0.319999999999998,0.317394895989208
192,2000,500,0.4,0.9,0,0.6,"reported-cov",0.536197666738486,1464.67879242305,1284.7744164613,"",5000,1,0,-0.00205673607420745,0.00196442578495058,0.138905879367626,0.00138919772039499,0.019295214517508,0.000396030488138263,0.136931147241966,8.9964701029672e-05,-1.42163322002643,0.988007364820923,0.9452,0.00321860093829602,0.9444,0.00324063697442339,0.3888,0.00689397650126543,5000,0.232873663936669,-0.479999999999992,0.321860093829602
192,2000,500,0.4,0.9,0,0.6,"target-fixed",0.50993840328787,1464.67879242305,1284.7744164613,"",5000,1,0,-0.00205673607420745,0.00196442578495058,0.138905879367626,0.00138919772039499,0.019295214517508,0.000396030488138263,0.130207554814399,7.98214690249887e-05,-6.26202763542265,0.939233026511591,0.9314,0.00357474586509307,0.9316,0.00356991428468528,0.4244,0.00698977310075227,5000,0.232873663936669,-1.86,0.357474586509307
193,2000,500,0.4,0.9,0.5,0.3,"joint-score",0.555456370772594,1461.33623381451,1304.62252505907,"",5000,1,0,0.00253186957559236,0.0020054447423342,0.141806357659942,0.00141820540423158,0.0201114316277127,0.000403679936612808,0.141817632885,8.22288111475868e-05,0.00795114213760773,1.0018590504903,0.948,0.00313993630508646,0.9482,0.0031342227106573,0.1164,0.00453543911876237,5000,0.106883553578019,-0.2,0.313993630508646
193,2000,500,0.4,0.9,0.5,0.3,"normal-recon",0.577715230129847,1461.33623381451,1304.62252505907,"",5000,1,0,0.00253186957559236,0.0020054447423342,0.141806357659942,0.00141820540423158,0.0201114316277127,0.000403679936612808,0.147500180318197,8.52097173360434e-05,4.01520972135072,1.04199015061558,0.9566,0.00288154264240528,0.9566,0.00288154264240528,0.1028,0.00429493096568501,5000,0.106883553578019,0.660000000000005,0.288154264240528
193,2000,500,0.4,0.9,0.5,0.3,"reported-cov",0.577639455670269,1461.33623381451,1304.62252505907,"",5000,1,0,0.00253186957559236,0.0020054447423342,0.141806357659942,0.00141820540423158,0.0201114316277127,0.000403679936612808,0.14748493994342,8.66562463391636e-05,4.00446240717616,1.04194217424907,0.957,0.00286883251515316,0.9566,0.00288154264240528,0.1036,0.0043096876917011,5000,0.106883553578019,0.700000000000001,0.286883251515316
193,2000,500,0.4,0.9,0.5,0.3,"target-fixed",0.553448844927921,1461.33623381451,1304.62252505907,"",5000,1,0,0.00253186957559236,0.0020054447423342,0.141806357659942,0.00141820540423158,0.0201114316277127,0.000403679936612808,0.141296445405762,7.87439849651092e-05,-0.359583493007665,0.998049778333862,0.9474,0.00315699984162179,0.9478,0.00314563697841948,0.1202,0.00459895553359673,5000,0.106883553578019,-0.259999999999994,0.315699984162179
194,2000,500,0.4,0.9,0.5,0.6,"joint-score",0.548966280813034,1464.46211505075,1290.60114469186,"",5000,1,0,0.000604697926378059,0.00194722767682654,0.137689789479817,0.00137703560524456,0.0189550520909531,0.000376039498918664,0.140183879590125,8.9507710791341e-05,1.81138348727989,1.02028869247378,0.9516,0.00303504332753257,0.9516,0.00303504332753257,0.1286,0.0047341744792519,5000,0.116436831968334,0.160000000000005,0.303504332753257
194,2000,500,0.4,0.9,0.5,0.6,"normal-recon",0.575460272752583,1464.46211505075,1290.60114469186,"",5000,1,0,0.000604697926378059,0.00194722767682654,0.137689789479817,0.00137703560524456,0.0189550520909531,0.000376039498918664,0.146952775145039,9.48079213475795e-05,6.72743106094964,1.06959968552731,0.9632,0.00266254614983478,0.9634,0.00265557677350891,0.1102,0.00442845255139987,5000,0.116436831968334,1.32,0.266254614983478
194,2000,500,0.4,0.9,0.5,0.6,"reported-cov",0.571250161240716,1464.46211505075,1290.60114469186,"",5000,1,0,0.000604697926378059,0.00194722767682654,0.137689789479817,0.00137703560524456,0.0189550520909531,0.000376039498918664,0.145881404262272,9.53421420648836e-05,5.94932624517923,1.06185934914901,0.962,0.0027039230758289,0.9618,0.0027107474983849,0.1118,0.00445647304490894,5000,0.116436831968334,1.2,0.27039230758289
194,2000,500,0.4,0.9,0.5,0.6,"target-fixed",0.546730648997263,1464.46211505075,1290.60114469186,"",5000,1,0,0.000604697926378059,0.00194722767682654,0.137689789479817,0.00137703560524456,0.0189550520909531,0.000376039498918664,0.139602758430177,8.56982205449109e-05,1.38933246799693,1.01590311404835,0.9504,0.00307049963361014,0.9506,0.0030646252625729,0.134,0.00481755124518671,5000,0.116436831968334,0.0400000000000067,0.307049963361014
195,2000,500,0.4,0.9,1,0.3,"joint-score",0.593498569674591,1456.94687706611,1303.94512668246,"",5000,1,0,0.00207336181049484,0.00217103011939489,0.153515011958436,0.00153530365762741,0.0235664443540168,0.000476042576726164,0.151520598480899,8.40875565749328e-05,-1.29916511231979,0.988625630189079,0.9456,0.0032075111847038,0.9458,0.00320194815698193,0.0544,0.0032075111847038,5000,0,-0.439999999999996,0.32075111847038
195,2000,500,0.4,0.9,1,0.3,"normal-recon",0.634474936698392,1456.94687706611,1303.94512668246,"",5000,1,0,0.00207336181049484,0.00217103011939489,0.153515011958436,0.00153530365762741,0.0235664443540168,0.000476042576726164,0.161998155993486,9.55753600724803e-05,5.52593777431123,1.05719968340792,0.9598,0.00277791144567281,0.9602,0.00276463234445378,0.0402,0.00277791144567281,5000,0,0.980000000000003,0.277791144567281
195,2000,500,0.4,0.9,1,0.3,"reported-cov",0.634383497605371,1456.94687706611,1303.94512668246,"",5000,1,0,0.00207336181049484,0.00217103011939489,0.153515011958436,0.00153530365762741,0.0235664443540168,0.000476042576726164,0.161979068735372,9.70395937506757e-05,5.51350429443842,1.0571321565136,0.959,0.00280424677944007,0.96,0.0027712812921102,0.041,0.00280424677944007,5000,0,0.900000000000001,0.280424677944007
195,2000,500,0.4,0.9,1,0.3,"target-fixed",0.61213169812863,1456.94687706611,1303.94512668246,"",5000,1,0,0.00207336181049484,0.00217103011939489,0.153515011958436,0.00153530365762741,0.0235664443540168,0.000476042576726164,0.156289005855255,9.06805203707948e-05,1.80698542861022,1.0198837024238,0.9526,0.00300510365877785,0.9532,0.00298696367570816,0.0474,0.00300510365877785,5000,0,0.260000000000005,0.300510365877785
196,2000,500,0.4,0.9,1,0.6,"joint-score",0.583405689797619,1463.10869307662,1288.61212190324,"",5000,1,0,-0.000215198443047569,0.00210358837625958,0.148746160567835,0.00148761037415456,0.0221210415099853,0.000437677174947032,0.148971312693037,9.24497217663635e-05,0.151366680216802,1.00354034607023,0.9526,0.00300510365877785,0.9528,0.00299907185642492,0.0474,0.00300510365877785,5000,0,0.260000000000005,0.300510365877785
196,2000,500,0.4,0.9,1,0.6,"normal-recon",0.628603253621856,1463.10869307662,1288.61212190324,"",5000,1,0,-0.000215198443047569,0.00210358837625958,0.148746160567835,0.00148761037415456,0.0221210415099853,0.000437677174947032,0.160534438374514,0.000106470930147912,7.92509720027543,1.08172973003712,0.9662,0.0025556822963741,0.9664,0.00254837359898426,0.0338,0.0025556822963741,5000,0,1.62,0.25556822963741
196,2000,500,0.4,0.9,1,0.6,"reported-cov",0.624749044700002,1463.10869307662,1288.61212190324,"",5000,1,0,-0.000215198443047569,0.00210358837625958,0.148746160567835,0.00148761037415456,0.0221210415099853,0.000437677174947032,0.159556402334658,0.000107804415567016,7.26757700874741,1.07522842596409,0.9658,0.0025702280054501,0.9658,0.0025702280054501,0.0342,0.0025702280054501,5000,0,1.58,0.25702280054501
196,2000,500,0.4,0.9,1,0.6,"target-fixed",0.602248597004956,1463.10869307662,1288.61212190324,"",5000,1,0,-0.000215198443047569,0.00210358837625958,0.148746160567835,0.00148761037415456,0.0221210415099853,0.000437677174947032,0.15379634772397,9.9667294439215e-05,3.39517143626182,1.03622375253211,0.9586,0.00281730509529941,0.9584,0.00282380735886852,0.0414,0.00281730509529941,5000,0,0.860000000000005,0.281730509529941
197,2000,500,0.8,0,0,0.3,"joint-score",0.576577268626732,603.633733255689,468.438457263476,"",5000,1,0,-0.000747495624563557,0.00211751765460659,0.149731109285455,0.00149746084642725,0.0224154799565442,0.000458884320025278,0.147362358766179,0.000131145974052534,-1.58200291881896,0.988167786271966,0.9486,0.00312275647465504,0.949,0.00311123769583746,0.0514,0.00312275647465504,5000,0,-0.139999999999996,0.312275647465504
197,2000,500,0.8,0,0,0.3,"normal-recon",0.576929249217835,603.633733255689,468.438457263476,"",5000,1,0,-0.000747495624563557,0.00211751765460659,0.149731109285455,0.00149746084642725,0.0224154799565442,0.000458884320025278,0.147450959416035,0.000130917110940106,-1.52282974480187,0.988743721097555,0.9492,0.00310545842026584,0.9494,0.00309966578843591,0.0508,0.00310545842026584,5000,0,-0.0799999999999912,0.310545842026584
197,2000,500,0.8,0,0,0.3,"reported-cov",0.5769128712686,603.633733255689,468.438457263476,"",5000,1,0,-0.000747495624563557,0.00211751765460659,0.149731109285455,0.00149746084642725,0.0224154799565442,0.000458884320025278,0.14744691349884,0.000130948744041325,-1.52553186676828,0.988718671552725,0.9492,0.00310545842026584,0.9492,0.00310545842026584,0.0508,0.00310545842026584,5000,0,-0.0799999999999912,0.310545842026584
197,2000,500,0.8,0,0,0.3,"target-fixed",0.573432750854211,603.633733255689,468.438457263476,"",5000,1,0,-0.000747495624563557,0.00211751765460659,0.149731109285455,0.00149746084642725,0.0224154799565442,0.000458884320025278,0.146554931495586,0.000129566052696664,-2.1212544307105,0.982702598976796,0.9472,0.00316266216975509,0.9468,0.00317394895989208,0.0528,0.00316266216975509,5000,0,-0.279999999999991,0.316266216975509
198,2000,500,0.8,0,0,0.6,"joint-score",0.56611973875887,607.62622169657,456.466659897139,"",5000,1,0,-0.00241724996495053,0.00210877168354814,0.149112675741106,0.00149127589245743,0.022235986246052,0.000444498737208645,0.144749944362143,0.000144457151942251,-2.92579511250786,0.975660775418264,0.9442,0.00324611644892786,0.9438,0.00325704037432759,0.0558,0.00324611644892786,5000,0,-0.579999999999992,0.324611644892786
198,2000,500,0.8,0,0,0.6,"normal-recon",0.566463384858106,607.62622169657,456.466659897139,"",5000,1,0,-0.00241724996495053,0.00210877168354814,0.149112675741106,0.00149127589245743,0.022235986246052,0.000444498737208645,0.144836445069194,0.00014422438567821,-2.86778481484471,0.97622259254855,0.9438,0.00325704037432759,0.9432,0.00327333957908433,0.0562,0.00325704037432759,5000,0,-0.619999999999998,0.325704037432759
198,2000,500,0.8,0,0,0.6,"reported-cov",0.566393129554058,607.62622169657,456.466659897139,"",5000,1,0,-0.00241724996495053,0.00210877168354814,0.149112675741106,0.00149127589245743,0.022235986246052,0.000444498737208645,0.144818748247569,0.000144278940841564,-2.87965290153619,0.97610810990688,0.944,0.00325158422926425,0.9438,0.00325704037432759,0.056,0.00325158422926425,5000,0,-0.6,0.325158422926425
198,2000,500,0.8,0,0,0.6,"target-fixed",0.562991585317685,607.62622169657,456.466659897139,"",5000,1,0,-0.00241724996495053,0.00210877168354814,0.149112675741106,0.00149127589245743,0.022235986246052,0.000444498737208645,0.143945957964611,0.000142785751651772,-3.46497556348998,0.970183954432467,0.9422,0.00330027756408457,0.941,0.00333223648620562,0.0578,0.00330027756408457,5000,0,-0.779999999999992,0.330027756408457
199,2000,500,0.8,0.45,0,0.3,"joint-score",0.627519259259222,603.832723596485,466.57349526521,"imbalance",5000,0.9998,0.000199979998999889,0.00191932266892697,0.00238808060408918,0.168845911792862,0.00168879691109354,0.0285069227996989,0.000578167481639672,0.160504421971379,0.000169865020984148,-4.94029718156078,0.95609486324255,0.934386877375475,0.00350200813319869,0.934186837367474,0.00350696703932746,0.259851970394079,0.00620269936972388,4999,0.203060061667473,-1.56131226245249,0.350200813319869
199,2000,500,0.8,0.45,0,0.3,"normal-recon",0.627936406674846,603.832723596485,466.57349526521,"imbalance",5000,0.9998,0.000199979998999889,0.00191932266892697,0.00238808060408918,0.168845911792862,0.00168879691109354,0.0285069227996989,0.000578167481639672,0.160607024578043,0.000169182120532389,-4.87953017478258,0.956656836555793,0.934386877375475,0.00350200813319869,0.933986797359472,0.00351191666405466,0.259851970394079,0.00620269936972388,4999,0.203060061667473,-1.56131226245249,0.350200813319869
199,2000,500,0.8,0.45,0,0.3,"reported-cov",0.627917205366485,603.832723596485,466.57349526521,"imbalance",5000,0.9998,0.000199979998999889,0.00191932266892697,0.00238808060408918,0.168845911792862,0.00168879691109354,0.0285069227996989,0.000578167481639672,0.16060277198595,0.000169320073248351,-4.88204879785611,0.95664034503324,0.934386877375475,0.00350200813319869,0.933986797359472,0.00351191666405466,0.26005201040208,0.00620424781869507,4999,0.203060061667473,-1.56131226245249,0.350200813319869
199,2000,500,0.8,0.45,0,0.3,"target-fixed",0.618169400953403,603.832723596485,466.57349526521,"imbalance",5000,0.9998,0.000199979998999889,0.00191932266892697,0.00238808060408918,0.168845911792862,0.00168879691109354,0.0285069227996989,0.000578167481639672,0.158115268277488,0.000168090710738171,-6.35528773035291,0.941910225468783,0.929785957191438,0.00361378168734978,0.930786157231446,0.00358987949582039,0.266653330666133,0.00625441363519733,4999,0.203060061667473,-2.02140428085616,0.361378168734978
200,2000,500,0.8,0.45,0,0.6,"joint-score",0.621574269445174,603.396220030338,454.060492926494,"",5000,1,0,0.0025253541067943,0.00234403900637806,0.16574858767757,0.00165765165022982,0.0274734772116105,0.000544941845643139,0.159077416565677,0.000189183633664722,-4.0248735783325,0.966609766976899,0.9394,0.00337424480439698,0.94,0.00335857112474933,0.3014,0.0064893457297327,5000,0.22152092579085,-1.05999999999999,0.337424480439698
200,2000,500,0.8,0.45,0,0.6,"normal-recon",0.622898507179851,603.396220030338,454.060492926494,"",5000,1,0,0.0025253541067943,0.00234403900637806,0.16574858767757,0.00165765165022982,0.0274734772116105,0.000544941845643139,0.159408824873926,0.00018821616643221,-3.82492719393599,0.968526860680911,0.9382,0.00340531232047811,0.9388,0.00338982477423244,0.3004,0.0064832066140144,5000,0.22152092579085,-1.17999999999999,0.340531232047811
200,2000,500,0.8,0.45,0,0.6,"reported-cov",0.621779163584363,603.396220030338,454.060492926494,"",5000,1,0,0.0025253541067943,0.00234403900637806,0.16574858767757,0.00165765165022982,0.0274734772116105,0.000544941845643139,0.159125871390745,0.000188494428849778,-3.99563964895336,0.966851093646799,0.9382,0.00340531232047811,0.939,0.00338464178311384,0.3016,0.00649056915840206,5000,0.22152092579085,-1.17999999999999,0.340531232047811
200,2000,500,0.8,0.45,0,0.6,"target-fixed",0.611947089954166,603.396220030338,454.060492926494,"",5000,1,0,0.0025253541067943,0.00234403900637806,0.16574858767757,0.00165765165022982,0.0274734772116105,0.000544941845643139,0.156613862849447,0.000186592613272778,-5.51119316074846,0.95166451324931,0.9338,0.00351617860752266,0.9338,0.00351617860752266,0.3126,0.00655562720111509,5000,0.22152092579085,-1.62,0.351617860752266
201,2000,500,0.8,0.45,0.5,0.3,"joint-score",0.638334504788272,603.175468601817,466.035359819572,"imbalance",5000,0.9998,0.000199979998999889,0.000427103065292173,0.00241427044800726,0.170697628216709,0.00170731777987625,0.0291320339940421,0.000578763969162971,0.163265922203105,0.000174197763686221,-4.35372540980445,0.962081785168457,0.937587517503501,0.00342137020210276,0.937787557511502,0.0034162472168495,0.10502100420084,0.00433613641290213,4999,0.101530030833737,-1.24124824964993,0.342137020210276
201,2000,500,0.8,0.45,0.5,0.3,"normal-recon",0.64352995985968,603.175468601817,466.035359819572,"imbalance",5000,0.9998,0.000199979998999889,0.000427103065292173,0.00241427044800726,0.170697628216709,0.00170731777987625,0.0291320339940421,0.000578763969162971,0.164586561767146,0.000173832478022647,-3.58005352119153,0.969754247339698,0.938587717543509,0.00339565441377279,0.938987797559512,0.00338529685045831,0.100620124024805,0.0042547342438635,4999,0.101530030833737,-1.14122824564913,0.339565441377279
201,2000,500,0.8,0.45,0.5,0.3,"reported-cov",0.643501881943233,603.175468601817,466.035359819572,"imbalance",5000,0.9998,0.000199979998999889,0.000427103065292173,0.00241427044800726,0.170697628216709,0.00170731777987625,0.0291320339940421,0.000578763969162971,0.164579721208844,0.000173875127284155,-3.58406093381598,0.969717011020468,0.938387677535507,0.00340081783537353,0.93878775755151,0.00339048076776004,0.100620124024805,0.0042547342438635,4999,0.101530030833737,-1.16123224644928,0.340081783537353
201,2000,500,0.8,0.45,0.5,0.3,"target-fixed",0.633823819024948,603.175468601817,466.035359819572,"imbalance",5000,0.9998,0.000199979998999889,0.000427103065292173,0.00241427044800726,0.170697628216709,0.00170731777987625,0.0291320339940421,0.000578763969162971,0.162105854443502,0.000171827972845176,-5.03332932212733,0.95517570205379,0.934586917383477,0.00349703990618445,0.934186837367474,0.00350696703932746,0.109821964392879,0.00442223148785995,4999,0.101530030833737,-1.54130826165233,0.349703990618445
202,2000,500,0.8,0.45,0.5,0.6,"joint-score",0.63213799715346,601.093250029975,453.35626821648,"",5000,1,0,-0.00278949428686118,0.00240452151975559,0.170025347212816,0.00170042352298343,0.0289106182494762,0.000578341156222577,0.161725660404582,0.000180193627292795,-4.88144088177981,0.95716606268641,0.9386,0.00339499749631719,0.9376,0.00342070869850094,0.1174,0.00455230139599741,5000,0.110760462895425,-1.14,0.339499749631719
202,2000,500,0.8,0.45,0.5,0.6,"normal-recon",0.638263920807461,601.093250029975,453.35626821648,"",5000,1,0,-0.00278949428686118,0.00240452151975559,0.170025347212816,0.00170042352298343,0.0289106182494762,0.000578341156222577,0.16328107123383,0.000179399454536938,-3.96662973465063,0.96620824586825,0.9402,0.00335332551357604,0.9416,0.00331630637909105,0.1156,0.00452187217864459,5000,0.110760462895425,-0.979999999999992,0.335332551357604
202,2000,500,0.8,0.45,0.5,0.6,"reported-cov",0.637236829090333,601.093250029975,453.35626821648,"",5000,1,0,-0.00278949428686118,0.00240452151975559,0.170025347212816,0.00170042352298343,0.0289106182494762,0.000578341156222577,0.16302232711821,0.000179955814678718,-4.11880946541493,0.964731257486507,0.9396,0.00336903072114221,0.9408,0.0033375248313683,0.1154,0.00451846965243765,5000,0.110760462895425,-1.04,0.336903072114221
202,2000,500,0.8,0.45,0.5,0.6,"target-fixed",0.627625462183215,601.093250029975,453.35626821648,"",5000,1,0,-0.00278949428686118,0.00240452151975559,0.170025347212816,0.00170042352298343,0.0289106182494762,0.000578341156222577,0.160562748353022,0.000177283612765846,-5.56540481458366,0.950178762332209,0.935,0.00348640215695206,0.9352,0.00348140661227613,0.1234,0.00465128885364046,5000,0.110760462895425,-1.49999999999999,0.348640215695206
203,2000,500,0.8,0.45,1,0.3,"joint-score",0.654874235383267,603.735333917002,465.113698192323,"",5000,1,0,0.000743759783113248,0.00243871170774723,0.172442958590709,0.00172460205473644,0.0297311798313387,0.00059265340709291,0.167443590880386,0.000164663525097346,-2.89914285348649,0.975789088560383,0.9408,0.0033375248313683,0.9406,0.00334280241713446,0.0592,0.0033375248313683,5000,0,-0.919999999999999,0.33375248313683
203,2000,500,0.8,0.45,1,0.3,"normal-recon",0.664706232303935,603.735333917002,465.113698192323,"",5000,1,0,0.000743759783113248,0.00243871170774723,0.172442958590709,0.00172460205473644,0.0297311798313387,0.00059265340709291,0.169944892611564,0.000164091486648642,-1.448633217361,0.990195093834968,0.9438,0.00325704037432759,0.9438,0.00325704037432759,0.0562,0.00325704037432759,5000,0,-0.619999999999998,0.325704037432759
203,2000,500,0.8,0.45,1,0.3,"reported-cov",0.664674505492666,603.735333917002,465.113698192323,"",5000,1,0,0.000743759783113248,0.00243871170774723,0.172442958590709,0.00172460205473644,0.0297311798313387,0.00059265340709291,0.169937598855352,0.000164254556792193,-1.45286288047526,0.990162081212396,0.944,0.00325158422926425,0.9438,0.00325704037432759,0.056,0.00325158422926425,5000,0,-0.6,0.325158422926425
203,2000,500,0.8,0.45,1,0.3,"target-fixed",0.655453991986483,603.735333917002,465.113698192323,"",5000,1,0,0.000743759783113248,0.00243871170774723,0.172442958590709,0.00172460205473644,0.0297311798313387,0.00059265340709291,0.167581478212136,0.000162427734240822,-2.81918172728208,0.976459024019524,0.9396,0.00336903072114221,0.9396,0.00336903072114221,0.0604,0.00336903072114221,5000,0,-1.04,0.336903072114221
204,2000,500,0.8,0.45,1,0.6,"joint-score",0.646285955492506,604.995155415267,452.561642586122,"imbalance",5000,0.9998,0.000199979998999889,0.000197711691520964,0.00239846222772835,0.169579930027525,0.00169613856191719,0.0287516391369955,0.000578799308441688,0.165331020050626,0.000180944296547906,-2.50555002364348,0.98095990870545,0.942788557711542,0.00328478562394344,0.942788557711542,0.00328478562394344,0.0572114422884577,0.00328478562394344,4999,0,-0.72114422884576,0.328478562394344
204,2000,500,0.8,0.45,1,0.6,"normal-recon",0.656951450223884,604.995155415267,452.561642586122,"imbalance",5000,0.9998,0.000199979998999889,0.000197711691520964,0.00239846222772835,0.169579930027525,0.00169613856191719,0.0287516391369955,0.000578799308441688,0.168039425763576,0.000179748049480413,-0.908423693593774,0.996765838926515,0.94618923784757,0.00319140561818221,0.94618923784757,0.00319140561818221,0.0538107621524305,0.00319140561818221,4999,0,-0.381076215243048,0.319140561818221
204,2000,500,0.8,0.45,1,0.6,"reported-cov",0.656040961482794,604.995155415267,452.561642586122,"imbalance",5000,0.9998,0.000199979998999889,0.000197711691520964,0.00239846222772835,0.169579930027525,0.00169613856191719,0.0287516391369955,0.000578799308441688,0.167809934759155,0.000180210445908656,-1.0437528002772,0.99544903448138,0.94618923784757,0.00319140561818221,0.946389277855571,0.00318580482666391,0.0538107621524305,0.00319140561818221,4999,0,-0.381076215243048,0.319140561818221
204,2000,500,0.8,0.45,1,0.6,"target-fixed",0.646706139346712,604.995155415267,452.561642586122,"imbalance",5000,0.9998,0.000199979998999889,0.000197711691520964,0.00239846222772835,0.169579930027525,0.00169613856191719,0.0287516391369955,0.000578799308441688,0.165424926992729,0.000178252848698337,-2.4501738113243,0.981339226522713,0.941388277655531,0.00332227108567168,0.941388277655531,0.00332227108567168,0.0586117223444689,0.00332227108567168,4999,0,-0.861172234446883,0.332227108567168
205,2000,500,0.8,0.9,0,0.3,"joint-score",0.695552435766653,600.731455822603,463.097948090089,"imbalance",5000,0.9996,0.000282786138274123,-0.000400256037015156,0.00268510057632685,0.189827305714283,0.00189884279545504,0.0360273564345339,0.000709594048892932,0.178033104582754,0.000212889339658863,-6.21312149332224,0.944829784495519,0.932172869147659,0.00355673760453187,0.932372949179672,0.00355186892673191,0.617246898759504,0.00687528477683367,4998,0.406120123334946,-1.78271308523409,0.355673760453186
205,2000,500,0.8,0.9,0,0.3,"normal-recon",0.695944874280935,600.731455822603,463.097948090089,"imbalance",5000,0.9996,0.000282786138274123,-0.000400256037015156,0.00268510057632685,0.189827305714283,0.00189884279545504,0.0360273564345339,0.000709594048892932,0.178127519938283,0.000212071098206042,-6.16338399366524,0.945272752985943,0.931972789115646,0.00356159737801497,0.932172869147659,0.00355673760453187,0.616446578631453,0.00687800564478292,4998,0.406120123334946,-1.80272108843537,0.356159737801497
205,2000,500,0.8,0.9,0,0.3,"reported-cov",0.695873896413016,600.731455822603,463.097948090089,"imbalance",5000,0.9996,0.000282786138274123,-0.000400256037015156,0.00268510057632685,0.189827305714283,0.00189884279545504,0.0360273564345339,0.000709594048892932,0.178110734159134,0.000212269788861834,-6.17222665151478,0.945197297133497,0.931972789115646,0.00356159737801497,0.932372949179672,0.00355186892673191,0.615646258503401,0.00688070681175449,4998,0.406120123334946,-1.80272108843537,0.356159737801497
205,2000,500,0.8,0.9,0,0.3,"target-fixed",0.671485186998572,600.731455822603,463.097948090089,"imbalance",5000,0.9996,0.000282786138274123,-0.000400256037015156,0.00268510057632685,0.189827305714283,0.00189884279545504,0.0360273564345339,0.000709594048892932,0.171899202695779,0.00021079459872404,-9.44442789779043,0.912608662809069,0.921368547418968,0.00380729663308059,0.92156862745098,0.00380286249752596,0.635454181672669,0.0068080079702132,4998,0.406120123334946,-2.86314525810324,0.380729663308059
206,2000,500,0.8,0.9,0,0.6,"joint-score",0.697185370142124,602.78179745427,451.93646845436,"",5000,1,0,-0.00647394277371155,0.00266390464990435,0.188366504238174,0.00188385343714566,0.0355167554659635,0.000729362597209652,0.178604343448271,0.000241615810068962,-5.18253541381185,0.95690539528333,0.9338,0.00351617860752266,0.934,0.00351123909752668,0.681,0.0065914945194546,5000,0.4430418515817,-1.62,0.351617860752266
206,2000,500,0.8,0.9,0,0.6,"normal-recon",0.701230086305661,602.78179745427,451.93646845436,"",5000,1,0,-0.00647394277371155,0.00266390464990435,0.188366504238174,0.00188385343714566,0.0355167554659635,0.000729362597209652,0.179621287238209,0.000239961768313543,-4.64266034735541,0.962139573308495,0.9358,0.00346636293541228,0.9358,0.00346636293541228,0.6766,0.00661532221437475,5000,0.4430418515817,-1.42,0.346636293541227
206,2000,500,0.8,0.9,0,0.6,"reported-cov",0.697622850383678,602.78179745427,451.93646845436,"",5000,1,0,-0.00647394277371155,0.00266390464990435,0.188366504238174,0.00188385343714566,0.0355167554659635,0.000729362597209652,0.178708007912734,0.000240591590187366,-5.1275020282945,0.957378127329785,0.9346,0.00349636496950762,0.9352,0.00348140661227613,0.6806,0.0065936884973435,5000,0.4430418515817,-1.54,0.349636496950762
206,2000,500,0.8,0.9,0,0.6,"target-fixed",0.673315290460894,602.78179745427,451.93646845436,"",5000,1,0,-0.00647394277371155,0.00266390464990435,0.188366504238174,0.00188385343714566,0.0355167554659635,0.000729362597209652,0.172521370780491,0.00023970065759245,-8.41186362817915,0.924770033360074,0.9238,0.00375216097735692,0.9228,0.00377465654066698,0.6994,0.00648443736957957,5000,0.4430418515817,-2.62,0.375216097735692
207,2000,500,0.8,0.9,0.5,0.3,"joint-score",0.71241453460663,602.00311520254,467.918088846757,"imbalance",5000,0.9998,0.000199979998999889,-0.00205702597379712,0.00273843781206155,0.193617430028889,0.00193656165135815,0.0374844415251981,0.000763524333177521,0.182295490188508,0.00020811118152678,-5.84758295711917,0.947826821105892,0.931786357271454,0.00356576096578313,0.931986397279456,0.00356091091301219,0.213442688537708,0.0057951443630973,4999,0.203060061667473,-1.82136427285456,0.356576096578313
207,2000,500,0.8,0.9,0.5,0.3,"normal-recon",0.730086063855052,602.00311520254,467.918088846757,"imbalance",5000,0.9998,0.000199979998999889,-0.00205702597379712,0.00273843781206155,0.193617430028889,0.00193656165135815,0.0374844415251981,0.000763524333177521,0.186788675476031,0.000207445551396404,-3.52693171882258,0.970853812725567,0.939187837567513,0.0033801026146097,0.938587717543509,0.00339565441377279,0.200440088017604,0.00566208297920054,4999,0.203060061667473,-1.08121624324865,0.33801026146097
207,2000,500,0.8,0.9,0.5,0.3,"reported-cov",0.730073542161648,602.00311520254,467.918088846757,"imbalance",5000,0.9998,0.000199979998999889,-0.00205702597379712,0.00273843781206155,0.193617430028889,0.00193656165135815,0.0374844415251981,0.000763524333177521,0.186787500297679,0.000207811411651785,-3.52753867778928,0.97086865068524,0.938387677535507,0.00340081783537353,0.93878775755151,0.00339048076776004,0.200240048009602,0.00565996477699272,4999,0.203060061667473,-1.16123224644928,0.340081783537353
207,2000,500,0.8,0.9,0.5,0.3,"target-fixed",0.706558926257045,602.00311520254,467.918088846757,"imbalance",5000,0.9998,0.000199979998999889,-0.00205702597379712,0.00273843781206155,0.193617430028889,0.00193656165135815,0.0374844415251981,0.000763524333177521,0.180795421486046,0.000206370546677967,-6.62234207990982,0.94002571903707,0.928385677135427,0.0036468893985836,0.927985597119424,0.00365627397763706,0.219643928785757,0.00585550613158882,4999,0.203060061667473,-2.16143228645729,0.36468893985836
208,2000,500,0.8,0.9,0.5,0.6,"joint-score",0.708577323664823,607.25874135149,458.039673430848,"",5000,1,0,0.000782615182785718,0.00269824356586741,0.190794632271781,0.00190813714597405,0.0363959236719078,0.000759484966709933,0.181430409401591,0.000230965042356908,-4.90801169754658,0.958688502715082,0.9342,0.00350629034736144,0.9346,0.00349636496950762,0.2448,0.00608067364689144,5000,0.22152092579085,-1.57999999999999,0.350629034736144
208,2000,500,0.8,0.9,0.5,0.6,"normal-recon",0.729458558154209,607.25874135149,458.039673430848,"",5000,1,0,0.000782615182785718,0.00269824356586741,0.190794632271781,0.00190813714597405,0.0363959236719078,0.000759484966709933,0.186730835157225,0.000228879672576462,-2.12993262240588,0.986122368449274,0.9408,0.0033375248313683,0.9408,0.0033375248313683,0.2248,0.00590364226558486,5000,0.22152092579085,-0.919999999999999,0.33375248313683
208,2000,500,0.8,0.9,0.5,0.6,"reported-cov",0.726176467340351,607.25874135149,458.039673430848,"",5000,1,0,0.000782615182785718,0.00269824356586741,0.190794632271781,0.00190813714597405,0.0363959236719078,0.000759484966709933,0.185900273647438,0.000229578913223696,-2.5652496435916,0.981846086145687,0.9402,0.00335332551357604,0.9398,0.00336380617753164,0.2288,0.0059405481228587,5000,0.22152092579085,-0.979999999999992,0.335332551357604
208,2000,500,0.8,0.9,0.5,0.6,"target-fixed",0.702621868473553,607.25874135149,458.039673430848,"",5000,1,0,0.000782615182785718,0.00269824356586741,0.190794632271781,0.00190813714597405,0.0363959236719078,0.000759484966709933,0.179903011257902,0.0002289461999099,-5.70855735520089,0.950612719801842,0.9324,0.0035504996831432,0.9328,0.00354073890593475,0.2524,0.00614319525979762,5000,0.22152092579085,-1.76,0.35504996831432
209,2000,500,0.8,0.9,1,0.3,"joint-score",0.74468801271487,604.174445853302,468.998243942997,"",5000,1,0,-0.000267124290894782,0.00281793831468386,0.199258329127835,0.00199278257950121,0.0396960123058579,0.000795153972892659,0.190480920430158,0.000203436666789695,-4.40503979738045,0.961481269859708,0.9364,0.0034512328232097,0.9362,0.00345628586780665,0.0636,0.0034512328232097,5000,0,-1.35999999999999,0.34512328232097
209,2000,500,0.8,0.9,1,0.3,"normal-recon",0.777480783104505,604.174445853302,468.998243942997,"",5000,1,0,-0.000267124290894782,0.00281793831468386,0.199258329127835,0.00199278257950121,0.0396960123058579,0.000795153972892659,0.198823146074466,0.000201908992398032,-0.218401436604054,1.00304722267609,0.9442,0.00324611644892786,0.9442,0.00324611644892786,0.0558,0.00324611644892786,5000,0,-0.579999999999992,0.324611644892786
209,2000,500,0.8,0.9,1,0.3,"reported-cov",0.777441456177595,604.174445853302,468.998243942997,"",5000,1,0,-0.000267124290894782,0.00281793831468386,0.199258329127835,0.00199278257950121,0.0396960123058579,0.000795153972892659,0.198816001702553,0.000202475672606735,-0.221986918799,1.00304031889585,0.9444,0.00324063697442339,0.9446,0.00323514574633045,0.0556,0.00324063697442339,5000,0,-0.559999999999994,0.324063697442339
209,2000,500,0.8,0.9,1,0.3,"target-fixed",0.75583904607074,604.174445853302,468.998243942997,"",5000,1,0,-0.000267124290894782,0.00281793831468386,0.199258329127835,0.00199278257950121,0.0396960123058579,0.000795153972892659,0.193305527011675,0.000200371961153929,-2.98747969142157,0.97541953331263,0.9378,0.00341558662604244,0.938,0.00341045451516363,0.0622,0.00341558662604244,5000,0,-1.22,0.341558662604244
210,2000,500,0.8,0.9,1,0.6,"joint-score",0.738767123330594,604.325412379961,459.050050499977,"",5000,1,0,-0.00038512297955707,0.00279062445583927,0.197326947646897,0.00197346683302059,0.0389302850024972,0.000796955739783273,0.189029933900355,0.000213109233164374,-4.20470384074921,0.964116706868675,0.9412,0.00332693733033852,0.9412,0.00332693733033852,0.0588,0.00332693733033852,5000,0,-0.879999999999992,0.332693733033852
210,2000,500,0.8,0.9,1,0.6,"normal-recon",0.775156315108406,604.325412379961,459.050050499977,"",5000,1,0,-0.00038512297955707,0.00279062445583927,0.197326947646897,0.00197346683302059,0.0389302850024972,0.000796955739783273,0.198289342647995,0.000212875177880793,0.487715951913592,1.01075124151981,0.9502,0.00307636018697421,0.9498,0.00308804015517933,0.0498,0.00307636018697421,5000,0,0.0200000000000089,0.307636018697421
210,2000,500,0.8,0.9,1,0.6,"reported-cov",0.771905025949476,604.325412379961,459.050050499977,"",5000,1,0,-0.00038512297955707,0.00279062445583927,0.197326947646897,0.00197346683302059,0.0389302850024972,0.000796955739783273,0.197464993561245,0.000213511096928098,0.0699579636709524,1.00663179709289,0.9492,0.00310545842026584,0.9492,0.00310545842026584,0.0508,0.00310545842026584,5000,0,-0.0799999999999912,0.310545842026584
210,2000,500,0.8,0.9,1,0.6,"target-fixed",0.749889399131746,604.325412379961,459.050050499977,"",5000,1,0,-0.00038512297955707,0.00279062445583927,0.197326947646897,0.00197346683302059,0.0389302850024972,0.000796955739783273,0.19184747859309,0.000210687676214142,-2.7768478249673,0.978173416511802,0.9432,0.00327333957908433,0.9432,0.00327333957908433,0.0568,0.00327333957908433,5000,0,-0.679999999999992,0.327333957908433
211,2000,2000,0,0,0,0.3,"joint-score",0.274105651109221,1989.0847354033,1973.81336395186,"",5000,1,0,0.00185873265333847,0.000993026476251439,0.0702175755255175,0.000702245983365092,0.00493297669817581,9.8352326244233e-05,0.0699313318185242,1.19923622331396e-05,-0.407652507012712,0.996169497530887,0.9504,0.00307049963361014,0.9508,0.00305873699425106,0.0496,0.00307049963361014,5000,0,0.0400000000000067,0.307049963361014
211,2000,2000,0,0,0,0.3,"normal-recon",0.274137818656157,1989.0847354033,1973.81336395186,"",5000,1,0,0.00185873265333847,0.000993026476251439,0.0702175755255175,0.000702245983365092,0.00493297669817581,9.8352326244233e-05,0.0699395217956,1.19740724802029e-05,-0.395988793171043,0.996285683016523,0.9508,0.00305873699425106,0.9506,0.0030646252625729,0.0492,0.00305873699425106,5000,0,0.0800000000000023,0.305873699425106
211,2000,2000,0,0,0,0.3,"reported-cov",0.274137560617982,1989.0847354033,1973.81336395186,"",5000,1,0,0.00185873265333847,0.000993026476251439,0.0702175755255175,0.000702245983365092,0.00493297669817581,9.8352326244233e-05,0.0699394548433418,1.19727555332487e-05,-0.396084142886155,0.996284697463253,0.9508,0.00305873699425106,0.9508,0.00305873699425106,0.0492,0.00305873699425106,5000,0,0.0800000000000023,0.305873699425106
211,2000,2000,0,0,0,0.3,"target-fixed",0.273882582125044,1989.0847354033,1973.81336395186,"",5000,1,0,0.00185873265333847,0.000993026476251439,0.0702175755255175,0.000702245983365092,0.00493297669817581,9.8352326244233e-05,0.0698744001851244,1.19580060258312e-05,-0.488731400685183,0.995357908448002,0.9502,0.00307636018697421,0.9504,0.00307049963361014,0.0498,0.00307636018697421,5000,0,0.0200000000000089,0.307636018697421
212,2000,2000,0,0,0,0.6,"joint-score",0.271405577246806,1989.84074522427,1975.6528036827,"",5000,1,0,0.000464816544665129,0.000985162664673369,0.0696615200762348,0.000696684872733394,0.004851972888276,9.53816521030084e-05,0.0692425632506601,1.19768006454702e-05,-0.601417863285458,0.99423390017663,0.9474,0.00315699984162179,0.9478,0.00314563697841948,0.0526,0.00315699984162179,5000,0,-0.259999999999994,0.315699984162179
212,2000,2000,0,0,0,0.6,"normal-recon",0.271460693494533,1989.84074522427,1975.6528036827,"",5000,1,0,0.000464816544665129,0.000985162664673369,0.0696615200762348,0.000696684872733394,0.004851972888276,9.53816521030084e-05,0.0692566170707359,1.19702803699235e-05,-0.581243425431655,0.994435472788967,0.9476,0.00315132480077824,0.9478,0.00314563697841948,0.0524,0.00315132480077824,5000,0,-0.239999999999996,0.315132480077824
212,2000,2000,0,0,0,0.6,"reported-cov",0.271435420416507,1989.84074522427,1975.6528036827,"",5000,1,0,0.000464816544665129,0.000985162664673369,0.0696615200762348,0.000696684872733394,0.004851972888276,9.53816521030084e-05,0.06925016897021,1.19689191172864e-05,-0.59049975592641,0.994342880281761,0.9476,0.00315132480077824,0.9478,0.00314563697841948,0.0524,0.00315132480077824,5000,0,-0.239999999999996,0.315132480077824
212,2000,2000,0,0,0,0.6,"target-fixed",0.271209125188954,1989.84074522427,1975.6528036827,"",5000,1,0,0.000464816544665129,0.000985162664673369,0.0696615200762348,0.000696684872733394,0.004851972888276,9.53816521030084e-05,0.0691924304403926,1.19534829907787e-05,-0.673384151435086,0.993513694330347,0.9474,0.00315699984162179,0.9476,0.00315132480077824,0.0526,0.00315699984162179,5000,0,-0.259999999999994,0.315699984162179
213,2000,2000,0,0.45,0,0.3,"joint-score",0.290873949040675,1989.1728383653,1974.253194011,"",5000,1,0,-0.00171801826185845,0.0010462741188731,0.0739827524435146,0.000739901518286853,0.00547530455633462,0.000110309617092833,0.0742115668622949,1.51020227971479e-05,0.309280759667563,1.00340079045909,0.9522,0.00301712313305241,0.9534,0.00298088711627931,0.0478,0.00301712313305241,5000,0,0.220000000000009,0.301712313305241
213,2000,2000,0,0.45,0,0.3,"normal-recon",0.290919556059648,1989.1728383653,1974.253194011,"",5000,1,0,-0.00171801826185845,0.0010462741188731,0.0739827524435146,0.000739901518286853,0.00547530455633462,0.000110309617092833,0.0742228815644842,1.47829040723078e-05,0.324574462342286,1.00354503003209,0.9522,0.00301712313305241,0.9536,0.00297479545515318,0.0478,0.00301712313305241,5000,0,0.220000000000009,0.301712313305241
213,2000,2000,0,0.45,0,0.3,"reported-cov",0.290917884983003,1989.1728383653,1974.253194011,"",5000,1,0,-0.00171801826185845,0.0010462741188731,0.0739827524435146,0.000739901518286853,0.00547530455633462,0.000110309617092833,0.074222493009812,1.482086877693e-05,0.324049266050763,1.00354080164565,0.9524,0.00301112072159188,0.9534,0.00298088711627931,0.0476,0.00301112072159188,5000,0,0.240000000000007,0.301112072159188
213,2000,2000,0,0.45,0,0.3,"target-fixed",0.287895490066056,1989.1728383653,1974.253194011,"",5000,1,0,-0.00171801826185845,0.0010462741188731,0.0739827524435146,0.000739901518286853,0.00547530455633462,0.000110309617092833,0.0734510349279026,1.4313766287555e-05,-0.718704695419381,0.99310072902703,0.9504,0.00307049963361014,0.9514,0.0030409879973456,0.0496,0.00307049963361014,5000,0,0.0400000000000067,0.307049963361014
214,2000,2000,0,0.45,0,0.6,"joint-score",0.289761907702181,1989.78710771375,1975.03346724024,"",5000,1,0,-0.000664586590814878,0.00105350871623378,0.0744943157288037,0.000745017662779776,0.00554873487062421,0.000110091440748178,0.073928370631046,1.5553514470038e-05,-0.759715814852324,0.992721681349882,0.9482,0.0031342227106573,0.9476,0.00315132480077824,0.0518,0.0031342227106573,5000,0,-0.179999999999991,0.31342227106573
214,2000,2000,0,0.45,0,0.6,"normal-recon",0.290295984972142,1989.78710771375,1975.03346724024,"",5000,1,0,-0.000664586590814878,0.00105350871623378,0.0744943157288037,0.000745017662779776,0.00554873487062421,0.000110091440748178,0.0740645068812985,1.5461651466623e-05,-0.576968649621368,0.994546351105049,0.9482,0.0031342227106573,0.9492,0.00310545842026584,0.0518,0.0031342227106573,5000,0,-0.179999999999991,0.31342227106573
214,2000,2000,0,0.45,0,0.6,"reported-cov",0.289779236775326,1989.78710771375,1975.03346724024,"",5000,1,0,-0.000664586590814878,0.00105350871623378,0.0744943157288037,0.000745017662779776,0.00554873487062421,0.000110091440748178,0.0739326568805404,1.54261670961962e-05,-0.753962020817844,0.99277563185763,0.948,0.00313993630508646,0.948,0.00313993630508646,0.052,0.00313993630508646,5000,0,-0.2,0.313993630508646
214,2000,2000,0,0.45,0,0.6,"target-fixed",0.286758858394186,1989.78710771375,1975.03346724024,"",5000,1,0,-0.000664586590814878,0.00105350871623378,0.0744943157288037,0.000745017662779776,0.00554873487062421,0.000110091440748178,0.0731614615597641,1.46812304124583e-05,-1.78920251297005,0.982403898397704,0.945,0.0032241277890307,0.9454,0.00321306209090332,0.055,0.0032241277890307,5000,0,-0.5,0.32241277890307
215,2000,2000,0,0.45,0.5,0.3,"joint-score",0.294981442399367,1989.47350481791,1974.95033488467,"",5000,1,0,0.000804074768747366,0.00107711142198893,0.0761632790581855,0.00076170896528731,0.0058003314441134,0.000112170689636768,0.0752591790617946,1.4978417013684e-05,-1.18705497921138,0.988423941696252,0.95,0.00308220700148449,0.9496,0.00309385972532693,0.05,0.00308220700148449,5000,0,0,0.308220700148449
215,2000,2000,0,0.45,0.5,0.3,"normal-recon",0.297640063221582,1989.47350481791,1974.95033488467,"",5000,1,0,0.000804074768747366,0.00107711142198893,0.0761632790581855,0.00076170896528731,0.0058003314441134,0.000112170689636768,0.0759376253230833,1.52574053403053e-05,-0.296276286804553,0.997338162069235,0.9518,0.00302908435009658,0.9522,0.00301712313305241,0.0482,0.00302908435009658,5000,0,0.180000000000002,0.302908435009658
215,2000,2000,0,0.45,0.5,0.3,"reported-cov",0.297638412923372,1989.47350481791,1974.95033488467,"",5000,1,0,0.000804074768747366,0.00107711142198893,0.0761632790581855,0.00076170896528731,0.0058003314441134,0.000112170689636768,0.0759372584009025,1.53110523414416e-05,-0.296758044136092,0.997334762270699,0.9518,0.00302908435009658,0.9522,0.00301712313305241,0.0482,0.00302908435009658,5000,0,0.180000000000002,0.302908435009658
215,2000,2000,0,0.45,0.5,0.3,"target-fixed",0.294679985782628,1989.47350481791,1974.95033488467,"",5000,1,0,0.000804074768747366,0.00107711142198893,0.0761632790581855,0.00076170896528731,0.0058003314441134,0.000112170689636768,0.0751820549363967,1.47439914309144e-05,-1.28831654036216,0.987405343142915,0.9488,0.0031170036894428,0.9492,0.00310545842026584,0.0512,0.0031170036894428,5000,0,-0.119999999999998,0.31170036894428
216,2000,2000,0,0.45,0.5,0.6,"joint-score",0.293195036405015,1990.02842055169,1975.45057550977,"",5000,1,0,-0.000743797047013052,0.00102821647445349,0.0727058841613786,0.000727131558405648,0.00528564159661661,0.000107522968452325,0.0748040195172865,1.54877774319008e-05,2.88578480285151,1.02918122648051,0.9576,0.00284963997726029,0.9572,0.00286245209566902,0.0424,0.00284963997726029,5000,0,0.760000000000005,0.284963997726029
216,2000,2000,0,0.45,0.5,0.6,"normal-recon",0.296393197658917,1990.02842055169,1975.45057550977,"",5000,1,0,-0.000743797047013052,0.00102821647445349,0.0727058841613786,0.000727131558405648,0.00528564159661661,0.000107522968452325,0.0756202339677767,1.59024615680351e-05,4.00840982819126,1.04041805444841,0.9592,0.00279769047608916,0.9594,0.00279111590586991,0.0408,0.00279769047608916,5000,0,0.92000000000001,0.279769047608916
216,2000,2000,0,0.45,0.5,0.6,"reported-cov",0.29587586067893,1990.02842055169,1975.45057550977,"",5000,1,0,-0.000743797047013052,0.00102821647445349,0.0727058841613786,0.000727131558405648,0.00528564159661661,0.000107522968452325,0.0754882501424326,1.58814218254758e-05,3.82687868134333,1.03860235433018,0.9588,0.00281078494374792,0.9588,0.00281078494374792,0.0412,0.00281078494374792,5000,0,0.880000000000003,0.281078494374792
216,2000,2000,0,0.45,0.5,0.6,"target-fixed",0.292926862056212,1990.02842055169,1975.45057550977,"",5000,1,0,-0.000743797047013052,0.00102821647445349,0.0727058841613786,0.000727131558405648,0.00528564159661661,0.000107522968452325,0.0747353097353581,1.51898419805314e-05,2.7912810598314,1.02822788936704,0.9574,0.00285605462132642,0.957,0.00286883251515316,0.0426,0.00285605462132642,5000,0,0.740000000000007,0.285605462132642
217,2000,2000,0,0.45,1,0.3,"joint-score",0.301496591813043,1989.44206589037,1974.40061223359,"",5000,1,0,0.0013389987633662,0.00108791440608526,0.0769271653893423,0.000769348592599811,0.00591839813477256,0.000119976445809004,0.0769211464963054,1.5042287104527e-05,-0.00782414509425955,1.00021292146166,0.9466,0.00317957355631223,0.947,0.00316831185333767,0.0534,0.00317957355631223,5000,0,-0.339999999999996,0.317957355631223
217,2000,2000,0,0.45,1,0.3,"normal-recon",0.306662453269646,1989.44206589037,1974.40061223359,"",5000,1,0,0.0013389987633662,0.00108791440608526,0.0769271653893423,0.000769348592599811,0.00591839813477256,0.000119976445809004,0.0782396860075378,1.5873652893831e-05,1.70618611975697,1.01737286317151,0.9512,0.00304691844328003,0.9512,0.00304691844328003,0.0488,0.00304691844328003,5000,0,0.120000000000009,0.304691844328003
217,2000,2000,0,0.45,1,0.3,"reported-cov",0.306662131698581,1989.44206589037,1974.40061223359,"",5000,1,0,0.0013389987633662,0.00108791440608526,0.0769271653893423,0.000769348592599811,0.00591839813477256,0.000119976445809004,0.078239691635453,1.5960608366312e-05,1.70619343565797,1.01737523523066,0.9512,0.00304691844328003,0.9512,0.00304691844328003,0.0488,0.00304691844328003,5000,0,0.120000000000009,0.304691844328003
217,2000,2000,0,0.45,1,0.3,"target-fixed",0.30378255563339,1989.44206589037,1974.40061223359,"",5000,1,0,0.0013389987633662,0.00108791440608526,0.0769271653893423,0.000769348592599811,0.00591839813477256,0.000119976445809004,0.0775046795952406,1.54753391309985e-05,0.750728566398262,1.0078088479411,0.9488,0.0031170036894428,0.949,0.00311123769583746,0.0512,0.0031170036894428,5000,0,-0.119999999999998,0.31170036894428
218,2000,2000,0,0.45,1,0.6,"joint-score",0.299142304325568,1989.95094924903,1975.69441850541,"",5000,1,0,0.00213510835373881,0.0010917643171697,0.0771993952128193,0.000772071163105246,0.00596311335958304,0.000117158612837031,0.0763213399253627,1.57787478262444e-05,-1.13738622567712,0.988936249939936,0.9432,0.00327333957908433,0.9436,0.00326248494249399,0.0568,0.00327333957908433,5000,0,-0.679999999999992,0.327333957908433
218,2000,2000,0,0.45,1,0.6,"normal-recon",0.304863614707557,1989.95094924903,1975.69441850541,"",5000,1,0,0.00213510835373881,0.0010917643171697,0.0771993952128193,0.000772071163105246,0.00596311335958304,0.000117158612837031,0.077781911572803,1.69022799652116e-05,0.754560781697644,1.00788421119345,0.9484,0.00312849612433834,0.9482,0.0031342227106573,0.0516,0.00312849612433834,5000,0,-0.159999999999993,0.312849612433834
218,2000,2000,0,0.45,1,0.6,"reported-cov",0.304361484750833,1989.95094924903,1975.69441850541,"",5000,1,0,0.00213510835373881,0.0010917643171697,0.0771993952128193,0.000772071163105246,0.00596311335958304,0.000117158612837031,0.0776538146568146,1.68890208631061e-05,0.588630834143911,1.00622476443325,0.9482,0.0031342227106573,0.948,0.00313993630508646,0.0518,0.0031342227106573,5000,0,-0.179999999999991,0.31342227106573
218,2000,2000,0,0.45,1,0.6,"target-fixed",0.301465155800281,1989.95094924903,1975.69441850541,"",5000,1,0,0.00213510835373881,0.0010917643171697,0.0771993952128193,0.000772071163105246,0.00596311335958304,0.000117158612837031,0.0769142936753555,1.61998678896452e-05,-0.36930540281811,0.996627534698941,0.9442,0.00324611644892786,0.9454,0.00321306209090332,0.0558,0.00324611644892786,5000,0,-0.579999999999992,0.324611644892786
219,2000,2000,0,0.9,0,0.3,"joint-score",0.316736093734509,1989.2625926814,1974.67664708104,"",5000,1,0,0.000182601215518382,0.0011471856862341,0.0811182778016272,0.000811263908463844,0.00657889230170717,0.00013603751039334,0.0808146553970421,2.06612895370505e-05,-0.374295920492307,0.996682189421826,0.9474,0.00315699984162179,0.9472,0.00316266216975509,0.0526,0.00315699984162179,5000,0,-0.259999999999994,0.315699984162179
219,2000,2000,0,0.9,0,0.3,"normal-recon",0.31678263390751,1989.2625926814,1974.67664708104,"",5000,1,0,0.000182601215518382,0.0011471856862341,0.0811182778016272,0.000811263908463844,0.00657889230170717,0.00013603751039334,0.0808256683587579,1.99725833113638e-05,-0.360719496023931,0.99679659031665,0.9476,0.00315132480077824,0.9478,0.00314563697841948,0.0524,0.00315132480077824,5000,0,-0.239999999999996,0.315132480077824
219,2000,2000,0,0.9,0,0.3,"reported-cov",0.316769967022896,1989.2625926814,1974.67664708104,"",5000,1,0,0.000182601215518382,0.0011471856862341,0.0811182778016272,0.000811263908463844,0.00657889230170717,0.00013603751039334,0.0808225643371762,2.00765439610427e-05,-0.364546033847224,0.996761506766915,0.9478,0.00314563697841948,0.9478,0.00314563697841948,0.0522,0.00314563697841947,5000,0,-0.219999999999998,0.314563697841947
219,2000,2000,0,0.9,0,0.3,"target-fixed",0.306457647282266,1989.2625926814,1974.67664708104,"",5000,1,0,0.000182601215518382,0.0011471856862341,0.0811182778016272,0.000811263908463844,0.00657889230170717,0.00013603751039334,0.0781897117155957,1.79917502060343e-05,-3.6102419397922,0.964249106637326,0.94,0.00335857112474933,0.94,0.00335857112474933,0.06,0.00335857112474933,5000,0,-1,0.335857112474933
220,2000,2000,0,0.9,0,0.6,"joint-score",0.317892607518331,1989.9580414175,1975.83198636004,"",5000,1,0,-0.000146933849600611,0.00114217308446922,0.080763833331694,0.000807719109266867,0.00652151380463096,0.00013122216026286,0.0811117420124907,2.228109912406e-05,0.430772867562856,1.00478698086635,0.95,0.00308220700148449,0.9498,0.00308804015517933,0.05,0.00308220700148449,5000,0,0,0.308220700148449
220,2000,2000,0,0.9,0,0.6,"normal-recon",0.319788031715809,1989.9580414175,1975.83198636004,"",5000,1,0,-0.000146933849600611,0.00114217308446922,0.080763833331694,0.000807719109266867,0.00652151380463096,0.00013122216026286,0.0815949482437983,2.21036850319638e-05,1.02906818289674,1.01076231810886,0.9512,0.00304691844328003,0.951,0.00305283474822991,0.0488,0.00304691844328003,5000,0,0.120000000000009,0.304691844328003
220,2000,2000,0,0.9,0,0.6,"reported-cov",0.317963614799599,1989.9580414175,1975.83198636004,"",5000,1,0,-0.000146933849600611,0.00114217308446922,0.080763833331694,0.000807719109266867,0.00652151380463096,0.00013122216026286,0.0811292615586743,2.18460187261335e-05,0.452465183864503,1.0049892003938,0.9502,0.00307636018697421,0.95,0.00308220700148449,0.0498,0.00307636018697421,5000,0,0.0200000000000089,0.307636018697421
220,2000,2000,0,0.9,0,0.6,"target-fixed",0.307552366956636,1989.9580414175,1975.83198636004,"",5000,1,0,-0.000146933849600611,0.00114217308446922,0.080763833331694,0.000807719109266867,0.00652151380463096,0.00013122216026286,0.0784707092627727,1.94874736877119e-05,-2.83929572721446,0.972003752073657,0.9424,0.00329491244193226,0.9424,0.00329491244193226,0.0576,0.00329491244193226,5000,0,-0.759999999999994,0.329491244193226
221,2000,2000,0,0.9,0.5,0.3,"joint-score",0.321624149789747,1989.3625943723,1974.5093258034,"",5000,1,0,0.00194053324766131,0.00115950571894036,0.0819894356687309,0.000819976358423443,0.00672468877704999,0.000135963397711133,0.0820605725574448,1.99707670417836e-05,0.0867634813359608,1.00126405548636,0.9496,0.00309385972532693,0.9496,0.00309385972532693,0.0504,0.00309385972532693,5000,0,-0.0399999999999956,0.309385972532693
221,2000,2000,0,0.9,0.5,0.3,"normal-recon",0.331173350139913,1989.3625943723,1974.5093258034,"",5000,1,0,0.00194053324766131,0.00115950571894036,0.0819894356687309,0.000819976358423443,0.00672468877704999,0.000135963397711133,0.0844978244516387,2.12366937382945e-05,3.0594048641128,1.03102253163988,0.956,0.00290048271844533,0.956,0.00290048271844533,0.044,0.00290048271844533,5000,0,0.6,0.290048271844533
221,2000,2000,0,0.9,0.5,0.3,"reported-cov",0.331158977264336,1989.3625943723,1974.5093258034,"",5000,1,0,0.00194053324766131,0.00115950571894036,0.0819894356687309,0.000819976358423443,0.00672468877704999,0.000135963397711133,0.0844944264593938,2.14511768992823e-05,3.05526043719104,1.03098770171842,0.9562,0.00289418589589542,0.956,0.00290048271844533,0.0438,0.00289418589589542,5000,0,0.620000000000009,0.289418589589542
221,2000,2000,0,0.9,0.5,0.3,"target-fixed",0.321264845507218,1989.3625943723,1974.5093258034,"",5000,1,0,0.00194053324766131,0.00115950571894036,0.0819894356687309,0.000819976358423443,0.00672468877704999,0.000135963397711133,0.081968133447357,1.93076634668716e-05,-0.0259816660526213,1.00011745510606,0.9498,0.00308804015517933,0.9492,0.00310545842026584,0.0502,0.00308804015517933,5000,0,-0.0199999999999978,0.308804015517933
222,2000,2000,0,0.9,0.5,0.6,"joint-score",0.321884240216392,1989.77006086987,1975.6046391096,"",5000,1,0,-0.000996620235107544,0.00116336074810674,0.0822620273952532,0.000822702548321289,0.00676668099484019,0.000138752067576619,0.0821286669285316,2.13764867329659e-05,-0.162116678793822,0.998816775451654,0.9456,0.0032075111847038,0.9462,0.00319078548323136,0.0544,0.0032075111847038,5000,0,-0.439999999999996,0.32075111847038
222,2000,2000,0,0.9,0.5,0.6,"normal-recon",0.333174676411736,1989.77006086987,1975.6046391096,"",5000,1,0,-0.000996620235107544,0.00116336074810674,0.0822620273952532,0.000822702548321289,0.00676668099484019,0.000138752067576619,0.0850108979360813,2.32336395504177e-05,3.34160320121977,1.0339052280044,0.9524,0.00301112072159188,0.9532,0.00298696367570816,0.0476,0.00301112072159188,5000,0,0.240000000000007,0.301112072159188
222,2000,2000,0,0.9,0.5,0.6,"reported-cov",0.331449874840751,1989.77006086987,1975.6046391096,"",5000,1,0,-0.000996620235107544,0.00116336074810674,0.0822620273952532,0.000822702548321289,0.00676668099484019,0.000138752067576619,0.084570949581611,2.32164456935466e-05,2.80678979046294,1.02855799170624,0.9516,0.00303504332753257,0.9522,0.00301712313305241,0.0484,0.00303504332753257,5000,0,0.160000000000005,0.303504332753257
222,2000,2000,0,0.9,0.5,0.6,"target-fixed",0.32151156068395,1989.77006086987,1975.6046391096,"",5000,1,0,-0.000996620235107544,0.00116336074810674,0.0822620273952532,0.000822702548321289,0.00676668099484019,0.000138752067576619,0.0820329371734139,2.0845148394571e-05,-0.278488421806788,0.997636720999526,0.946,0.00319637294444813,0.9458,0.00320194815698193,0.054,0.00319637294444813,5000,0,-0.4,0.319637294444813
223,2000,2000,0,0.9,1,0.3,"joint-score",0.336038517785592,1989.3208091383,1973.87995023292,"",5000,1,0,-0.0013192663544799,0.00122538498155503,0.0866478030021716,0.000866564690824056,0.00750808066046417,0.000155681596995937,0.0857374176412627,2.00907302733627e-05,-1.05067333430966,0.989863831268429,0.9484,0.00312849612433834,0.9478,0.00314563697841948,0.0516,0.00312849612433834,5000,0,-0.159999999999993,0.312849612433834
223,2000,2000,0,0.9,1,0.3,"normal-recon",0.35411674014638,1989.3208091383,1973.87995023292,"",5000,1,0,-0.0013192663544799,0.00122538498155503,0.0866478030021716,0.000866564690824056,0.00750808066046417,0.000155681596995937,0.0903523924166495,2.31891280792513e-05,4.27545683343524,1.04320220126013,0.9572,0.00286245209566902,0.9576,0.00284963997726029,0.0428,0.00286245209566903,5000,0,0.72000000000001,0.286245209566902
223,2000,2000,0,0.9,1,0.3,"reported-cov",0.35411424441257,1989.3208091383,1973.87995023292,"",5000,1,0,-0.0013192663544799,0.00122538498155503,0.0866478030021716,0.000866564690824056,0.00750808066046417,0.000155681596995937,0.0903522007808378,2.35353369125133e-05,4.27523566705246,1.04321031694791,0.9572,0.00286245209566902,0.9578,0.00284320804725929,0.0428,0.00286245209566903,5000,0,0.72000000000001,0.286245209566902
223,2000,2000,0,0.9,1,0.3,"target-fixed",0.344827507840397,1989.3208091383,1973.87995023292,"",5000,1,0,-0.0013192663544799,0.00122538498155503,0.0866478030021716,0.000866564690824056,0.00750808066046417,0.000155681596995937,0.0879813798679538,2.18839562179498e-05,1.53907752946574,1.01580635355883,0.9524,0.00301112072159188,0.9526,0.00300510365877785,0.0476,0.00301112072159188,5000,0,0.240000000000007,0.301112072159188
224,2000,2000,0,0.9,1,0.6,"joint-score",0.334826644899826,1989.87394581855,1975.79255014204,"",5000,1,0,-5.53705425821048e-05,0.00119325524039053,0.0843758872166525,0.000843843260712235,0.0071178695514255,0.000140749687245453,0.0854305426095599,2.19294202005271e-05,1.24994880373741,1.01293423935804,0.95,0.00308220700148449,0.95,0.00308220700148449,0.05,0.00308220700148449,5000,0,0,0.308220700148449
224,2000,2000,0,0.9,1,0.6,"normal-recon",0.354505220400525,1989.87394581855,1975.79255014204,"",5000,1,0,-5.53705425821048e-05,0.00119325524039053,0.0843758872166525,0.000843843260712235,0.0071178695514255,0.000140749687245453,0.0904545756463149,2.54955134891742e-05,7.20429571786789,1.07257589259487,0.9628,0.00267642149146953,0.9628,0.00267642149146953,0.0372,0.00267642149146953,5000,0,1.28,0.267642149146953
224,2000,2000,0,0.9,1,0.6,"reported-cov",0.352875132223512,1989.87394581855,1975.79255014204,"",5000,1,0,-5.53705425821048e-05,0.00119325524039053,0.0843758872166525,0.000843843260712235,0.0071178695514255,0.000140749687245453,0.0900389766703697,2.561177186584e-05,6.7117391479109,1.06765570697948,0.9626,0.00268332778467335,0.9626,0.00268332778467335,0.0374,0.00268332778467335,5000,0,1.26000000000001,0.268332778467335
224,2000,2000,0,0.9,1,0.6,"target-fixed",0.343632049628906,1989.87394581855,1975.79255014204,"",5000,1,0,-5.53705425821048e-05,0.00119325524039053,0.0843758872166525,0.000843843260712235,0.0071178695514255,0.000140749687245453,0.0876787398970361,2.36432845477491e-05,3.91445090456091,1.03962614225117,0.9568,0.00287519599331941,0.9568,0.00287519599331941,0.0432,0.00287519599331941,5000,0,0.680000000000003,0.287519599331941
225,2000,2000,0.4,0,0,0.3,"joint-score",0.315714788028799,1469.56977818622,1367.37226306726,"",5000,1,0,-0.000777595613484493,0.0011340811783701,0.0801916491641527,0.000801996695321444,0.00643001911048555,0.000128756645727511,0.0805695384602015,3.05434538833125e-05,0.471232728080273,1.00553443086443,0.9522,0.00301712313305241,0.952,0.00302311098043059,0.0478,0.00301712313305241,5000,0,0.220000000000009,0.301712313305241
225,2000,2000,0.4,0,0,0.3,"normal-recon",0.315745766403678,1469.56977818622,1367.37226306726,"",5000,1,0,-0.000777595613484493,0.0011340811783701,0.0801916491641527,0.000801996695321444,0.00643001911048555,0.000128756645727511,0.0805773707297548,3.05084541476283e-05,0.480999667200366,1.00563038782938,0.9522,0.00301712313305241,0.9522,0.00301712313305241,0.0478,0.00301712313305241,5000,0,0.220000000000009,0.301712313305241
225,2000,2000,0.4,0,0,0.3,"reported-cov",0.315744991705497,1469.56977818622,1367.37226306726,"",5000,1,0,-0.000777595613484493,0.0011340811783701,0.0801916491641527,0.000801996695321444,0.00643001911048555,0.000128756645727511,0.080577175238719,3.05096102235444e-05,0.480755887408102,1.00562800607346,0.9522,0.00301712313305241,0.9522,0.00301712313305241,0.0478,0.00301712313305241,5000,0,0.220000000000009,0.301712313305241
225,2000,2000,0.4,0,0,0.3,"target-fixed",0.315274643432442,1469.56977818622,1367.37226306726,"",5000,1,0,-0.000777595613484493,0.0011340811783701,0.0801916491641527,0.000801996695321444,0.00643001911048555,0.000128756645727511,0.0804570521990392,3.04158084438673e-05,0.330960938767033,1.00412655570185,0.952,0.00302311098043059,0.9514,0.0030409879973456,0.048,0.00302311098043059,5000,0,0.2,0.302311098043059
226,2000,2000,0.4,0,0,0.6,"joint-score",0.312294183413509,1471.90430293246,1359.77658292081,"",5000,1,0,0.000517509618828126,0.00114055758327874,0.080649600147014,0.000806576663169744,0.00650332494847805,0.000130271153025115,0.0797023460620957,3.32770256361368e-05,-1.17453041700344,0.989214436993383,0.9496,0.00309385972532693,0.95,0.00308220700148449,0.0504,0.00309385972532693,5000,0,-0.0399999999999956,0.309385972532693
226,2000,2000,0.4,0,0,0.6,"normal-recon",0.312346578096956,1471.90430293246,1359.77658292081,"",5000,1,0,0.000517509618828126,0.00114055758327874,0.080649600147014,0.000806576663169744,0.00650332494847805,0.000130271153025115,0.0797156089771286,3.32264887811712e-05,-1.15808530753149,0.98937615012786,0.9498,0.00308804015517933,0.95,0.00308220700148449,0.0502,0.00308804015517933,5000,0,-0.0199999999999978,0.308804015517933
226,2000,2000,0.4,0,0,0.6,"reported-cov",0.312323457093757,1471.90430293246,1359.77658292081,"",5000,1,0,0.000517509618828126,0.00114055758327874,0.080649600147014,0.000806576663169744,0.00650332494847805,0.000130271153025115,0.0797097553430184,3.32488049908379e-05,-1.16534341432867,0.989304777465923,0.9498,0.00308804015517933,0.95,0.00308220700148449,0.0502,0.00308804015517933,5000,0,-0.0199999999999978,0.308804015517933
226,2000,2000,0.4,0,0,0.6,"target-fixed",0.311856741051993,1471.90430293246,1359.77658292081,"",5000,1,0,0.000517509618828126,0.00114055758327874,0.080649600147014,0.000806576663169744,0.00650332494847805,0.000130271153025115,0.0795904421773281,3.30978343207749e-05,-1.31328359688734,0.987818720139982,0.9496,0.00309385972532693,0.9496,0.00309385972532693,0.0504,0.00309385972532693,5000,0,-0.0399999999999956,0.309385972532693
227,2000,2000,0.4,0.45,0,0.3,"joint-score",0.345615532644899,1471.98291795779,1366.5482124148,"",5000,1,0,-0.00149299085027457,0.00124229255439045,0.0878433489427045,0.000878521345954686,0.00771713968435803,0.00015479193624407,0.0882216928118675,4.37051323944183e-05,0.430702920274428,1.00563899368118,0.9492,0.00310545842026584,0.9492,0.00310545842026584,0.218,0.00583910952115132,5000,0.106883553578019,-0.0799999999999912,0.310545842026584
227,2000,2000,0.4,0.45,0,0.3,"normal-recon",0.345640819331671,1471.98291795779,1366.5482124148,"",5000,1,0,-0.00149299085027457,0.00124229255439045,0.0878433489427045,0.000878521345954686,0.00771713968435803,0.00015479193624407,0.0882279268279605,4.3623109468205e-05,0.437799662563942,1.0057052663046,0.949,0.00311123769583746,0.949,0.00311123769583746,0.2178,0.00583717671481685,5000,0.106883553578019,-0.1,0.311123769583746
227,2000,2000,0.4,0.45,0,0.3,"reported-cov",0.345642038788109,1471.98291795779,1366.5482124148,"",5000,1,0,-0.00149299085027457,0.00124229255439045,0.0878433489427045,0.000878521345954686,0.00771713968435803,0.00015479193624407,0.0882282606504097,4.36313478783492e-05,0.438179682739914,1.0057095253887,0.9492,0.00310545842026584,0.949,0.00311123769583746,0.2178,0.00583717671481685,5000,0.106883553578019,-0.0799999999999912,0.310545842026584
227,2000,2000,0.4,0.45,0,0.3,"target-fixed",0.342725545287288,1471.98291795779,1366.5482124148,"",5000,1,0,-0.00149299085027457,0.00124229255439045,0.0878433489427045,0.000878521345954686,0.00771713968435803,0.00015479193624407,0.0874839439847502,4.33290285999405e-05,-0.409143050988103,0.997228797312777,0.946,0.00319637294444813,0.9466,0.00317957355631223,0.2238,0.00589429486876929,5000,0.106883553578019,-0.4,0.319637294444813
228,2000,2000,0.4,0.45,0,0.6,"joint-score",0.344728581151914,1473.58928882697,1360.48664217245,"",5000,1,0,-0.000541329554971867,0.00125700293907997,0.0888835302194868,0.00088892419905984,0.00789899492557665,0.000160987884004506,0.0880010263098243,4.5940008036013e-05,-0.992876753976035,0.991518298668376,0.9464,0.00318518570887162,0.9462,0.00319078548323136,0.2562,0.00617351698790892,5000,0.116436831968334,-0.359999999999994,0.318518570887162
228,2000,2000,0.4,0.45,0,0.6,"normal-recon",0.345191564839074,1473.58928882697,1360.48664217245,"",5000,1,0,-0.000541329554971867,0.00125700293907997,0.0888835302194868,0.00088892419905984,0.00789899492557665,0.000160987884004506,0.088118915205208,4.5896585641997e-05,-0.860243750884615,0.992840418325326,0.9464,0.00318518570887162,0.9464,0.00318518570887162,0.2558,0.00617035428480407,5000,0.116436831968334,-0.359999999999994,0.318518570887162
228,2000,2000,0.4,0.45,0,0.6,"reported-cov",0.34474759126733,1473.58928882697,1360.48664217245,"",5000,1,0,-0.000541329554971867,0.00125700293907997,0.0888835302194868,0.00088892419905984,0.00789899492557665,0.000160987884004506,0.0880057030065292,4.58875829827345e-05,-0.987615152987265,0.99156777572839,0.9462,0.00319078548323136,0.9462,0.00319078548323136,0.2566,0.00617667289080456,5000,0.116436831968334,-0.379999999999991,0.319078548323136
228,2000,2000,0.4,0.45,0,0.6,"target-fixed",0.341830637396073,1473.58928882697,1360.48664217245,"",5000,1,0,-0.000541329554971867,0.00125700293907997,0.0888835302194868,0.00088892419905984,0.00789899492557665,0.000160987884004506,0.0872610114698139,4.54753825067164e-05,-1.82544364030807,0.983175872544323,0.9426,0.0032895361375124,0.943,0.00327874976172321,0.2634,0.00622929273673986,5000,0.116436831968334,-0.739999999999996,0.32895361375124
229,2000,2000,0.4,0.45,0.5,0.3,"joint-score",0.349811943468943,1471.41297793679,1369.03400973275,"",5000,1,0,-0.00259850075266817,0.00128063449302432,0.0905545334238894,0.000905635902357762,0.00820523570507519,0.000162856300674835,0.0892892734754272,4.26394138082998e-05,-1.39723534606423,0.987249813562307,0.95,0.00308220700148449,0.9496,0.00309385972532693,0.093,0.00410733490234239,5000,0.0534417767890094,0,0.308220700148449
229,2000,2000,0.4,0.45,0.5,0.3,"normal-recon",0.352034535111927,1471.41297793679,1369.03400973275,"",5000,1,0,-0.00259850075266817,0.00128063449302432,0.0905545334238894,0.000905635902357762,0.00820523570507519,0.000162856300674835,0.0898558863469461,4.2598609315126e-05,-0.771520817928428,0.993498373131983,0.9506,0.0030646252625729,0.9514,0.0030409879973456,0.0908,0.00406338184275118,5000,0.0534417767890094,0.0600000000000045,0.30646252625729
229,2000,2000,0.4,0.45,0.5,0.3,"reported-cov",0.352032707348049,1471.41297793679,1369.03400973275,"",5000,1,0,-0.00259850075266817,0.00128063449302432,0.0905545334238894,0.000905635902357762,0.00820523570507519,0.000162856300674835,0.0898554697807417,4.26199074341202e-05,-0.771980834880237,0.993494891596545,0.9506,0.0030646252625729,0.9512,0.00304691844328003,0.091,0.00406740703642997,5000,0.0534417767890094,0.0600000000000045,0.30646252625729
229,2000,2000,0.4,0.45,0.5,0.3,"target-fixed",0.349197901735465,1471.41297793679,1369.03400973275,"",5000,1,0,-0.00259850075266817,0.00128063449302432,0.0905545334238894,0.000905635902357762,0.00820523570507519,0.000162856300674835,0.0891324282629959,4.25198337207374e-05,-1.57044060316289,0.985513262079417,0.9496,0.00309385972532693,0.9492,0.00310545842026584,0.0936,0.00411919992231501,5000,0.0534417767890094,-0.0399999999999956,0.309385972532693
230,2000,2000,0.4,0.45,0.5,0.6,"joint-score",0.348829037528391,1471.01999232082,1356.98745775365,"",5000,1,0,0.000232309920988515,0.00126448796883767,0.0894128017493918,0.000894217443709824,0.00799310415475212,0.000159872029505925,0.0890472122960557,4.61919087961508e-05,-0.408878198852081,0.997349719177403,0.9472,0.00316266216975509,0.9476,0.00315132480077824,0.099,0.00422371874063603,5000,0.0582184159841672,-0.279999999999991,0.316266216975509
230,2000,2000,0.4,0.45,0.5,0.6,"normal-recon",0.351532882627752,1471.01999232082,1356.98745775365,"",5000,1,0,0.000232309920988515,0.00126448796883767,0.0894128017493918,0.000894217443709824,0.00799310415475212,0.000159872029505925,0.0897368178993638,4.63031853776816e-05,0.36238228042571,1.0050592246766,0.9494,0.00309966578843591,0.9494,0.00309966578843591,0.0964,0.00417389602170442,5000,0.0582184159841672,-0.0599999999999934,0.309966578843591
230,2000,2000,0.4,0.45,0.5,0.6,"reported-cov",0.351086952378178,1471.01999232082,1356.98745775365,"",5000,1,0,0.000232309920988515,0.00126448796883767,0.0894128017493918,0.000894217443709824,0.00799310415475212,0.000159872029505925,0.0896231206743571,4.6298704093786e-05,0.235222385218159,1.00378893136997,0.949,0.00311123769583746,0.9488,0.0031170036894428,0.0972,0.00418932357308432,5000,0.0582184159841672,-0.1,0.311123769583746
230,2000,2000,0.4,0.45,0.5,0.6,"target-fixed",0.348223664161497,1471.01999232082,1356.98745775365,"",5000,1,0,0.000232309920988515,0.00126448796883767,0.0894128017493918,0.000894217443709824,0.00799310415475212,0.000159872029505925,0.0888921898033531,4.59091926393784e-05,-0.582256607390397,0.995601736752038,0.9464,0.00318518570887162,0.9466,0.00317957355631223,0.101,0.00426143168430517,5000,0.0582184159841672,-0.359999999999994,0.318518570887162
231,2000,2000,0.4,0.45,1,0.3,"joint-score",0.356173857273485,1471.05418149145,1366.78310514706,"",5000,1,0,0.00120849649293474,0.00128561202804114,0.0909064983002883,0.000909155903139432,0.00826379909870711,0.000162902375290645,0.0909101078078375,4.21275137023803e-05,0.00397057153962432,1.00121277037232,0.9488,0.0031170036894428,0.9494,0.00309966578843591,0.0512,0.0031170036894428,5000,0,-0.119999999999998,0.31170036894428
231,2000,2000,0.4,0.45,1,0.3,"normal-recon",0.36052679003408,1471.05418149145,1366.78310514706,"",5000,1,0,0.00120849649293474,0.00128561202804114,0.0909064983002883,0.000909155903139432,0.00826379909870711,0.000162902375290645,0.0920203436868305,4.22733734940691e-05,1.22526486815371,1.01342135180252,0.9522,0.00301712313305241,0.9522,0.00301712313305241,0.0478,0.00301712313305241,5000,0,0.220000000000009,0.301712313305241
231,2000,2000,0.4,0.45,1,0.3,"reported-cov",0.360524670082335,1471.05418149145,1366.78310514706,"",5000,1,0,0.00120849649293474,0.00128561202804114,0.0909064983002883,0.000909155903139432,0.00826379909870711,0.000162902375290645,0.0920198398941481,4.22885695870589e-05,1.22471068039836,1.01341658239212,0.9522,0.00301712313305241,0.9524,0.00301112072159188,0.0478,0.00301712313305241,5000,0,0.220000000000009,0.301712313305241
231,2000,2000,0.4,0.45,1,0.3,"target-fixed",0.3577431167677,1471.05418149145,1366.78310514706,"",5000,1,0,0.00120849649293474,0.00128561202804114,0.0909064983002883,0.000909155903139432,0.00826379909870711,0.000162902375290645,0.0913100463502492,4.20401626539894e-05,0.443915514848947,1.00560354137586,0.9498,0.00308804015517933,0.95,0.00308220700148449,0.0502,0.00308804015517933,5000,0,-0.0199999999999978,0.308804015517933
232,2000,2000,0.4,0.45,1,0.6,"joint-score",0.354682086901315,1472.56275211189,1360.84645266981,"",5000,1,0,0.00317998271765678,0.00126736813930433,0.0896164605561866,0.000896254235467132,0.00803961607070261,0.000154407920087266,0.0905366492403223,4.50622374213234e-05,1.02680766281633,1.01161958262318,0.9534,0.00298088711627931,0.9532,0.00298696367570816,0.0466,0.00298088711627931,5000,0,0.340000000000007,0.298088711627931
232,2000,2000,0.4,0.45,1,0.6,"normal-recon",0.359499330109324,1472.56275211189,1360.84645266981,"",5000,1,0,0.00317998271765678,0.00126736813930433,0.0896164605561866,0.000896254235467132,0.00803961607070261,0.000154407920087266,0.0917643965214665,4.48535822738462e-05,2.39680963960105,1.02529287023571,0.956,0.00290048271844533,0.956,0.00290048271844533,0.044,0.00290048271844533,5000,0,0.6,0.290048271844533
232,2000,2000,0.4,0.45,1,0.6,"reported-cov",0.35907909276056,1472.56275211189,1360.84645266981,"",5000,1,0,0.00317998271765678,0.00126736813930433,0.0896164605561866,0.000896254235467132,0.00803961607070261,0.000154407920087266,0.0916574096587644,4.49243699336398e-05,2.27742659095329,1.02410420891975,0.9556,0.00291302729132427,0.9556,0.00291302729132427,0.0444,0.00291302729132427,5000,0,0.560000000000005,0.291302729132427
232,2000,2000,0.4,0.45,1,0.6,"target-fixed",0.356248697715804,1472.56275211189,1360.84645266981,"",5000,1,0,0.00317998271765678,0.00126736813930433,0.0896164605561866,0.000896254235467132,0.00803961607070261,0.000154407920087266,0.0909352875654901,4.4726331391743e-05,1.4716347879826,1.01604434314262,0.9542,0.00295642892693195,0.9542,0.00295642892693195,0.0458,0.00295642892693195,5000,0,0.420000000000009,0.295642892693195
233,2000,2000,0.4,0.9,0,0.3,"joint-score",0.384988886324646,1472.42490715784,1366.03205965205,"",5000,1,0,-0.00310382697567319,0.00139065091502349,0.098333869227639,0.000983437040898157,0.00967724966920588,0.000190581459727815,0.0982924960854394,5.65654107615102e-05,-0.0420741526033552,1.00133289022818,0.9494,0.00309966578843591,0.9506,0.0030646252625729,0.5736,0.00699404089207377,5000,0.213767107156038,-0.0599999999999934,0.309966578843591
233,2000,2000,0.4,0.9,0,0.3,"normal-recon",0.385036108623937,1472.42490715784,1366.03205965205,"",5000,1,0,-0.00310382697567319,0.00139065091502349,0.098333869227639,0.000983437040898157,0.00967724966920588,0.000190581459727815,0.0983040511989249,5.6403015924307e-05,-0.0303232537764542,1.00144074438688,0.9498,0.00308804015517933,0.9508,0.00305873699425106,0.574,0.00699319669393047,5000,0.213767107156038,-0.0199999999999978,0.308804015517933
233,2000,2000,0.4,0.9,0,0.3,"reported-cov",0.385020677107338,1472.42490715784,1366.03205965205,"",5000,1,0,-0.00310382697567319,0.00139065091502349,0.098333869227639,0.000983437040898157,0.00967724966920588,0.000190581459727815,0.0983000930010814,5.63954743319413e-05,-0.0343485177822234,1.00140011454933,0.95,0.00308220700148449,0.9508,0.00305873699425106,0.5734,0.00699446123729341,5000,0.213767107156038,0,0.308220700148449
233,2000,2000,0.4,0.9,0,0.3,"target-fixed",0.375992543071636,1472.42490715784,1366.03205965205,"",5000,1,0,-0.00310382697567319,0.00139065091502349,0.098333869227639,0.000983437040898157,0.00967724966920588,0.000190581459727815,0.0959987924882515,5.64233209803251e-05,-2.37464136998612,0.97803584048768,0.9436,0.00326248494249399,0.9446,0.00323514574633045,0.5908,0.00695349351045933,5000,0.213767107156038,-0.639999999999996,0.326248494249399
234,2000,2000,0.4,0.9,0,0.6,"joint-score",0.388425775424928,1474.94110457247,1361.72042984719,"",5000,1,0,-0.00174346806491502,0.00140588126562593,0.0994108176467221,0.000994207602198976,0.0098835738439502,0.000194722638754559,0.099184223346587,6.22496515952199e-05,-0.227937266284672,0.999783310048963,0.9486,0.00312275647465504,0.951,0.00305283474822991,0.6394,0.00679069422077007,5000,0.232873663936669,-0.139999999999996,0.312275647465504
234,2000,2000,0.4,0.9,0,0.6,"normal-recon",0.390016341852819,1474.94110457247,1361.72042984719,"",5000,1,0,-0.00174346806491502,0.00140588126562593,0.0994108176467221,0.000994207602198976,0.0098835738439502,0.000194722638754559,0.0995888615122297,6.20005125090748e-05,0.179099085715495,1.00383051890411,0.9498,0.00308804015517933,0.9516,0.00303504332753257,0.6352,0.0068076568656183,5000,0.232873663936669,-0.0199999999999978,0.308804015517933
234,2000,2000,0.4,0.9,0,0.6,"reported-cov",0.388472273508866,1474.94110457247,1361.72042984719,"",5000,1,0,-0.00174346806491502,0.00140588126562593,0.0994108176467221,0.000994207602198976,0.0098835738439502,0.000194722638754559,0.0991953861861974,6.20314600067709e-05,-0.216708267394339,0.999881669541549,0.9488,0.0031170036894428,0.9512,0.00304691844328003,0.6396,0.00678987245830141,5000,0.232873663936669,-0.119999999999998,0.31170036894428
234,2000,2000,0.4,0.9,0,0.6,"target-fixed",0.379578628222554,1474.94110457247,1361.72042984719,"",5000,1,0,-0.00174346806491502,0.00140588126562593,0.0994108176467221,0.000994207602198976,0.0098835738439502,0.000194722638754559,0.0969285974421923,6.20390134961689e-05,-2.49693168539353,0.977123126647452,0.944,0.00325158422926425,0.9436,0.00326248494249399,0.6556,0.00671994999981399,5000,0.232873663936669,-0.6,0.325158422926425
235,2000,2000,0.4,0.9,0.5,0.3,"joint-score",0.391339387294744,1471.58684000635,1369.4260593705,"",5000,1,0,0.000689857662036594,0.00142499075447124,0.100762062561475,0.00100772140279414,0.010151438556586,0.000203670347300192,0.0999082411279236,5.54303465161681e-05,-0.847363989825145,0.993150246006099,0.9468,0.00317394895989208,0.9468,0.00317394895989208,0.1932,0.00558343550155278,5000,0.106883553578019,-0.319999999999998,0.317394895989208
235,2000,2000,0.4,0.9,0.5,0.3,"normal-recon",0.399246940554971,1471.58684000635,1369.4260593705,"",5000,1,0,0.000689857662036594,0.00142499075447124,0.100762062561475,0.00100772140279414,0.010151438556586,0.000203670347300192,0.101923941942602,5.533295307337e-05,1.15309209794945,1.01312145523603,0.9538,0.00296868859936505,0.9534,0.00298088711627931,0.1818,0.00545433332314775,5000,0.106883553578019,0.380000000000003,0.296868859936505
235,2000,2000,0.4,0.9,0.5,0.3,"reported-cov",0.399241189331277,1471.58684000635,1369.4260593705,"",5000,1,0,0.000689857662036594,0.00142499075447124,0.100762062561475,0.00100772140279414,0.010151438556586,0.000203670347300192,0.101922627601833,5.5388131708388e-05,1.15178769752751,1.0131113988601,0.9534,0.00298088711627931,0.9534,0.00298088711627931,0.1816,0.00545199853264837,5000,0.106883553578019,0.340000000000007,0.298088711627931
235,2000,2000,0.4,0.9,0.5,0.3,"target-fixed",0.390502120114147,1471.58684000635,1369.4260593705,"",5000,1,0,0.000689857662036594,0.00142499075447124,0.100762062561475,0.00100772140279414,0.010151438556586,0.000203670347300192,0.0996938782227933,5.50785553407379e-05,-1.06010567025618,0.99100657117017,0.9468,0.00317394895989208,0.947,0.00316831185333767,0.1946,0.00559876486378916,5000,0.106883553578019,-0.319999999999998,0.317394895989208
236,2000,2000,0.4,0.9,0.5,0.6,"joint-score",0.393218851290172,1471.85344271734,1360.44927930356,"",5000,1,0,-0.000330289888688065,0.00144850510837481,0.102424778471519,0.00102435022485994,0.0104888461693012,0.000212127914922173,0.100401215463787,6.05288989024424e-05,-1.97565768550287,0.982121028260487,0.9458,0.00320194815698193,0.946,0.00319637294444813,0.2152,0.00581186648160468,5000,0.116436831968334,-0.419999999999998,0.320194815698193
236,2000,2000,0.4,0.9,0.5,0.6,"normal-recon",0.4025406372055,1471.85344271734,1360.44927930356,"",5000,1,0,-0.000330289888688065,0.00144850510837481,0.102424778471519,0.00102435022485994,0.0104888461693012,0.000212127914922173,0.102777316370102,6.05081378817968e-05,0.344192004947086,1.00527958434773,0.9504,0.00307049963361014,0.9504,0.00307049963361014,0.2008,0.00566532187964638,5000,0.116436831968334,0.0400000000000067,0.307049963361014
236,2000,2000,0.4,0.9,0.5,0.6,"reported-cov",0.40106055117536,1471.85344271734,1360.44927930356,"",5000,1,0,-0.000330289888688065,0.00144850510837481,0.102424778471519,0.00102435022485994,0.0104888461693012,0.000212127914922173,0.102400238499484,6.0581515718681e-05,-0.0239590189021532,1.00160832022411,0.9498,0.00308804015517933,0.9498,0.00308804015517933,0.2036,0.00569468243188327,5000,0.116436831968334,-0.0199999999999978,0.308804015517933
236,2000,2000,0.4,0.9,0.5,0.6,"target-fixed",0.392388344430953,1471.85344271734,1360.44927930356,"",5000,1,0,-0.000330289888688065,0.00144850510837481,0.102424778471519,0.00102435022485994,0.0104888461693012,0.000212127914922173,0.10018847768206,6.01594304249787e-05,-2.18335916643539,0.980025892496222,0.9452,0.00321860093829602,0.9448,0.00322964270469661,0.217,0.00582942535761459,5000,0.116436831968334,-0.479999999999992,0.321860093829602
237,2000,2000,0.4,0.9,1,0.3,"joint-score",0.404679384461819,1470.87524353827,1364.89616053867,"",5000,1,0,0.000886332080226814,0.00147429907773459,0.10424868753632,0.00104259113969065,0.0108664008798312,0.000215131651206189,0.103308354838246,5.51950395320905e-05,-0.902009147834115,0.992492245680668,0.9478,0.00314563697841948,0.948,0.00313993630508646,0.0522,0.00314563697841947,5000,0,-0.219999999999998,0.314563697841947
237,2000,2000,0.4,0.9,1,0.3,"normal-recon",0.419716709943845,1470.87524353827,1364.89616053867,"",5000,1,0,0.000886332080226814,0.00147429907773459,0.10424868753632,0.00104259113969065,0.0108664008798312,0.000215131651206189,0.107142282771585,5.52939330742106e-05,2.7756658655836,1.02922705643397,0.9556,0.00291302729132427,0.9556,0.00291302729132427,0.0444,0.00291302729132427,5000,0,0.560000000000005,0.291302729132427
237,2000,2000,0.4,0.9,1,0.3,"reported-cov",0.419714619195651,1470.87524353827,1364.89616053867,"",5000,1,0,0.000886332080226814,0.00147429907773459,0.10424868753632,0.00104259113969065,0.0108664008798312,0.000215131651206189,0.107142058768874,5.54165578508691e-05,2.77545099217256,1.02923097888084,0.9554,0.00291927525252416,0.9556,0.00291302729132427,0.0446,0.00291927525252416,5000,0,0.540000000000007,0.291927525252416
237,2000,2000,0.4,0.9,1,0.3,"target-fixed",0.411474082579248,1470.87524353827,1364.89616053867,"",5000,1,0,0.000886332080226814,0.00147429907773459,0.10424868753632,0.00104259113969065,0.0108664008798312,0.000215131651206189,0.105040128786607,5.50063706535968e-05,0.759185817098329,1.00907310997826,0.9512,0.00304691844328003,0.9516,0.00303504332753257,0.0488,0.00304691844328003,5000,0,0.120000000000009,0.304691844328003
238,2000,2000,0.4,0.9,1,0.6,"joint-score",0.405681285379795,1474.06646421066,1360.53149415902,"",5000,1,0,4.90944990429076e-05,0.00149880038881018,0.105981191857271,0.0010599179156644,0.011229769035152,0.000219544703185268,0.103578900323454,6.09064248471983e-05,-2.26671496302105,0.979118619294722,0.9412,0.00332693733033852,0.9412,0.00332693733033852,0.0588,0.00332693733033852,5000,0,-0.879999999999992,0.332693733033852
238,2000,2000,0.4,0.9,1,0.6,"normal-recon",0.42215048341324,1474.06646421066,1360.53149415902,"",5000,1,0,4.90944990429076e-05,0.00149880038881018,0.105981191857271,0.0010599179156644,0.011229769035152,0.000219544703185268,0.107778033030094,6.1241469778e-05,1.69543401176564,1.01869629560116,0.9504,0.00307049963361014,0.9504,0.00307049963361014,0.0496,0.00307049963361014,5000,0,0.0400000000000067,0.307049963361014
238,2000,2000,0.4,0.9,1,0.6,"reported-cov",0.420753609769378,1474.06646421066,1360.53149415902,"",5000,1,0,4.90944990429076e-05,0.00149880038881018,0.105981191857271,0.0010599179156644,0.011229769035152,0.000219544703185268,0.107422281013762,6.13553159684263e-05,1.35975934147994,1.01535075561524,0.9496,0.00309385972532693,0.9494,0.00309966578843591,0.0504,0.00309385972532693,5000,0,-0.0399999999999956,0.309385972532693
238,2000,2000,0.4,0.9,1,0.6,"target-fixed",0.412439590306678,1474.06646421066,1360.53149415902,"",5000,1,0,4.90944990429076e-05,0.00149880038881018,0.105981191857271,0.0010599179156644,0.011229769035152,0.000219544703185268,0.105301159766938,6.0712426579378e-05,-0.64165355985919,0.995332744401549,0.9452,0.00321860093829602,0.9452,0.00321860093829602,0.0548,0.00321860093829602,5000,0,-0.479999999999992,0.321860093829602
239,2000,2000,0.8,0,0,0.3,"joint-score",0.443269199846154,607.448360729968,500.637690542745,"",5000,1,0,0.00359829965659552,0.00169051066103478,0.119537155208585,0.00119549110717462,0.0142992214094849,0.000282368699531737,0.113469990609811,0.000138211457562037,-5.07554708675072,0.956354490912285,0.9338,0.00351617860752266,0.9342,0.00350629034736144,0.0662,0.00351617860752266,5000,0,-1.62,0.351617860752266
239,2000,2000,0.8,0,0,0.3,"normal-recon",0.443295887514208,607.448360729968,500.637690542745,"",5000,1,0,0.00359829965659552,0.00169051066103478,0.119537155208585,0.00119549110717462,0.0142992214094849,0.000282368699531737,0.113476614532212,0.000138181508815028,-5.0700057783688,0.956406474563324,0.9338,0.00351617860752266,0.934,0.00351123909752668,0.0662,0.00351617860752266,5000,0,-1.62,0.351617860752266
239,2000,2000,0.8,0,0,0.3,"reported-cov",0.443296022319209,607.448360729968,500.637690542745,"",5000,1,0,0.00359829965659552,0.00169051066103478,0.119537155208585,0.00119549110717462,0.0142992214094849,0.000282368699531737,0.113476672266785,0.000138185788429082,-5.06995747993543,0.956407386780382,0.9338,0.00351617860752266,0.934,0.00351123909752668,0.0662,0.00351617860752266,5000,0,-1.62,0.351617860752266
239,2000,2000,0.8,0,0,0.3,"target-fixed",0.442184940683429,607.448360729968,500.637690542745,"",5000,1,0,0.00359829965659552,0.00169051066103478,0.119537155208585,0.00119549110717462,0.0142992214094849,0.000282368699531737,0.113193452322439,0.000138048874784465,-5.3068879505094,0.954041389332205,0.9336,0.00352110891623647,0.9328,0.00354073890593475,0.0664,0.00352110891623647,5000,0,-1.64,0.352110891623648
240,2000,2000,0.8,0,0,0.6,"joint-score",0.441029854497265,605.546260599135,496.203803516357,"",5000,1,0,0.00122624000576475,0.00172118289741908,0.121706009842734,0.00121718182269613,0.0148108940258251,0.000298255353396313,0.112940119447109,0.000145448189647871,-7.20251235493818,0.935730597138361,0.9304,0.00359877312427444,0.9296,0.00361784023970103,0.0696,0.00359877312427444,5000,0,-1.96,0.359877312427444
240,2000,2000,0.8,0,0,0.6,"normal-recon",0.441071207072473,605.546260599135,496.203803516357,"",5000,1,0,0.00122624000576475,0.00172118289741908,0.121706009842734,0.00121718182269613,0.0148108940258251,0.000298255353396313,0.112950573655397,0.000145436314600856,-7.19392263262128,0.935814553532655,0.9304,0.00359877312427444,0.9292,0.00362732297982961,0.0696,0.00359877312427444,5000,0,-1.96,0.359877312427444
240,2000,2000,0.8,0,0,0.6,"reported-cov",0.441054949793003,605.546260599135,496.203803516357,"",5000,1,0,0.00122624000576475,0.00172118289741908,0.121706009842734,0.00121718182269613,0.0148108940258251,0.000298255353396313,0.112946670958686,0.000145473474387141,-7.19712929161569,0.935786645714856,0.9304,0.00359877312427444,0.9296,0.00361784023970103,0.0696,0.00359877312427444,5000,0,-1.96,0.359877312427444
240,2000,2000,0.8,0,0,0.6,"target-fixed",0.439943939091075,605.546260599135,496.203803516357,"",5000,1,0,0.00122624000576475,0.00172118289741908,0.121706009842734,0.00121718182269613,0.0148108940258251,0.000298255353396313,0.112662905190519,0.00014523144610328,-7.43028603427267,0.933448549633774,0.929,0.00363205176174569,0.9286,0.0036414843127494,0.071,0.00363205176174569,5000,0,-2.09999999999999,0.363205176174569
241,2000,2000,0.8,0.45,0,0.3,"joint-score",0.500507731197686,607.318298673026,501.099973416504,"",5000,1,0,-0.00218901881966396,0.00193672507351277,0.136947143277489,0.00136960840046366,0.0187555609512477,0.000376420165787294,0.128199259478311,0.000168401542885914,-6.38778114666657,0.944256982550002,0.925,0.00372491610643783,0.925,0.00372491610643783,0.3548,0.0067663425866564,5000,0.203060061667473,-2.49999999999999,0.372491610643783
241,2000,2000,0.8,0.45,0,0.3,"normal-recon",0.500532116707215,607.318298673026,501.099973416504,"",5000,1,0,-0.00218901881966396,0.00193672507351277,0.136947143277489,0.00136960840046366,0.0187555609512477,0.000376420165787294,0.128205630759885,0.000168430836728237,-6.38312878122026,0.94430590039818,0.9246,0.00373402838767999,0.925,0.00372491610643783,0.3548,0.0067663425866564,5000,0.203060061667473,-2.54,0.373402838767999
241,2000,2000,0.8,0.45,0,0.3,"reported-cov",0.500532551667692,607.318298673026,501.099973416504,"",5000,1,0,-0.00218901881966396,0.00193672507351277,0.136947143277489,0.00136960840046366,0.0187555609512477,0.000376420165787294,0.128205728444088,0.000168428377237872,-6.38305745136161,0.944306373783897,0.9244,0.00373857298979169,0.925,0.00372491610643783,0.355,0.00676720030736493,5000,0.203060061667473,-2.56,0.373857298979169
241,2000,2000,0.8,0.45,0,0.3,"target-fixed",0.497498527464884,607.318298673026,501.099973416504,"",5000,1,0,-0.00218901881966396,0.00193672507351277,0.136947143277489,0.00136960840046366,0.0187555609512477,0.000376420165787294,0.127438614841647,0.000169066930674713,-6.94321050317621,0.938813485247609,0.9228,0.00377465654066698,0.924,0.00374763925691895,0.3594,0.0067857444691058,5000,0.203060061667473,-2.72,0.377465654066698
242,2000,2000,0.8,0.45,0,0.6,"joint-score",0.504623916539464,605.314625853022,500.139467571988,"",5000,1,0,-0.00239945240190867,0.0019536599581635,0.138144620455004,0.00138158436989564,0.0190858767452539,0.000376764439605868,0.129305994687902,0.00017913171357076,-6.39809624000556,0.94505086158164,0.9304,0.00359877312427444,0.9302,0.00360355269144215,0.4026,0.00693560725531658,5000,0.22152092579085,-1.96,0.359877312427444
242,2000,2000,0.8,0.45,0,0.6,"normal-recon",0.504975507103578,605.314625853022,500.139467571988,"",5000,1,0,-0.00239945240190867,0.0019536599581635,0.138144620455004,0.00138158436989564,0.0190858767452539,0.000376764439605868,0.129395199292569,0.000179087361705034,-6.33352289333976,0.945686154240459,0.9308,0.00358918820905229,0.9302,0.00360355269144215,0.4018,0.00693335070510644,5000,0.22152092579085,-1.92,0.358918820905229
242,2000,2000,0.8,0.45,0,0.6,"reported-cov",0.504640118310622,605.314625853022,500.139467571988,"",5000,1,0,-0.00239945240190867,0.0019536599581635,0.138144620455004,0.00138158436989564,0.0190858767452539,0.000376764439605868,0.129310383887706,0.000179169006153142,-6.39491899011405,0.945086040998725,0.9308,0.00358918820905229,0.93,0.00360832371053374,0.4022,0.00693448137931021,5000,0.22152092579085,-1.92,0.358918820905229
242,2000,2000,0.8,0.45,0,0.6,"target-fixed",0.501649503831494,605.314625853022,500.139467571988,"",5000,1,0,-0.00239945240190867,0.0019536599581635,0.138144620455004,0.00138158436989564,0.0190858767452539,0.000376764439605868,0.128553864462736,0.000179656899965918,-6.94254757129084,0.939710137487458,0.9286,0.0036414843127494,0.928,0.00365557109081467,0.407,0.00694767587039004,5000,0.22152092579085,-2.14,0.36414843127494
243,2000,2000,0.8,0.45,0.5,0.3,"joint-score",0.503625823542005,605.090060276417,500.569563608016,"",5000,1,0,-0.00157755464071055,0.0019603147667989,0.138615186486363,0.00138629050084586,0.0192128157693087,0.000376267344456751,0.12900358512446,0.000171089252568075,-6.93401755286623,0.93890112133075,0.9284,0.00364618814654428,0.928,0.00365557109081467,0.1488,0.00503306189113545,5000,0.101530030833737,-2.16,0.364618814654428
243,2000,2000,0.8,0.45,0.5,0.3,"normal-recon",0.505206179147103,605.090060276417,500.569563608016,"",5000,1,0,-0.00157755464071055,0.0019603147667989,0.138615186486363,0.00138629050084586,0.0192128157693087,0.000376267344456751,0.129401998926128,0.000170547644301527,-6.64659320076809,0.941699651812096,0.9288,0.00363677219523027,0.9294,0.00362258581678889,0.1458,0.00499083880725475,5000,0.101530030833737,-2.12,0.363677219523027
243,2000,2000,0.8,0.45,0.5,0.3,"reported-cov",0.505204022506372,605.090060276417,500.569563608016,"",5000,1,0,-0.00157755464071055,0.0019603147667989,0.138615186486363,0.00138629050084586,0.0192128157693087,0.000376267344456751,0.129401483928781,0.000170552415257134,-6.64696473101688,0.941696417690687,0.9288,0.00363677219523027,0.9294,0.00362258581678889,0.1458,0.00499083880725475,5000,0.101530030833737,-2.12,0.363677219523027
243,2000,2000,0.8,0.45,0.5,0.3,"target-fixed",0.502176173299974,605.090060276417,500.569563608016,"",5000,1,0,-0.00157755464071055,0.0019603147667989,0.138615186486363,0.00138629050084586,0.0192128157693087,0.000376267344456751,0.128636259476545,0.000171262861921882,-7.19901423701479,0.93629047336033,0.9264,0.00369277781622453,0.9268,0.00368352439926764,0.1504,0.00505529108954173,5000,0.101530030833737,-2.36,0.369277781622453
244,2000,2000,0.8,0.45,0.5,0.6,"joint-score",0.506045357978138,605.448753388926,497.593237382243,"",5000,1,0,-0.00111182426873621,0.00196555460223408,0.138985698803214,0.00138999599458228,0.0193143972201279,0.00038465510791679,0.129657014608203,0.000177233664857074,-6.7119741637731,0.941647943737161,0.9274,0.00366958417262774,0.927,0.00367888570086106,0.1616,0.00520548633654916,5000,0.110760462895425,-2.26,0.366958417262774
244,2000,2000,0.8,0.45,0.5,0.6,"normal-recon",0.507905652237326,605.448753388926,497.593237382243,"",5000,1,0,-0.00111182426873621,0.00196555460223408,0.138985698803214,0.00138999599458228,0.0193143972201279,0.00038465510791679,0.130125600077583,0.000176559559133925,-6.37482762753562,0.944923468404246,0.9286,0.0036414843127494,0.9286,0.0036414843127494,0.1598,0.00518196796593727,5000,0.110760462895425,-2.14,0.36414843127494
244,2000,2000,0.8,0.45,0.5,0.6,"reported-cov",0.50759409781337,605.448753388926,497.593237382243,"",5000,1,0,-0.00111182426873621,0.00196555460223408,0.138985698803214,0.00138999599458228,0.0193143972201279,0.00038465510791679,0.130046841769813,0.000176641721859899,-6.43149411081293,0.944369848740413,0.9286,0.0036414843127494,0.9282,0.00365088372863338,0.1598,0.00518196796593727,5000,0.110760462895425,-2.14,0.36414843127494
244,2000,2000,0.8,0.45,0.5,0.6,"target-fixed",0.504597480823021,605.448753388926,497.593237382243,"",5000,1,0,-0.00111182426873621,0.00196555460223408,0.138985698803214,0.00138999599458228,0.0193143972201279,0.00038465510791679,0.129290103347015,0.000177326251554909,-6.97596626105157,0.939041196650756,0.9262,0.00369739259478893,0.9258,0.00370659844061911,0.1646,0.00524417467291089,5000,0.110760462895425,-2.37999999999999,0.369739259478893
245,2000,2000,0.8,0.45,1,0.3,"joint-score",0.510482786910473,608.892518658094,501.305907514193,"",5000,1,0,-0.00222089440055151,0.00196743599627989,0.139118733452002,0.00139132647412476,0.0193550835648281,0.000394024280364194,0.130767613966565,0.000175649842045488,-6.00287199158465,0.948506232220819,0.9252,0.00372034837078465,0.9248,0.00372947610261817,0.0748,0.00372034837078465,5000,0,-2.47999999999999,0.372034837078465
245,2000,2000,0.8,0.45,1,0.3,"normal-recon",0.513552116890448,608.892518658094,501.305907514193,"",5000,1,0,-0.00222089440055151,0.00196743599627989,0.139118733452002,0.00139132647412476,0.0193550835648281,0.000394024280364194,0.131542985908601,0.000174880342702056,-5.4455265336463,0.953957884194304,0.927,0.00367888570086106,0.9262,0.00369739259478893,0.073,0.00367888570086106,5000,0,-2.29999999999999,0.367888570086106
245,2000,2000,0.8,0.45,1,0.3,"reported-cov",0.513550564517461,608.892518658094,501.305907514193,"",5000,1,0,-0.00222089440055151,0.00196743599627989,0.139118733452002,0.00139132647412476,0.0193550835648281,0.000394024280364194,0.131542759481437,0.000174911368129007,-5.44568929185885,0.953959209625418,0.9272,0.00367423896882062,0.9262,0.00369739259478893,0.0728,0.00367423896882062,5000,0,-2.27999999999999,0.367423896882062
245,2000,2000,0.8,0.45,1,0.3,"target-fixed",0.510570468507072,608.892518658094,501.305907514193,"",5000,1,0,-0.00222089440055151,0.00196743599627989,0.139118733452002,0.00139132647412476,0.0193550835648281,0.000394024280364194,0.13078696659729,0.000175133858688998,-5.9889611183,0.948594824355239,0.9244,0.00373857298979169,0.9246,0.00373402838767999,0.0756,0.00373857298979169,5000,0,-2.56,0.373857298979169
246,2000,2000,0.8,0.45,1,0.6,"joint-score",0.510103494388739,608.241966689184,497.499678461966,"",5000,1,0,-0.00161305476601236,0.00200273713110749,0.14161490063402,0.00141629064248661,0.0200533710712451,0.000401213404749527,0.130663308270318,0.000173152303482382,-7.73336161284655,0.930824078366663,0.9234,0.00376118172919097,0.9236,0.00375667512569293,0.0766,0.00376118172919097,5000,0,-2.66,0.376118172919097
246,2000,2000,0.8,0.45,1,0.6,"normal-recon",0.513498083179054,608.241966689184,497.499678461966,"",5000,1,0,-0.00161305476601236,0.00200273713110749,0.14161490063402,0.00141629064248661,0.0200533710712451,0.000401213404749527,0.13151889033014,0.000171963718141624,-7.12920057047597,0.936705100565523,0.9254,0.00371577286711661,0.9256,0.0037111895667023,0.0746,0.00371577286711661,5000,0,-2.46,0.371577286711661
246,2000,2000,0.8,0.45,1,0.6,"reported-cov",0.513184827059078,608.241966689184,497.499678461966,"",5000,1,0,-0.00161305476601236,0.00200273713110749,0.14161490063402,0.00141629064248661,0.0200533710712451,0.000401213404749527,0.131439594673851,0.000172043283451828,-7.18519443548206,0.936157123616772,0.9252,0.00372034837078465,0.9254,0.00371577286711661,0.0748,0.00372034837078465,5000,0,-2.47999999999999,0.372034837078465
246,2000,2000,0.8,0.45,1,0.6,"target-fixed",0.510170514336642,608.241966689184,497.499678461966,"",5000,1,0,-0.00161305476601236,0.00200273713110749,0.14161490063402,0.00141629064248661,0.0200533710712451,0.000401213404749527,0.130676632109202,0.000172514510430819,-7.72395311216982,0.930858311319409,0.9228,0.00377465654066698,0.9232,0.00376568081493905,0.0772,0.00377465654066698,5000,0,-2.72,0.377465654066698
247,2000,2000,0.8,0.9,0,0.3,"joint-score",0.569218970524174,608.713143155844,502.076707890165,"",5000,1,0,0.000421600867987981,0.00221361490456634,0.156526210995447,0.00156541865964831,0.0244957323849374,0.000492175847424877,0.145915350633864,0.000210898114766237,-6.7789671097906,0.941989325902913,0.9256,0.0037111895667023,0.9256,0.0037111895667023,0.7738,0.00591664702344157,5000,0.406120123334946,-2.44,0.37111895667023
247,2000,2000,0.8,0.9,0,0.3,"normal-recon",0.569254055698477,608.713143155844,502.076707890165,"",5000,1,0,0.000421600867987981,0.00221361490456634,0.156526210995447,0.00156541865964831,0.0244957323849374,0.000492175847424877,0.145923892297092,0.000210854026594223,-6.7735100919704,0.942039312264577,0.9256,0.0037111895667023,0.9256,0.0037111895667023,0.7728,0.00592587816277048,5000,0.406120123334946,-2.44,0.37111895667023
247,2000,2000,0.8,0.9,0,0.3,"reported-cov",0.569246687955898,608.713143155844,502.076707890165,"",5000,1,0,0.000421600867987981,0.00221361490456634,0.156526210995447,0.00156541865964831,0.0244957323849374,0.000492175847424877,0.145922169543309,0.000210870888692124,-6.77461070877574,0.942029958654652,0.9258,0.00370659844061911,0.9256,0.0037111895667023,0.7728,0.00592587816277048,5000,0.406120123334946,-2.42,0.370659844061911
247,2000,2000,0.8,0.9,0,0.3,"target-fixed",0.561832684005483,608.713143155844,502.076707890165,"",5000,1,0,0.000421600867987981,0.00221361490456634,0.156526210995447,0.00156541865964831,0.0244957323849374,0.000492175847424877,0.144055434474828,0.000213227417728955,-7.96721292958547,0.930446131091468,0.9216,0.00380140605565888,0.9216,0.00380140605565888,0.7794,0.00586405388788336,5000,0.406120123334946,-2.84,0.380140605565888
248,2000,2000,0.8,0.9,0,0.6,"joint-score",0.57781580596456,607.28251661668,499.923243429748,"",5000,1,0,-0.000292384119963796,0.0022267423637285,0.157454462534778,0.00157470210343242,0.0247870348790351,0.000492241611531347,0.148134247604601,0.000215614188535082,-5.91930821148897,0.950813647246247,0.9242,0.00374310993693747,0.924,0.00374763925691895,0.8364,0.00523134858330049,5000,0.4430418515817,-2.57999999999999,0.374310993693747
248,2000,2000,0.8,0.9,0,0.6,"normal-recon",0.578893495851102,607.28251661668,499.923243429748,"",5000,1,0,-0.000292384119963796,0.0022267423637285,0.157454462534778,0.00157470210343242,0.0247870348790351,0.000492241611531347,0.14840586448379,0.000215310007370478,-5.74680317427589,0.952493162411097,0.9242,0.00374310993693747,0.9244,0.00373857298979169,0.8342,0.00525947449846465,5000,0.4430418515817,-2.57999999999999,0.374310993693747
248,2000,2000,0.8,0.9,0,0.6,"reported-cov",0.577854210763276,607.28251661668,499.923243429748,"",5000,1,0,-0.000292384119963796,0.0022267423637285,0.157454462534778,0.00157470210343242,0.0247870348790351,0.000492241611531347,0.148143883421346,0.000215612260349528,-5.91318846322066,0.950874036460586,0.9242,0.00374310993693747,0.9242,0.00374310993693747,0.8358,0.00523905258610753,5000,0.4430418515817,-2.57999999999999,0.374310993693747
248,2000,2000,0.8,0.9,0,0.6,"target-fixed",0.570415117609871,607.28251661668,499.923243429748,"",5000,1,0,-0.000292384119963796,0.0022267423637285,0.157454462534778,0.00157470210343242,0.0247870348790351,0.000492241611531347,0.146272119145894,0.000218112979410382,-7.10195392932358,0.939343581494617,0.9202,0.00383228287056162,0.9202,0.00383228287056162,0.8396,0.00518983313797274,5000,0.4430418515817,-2.97999999999999,0.383228287056162
249,2000,2000,0.8,0.9,0.5,0.3,"joint-score",0.573345892408383,607.030862568868,500.360122558487,"",5000,1,0,-0.00269433490062659,0.00224858647841319,0.158999074697034,0.00159014976989888,0.0252829090539189,0.000505725753953422,0.146949555854858,0.000209326514139076,-7.5783578395886,0.933637663499523,0.9194,0.00384976986325157,0.919,0.00385847119984068,0.293,0.00643662955280168,5000,0.203060061667473,-3.06,0.384976986325157
249,2000,2000,0.8,0.9,0.5,0.3,"normal-recon",0.578746014404918,607.030862568868,500.360122558487,"",5000,1,0,-0.00269433490062659,0.00224858647841319,0.158999074697034,0.00159014976989888,0.0252829090539189,0.000505725753953422,0.148309160791996,0.000207415349302215,-6.7232554185663,0.941937646364798,0.9222,0.00378806441339109,0.9222,0.00378806441339109,0.288,0.00640399875078064,5000,0.203060061667473,-2.77999999999999,0.378806441339109
249,2000,2000,0.8,0.9,0.5,0.3,"reported-cov",0.578741529626805,607.030862568868,500.360122558487,"",5000,1,0,-0.00269433490062659,0.00224858647841319,0.158999074697034,0.00159014976989888,0.0252829090539189,0.000505725753953422,0.148308120216689,0.000207431803179489,-6.72390987225346,0.941932597481956,0.9222,0.00378806441339109,0.9222,0.00378806441339109,0.2876,0.0064013473581739,5000,0.203060061667473,-2.77999999999999,0.378806441339109
249,2000,2000,0.8,0.9,0.5,0.3,"target-fixed",0.57155538905828,607.030862568868,500.360122558487,"",5000,1,0,-0.00269433490062659,0.00224858647841319,0.158999074697034,0.00159014976989888,0.0252829090539189,0.000505725753953422,0.146499001557568,0.000209889213828616,-7.86172697123186,0.930882211431194,0.9176,0.00388870775451177,0.9172,0.00389728520896277,0.295,0.00644941857844566,5000,0.203060061667473,-3.24,0.388870775451177
250,2000,2000,0.8,0.9,0.5,0.6,"joint-score",0.582190597496168,608.166543522064,495.366999256707,"",5000,1,0,-0.001812972182058,0.00225277037044043,0.159294920539456,0.00159310852421332,0.0253730836034625,0.000506345692256768,0.149240249247123,0.000215549890182014,-6.31198487577761,0.946694325354068,0.9334,0.00352603006226549,0.9324,0.0035504996831432,0.3266,0.00663223099718338,5000,0.22152092579085,-1.65999999999999,0.352603006226549
250,2000,2000,0.8,0.9,0.5,0.6,"normal-recon",0.588644374389637,608.166543522064,495.366999256707,"",5000,1,0,-0.001812972182058,0.00225277037044043,0.159294920539456,0.00159310852421332,0.0253730836034625,0.000506345692256768,0.150866485726594,0.000213624446114302,-5.29108824331534,0.956630396046936,0.936,0.00346132922444543,0.9366,0.00344617004803884,0.3198,0.00659587689393912,5000,0.22152092579085,-1.39999999999999,0.346132922444543
250,2000,2000,0.8,0.9,0.5,0.6,"reported-cov",0.587557971275747,608.166543522064,495.366999256707,"",5000,1,0,-0.001812972182058,0.00225277037044043,0.159294920539456,0.00159310852421332,0.0253730836034625,0.000506345692256768,0.150592091169909,0.000213883821262077,-5.46334392840275,0.954947589554206,0.9356,0.00347138704266753,0.9362,0.00345628586780665,0.3208,0.00660132350366197,5000,0.22152092579085,-1.44,0.347138704266753
250,2000,2000,0.8,0.9,0.5,0.6,"target-fixed",0.580312848375621,608.166543522064,495.366999256707,"",5000,1,0,-0.001812972182058,0.00225277037044043,0.159294920539456,0.00159310852421332,0.0253730836034625,0.000506345692256768,0.148765265204809,0.000215699700596395,-6.61016390164059,0.943756441637335,0.9314,0.00357474586509307,0.931,0.00358438279205779,0.329,0.00664468208419334,5000,0.22152092579085,-1.86,0.357474586509307
251,2000,2000,0.8,0.9,1,0.3,"joint-score",0.585780098647667,605.349858254363,497.925059124076,"",5000,1,0,0.000502211933204543,0.00230909244465457,0.163277492600187,0.00163293822799018,0.026654459898712,0.000522362178123908,0.150093597407543,0.000205918349147552,-8.07453310477186,0.927956531505664,0.9212,0.00381026403284602,0.9214,0.00380583867235594,0.0788,0.00381026403284602,5000,0,-2.87999999999999,0.381026403284602
251,2000,2000,0.8,0.9,1,0.3,"normal-recon",0.596426792927126,605.349858254363,497.925059124076,"",5000,1,0,0.000502211933204543,0.00230909244465457,0.163277492600187,0.00163293822799018,0.026654459898712,0.000522362178123908,0.152777193014784,0.00020246426824434,-6.43095347569742,0.94396388281112,0.9264,0.00369277781622453,0.9264,0.00369277781622453,0.0736,0.00369277781622453,5000,0,-2.36,0.369277781622453
251,2000,2000,0.8,0.9,1,0.3,"reported-cov",0.596420697333861,605.349858254363,497.925059124076,"",5000,1,0,0.000502211933204543,0.00230909244465457,0.163277492600187,0.00163293822799018,0.026654459898712,0.000522362178123908,0.152775711950845,0.000202476067951727,-6.43186055965318,0.943955839029488,0.9264,0.00369277781622453,0.9266,0.00368815509435273,0.0736,0.00369277781622453,5000,0,-2.36,0.369277781622453
251,2000,2000,0.8,0.9,1,0.3,"target-fixed",0.589331778033123,605.349858254363,497.925059124076,"",5000,1,0,0.000502211933204543,0.00230909244465457,0.163277492600187,0.00163293822799018,0.026654459898712,0.000522362178123908,0.150987238012926,0.000204505678089461,-7.52721908668468,0.933263219518973,0.9218,0.00379696615734194,0.9218,0.00379696615734194,0.0782,0.00379696615734194,5000,0,-2.82,0.379696615734194
252,2000,2000,0.8,0.9,1,0.6,"joint-score",0.591614655329351,607.566720294031,495.05389592362,"imbalance",5000,0.9998,0.000199979998999889,0.000898216237019208,0.00230137914504192,0.162715805932307,0.00162748358859697,0.0264719439466394,0.000514997509094615,0.151616589561977,0.000212115749172343,-6.82122815711442,0.941046980721426,0.924784956991398,0.00373019180860033,0.924584916983397,0.00373474487989528,0.0752150430086017,0.00373019180860033,4999,0,-2.52150430086017,0.373019180860033
252,2000,2000,0.8,0.9,1,0.6,"normal-recon",0.603150849481011,607.566720294031,495.05389592362,"imbalance",5000,0.9998,0.000199979998999889,0.000898216237019208,0.00230137914504192,0.162715805932307,0.00162748358859697,0.0264719439466394,0.000514997509094615,0.15452366901659,0.000208378668139024,-5.03462885414138,0.958437881745216,0.929585917183437,0.00361853654297917,0.929785957191438,0.00361378168734978,0.0704140828165633,0.00361853654297917,4999,0,-2.04140828165633,0.361853654297917
252,2000,2000,0.8,0.9,1,0.6,"reported-cov",0.602167169373583,607.566720294031,495.05389592362,"imbalance",5000,0.9998,0.000199979998999889,0.000898216237019208,0.00230137914504192,0.162715805932307,0.00162748358859697,0.0264719439466394,0.000514997509094615,0.154275647565623,0.00020868547269103,-5.18705501185011,0.956952259188261,0.929185837167434,0.00362802094014992,0.929785957191438,0.00361378168734978,0.0708141628325665,0.00362802094014992,4999,0,-2.08141628325664,0.362802094014992
252,2000,2000,0.8,0.9,1,0.6,"target-fixed",0.59505397564629,607.566720294031,495.05389592362,"imbalance",5000,0.9998,0.000199979998999889,0.000898216237019208,0.00230137914504192,0.162715805932307,0.00162748358859697,0.0264719439466394,0.000514997509094615,0.152481346883996,0.000210700939185725,-6.28977559350818,0.946192221099971,0.925785157031406,0.0037073101893578,0.925785157031406,0.0037073101893578,0.0742148429685937,0.0037073101893578,4999,0,-2.42148429685937,0.37073101893578
