"cell","method","n_ok","n_fail","bias","mcse","emp_se","mod_se","rmse","coverage","cov_mcse","ess","design","var_T","ratio","shift","em","exact_unadj"
1,"gcomp",1000,0,0.00460103992421975,0.00670881125464122,0.212151239568381,0.208951231213912,0.212095049141498,0.947,0.00708456067798138,NA,"anchored",0.25,0.5,0,"none",0.0166473215245639
1,"maic_meanvar",1000,0,0.005818604975113,0.0105859857494733,0.334758262464202,0.315998454474336,0.334641431023745,0.934,0.00785136930732467,282.148310291484,"anchored",0.25,0.5,0,"none",0.0166473215245639
1,"unadjusted",1000,0,0.0225188701589441,0.00678734747313618,0.214634772860988,0.212361891516822,0.215706089734626,0.944,0.00727076337120113,1000,"anchored",0.25,0.5,0,"none",0.0166473215245639
1,"maic_index",1000,0,0.0096755995896907,0.00799315612347127,0.252765790434913,0.248966063227775,0.252824586416733,0.942,0.00739161687318817,587.757490125741,"anchored",0.25,0.5,0,"none",0.0166473215245639
1,"maic_means",1000,0,0.0231258499038633,0.00681754925137771,0.215589836947294,0.212861738934623,0.216719412492148,0.949,0.00695693898205238,991.147637810772,"anchored",0.25,0.5,0,"none",0.0166473215245639
2,"gcomp",1000,0,-0.0129063275946452,0.00509832308940046,0.161223132099317,0.161716628623357,0.161658525038336,0.954,0.00662449998113065,NA,"unanchored",0.25,0.5,0,"none",0.0382204195203237
2,"maic_index",1000,0,-0.00420910318078297,0.00592135855941915,0.18724979890298,0.190268462868729,0.187203475532917,0.957,0.00641490451994416,298.596033765585,"unanchored",0.25,0.5,0,"none",0.0382204195203237
2,"unadjusted",1000,0,0.0360807195935783,0.00515342707946517,0.162965673266995,0.162131905085539,0.16683246440394,0.946,0.00714730718522718,500,"unanchored",0.25,0.5,0,"none",0.0382204195203237
2,"maic_means",1000,0,0.0369235421804891,0.00509316022953575,0.16105986813519,0.162675705552737,0.165159585885153,0.947,0.00708456067798138,493.94035091568,"unanchored",0.25,0.5,0,"none",0.0382204195203237
2,"maic_meanvar",1000,0,0.00734031773703287,0.00753370105052806,0.238236545304719,0.240928562797249,0.238230508398252,0.952,0.00675988165576884,147.35901007048,"unanchored",0.25,0.5,0,"none",0.0382204195203237
3,"maic_index",1000,0,-0.00691868201498171,0.00803496195612527,0.254087806941578,0.24613099707938,0.25405495701436,0.945,0.00720936890441875,586.652079548011,"anchored",1,0.5,0,"none",0.054217366484029
3,"maic_meanvar",1000,0,-0.00594545446645208,0.0101502694986257,0.320979704801925,0.310232464080625,0.320874260969385,0.939,0.00756828910652864,284.258043761377,"anchored",1,0.5,0,"none",0.054217366484029
3,"maic_means",1000,0,0.0485497571911939,0.00658589818936333,0.20826438716367,0.206998956746326,0.213746952794706,0.949,0.00695693898205238,991.108582526625,"anchored",1,0.5,0,"none",0.054217366484029
3,"unadjusted",1000,0,0.0481080382184258,0.00657681691828851,0.207977212157212,0.206520397397192,0.213367405189112,0.949,0.00695693898205238,1000,"anchored",1,0.5,0,"none",0.054217366484029
3,"gcomp",1000,0,-0.00785946326491915,0.00618658699683214,0.195637058527704,0.194963482118552,0.195697102619113,0.944,0.00727076337120113,NA,"anchored",1,0.5,0,"none",0.054217366484029
4,"maic_index",1000,0,-0.0199976490797783,0.00535416044257258,0.169313419565045,0.188559967628828,0.170406199944375,0.969,0.00548078461536303,298.569036427848,"unanchored",1,0.5,0,"none",0.114773601169657
4,"maic_means",1000,0,0.113166416394682,0.00476274386072959,0.150611185118893,0.156515128608508,0.18832865728149,0.906,0.00922843432007835,493.954712856992,"unanchored",1,0.5,0,"none",0.114773601169657
4,"unadjusted",1000,0,0.112206249087969,0.00491684940094003,0.155484430190049,0.15599893224067,0.191680658799693,0.9,0.00948683298050514,500,"unanchored",1,0.5,0,"none",0.114773601169657
4,"maic_meanvar",1000,0,-0.00679464360242898,0.00692407132360232,0.218958360640401,0.237224145602595,0.218954305991734,0.964,0.00589101010014412,146.411044684483,"unanchored",1,0.5,0,"none",0.114773601169657
4,"gcomp",1000,0,-0.0102362824991404,0.00463202467725599,0.146477481582353,0.150380313635329,0.146761638167131,0.955,0.00655553201502365,NA,"unanchored",1,0.5,0,"none",0.114773601169657
5,"maic_means",1000,0,0.104712239078816,0.00627470077699315,0.198423460913266,0.196010633256377,0.224270263262557,0.912,0.00895857131466843,991.078935157045,"anchored",4,0.5,0,"none",0.101831660859337
5,"gcomp",1000,0,0.00391356798943492,0.00543407345235439,0.171840490820943,0.168942139416589,0.171799130223948,0.945,0.00720936890441875,NA,"anchored",4,0.5,0,"none",0.101831660859337
5,"unadjusted",1000,0,0.105451264013854,0.00627591507396935,0.198461860355273,0.195583835771047,0.224650154657814,0.91,0.00904986187739901,1000,"anchored",4,0.5,0,"none",0.101831660859337
5,"maic_index",1000,0,-0.00144225275521825,0.00723591622376593,0.228819762252649,0.232796564269727,0.228709871249082,0.95,0.00689202437604511,585.991267725938,"anchored",4,0.5,0,"none",0.101831660859337
5,"maic_meanvar",1000,0,-0.000257834693475935,0.00931107344986247,0.29444199562687,0.296931132274109,0.294294850751205,0.951,0.00682634602111555,282.192112853973,"anchored",4,0.5,0,"none",0.101831660859337
6,"maic_means",1000,0,0.204682113101908,0.00427773705736496,0.135273923325796,0.144761049234216,0.245306956121272,0.716,0.0142598737722323,494.086139883625,"unanchored",4,0.5,0,"none",0.204931039802331
6,"maic_index",1000,0,-0.0233699967655343,0.00410041996661469,0.12966666457734,0.17351445193512,0.131692016491247,0.989,0.00329833291224522,298.32612612471,"unanchored",4,0.5,0,"none",0.204931039802331
6,"gcomp",1000,0,-0.0043507532236125,0.00394235835198174,0.124668317448501,0.125523074338948,0.124681900208801,0.954,0.00662449998113065,NA,"unanchored",4,0.5,0,"none",0.204931039802331
6,"maic_meanvar",1000,0,-0.0120488735377689,0.00551617543506764,0.17443678347884,0.217605532785393,0.174765381562088,0.982,0.00420428352992517,147.205182720494,"unanchored",4,0.5,0,"none",0.204931039802331
6,"unadjusted",1000,0,0.199197022454848,0.00466530828422014,0.147530001649878,0.144329908542225,0.247836216159591,0.718,0.0142294061717276,500,"unanchored",4,0.5,0,"none",0.204931039802331
7,"maic_means",1000,0,-0.00644815987666155,0.0065306679565695,0.206517853850372,0.211552666231214,0.206515261181346,0.961,0.00612200947402077,994.072848405419,"anchored",0.25,1,0,"none",0
7,"maic_index",1000,0,-0.00673185671823,0.0065384966851763,0.20676541998618,0.211646936746723,0.206771624886091,0.959,0.00627048642451286,992.550420133785,"anchored",0.25,1,0,"none",0
7,"gcomp",1000,0,-0.00702506088481481,0.00643445363044122,0.203475289709336,0.208959041297553,0.203494822561193,0.96,0.00619677335393187,NA,"anchored",0.25,1,0,"none",0
7,"unadjusted",1000,0,-0.00641565895491245,0.00649960887744067,0.205535679529627,0.211229407802505,0.2055330419275,0.957,0.00641490451994416,1000,"anchored",0.25,1,0,"none",0
7,"maic_meanvar",1000,0,-0.00586973407907509,0.00654244317514819,0.206890218956922,0.211910416260226,0.206870038709094,0.96,0.00619677335393187,987.99818290815,"anchored",0.25,1,0,"none",0
8,"maic_index",1000,0,-0.0069173451704678,0.00499287920239206,0.157888703616437,0.161703786527094,0.157961272314314,0.951,0.00682634602111555,494.258680802246,"unanchored",0.25,1,0,"none",0
8,"maic_means",1000,0,-0.00622030555853064,0.00499503912506758,0.157957006368682,0.16155920861259,0.158000498880024,0.953,0.00669260786241059,495.567781285845,"unanchored",0.25,1,0,"none",0
8,"unadjusted",1000,0,-0.004967363200466,0.0050880374512539,0.160897871662003,0.161176330060464,0.160894100816103,0.951,0.00682634602111555,500,"unanchored",0.25,1,0,"none",0
8,"maic_meanvar",1000,0,-0.00696061407641895,0.00500313030590728,0.15821287197282,0.162030033568071,0.158286865195287,0.952,0.00675988165576884,490.661873448135,"unanchored",0.25,1,0,"none",0
8,"gcomp",1000,0,-0.006824654675535,0.00500276415590524,0.158201293293103,0.15980401417609,0.158269382578725,0.949,0.00695693898205238,NA,"unanchored",0.25,1,0,"none",0
9,"maic_means",1000,0,0.00191433602259799,0.00646318848207328,0.204383965503179,0.204170708301505,0.204290717439284,0.953,0.00669260786241059,993.843752707636,"anchored",1,1,0,"none",0
9,"gcomp",1000,0,9.31744990910791e-05,0.00620991921496209,0.19637488804925,0.196026149667935,0.196276698161514,0.952,0.00675988165576884,NA,"anchored",1,1,0,"none",0
9,"unadjusted",1000,0,0.00246522728158572,0.00646748521986873,0.2045198402826,0.203860846351751,0.20443241927273,0.955,0.00655553201502365,1000,"anchored",1,1,0,"none",0
9,"maic_index",1000,0,0.00150755075133535,0.00646366894063846,0.204399158937052,0.204258368701771,0.204302495988835,0.952,0.00675988165576884,992.454804189286,"anchored",1,1,0,"none",0
9,"maic_meanvar",1000,0,0.00140291543093107,0.00645345041693064,0.204076020844641,0.204531963748159,0.203978781821063,0.954,0.00662449998113065,987.723184912345,"anchored",1,1,0,"none",0
10,"maic_means",1000,0,-0.00924148202777083,0.00462883908415462,0.146376744283364,0.15348043163153,0.146595123062808,0.967,0.00564898220921256,495.555282453666,"unanchored",1,1,0,"none",0
10,"maic_index",1000,0,-0.010313431133839,0.00460819053091316,0.145723779697061,0.15361612692645,0.146015586191957,0.963,0.00596917079668525,494.30820761484,"unanchored",1,1,0,"none",0
10,"gcomp",1000,0,-0.0104094286428621,0.00460060586786148,0.145483931591779,0.147604933523648,0.145783280871714,0.962,0.00604615580348373,NA,"unanchored",1,1,0,"none",0
10,"maic_meanvar",1000,0,-0.00950331224645461,0.00465168194521455,0.147099098975606,0.153932322076438,0.14733234443994,0.966,0.00573096850453743,490.681281993322,"unanchored",1,1,0,"none",0
10,"unadjusted",1000,0,-0.010249439162316,0.00480376421820671,0.151908362719513,0.153132240624813,0.152177940308709,0.947,0.00708456067798138,500,"unanchored",1,1,0,"none",0
11,"maic_means",1000,0,0.00418132615001921,0.00604077790171308,0.191026170086261,0.192251084733298,0.190976412544953,0.95,0.00689202437604511,994.070824894148,"anchored",4,1,0,"none",0
11,"maic_index",1000,0,0.00386525090683374,0.00604662113502901,0.191210949348042,0.192332007813367,0.191154402742918,0.949,0.00695693898205238,992.708755742865,"anchored",4,1,0,"none",0
11,"gcomp",1000,0,0.00213551400300012,0.00544073912373298,0.172051277857849,0.172423556263942,0.171978489906044,0.952,0.00675988165576884,NA,"anchored",4,1,0,"none",0
11,"unadjusted",1000,0,0.00445217318348392,0.00602131925186233,0.19041083354906,0.191994047164093,0.190367673446336,0.951,0.00682634602111555,1000,"anchored",4,1,0,"none",0
11,"maic_meanvar",1000,0,0.00356970509449451,0.00603849325531746,0.190953923223678,0.192581889890567,0.190891802307437,0.951,0.00682634602111555,987.972119872441,"anchored",4,1,0,"none",0
12,"maic_index",1000,0,-0.00174305571858616,0.00386682358658215,0.122279698436609,0.141026367126226,0.122230972213823,0.978,0.00463853425124791,494.258442891875,"unanchored",4,1,0,"none",0
12,"maic_means",1000,0,-0.000711178134028108,0.00389505438692309,0.123172434729077,0.140908170600227,0.123112887232613,0.977,0.00474035863622153,495.484512024276,"unanchored",4,1,0,"none",0
12,"unadjusted",1000,0,0.000657092556610726,0.00452103786986674,0.142967770566548,0.140615882582975,0.142897779576788,0.945,0.00720936890441875,500,"unanchored",4,1,0,"none",0
12,"maic_meanvar",1000,0,-0.00162259974055455,0.00388398326467425,0.122822335103472,0.141300623127369,0.122771631512282,0.974,0.00503229569878401,490.891070536965,"unanchored",4,1,0,"none",0
12,"gcomp",1000,0,-0.00140102672953941,0.00387359866071403,0.122493945092341,0.126548260098004,0.122440698681436,0.958,0.00634318531969546,NA,"unanchored",4,1,0,"none",0
13,"unadjusted",1000,0,-0.0354123579095913,0.00677243796169229,0.214163292711358,0.209764370170539,0.216965631199374,0.937,0.00768316341099159,1000,"anchored",0.25,2,0,"none",-0.0313127031742616
13,"maic_means",1000,0,-0.0352717931704232,0.00678446434220708,0.214543600255704,0.209998297883574,0.217317801497544,0.94,0.00750999334220744,995.594378991544,"anchored",0.25,2,0,"none",-0.0313127031742616
13,"maic_index",1000,0,-0.00533138409110865,0.0071688827722618,0.226699978390894,0.219620072101995,0.226649312768772,0.942,0.00739161687318817,862.14491418415,"anchored",0.25,2,0,"none",-0.0313127031742616
13,"maic_meanvar",1000,0,-0.00339562906745821,0.00772281157452671,0.244216745158156,0.239414379654694,0.244118223600353,0.94,0.00750999334220744,645.231589429731,"anchored",0.25,2,0,"none",-0.0313127031742616
13,"gcomp",1000,0,-0.00436515676177053,0.00677449647566672,0.214228388638903,0.209985565757386,0.214165737899125,0.937,0.00768316341099159,NA,"anchored",0.25,2,0,"none",-0.0313127031742616
14,"maic_index",1000,0,-0.000242889402933985,0.00531818362272989,0.168175732628321,0.167261217489147,0.168091799214862,0.957,0.00641490451994416,429.186600585832,"unanchored",0.25,2,0,"none",-0.0691827925566502
14,"gcomp",1000,0,-0.000149717787589632,0.00514861899078046,0.162813628152637,0.161007132495959,0.162732269848758,0.959,0.00627048642451286,NA,"unanchored",0.25,2,0,"none",-0.0691827925566502
14,"maic_means",1000,0,-0.0760922067753257,0.00497711183375908,0.15739009564056,0.159216314386117,0.174748088674749,0.924,0.00837997613361756,496.201952862477,"unanchored",0.25,2,0,"none",-0.0691827925566502
14,"maic_meanvar",1000,0,-0.00272133710203479,0.00586916230258683,0.185599208333727,0.182733637897134,0.185526345146977,0.951,0.00682634602111555,321.270484988168,"unanchored",0.25,2,0,"none",-0.0691827925566502
14,"unadjusted",1000,0,-0.0788483299943027,0.00510832216089103,0.161539330503288,0.15890098341885,0.179682830251088,0.918,0.00867617427210864,500,"unanchored",0.25,2,0,"none",-0.0691827925566502
15,"maic_means",1000,0,-0.0699481134275166,0.00603087577185374,0.190713037245838,0.200551580412749,0.203046373237804,0.942,0.00739161687318817,995.238932743508,"anchored",1,2,0,"none",-0.0814357797411719
15,"gcomp",1000,0,0.00745782033413561,0.00594917649927668,0.188129479400614,0.198939598546974,0.188183228271445,0.958,0.00634318531969546,NA,"anchored",1,2,0,"none",-0.0814357797411719
15,"maic_meanvar",1000,0,0.00803027416554868,0.00692382863762493,0.218950686235954,0.228710201947898,0.218988467512255,0.954,0.00662449998113065,646.488324678236,"anchored",1,2,0,"none",-0.0814357797411719
15,"maic_index",1000,0,0.0100119391937434,0.00633200743695395,0.200235656618995,0.210190321626397,0.200385784899722,0.957,0.00641490451994416,862.688093095068,"anchored",1,2,0,"none",-0.0814357797411719
15,"unadjusted",1000,0,-0.0694935825632308,0.00603241443628133,0.190761694087297,0.200333466090811,0.202935930590413,0.942,0.00739161687318817,1000,"anchored",1,2,0,"none",-0.0814357797411719
16,"maic_means",1000,0,-0.164226293029128,0.00448337415679838,0.141776739382198,0.149492157820539,0.216912006371494,0.815,0.0122790471943062,496.201560552949,"unanchored",1,2,0,"none",-0.166613021195602
16,"gcomp",1000,0,0.00594262911746406,0.00479075036304011,0.151496828484853,0.150699509289651,0.151537627646587,0.946,0.00714730718522718,NA,"unanchored",1,2,0,"none",-0.166613021195602
16,"maic_meanvar",1000,0,0.00127810752038257,0.00534307791958954,0.168962959416569,0.171898966793795,0.168883293229331,0.952,0.00675988165576884,321.648589184355,"unanchored",1,2,0,"none",-0.166613021195602
16,"maic_index",1000,0,0.0049497274307501,0.0048244616271807,0.152562872259731,0.157610283509643,0.152566884885894,0.96,0.00619677335393187,429.65094970575,"unanchored",1,2,0,"none",-0.166613021195602
16,"unadjusted",1000,0,-0.163538515824383,0.00480762286949044,0.152030383987042,0.149226176709472,0.223237475741942,0.787,0.0129472390879291,500,"unanchored",1,2,0,"none",-0.166613021195602
17,"maic_index",1000,0,0.000350159133802993,0.00602765229353787,0.190611101911175,0.197547356926592,0.190516094309745,0.964,0.00589101010014412,861.635200056566,"anchored",4,2,0,"none",-0.106293694851022
17,"unadjusted",1000,0,-0.107990924882195,0.00574331629597547,0.181619608180442,0.189032803098139,0.211222007022123,0.921,0.00852988862764339,1000,"anchored",4,2,0,"none",-0.106293694851022
17,"maic_means",1000,0,-0.107906652621883,0.00575246945017401,0.181909056330864,0.189214476983697,0.21142766978442,0.923,0.00843036179532053,995.458597864011,"anchored",4,2,0,"none",-0.106293694851022
17,"gcomp",1000,0,-0.00096112289769854,0.00538946017763863,0.170429695201137,0.179262749513159,0.170347170456602,0.956,0.00648567652600714,NA,"anchored",4,2,0,"none",-0.106293694851022
17,"maic_meanvar",1000,0,-0.00179989283952343,0.00666311657695807,0.210706246984121,0.214806081046488,0.210608558728863,0.95,0.00689202437604511,643.864708631289,"anchored",4,2,0,"none",-0.106293694851022
18,"maic_means",1000,0,-0.214164706078398,0.00372229843376321,0.117709411815692,0.137592420184535,0.244352555652714,0.676,0.014799459449588,496.172131077715,"unanchored",4,2,0,"none",-0.213705257780153
18,"maic_index",1000,0,0.00170876838593703,0.0040310868815827,0.127474159918268,0.144135317189511,0.127421864979359,0.975,0.00493710441453288,429.621871761748,"unanchored",4,2,0,"none",-0.213705257780153
18,"maic_meanvar",1000,0,0.0034911182814245,0.00436297075326334,0.137969249450127,0.15679410098353,0.137944431518247,0.975,0.00493710441453288,321.780420686944,"unanchored",4,2,0,"none",-0.213705257780153
18,"unadjusted",1000,0,-0.212846031152799,0.00433553530224007,0.137101664311451,0.137367159799222,0.253143244958484,0.64,0.0151789327688082,500,"unanchored",4,2,0,"none",-0.213705257780153
18,"gcomp",1000,0,0.00185937178931748,0.00409641375891766,0.129539977166317,0.131413766546568,0.129488541354116,0.951,0.00682634602111555,NA,"unanchored",4,2,0,"none",-0.213705257780153
19,"maic_means",1000,0,0.0289036844944505,0.00763967110950995,0.241587612806371,0.243729704534923,0.243190528319205,0.95,0.00689202437604511,580.04596345343,"anchored",0.25,0.5,0.3,"none",0.0201692779838926
19,"maic_index",1000,0,0.0176589777450882,0.0111676251187883,0.353151314302795,0.331641575574444,0.353416149090558,0.933,0.00790638982089803,252.6585632358,"anchored",0.25,0.5,0.3,"none",0.0201692779838926
19,"maic_meanvar",1000,0,0.0349308294240017,0.0132981327416381,0.420523880908359,0.395154880666165,0.421762559888928,0.932,0.00796090447122687,152.759124230961,"anchored",0.25,0.5,0.3,"none",0.0201692779838926
19,"unadjusted",1000,0,0.0323680610848694,0.00636606903021042,0.201312778773242,0.207310586089155,0.203798919135752,0.949,0.00695693898205238,1000,"anchored",0.25,0.5,0.3,"none",0.0201692779838926
19,"gcomp",1000,0,0.00933008209325337,0.0062328474496276,0.197099942491948,0.203251931506887,0.197222182765697,0.949,0.00695693898205238,NA,"anchored",0.25,0.5,0.3,"none",0.0201692779838926
20,"maic_means",1000,0,0.0252772846140877,0.00615747772151558,0.194716542417332,0.186122130470181,0.196253811368165,0.928,0.00817410545564467,290.138677002151,"unanchored",0.25,0.5,0.3,"none",0.288338069081427
20,"maic_index",1000,0,-0.00756379099034266,0.00838016365646077,0.265004043193809,0.250421929502922,0.264979483545996,0.933,0.00790638982089803,140.569987428966,"unanchored",0.25,0.5,0.3,"none",0.288338069081427
20,"maic_meanvar",1000,0,0.0251984801322873,0.0101857154324489,0.322100603648654,0.297407966036172,0.322924160559308,0.92,0.00857904423581089,83.0552958938585,"unanchored",0.25,0.5,0.3,"none",0.288338069081427
20,"unadjusted",1000,0,0.280865152729735,0.00522370716663729,0.165188124763186,0.15744878858458,0.32579911519848,0.558,0.0157046489932122,500,"unanchored",0.25,0.5,0.3,"none",0.288338069081427
20,"gcomp",1000,0,-0.020177199854861,0.00611999764657184,0.193531318380372,0.185279247615065,0.194484025608362,0.933,0.00790638982089803,NA,"unanchored",0.25,0.5,0.3,"none",0.288338069081427
21,"maic_means",1000,0,0.0588681881226494,0.00758948814643524,0.240000688175849,0.233050377765302,0.246998367539949,0.937,0.00768316341099159,579.309809116193,"anchored",1,0.5,0.3,"none",0.0663331061119713
21,"maic_index",1000,0,0.0173838344833,0.0112281139335597,0.35506413857921,0.328077365074838,0.355312073625193,0.926,0.00827792244467173,246.510246888327,"anchored",1,0.5,0.3,"none",0.0663331061119713
21,"maic_meanvar",1000,0,0.0221417045914185,0.0127685829655408,0.403778046639363,0.384407066988356,0.40418303937593,0.933,0.00790638982089803,153.761399876668,"anchored",1,0.5,0.3,"none",0.0663331061119713
21,"unadjusted",1000,0,0.0671134081256763,0.00648193156684425,0.204976673885718,0.199858683862227,0.215586713298056,0.93,0.00806845710157772,1000,"anchored",1,0.5,0.3,"none",0.0663331061119713
21,"gcomp",1000,0,-0.00115892644633208,0.00609912589011005,0.192871295488496,0.186156214950725,0.19277831931339,0.941,0.00745110730026082,NA,"anchored",1,0.5,0.3,"none",0.0663331061119713
22,"maic_means",1000,0,0.0937786687558638,0.00520417049016457,0.164570320807549,0.176066078092451,0.189342931776792,0.941,0.00745110730026082,290.025062750216,"unanchored",1,0.5,0.3,"none",0.559406471911011
22,"maic_index",1000,0,0.0032906239606492,0.0074885386335993,0.236808384283389,0.249104866350663,0.236712823611423,0.941,0.00745110730026082,132.540378091234,"unanchored",1,0.5,0.3,"none",0.559406471911011
22,"maic_meanvar",1000,0,0.0146971899900543,0.00906300639880347,0.286597426688993,0.291873112046082,0.28683088099675,0.945,0.00720936890441875,82.057604751824,"unanchored",1,0.5,0.3,"none",0.559406471911011
22,"unadjusted",1000,0,0.570452718328414,0.00466865790883918,0.147635926080906,0.149989586231171,0.589229050668221,0.026,0.00503229569878401,500,"unanchored",1,0.5,0.3,"none",0.559406471911011
22,"gcomp",1000,0,0.00849840346985474,0.00506720497582016,0.160239090945302,0.164734321447352,0.160384265320031,0.956,0.00648567652600714,NA,"unanchored",1,0.5,0.3,"none",0.559406471911011
23,"maic_means",1000,0,0.0960954188223112,0.00677136014947234,0.214129209296308,0.215092847111844,0.234605619016731,0.925,0.00832916562447884,581.943296346585,"anchored",4,0.5,0.3,"none",0.113898073201708
23,"maic_index",1000,0,-0.0110284464257041,0.00954586870545614,0.301866873541644,0.292298477793609,0.301917393276753,0.936,0.0077397674383666,246.037181779974,"anchored",4,0.5,0.3,"none",0.113898073201708
23,"maic_meanvar",1000,0,-0.0077560454319314,0.0114314150660967,0.361493084876297,0.351480513847259,0.361395530414683,0.926,0.00827792244467173,153.874348833503,"anchored",4,0.5,0.3,"none",0.113898073201708
23,"unadjusted",1000,0,0.115280835218534,0.00594866283225825,0.188113235823242,0.190588550493266,0.220546761189281,0.91,0.00904986187739901,1000,"anchored",4,0.5,0.3,"none",0.113898073201708
23,"gcomp",1000,0,0.00129600563561388,0.00508326336441258,0.160746901780343,0.161352524720691,0.160671735212372,0.956,0.00648567652600714,NA,"anchored",4,0.5,0.3,"none",0.113898073201708
24,"maic_means",1000,0,0.07588610275166,0.00424744021488364,0.134315853044273,0.158515482776848,0.154212218132894,0.963,0.00596917079668525,290.398490141654,"unanchored",4,0.5,0.3,"none",0.84853199891402
24,"maic_index",1000,0,-0.0487716832652626,0.00492442569979105,0.155724013796083,0.219160942079651,0.163108539300727,0.994,0.00244213021765835,131.795412870111,"unanchored",4,0.5,0.3,"none",0.84853199891402
24,"maic_meanvar",1000,0,-0.0377244258527596,0.00618673321240327,0.195641682270046,0.258581939566814,0.199149502835264,0.986,0.00371537346709587,83.0530917243173,"unanchored",4,0.5,0.3,"none",0.84853199891402
24,"unadjusted",1000,0,0.851658364422372,0.00436372915021655,0.137993232067554,0.139612272735289,0.862754344906442,0,0,500,"unanchored",4,0.5,0.3,"none",0.84853199891402
24,"gcomp",1000,0,0.000986744920259077,0.003791137507606,0.119886294469289,0.125903175390328,0.119830399079337,0.96,0.00619677335393187,NA,"unanchored",4,0.5,0.3,"none",0.84853199891402
25,"maic_means",1000,0,0.00270402290695671,0.00735999758814823,0.232743559518943,0.22265980411238,0.232642873677514,0.941,0.00745110730026082,759.335998151433,"anchored",0.25,1,0.3,"none",0.00352195645932862
25,"maic_index",1000,0,0.00225868978150524,0.00736074416779695,0.23276716844039,0.22322097730063,0.23266171973185,0.945,0.00720936890441875,755.166207912253,"anchored",0.25,1,0.3,"none",0.00352195645932862
25,"maic_meanvar",1000,0,0.00307428434071005,0.00736928608211209,0.233037287488528,0.223344272346112,0.232941027315624,0.942,0.00739161687318817,752.363073246294,"anchored",0.25,1,0.3,"none",0.00352195645932862
25,"unadjusted",1000,0,0.00881682302197563,0.00676513895263956,0.21393247777867,0.206305443622401,0.214007182850654,0.944,0.00727076337120113,1000,"anchored",0.25,1,0.3,"none",0.00352195645932862
25,"gcomp",1000,0,0.00610378369856379,0.00664100186605964,0.210006918421769,0.203447278175823,0.209990616587174,0.944,0.00727076337120113,NA,"anchored",0.25,1,0.3,"none",0.00352195645932862
26,"unadjusted",1000,0,0.252770258115883,0.00483054526846527,0.152755253888998,0.156544343640871,0.295302619038625,0.621,0.0153414145371279,500,"unanchored",0.25,1,0.3,"none",0.250117649561104
26,"maic_means",1000,0,0.00478595277556608,0.00504643698619979,0.15958234944907,0.169558173260521,0.159574324605807,0.959,0.00627048642451286,379.102611788598,"unanchored",0.25,1,0.3,"none",0.250117649561104
26,"maic_meanvar",1000,0,0.00510532231404375,0.00506561455600888,0.160188797454906,0.170411627069788,0.160190058040907,0.965,0.00581162627841812,373.311317758317,"unanchored",0.25,1,0.3,"none",0.250117649561104
26,"maic_index",1000,0,0.00382065187618234,0.00506702349141033,0.160233351904353,0.170181122053726,0.160198781881138,0.961,0.00612200947402077,376.023347443228,"unanchored",0.25,1,0.3,"none",0.250117649561104
26,"gcomp",1000,0,0.00345159671924946,0.0050156883292383,0.158609991539175,0.16504445057069,0.158568237067054,0.959,0.00627048642451286,NA,"unanchored",0.25,1,0.3,"none",0.250117649561104
27,"maic_index",1000,0,-0.0035856916404616,0.00666693887237881,0.210827118578317,0.210780805160713,0.210752183947517,0.951,0.00682634602111555,758.598371526445,"anchored",1,1,0.3,"none",0.0121157396279423
27,"maic_means",1000,0,-0.00406730003501951,0.00666306252085982,0.210704537580202,0.210495725754519,0.210638431166549,0.95,0.00689202437604511,761.290770699945,"anchored",1,1,0.3,"none",0.0121157396279423
27,"gcomp",1000,0,-0.00345037117144942,0.00604512039896433,0.191163491906731,0.186922938119486,0.19109903772274,0.953,0.00669260786241059,NA,"anchored",1,1,0.3,"none",0.0121157396279423
27,"unadjusted",1000,0,0.00723400993777463,0.00623337365105252,0.197116582442056,0.196929209132996,0.197150762175402,0.95,0.00689202437604511,1000,"anchored",1,1,0.3,"none",0.0121157396279423
27,"maic_meanvar",1000,0,-0.00299293686439887,0.00666513059539979,0.210769935839375,0.211090387003627,0.21068578395078,0.951,0.00682634602111555,754.529910046194,"anchored",1,1,0.3,"none",0.0121157396279423
28,"maic_index",1000,0,0.00312350451528976,0.00462911549655545,0.146385485210965,0.158306492711242,0.146345610971516,0.971,0.00530650544143696,375.953712302917,"unanchored",1,1,0.3,"none",0.444632870741354
28,"gcomp",1000,0,0.00389805834716417,0.0046272596339565,0.146326797682596,0.146549499105921,0.146305553712773,0.947,0.00708456067798138,NA,"unanchored",1,1,0.3,"none",0.444632870741354
28,"unadjusted",1000,0,0.446965018453416,0.00464789267149183,0.146979271619189,0.146828455709084,0.470488077532772,0.133,0.0107382959542006,500,"unanchored",1,1,0.3,"none",0.444632870741354
28,"maic_meanvar",1000,0,0.00449681131949741,0.00465615199704772,0.147240454426124,0.158566262028075,0.147235501765828,0.965,0.00581162627841812,372.990953706129,"unanchored",1,1,0.3,"none",0.444632870741354
28,"maic_means",1000,0,0.00530416893930664,0.00462708358449712,0.146321230509871,0.157698645826407,0.146344206593775,0.966,0.00573096850453743,378.963242271219,"unanchored",1,1,0.3,"none",0.444632870741354
29,"maic_index",1000,0,-0.00194995696508083,0.00655422852530637,0.207262904452147,0.196759910739373,0.207168424192838,0.942,0.00739161687318817,754.32095817591,"anchored",4,1,0.3,"none",0.0120664123423708
29,"maic_meanvar",1000,0,-0.00121584904712902,0.00655258053019343,0.20721079027085,0.196960476938276,0.207110727829272,0.944,0.00727076337120113,751.564836079079,"anchored",4,1,0.3,"none",0.0120664123423708
29,"gcomp",1000,0,0.000353482980477833,0.00536342665946428,0.169606443071754,0.165128865151992,0.169521987176113,0.939,0.00756828910652864,NA,"anchored",4,1,0.3,"none",0.0120664123423708
29,"maic_means",1000,0,-0.00081606933062438,0.00654218890687742,0.206882178288199,0.196452718922144,0.206780321662215,0.939,0.00756828910652864,758.229368546854,"anchored",4,1,0.3,"none",0.0120664123423708
29,"unadjusted",1000,0,0.0123681907753453,0.00619655801719847,0.19595236987724,0.186977438438051,0.196244505839785,0.939,0.00756828910652864,1000,"anchored",4,1,0.3,"none",0.0120664123423708
30,"gcomp",1000,0,-0.00455543779397756,0.00366073999930846,0.11576276319498,0.121391595408647,0.115794509104228,0.964,0.00589101010014412,NA,"unanchored",4,1,0.3,"none",0.643600959111689
30,"maic_meanvar",1000,0,-0.0072069161125998,0.00360948504921436,0.114141939358423,0.143185523738747,0.114312263463005,0.983,0.00408790900094413,373.780186283272,"unanchored",4,1,0.3,"none",0.643600959111689
30,"unadjusted",1000,0,0.63946133303224,0.00413808320939545,0.130857680889891,0.135417558092106,0.652700088370303,0.003,0.00172945077987204,500,"unanchored",4,1,0.3,"none",0.643600959111689
30,"maic_means",1000,0,-0.00489835224618179,0.00358835633829054,0.113473790852998,0.142517302828845,0.113522767602217,0.983,0.00408790900094413,379.31369157052,"unanchored",4,1,0.3,"none",0.643600959111689
30,"maic_index",1000,0,-0.0085830015362737,0.00364041811817372,0.11512012888773,0.142893505936753,0.115382231502186,0.983,0.00408790900094413,376.369377005683,"unanchored",4,1,0.3,"none",0.643600959111689
31,"maic_meanvar",1000,0,0.00436742403741147,0.00736196557947636,0.232805792869066,0.235078879459906,0.232730344065667,0.95,0.00689202437604511,589.428208514937,"anchored",0.25,2,0.3,"none",-0.027790746714933
31,"maic_means",1000,0,-0.0384485980308661,0.00674681194292724,0.21335292684476,0.211571056692991,0.216684670921529,0.942,0.00739161687318817,870.818877543999,"anchored",0.25,2,0.3,"none",-0.027790746714933
31,"maic_index",1000,0,0.00105550588452099,0.00683881435637728,0.216262298612107,0.214809955353916,0.216156717480312,0.944,0.00727076337120113,787.077392397105,"anchored",0.25,2,0.3,"none",-0.027790746714933
31,"unadjusted",1000,0,-0.0291968107750073,0.00650583441517096,0.205732548318497,0.204236510253799,0.207692102198463,0.942,0.00739161687318817,1000,"anchored",0.25,2,0.3,"none",-0.027790746714933
31,"gcomp",1000,0,0.000444949498300496,0.00649361619383847,0.20534617423483,0.203910120890608,0.205243957771391,0.945,0.00720936890441875,NA,"anchored",0.25,2,0.3,"none",-0.027790746714933
32,"maic_meanvar",1000,0,0.0141658615883366,0.00558199621067632,0.176518219161663,0.178266586292068,0.176997724982127,0.953,0.00669260786241059,294.114531008876,"unanchored",0.25,2,0.3,"none",0.180934857004454
32,"maic_means",1000,0,-0.0518033072805141,0.00501286280119859,0.158520640497194,0.160425875547436,0.166695072858727,0.934,0.00785136930732467,434.129462943003,"unanchored",0.25,2,0.3,"none",0.180934857004454
32,"maic_index",1000,0,0.0114787490374453,0.00516724496640284,0.163402633218732,0.162505773380396,0.163723797298185,0.955,0.00655553201502365,392.089919489452,"unanchored",0.25,2,0.3,"none",0.180934857004454
32,"unadjusted",1000,0,0.187223726462111,0.00498745030092921,0.157717026678285,0.154490563898525,0.244749891918452,0.782,0.0130566458173606,500,"unanchored",0.25,2,0.3,"none",0.180934857004454
32,"gcomp",1000,0,0.0118962568211332,0.00503043276029798,0.159076251388695,0.155904579461795,0.159441115865631,0.948,0.00702111102319284,NA,"unanchored",0.25,2,0.3,"none",0.180934857004454
33,"maic_meanvar",1000,0,0.00687839616248386,0.00723711471233742,0.228857661789005,0.221238589920156,0.22884659897831,0.944,0.00727076337120113,589.464232776584,"anchored",1,2,0.3,"none",-0.0693200401132296
33,"maic_means",1000,0,-0.0795626176926203,0.00653675774931471,0.206710430005904,0.198907883489207,0.221397115621353,0.914,0.00886588969026797,869.630792823569,"anchored",1,2,0.3,"none",-0.0693200401132296
33,"maic_index",1000,0,0.00329423685360605,0.00658172361374843,0.208132375491593,0.202343592902701,0.208054364622551,0.941,0.00745110730026082,786.991859079309,"anchored",1,2,0.3,"none",-0.0693200401132296
33,"gcomp",1000,0,0.00290333988484548,0.00614104883838229,0.194197015516193,0.190007070406119,0.194121605539023,0.949,0.00695693898205238,NA,"anchored",1,2,0.3,"none",-0.0693200401132296
33,"unadjusted",1000,0,-0.0692154328748357,0.00634829904744786,0.200750842578126,0.193294070366916,0.212253094307439,0.922,0.00848033018225116,1000,"anchored",1,2,0.3,"none",-0.0693200401132296
34,"maic_meanvar",1000,0,0.00305440864745266,0.00497365388857497,0.157280745812502,0.163536209245948,0.15723175627881,0.96,0.00619677335393187,293.981456382191,"unanchored",1,2,0.3,"none",0.278019849545752
34,"maic_means",1000,0,-0.11376791286977,0.00414151845709071,0.13096631296033,0.147207076704674,0.173430565224346,0.909,0.00909499862561837,434.086200032506,"unanchored",1,2,0.3,"none",0.278019849545752
34,"unadjusted",1000,0,0.275174656565142,0.00451574243054187,0.14280031407177,0.142811346489706,0.309988111683401,0.533,0.0157769135131052,500,"unanchored",1,2,0.3,"none",0.278019849545752
34,"maic_index",1000,0,0.00365276703637326,0.00447988312135802,0.141666343148358,0.149249413929102,0.141642600001798,0.963,0.00596917079668525,392.355527330012,"unanchored",1,2,0.3,"none",0.278019849545752
34,"gcomp",1000,0,0.00168188518990993,0.00434837009745316,0.137507536173203,0.14114265129922,0.137449055725066,0.954,0.00662449998113065,NA,"unanchored",1,2,0.3,"none",0.278019849545752
35,"maic_meanvar",1000,0,-0.00691483142232226,0.00672211601455562,0.212571973018893,0.210183757301787,0.212578154482136,0.94,0.00750999334220744,589.54591680413,"anchored",4,2,0.3,"none",-0.0942272825086517
35,"maic_means",1000,0,-0.107813188337924,0.00589070196892097,0.186280352390287,0.187800909918117,0.215149605848004,0.913,0.00891240708226459,869.288012906471,"anchored",4,2,0.3,"none",-0.0942272825086517
35,"maic_index",1000,0,-0.0057164505460519,0.00605428670340343,0.191453355904271,0.192653145461218,0.191442970375948,0.943,0.00733150734842434,787.143721549371,"anchored",4,2,0.3,"none",-0.0942272825086517
35,"unadjusted",1000,0,-0.100990149356496,0.00573818422483474,0.181457317841255,0.183998611181553,0.207588154062296,0.913,0.00891240708226459,1000,"anchored",4,2,0.3,"none",-0.0942272825086517
35,"gcomp",1000,0,-0.00604558424041843,0.00538644726296212,0.170334418473402,0.171867424364065,0.170356536098159,0.957,0.00641490451994416,NA,"anchored",4,2,0.3,"none",-0.0942272825086517
36,"maic_meanvar",1000,0,0.00636518995180075,0.00386457938117066,0.122208730430233,0.150838048910288,0.122313345399014,0.982,0.00420428352992517,293.935879481561,"unanchored",4,2,0.3,"none",0.429895701331536
36,"maic_means",1000,0,-0.0716313840790621,0.00326606127816123,0.103281926166702,0.135180976229191,0.125648495022875,0.964,0.00589101010014412,432.681383975828,"unanchored",4,2,0.3,"none",0.429895701331536
36,"maic_index",1000,0,0.00577611680532296,0.00357088968686482,0.112921446836983,0.138088734555366,0.113012678173515,0.983,0.00408790900094413,391.952477819094,"unanchored",4,2,0.3,"none",0.429895701331536
36,"unadjusted",1000,0,0.439748541127642,0.00413029329002543,0.130611342009908,0.132243960113099,0.458716734775239,0.082,0.00867617427210865,500,"unanchored",4,2,0.3,"none",0.429895701331536
36,"gcomp",1000,0,0.00746002948551094,0.00361920879338473,0.114449431148055,0.123576543874125,0.114635185077479,0.965,0.00581162627841812,NA,"unanchored",4,2,0.3,"none",0.429895701331536
37,"maic_meanvar",1000,0,0.0530910837080084,0.0228290217135571,0.721917053682806,0.612328249368889,0.723506552378729,0.896,0.00965318600255895,44.6623942233801,"anchored",0.25,0.5,0.6,"none",0.023162683707011
37,"maic_means",1000,0,0.0339440152527053,0.0131878931932064,0.417037800295633,0.395780646867592,0.418209041652641,0.93,0.00806845710157772,140.336904400703,"anchored",0.25,0.5,0.6,"none",0.023162683707011
37,"maic_index",1000,0,0.0597969574139927,0.0205830179827976,0.650892179458447,0.554427848206368,0.653308996392104,0.901,0.00944452222190196,53.7254228131413,"anchored",0.25,0.5,0.6,"none",0.023162683707011
37,"gcomp",1000,0,-0.00270435636142598,0.00627314250908385,0.198374184155285,0.199121246955073,0.198293414327519,0.941,0.00745110730026082,NA,"anchored",0.25,0.5,0.6,"none",0.023162683707011
37,"unadjusted",1000,0,0.0229606188038316,0.0064153924095746,0.202872520980116,0.203675798279728,0.204066882479528,0.944,0.00727076337120113,1000,"anchored",0.25,0.5,0.6,"none",0.023162683707011
38,"maic_meanvar",999,1,0.0753347473415834,0.01791624606111,0.566278095152301,0.471475518429445,0.570986176131626,0.876876876876877,0.0103957631546269,24.7217971466774,"unanchored",0.25,0.5,0.6,"none",0.537186533267054
38,"maic_means",1000,0,0.0503812364455944,0.0100483933432108,0.317758097898202,0.301442850481381,0.32157037730004,0.912,0.00895857131466843,73.2603632286219,"unanchored",0.25,0.5,0.6,"none",0.537186533267054
38,"unadjusted",1000,0,0.536100785221104,0.00491014258992769,0.155272342203697,0.154375728438311,0.558112392505178,0.054,0.00714730718522718,500,"unanchored",0.25,0.5,0.6,"none",0.537186533267054
38,"maic_index",1000,0,0.0466188898778277,0.0156573344901274,0.495128390759138,0.417714932069215,0.497071717266069,0.861,0.0109397897603199,32.9361595183102,"unanchored",0.25,0.5,0.6,"none",0.537186533267054
38,"gcomp",1000,0,-0.00356176168814215,0.00752134846308763,0.237845922191638,0.23481952726362,0.237753650165062,0.947,0.00708456067798138,NA,"unanchored",0.25,0.5,0.6,"none",0.537186533267054
39,"maic_meanvar",1000,0,0.0786227596698309,0.0218362194826664,0.690521890525694,0.586947077549265,0.69464033798217,0.886,0.0100500746265886,44.0534364632444,"anchored",1,0.5,0.6,"none",0.0724565204761554
39,"maic_means",1000,0,0.0711332554423766,0.0129251650300955,0.408729606286607,0.371563427138085,0.41467188377557,0.907,0.00918428004799505,138.59174238645,"anchored",1,0.5,0.6,"none",0.0724565204761554
39,"unadjusted",1000,0,0.0638499164999378,0.00648734214462927,0.2051477713783,0.197388389001941,0.214756453524523,0.927,0.00822623850857729,1000,"anchored",1,0.5,0.6,"none",0.0724565204761554
39,"maic_index",1000,0,0.0401590317036683,0.0208691953076988,0.659941901072267,0.536361235902802,0.660833214438759,0.884,0.0101264011376204,50.4452961694751,"anchored",1,0.5,0.6,"none",0.0724565204761554
39,"gcomp",1000,0,-0.0104826086260722,0.00600424227461084,0.189870812112404,0.18241957029667,0.19006514528061,0.935,0.0077958322198467,NA,"anchored",1,0.5,0.6,"none",0.0724565204761554
40,"maic_means",1000,0,0.036884284881859,0.00862443552056007,0.272728597782297,0.277654306207208,0.27507627602448,0.947,0.00708456067798138,72.9408813125529,"unanchored",1,0.5,0.6,"none",0.995213161799527
40,"maic_index",1000,0,-0.0341046659873636,0.0140450152383667,0.444142379250115,0.411146213047316,0.445228389520499,0.921,0.00852988862764339,29.1696346058695,"unanchored",1,0.5,0.6,"none",0.995213161799527
40,"unadjusted",1000,0,0.993654188301286,0.00466588658309053,0.147548289065865,0.147032532779655,1.00453838803569,0,0,500,"unanchored",1,0.5,0.6,"none",0.995213161799527
40,"gcomp",1000,0,-0.0156074590267372,0.00613944981156838,0.194146449848477,0.195054615241583,0.194675997293065,0.948,0.00702111102319284,NA,"unanchored",1,0.5,0.6,"none",0.995213161799527
40,"maic_meanvar",998,2,0.00100061412067525,0.0146713641685453,0.463485090065412,0.447645893245681,0.463253905558276,0.929859719438878,0.00808401659154867,24.507032618149,"unanchored",1,0.5,0.6,"none",0.995213161799527
41,"maic_index",1000,0,-0.04161847231451,0.0160937681393387,0.508929634549605,0.460264280762689,0.510374823818402,0.915,0.00881901355027874,50.6677956177215,"anchored",4,0.5,0.6,"none",0.108700512385716
41,"gcomp",1000,0,-0.00757703401577282,0.00526282412845604,0.166425111708116,0.166395774610647,0.166514359542137,0.947,0.00708456067798138,NA,"anchored",4,0.5,0.6,"none",0.108700512385716
41,"maic_means",1000,0,0.0897729298450312,0.0107868473091224,0.341110062692851,0.325171911696648,0.352560488041997,0.924,0.00837997613361756,140.126684485037,"anchored",4,0.5,0.6,"none",0.108700512385716
41,"unadjusted",1000,0,0.0992138602419264,0.00615987882752185,0.194792472056165,0.194462850161801,0.218516711321324,0.922,0.00848033018225116,1000,"anchored",4,0.5,0.6,"none",0.108700512385716
41,"maic_meanvar",1000,0,-0.0139313915795368,0.0184523530924214,0.583514639617032,0.522901884793965,0.583389174551679,0.92,0.00857904423581089,44.6268948546837,"anchored",4,0.5,0.6,"none",0.108700512385716
42,"gcomp",1000,0,0.00172629841482121,0.00439320628127689,0.138925380797933,0.140355075173539,0.138866631249692,0.951,0.00682634602111555,NA,"unanchored",4,0.5,0.6,"none",1.47902566092043
42,"maic_meanvar",999,1,-0.119541594708411,0.0104602507976331,0.330616741715593,0.395192969806053,0.351408887083574,0.963963963963964,0.00589679678768064,24.2963305260268,"unanchored",4,0.5,0.6,"none",1.47902566092043
42,"unadjusted",1000,0,1.48943490459869,0.00463022630617115,0.14642061209529,0.140900468547709,1.49660746078844,0,0,500,"unanchored",4,0.5,0.6,"none",1.47902566092043
42,"maic_index",1000,0,-0.153815997541528,0.00892950665700766,0.282375794177801,0.350873218209362,0.321427618832144,0.961,0.00612200947402077,28.5684733668488,"unanchored",4,0.5,0.6,"none",1.47902566092043
42,"maic_means",1000,0,-0.0748292950975464,0.00623653927968129,0.197216688408987,0.239505161034197,0.210843428092071,0.973,0.00512552436341883,72.0842353898024,"unanchored",4,0.5,0.6,"none",1.47902566092043
43,"gcomp",1000,0,0.0012011031436186,0.00631512885657456,0.199701909042304,0.199239173973815,0.199605646892635,0.942,0.00739161687318817,NA,"anchored",0.25,1,0.6,"none",0.00651536218244708
43,"maic_meanvar",1000,0,0.0128992171704859,0.00938596333597688,0.296810221765192,0.283420283256763,0.296942083983004,0.927,0.00822623850857729,343.054489692208,"anchored",0.25,1,0.6,"none",0.00651536218244708
43,"unadjusted",1000,0,0.00843624837158593,0.00637677677780834,0.201651387483438,0.202618625735707,0.201727016233594,0.946,0.00714730718522718,1000,"anchored",0.25,1,0.6,"none",0.00651536218244708
43,"maic_index",1000,0,0.010768226441382,0.00945012144799959,0.298839079408872,0.285565539818902,0.298883665139554,0.931,0.00801492358042171,339.791539789164,"anchored",0.25,1,0.6,"none",0.00651536218244708
43,"maic_means",1000,0,0.0117918744416287,0.00934777285113689,0.295602532594787,0.282472803952135,0.295689913121876,0.934,0.00785136930732467,347.007715201599,"anchored",0.25,1,0.6,"none",0.00651536218244708
44,"unadjusted",1000,0,0.502610721680726,0.00494225414042707,0.156287798591472,0.153007049030777,0.526325932917047,0.094,0.00922843432007835,500,"unanchored",0.25,1,0.6,"none",0.498966113746731
44,"maic_meanvar",1000,0,0.00569622971531131,0.00688089794472792,0.217593098525116,0.217935084325684,0.217558858248072,0.951,0.00682634602111555,169.211146455681,"unanchored",0.25,1,0.6,"none",0.498966113746731
44,"maic_index",1000,0,0.00633246121662504,0.00693490749474597,0.219301030459694,0.219513301219115,0.219282806174545,0.945,0.00720936890441875,167.93608188797,"unanchored",0.25,1,0.6,"none",0.498966113746731
44,"gcomp",1000,0,-0.000674013105611882,0.00608198042117536,0.192329108154643,0.189238224972365,0.192234101166737,0.946,0.00714730718522718,NA,"unanchored",0.25,1,0.6,"none",0.498966113746731
44,"maic_means",1000,0,0.00815344715489234,0.00680430521813733,0.215171023842828,0.215488017849875,0.215217911969652,0.945,0.00720936890441875,174.035396854601,"unanchored",0.25,1,0.6,"none",0.498966113746731
45,"unadjusted",1000,0,0.0108921354760174,0.00608373462335803,0.19238458089838,0.19451954482683,0.192596608889424,0.949,0.00695693898205238,1000,"anchored",1,1,0.6,"none",0.0182391539921264
45,"maic_meanvar",1000,0,0.00530492230792829,0.00841039426472645,0.265960018965527,0.260984654351996,0.265879933724132,0.949,0.00695693898205238,342.679976413555,"anchored",1,1,0.6,"none",0.0182391539921264
45,"maic_index",1000,0,0.0013679854799565,0.00846176078196346,0.26758437086492,0.262971987314836,0.26745404375316,0.948,0.00702111102319284,338.723292978703,"anchored",1,1,0.6,"none",0.0182391539921264
45,"gcomp",1000,0,-0.00731907786719937,0.00564743163416892,0.178587468940606,0.183419865060804,0.178648144349096,0.957,0.00641490451994416,NA,"anchored",1,1,0.6,"none",0.0182391539921264
45,"maic_means",1000,0,0.00436518367152106,0.0084213792274791,0.266307393988632,0.259821501930689,0.266209998485048,0.945,0.00720936890441875,347.322368414258,"anchored",1,1,0.6,"none",0.0182391539921264
46,"unadjusted",1000,0,0.87881867779648,0.00477255577616136,0.150921465128626,0.143847384169201,0.89167077993612,0,0,500,"unanchored",1,1,0.6,"none",0.88043956062987
46,"maic_meanvar",1000,0,-0.00431434537104605,0.00560391281672668,0.17721128309866,0.195291678458721,0.177175191814759,0.976,0.00483983470792134,171.245421485156,"unanchored",1,1,0.6,"none",0.88043956062987
46,"maic_index",1000,0,-0.00961366254092915,0.0056757189127177,0.179481991230823,0.198131821928893,0.179649642077172,0.974,0.00503229569878401,168.009892599367,"unanchored",1,1,0.6,"none",0.88043956062987
46,"maic_means",1000,0,-0.00168928605937298,0.00547814377584825,0.173234116815554,0.193537264749708,0.173155718522451,0.974,0.00503229569878401,176.006513505413,"unanchored",1,1,0.6,"none",0.88043956062987
46,"gcomp",1000,0,-0.00407685239297089,0.00514624450723976,0.162738540390085,0.160598249664674,0.162708234030123,0.952,0.00675988165576884,NA,"unanchored",1,1,0.6,"none",0.88043956062987
47,"unadjusted",1000,0,0.013438469428619,0.00599735356153264,0.189652971877659,0.1909302131576,0.190033875803421,0.958,0.00634318531969546,1000,"anchored",4,1,0.6,"none",0.00686885152637884
47,"maic_meanvar",1000,0,0.0146603115535709,0.0073860430356288,0.233567188886112,0.235643640236397,0.233910245237964,0.943,0.00733150734842434,344.901600394006,"anchored",4,1,0.6,"none",0.00686885152637884
47,"maic_index",1000,0,0.00917417063380337,0.00741520077040525,0.234489237419159,0.236288209683615,0.234551449941737,0.948,0.00702111102319284,341.623887930386,"anchored",4,1,0.6,"none",0.00686885152637884
47,"maic_means",1000,0,0.0149830451248831,0.00737830062092758,0.233322352235658,0.234809395690907,0.233686483079235,0.942,0.00739161687318817,348.554833849517,"anchored",4,1,0.6,"none",0.00686885152637884
47,"gcomp",1000,0,0.00608910929431147,0.00538945522256553,0.170429538507968,0.17023829101721,0.170453098007754,0.956,0.00648567652600714,NA,"anchored",4,1,0.6,"none",0.00686885152637884
48,"unadjusted",1000,0,1.27349822936551,0.0041778811143353,0.132116201147019,0.136681734259133,1.28032612099887,0,0,500,"unanchored",4,1,0.6,"none",1.2740946211181
48,"maic_index",1000,0,-0.023651451237304,0.00408245604627686,0.129098595537606,0.172609692756286,0.131183734007091,0.99,0.00314642654451046,166.994896477599,"unanchored",4,1,0.6,"none",1.2740946211181
48,"maic_meanvar",1000,0,-0.0248236483366163,0.00407557332510828,0.128880944783681,0.171252864178633,0.131186512824855,0.985,0.00384382621875652,170.193929996877,"unanchored",4,1,0.6,"none",1.2740946211181
48,"maic_means",1000,0,-0.016228262828049,0.00408652570579992,0.129227289471549,0.169668253546208,0.130178143965243,0.987,0.00358203852575597,174.874830774432,"unanchored",4,1,0.6,"none",1.2740946211181
48,"gcomp",1000,0,-0.00666732550987377,0.00382277790808721,0.120886851785294,0.130327208816088,0.121010208383754,0.965,0.00581162627841812,NA,"unanchored",4,1,0.6,"none",1.2740946211181
49,"maic_meanvar",1000,0,0.0057032942544079,0.00777789124330003,0.245958517219069,0.248441758576004,0.245901655475849,0.952,0.00675988165576884,448.133290668718,"anchored",0.25,2,0.6,"none",-0.0247973409918145
49,"unadjusted",1000,0,-0.0201806105355219,0.0064900407384209,0.205233108406911,0.200589585554518,0.206120753926341,0.937,0.00768316341099159,1000,"anchored",0.25,2,0.6,"none",-0.0247973409918145
49,"maic_means",1000,0,-0.0306933529149548,0.00741133920657132,0.234367124048705,0.233158543382285,0.236252201681145,0.949,0.00695693898205238,581.735489198349,"anchored",0.25,2,0.6,"none",-0.0247973409918145
49,"maic_index",1000,0,-0.00120448511874426,0.00718399061988222,0.227177730481127,0.225152905311909,0.227067307840055,0.946,0.00714730718522718,597.327137039095,"anchored",0.25,2,0.6,"none",-0.0247973409918145
49,"gcomp",1000,0,0.00286611422328036,0.00643659042804648,0.20354286118265,0.199753578741759,0.203461252460566,0.943,0.00733150734842434,NA,"anchored",0.25,2,0.6,"none",-0.0247973409918145
50,"unadjusted",1000,0,0.434436129607356,0.00496710742888732,0.157073728580268,0.151051095953188,0.461933149667912,0.185,0.0122790471943062,500,"unanchored",0.25,2,0.6,"none",0.429783321190081
50,"maic_meanvar",1000,0,0.0127894851736299,0.00608273254560967,0.192352892417606,0.187128259751379,0.192681619562438,0.934,0.00785136930732467,222.769825429887,"unanchored",0.25,2,0.6,"none",0.429783321190081
50,"maic_index",1000,0,0.012352550856095,0.00556906120250084,0.176109178287789,0.169459460268534,0.176453998954898,0.944,0.00727076337120113,295.271146081405,"unanchored",0.25,2,0.6,"none",0.429783321190081
50,"maic_means",1000,0,-0.039166400488451,0.005547691800955,0.175433418476593,0.177032243449951,0.179666675711682,0.949,0.00695693898205238,290.057863434656,"unanchored",0.25,2,0.6,"none",0.429783321190081
50,"gcomp",1000,0,0.0108942782462025,0.00540496584261263,0.170920027380671,0.163313279351272,0.171181562682887,0.941,0.00745110730026082,NA,"unanchored",0.25,2,0.6,"none",0.429783321190081
51,"maic_index",1000,0,0.00553692854148851,0.0068151300538312,0.215513335203725,0.211494194963236,0.215476702292049,0.942,0.00739161687318817,598.005230241961,"anchored",1,2,0.6,"none",-0.0631966257490455
51,"unadjusted",1000,0,-0.0585593580356176,0.00620713875438324,0.196286962165515,0.190916472137708,0.204741889602968,0.932,0.00796090447122687,1000,"anchored",1,2,0.6,"none",-0.0631966257490455
51,"maic_meanvar",1000,0,0.00164460718056331,0.00750996109706668,0.237485822059876,0.233027321843722,0.2373727467435,0.945,0.00720936890441875,447.818885534109,"anchored",1,2,0.6,"none",-0.0631966257490455
51,"maic_means",1000,0,-0.0736553672470607,0.00689465056828037,0.218027994667402,0.215456373287057,0.230029961910464,0.923,0.00843036179532053,579.702498155512,"anchored",1,2,0.6,"none",-0.0631966257490455
51,"gcomp",1000,0,0.00349674914191117,0.00603253669566396,0.190765560268441,0.186609993968919,0.190702214827488,0.944,0.00727076337120113,NA,"anchored",1,2,0.6,"none",-0.0631966257490455
52,"maic_meanvar",1000,0,0.00661461059653763,0.00499130774583475,0.157839009796786,0.169626529194249,0.157898679329373,0.969,0.00548078461536303,223.237288307336,"unanchored",1,2,0.6,"none",0.713826539434268
52,"maic_index",1000,0,0.00900205023276451,0.00470065570146266,0.148647785128785,0.153604803966647,0.148845909477093,0.964,0.00589101010014412,297.754429143014,"unanchored",1,2,0.6,"none",0.713826539434268
52,"maic_means",1000,0,-0.0543404067272055,0.00446609958847638,0.141230469567261,0.158661442886292,0.151257989183821,0.958,0.00634318531969546,291.084336676376,"unanchored",1,2,0.6,"none",0.713826539434268
52,"unadjusted",1000,0,0.722172899665175,0.00446144801829215,0.141083374002477,0.139965557116701,0.735811328339208,0.003,0.00172945077987204,500,"unanchored",1,2,0.6,"none",0.713826539434268
52,"gcomp",1000,0,0.00847389664828112,0.00467636473496616,0.147879637321827,0.144333565780023,0.148048389628886,0.945,0.00720936890441875,NA,"unanchored",1,2,0.6,"none",0.713826539434268
53,"maic_meanvar",1000,0,0.0126426387578004,0.00724327092689394,0.229052338386638,0.226693882364111,0.229286600265752,0.943,0.00733150734842434,448.570001019427,"anchored",4,2,0.6,"none",-0.0994248433246436
53,"maic_means",1000,0,-0.095037854964536,0.0066947325193229,0.211706030866576,0.203981343285957,0.231962966738302,0.92,0.00857904423581089,581.778976459166,"anchored",4,2,0.6,"none",-0.0994248433246436
53,"maic_index",1000,0,0.00850955979035558,0.0066531995077702,0.21039264172065,0.2070720601782,0.210459523981048,0.949,0.00695693898205238,599.650277095217,"anchored",4,2,0.6,"none",-0.0994248433246436
53,"unadjusted",1000,0,-0.0949319737032093,0.00596417799614362,0.188603868384728,0.187995200717433,0.211063799315991,0.928,0.00817410545564467,1000,"anchored",4,2,0.6,"none",-0.0994248433246436
53,"gcomp",1000,0,0.00475694615838905,0.00537881879310283,0.170093185075229,0.176820934303274,0.170074655531566,0.957,0.00641490451994416,NA,"anchored",4,2,0.6,"none",-0.0994248433246436
54,"maic_means",1000,0,0.0564636439144207,0.00374081071190643,0.118294821451803,0.145540337459677,0.131026005821845,0.98,0.00442718872423573,289.863249584871,"unanchored",4,2,0.6,"none",1.06038936333795
54,"gcomp",1000,0,0.00759918911265544,0.00403383884785462,0.1275611847329,0.129029461319716,0.127723653525024,0.953,0.00669260786241059,NA,"unanchored",4,2,0.6,"none",1.06038936333795
54,"maic_index",1000,0,0.00680730080364568,0.00401167981955422,0.126860454731246,0.145887498939654,0.126979607590649,0.98,0.00442718872423573,297.668128794974,"unanchored",4,2,0.6,"none",1.06038936333795
54,"unadjusted",1000,0,1.07078638035402,0.00431267485119782,0.136378753375129,0.133512727054421,1.07942764350347,0,0,500,"unanchored",4,2,0.6,"none",1.06038936333795
54,"maic_meanvar",1000,0,0.00451034881353898,0.0043741119984536,0.138321566557843,0.160066704026225,0.138325941766758,0.978,0.00463853425124791,222.938550628868,"unanchored",4,2,0.6,"none",1.06038936333795
55,"maic_index",1000,0,0.0241250569547078,0.00812260556028905,0.256859341056615,0.249766307707973,0.257861906337517,0.944,0.00727076337120113,586.005159659839,"anchored",0.25,0.5,0,"present",0.0624031945890091
55,"gcomp",1000,0,0.00288218292189043,0.00667237447499134,0.210999007425428,0.206724663292168,0.210913175339467,0.944,0.00727076337120113,NA,"anchored",0.25,0.5,0,"present",0.0624031945890091
55,"maic_meanvar",1000,0,0.002928886214238,0.0107686661388194,0.340535123606003,0.318176173840003,0.34037741495787,0.925,0.00832916562447884,280.388866806308,"anchored",0.25,0.5,0,"present",0.0624031945890091
55,"unadjusted",1000,0,0.0676205536164757,0.00680881410991899,0.215313607520361,0.211328291169835,0.225579540085636,0.926,0.00827792244467173,1000,"anchored",0.25,0.5,0,"present",0.0624031945890091
55,"maic_means",1000,0,0.0688777996499281,0.00685261570709565,0.216698735642675,0.211816759966419,0.227278540499803,0.926,0.00827792244467173,991.13730022982,"anchored",0.25,0.5,0,"present",0.0624031945890091
56,"unadjusted",1000,0,0.0869841910662839,0.00514109058271279,0.162575558986147,0.160533690943292,0.184311234228232,0.913,0.00891240708226459,500,"unanchored",0.25,0.5,0,"present",0.0839762925847689
56,"gcomp",1000,0,-0.00474423640466209,0.00504915469217356,0.159668290857948,0.157719705844983,0.159658939372201,0.944,0.00727076337120113,NA,"unanchored",0.25,0.5,0,"present",0.0839762925847689
56,"maic_meanvar",1000,0,0.0145326805137563,0.0074540402759064,0.235717450424942,0.240094201146418,0.236047352286178,0.938,0.00762600813007697,146.48903476241,"unanchored",0.25,0.5,0,"present",0.0839762925847689
56,"maic_means",1000,0,0.0884976272993156,0.00509306125602317,0.161056738317912,0.161033086826043,0.183698567556351,0.913,0.00891240708226459,494.187670984432,"unanchored",0.25,0.5,0,"present",0.0839762925847689
56,"maic_index",1000,0,-0.00824535818521789,0.00564043436826143,0.178366195963991,0.19255265435057,0.178467563703897,0.954,0.00662449998113065,295.323154506562,"unanchored",0.25,0.5,0,"present",0.0839762925847689
57,"unadjusted",1000,0,0.0788357072864625,0.00649956851087697,0.205534403026801,0.205166168402364,0.22003912193088,0.939,0.00756828910652864,1000,"anchored",1,0.5,0,"present",0.0907861817489491
57,"gcomp",1000,0,-0.0106232170955788,0.00610867583273488,0.19317329119068,0.191902637718163,0.193368708043648,0.957,0.00641490451994416,NA,"anchored",1,0.5,0,"present",0.0907861817489491
57,"maic_means",1000,0,0.0798940785962582,0.00655442600708477,0.207269149374308,0.205644289618911,0.222037392294208,0.934,0.00785136930732467,990.829428718904,"anchored",1,0.5,0,"present",0.0907861817489491
57,"maic_meanvar",1000,0,-0.00405071133127509,0.0100942037826762,0.319206751191442,0.308894700828416,0.319072821340958,0.942,0.00739161687318817,281.652048362876,"anchored",1,0.5,0,"present",0.0907861817489491
57,"maic_index",1000,0,-0.00265661433784531,0.00789755515093311,0.249742622237435,0.244560465300467,0.249631856108967,0.941,0.00745110730026082,586.468619144245,"anchored",1,0.5,0,"present",0.0907861817489491
58,"unadjusted",1000,0,0.148666740112062,0.00491244940573551,0.155345290124648,0.15392906596065,0.214964710174239,0.853,0.0111978122863352,500,"unanchored",1,0.5,0,"present",0.151342416434577
58,"maic_means",1000,0,0.149202172132562,0.0047817934244832,0.151213585217833,0.154418942849353,0.212376954906014,0.861,0.0109397897603199,493.871988374943,"unanchored",1,0.5,0,"present",0.151342416434577
58,"maic_index",1000,0,-0.0191762058929,0.00494552861144909,0.15639134645709,0.186273565104509,0.157484989335053,0.97,0.00539444158370447,297.007725570641,"unanchored",1,0.5,0,"present",0.151342416434577
58,"gcomp",1000,0,-0.00842004062103093,0.00463489342205922,0.146568199258393,0.144294078115777,0.14673667530946,0.94,0.00750999334220744,NA,"unanchored",1,0.5,0,"present",0.151342416434577
58,"maic_meanvar",1000,0,-0.00441209509342962,0.00628871116567932,0.198866508304792,0.233099489560553,0.198816012484729,0.97,0.00539444158370447,146.244826904095,"unanchored",1,0.5,0,"present",0.151342416434577
59,"unadjusted",1000,0,0.118340723593796,0.00592756288122103,0.187445996785286,0.194536674217988,0.221597365890982,0.923,0.00843036179532053,1000,"anchored",4,0.5,0,"present",0.108526542977259
59,"maic_means",1000,0,0.117670420441653,0.00594829213464303,0.188101513335369,0.194960150947707,0.221795232109828,0.924,0.00837997613361756,990.918528330553,"anchored",4,0.5,0,"present",0.108526542977259
59,"maic_meanvar",1000,0,0.00506192959938689,0.0097624389387785,0.308715425648571,0.29393910473969,0.308602546895865,0.933,0.00790638982089803,279.933586912011,"anchored",4,0.5,0,"present",0.108526542977259
59,"maic_index",1000,0,0.00862995641176813,0.00725718077018454,0.229492206253581,0.230898315503515,0.229539718144974,0.951,0.00682634602111555,587.543674072286,"anchored",4,0.5,0,"present",0.108526542977259
59,"gcomp",1000,0,0.00899643807172553,0.00514410513860371,0.162670887613639,0.166824880597995,0.162838238007264,0.951,0.00682634602111555,NA,"anchored",4,0.5,0,"present",0.108526542977259
60,"unadjusted",1000,0,0.222000310441834,0.00458976394766081,0.14514107997134,0.142986635668265,0.265196163242273,0.646,0.0151223014121528,500,"unanchored",4,0.5,0,"present",0.211625921920253
60,"maic_meanvar",1000,0,-0.0122482406106366,0.00521695871054564,0.164974719843793,0.216442917171885,0.165346487496428,0.99,0.00314642654451046,145.68690731975,"unanchored",4,0.5,0,"present",0.211625921920253
60,"maic_means",1000,0,0.221656956316591,0.00414469543052624,0.131066777681551,0.143416333388403,0.2574745191182,0.666,0.0149145566477854,493.955032814337,"unanchored",4,0.5,0,"present",0.211625921920253
60,"gcomp",1000,0,0.0063523624419601,0.00379345023132153,0.119959429214686,0.122139780912657,0.120067593052621,0.956,0.00648567652600714,NA,"unanchored",4,0.5,0,"present",0.211625921920253
60,"maic_index",1000,0,-0.0172301083083972,0.00397168883264169,0.125595828686031,0.171884678325451,0.126709962131896,0.986,0.00371537346709587,295.870918456467,"unanchored",4,0.5,0,"present",0.211625921920253
61,"unadjusted",1000,0,0.011183955907943,0.0062829451783787,0.198684171776496,0.209214670313332,0.198899486133445,0.954,0.00662449998113065,1000,"anchored",0.25,1,0,"present",0
61,"maic_means",1000,0,0.0112140831540849,0.00633210306879473,0.200238680763332,0.209533760963706,0.200452461709884,0.951,0.00682634602111555,993.993630500319,"anchored",0.25,1,0,"present",0
61,"maic_index",1000,0,0.0112516098316637,0.0063262897411671,0.200054847202451,0.209625300254157,0.200271112922236,0.951,0.00682634602111555,992.592310266021,"anchored",0.25,1,0,"present",0
61,"maic_meanvar",1000,0,0.0107127376845359,0.00634853490258253,0.20075830097236,0.209897557497624,0.200943659423722,0.952,0.00675988165576884,987.756405047313,"anchored",0.25,1,0,"present",0
61,"gcomp",1000,0,0.010368275443256,0.00628553295246514,0.198766004378327,0.20532561555907,0.198936969182945,0.948,0.00702111102319284,NA,"anchored",0.25,1,0,"present",0
62,"unadjusted",1000,0,-0.00569098971708882,0.00497652010898217,0.15737138366013,0.158052472947275,0.15739559716418,0.954,0.00662449998113065,500,"unanchored",0.25,1,0,"present",0
62,"maic_means",1000,0,-0.00416363685985143,0.0048947211401256,0.154784673141731,0.158429503417293,0.154763279289544,0.955,0.00655553201502365,495.303879738273,"unanchored",0.25,1,0,"present",0
62,"maic_meanvar",1000,0,-0.0033228017106982,0.00488230514459392,0.154392044888745,0.158863358655479,0.154350599715751,0.958,0.00634318531969546,490.519760784564,"unanchored",0.25,1,0,"present",0
62,"maic_index",1000,0,-0.00416381474363991,0.0048915547494005,0.154684543075197,0.158575059360109,0.15466324033763,0.959,0.00627048642451286,493.947167647405,"unanchored",0.25,1,0,"present",0
62,"gcomp",1000,0,-0.00357138403621798,0.00492145535386982,0.155630083210586,0.154471983097853,0.155593241695351,0.95,0.00689202437604511,NA,"unanchored",0.25,1,0,"present",0
63,"unadjusted",1000,0,0.00413525162861773,0.00662233402537863,0.209416589466278,0.20191847784349,0.209352699867415,0.938,0.00762600813007697,1000,"anchored",1,1,0,"present",0
63,"maic_means",1000,0,0.00437976213178736,0.00663324394073081,0.209761591282203,0.202199044285709,0.209702426233927,0.939,0.00756828910652864,994.225860561925,"anchored",1,1,0,"present",0
63,"maic_meanvar",1000,0,0.00369055565466574,0.00662876380786493,0.209619917041439,0.202561410597245,0.209547582452959,0.942,0.00739161687318817,988.028386275198,"anchored",1,1,0,"present",0
63,"maic_index",1000,0,0.00409410799937694,0.00664911915716317,0.210263609704947,0.202293921611947,0.210198326589197,0.938,0.00762600813007697,992.76778294581,"anchored",1,1,0,"present",0
63,"gcomp",1000,0,0.00508403633637383,0.0063318639817454,0.200231120166983,0.192240591008497,0.200195545423246,0.936,0.0077397674383666,NA,"anchored",1,1,0,"present",0
64,"maic_means",1000,0,-0.00341846189538027,0.00437162028457383,0.138242771646468,0.150769298823379,0.138215913448181,0.965,0.00581162627841812,495.449752660774,"unanchored",1,1,0,"present",0
64,"unadjusted",1000,0,-0.00486533639717996,0.00466350279068892,0.147472906931285,0.150436700418042,0.147479427442414,0.957,0.00641490451994416,500,"unanchored",1,1,0,"present",0
64,"maic_meanvar",1000,0,-0.00420440751256532,0.00437172325784478,0.138246027947211,0.151202970292375,0.138240838110413,0.965,0.00581162627841812,490.740448589516,"unanchored",1,1,0,"present",0
64,"maic_index",1000,0,-0.00338038382530564,0.0043449885377799,0.137400601867091,0.150916391185715,0.137373481658039,0.967,0.00564898220921256,494.118924029494,"unanchored",1,1,0,"present",0
64,"gcomp",1000,0,-0.00388339379466064,0.00437842859419131,0.138458069300536,0.14249907502952,0.13844329909693,0.949,0.00695693898205238,NA,"unanchored",1,1,0,"present",0
65,"maic_means",1000,0,-0.00345715731902865,0.00624121836374274,0.197364654038963,0.191340070420549,0.197296238671659,0.945,0.00720936890441875,994.12808562294,"anchored",4,1,0,"present",0
65,"unadjusted",1000,0,-0.00246411273106075,0.00624051105750647,0.197342287051865,0.191090245654116,0.197258982386489,0.945,0.00720936890441875,1000,"anchored",4,1,0,"present",0
65,"maic_meanvar",1000,0,-0.00385521850717504,0.00625569407427246,0.197822416199195,0.191664079678335,0.197761061264028,0.939,0.00756828910652864,988.117149025597,"anchored",4,1,0,"present",0
65,"maic_index",1000,0,-0.00341555894614512,0.0062383521953452,0.197274017836025,0.191420375441416,0.197204936849891,0.948,0.00702111102319284,992.6760390976,"anchored",4,1,0,"present",0
65,"gcomp",1000,0,-0.00248832452864018,0.00552989310602017,0.174870574322867,0.17051377805873,0.174800828960292,0.939,0.00756828910652864,NA,"anchored",4,1,0,"present",0
66,"maic_means",1000,0,-0.00913688462892499,0.00368319261871632,0.116472777362637,0.13946906388641,0.116772533668762,0.977,0.00474035863622153,495.49340726138,"unanchored",4,1,0,"present",0
66,"maic_meanvar",1000,0,-0.00880383661610378,0.00368646691758507,0.11657631978429,0.139872371714716,0.116850142641238,0.975,0.00493710441453288,490.585736249387,"unanchored",4,1,0,"present",0
66,"gcomp",1000,0,-0.00893747389069589,0.00366537764793078,0.11590941852132,0.123490687764001,0.116195683001545,0.96,0.00619677335393187,NA,"unanchored",4,1,0,"present",0
66,"maic_index",1000,0,-0.00964037255035683,0.00363288087028976,0.114881780181704,0.139577952080051,0.115228305451435,0.979,0.00453420334788814,494.193337678853,"unanchored",4,1,0,"present",0
66,"unadjusted",1000,0,-0.00961956712860234,0.00423402224476771,0.133891539572849,0.139190046577982,0.134169868064929,0.96,0.00619677335393187,500,"unanchored",4,1,0,"present",0
67,"maic_means",1000,0,-0.0919084611084201,0.00664202661448282,0.210039323812228,0.206401383903094,0.229171477835416,0.916,0.00877177291087725,995.345537007555,"anchored",0.25,2,0,"present",-0.0956279329604418
67,"maic_meanvar",1000,0,0.00805078268503092,0.00752260944592442,0.237885797970184,0.235253443441282,0.237903085992757,0.954,0.00662449998113065,645.116178147078,"anchored",0.25,2,0,"present",-0.0956279329604418
67,"gcomp",1000,0,0.00667829409430408,0.00673615080281182,0.213015791992571,0.207282376497117,0.213013970252174,0.944,0.00727076337120113,NA,"anchored",0.25,2,0,"present",-0.0956279329604418
67,"maic_index",1000,0,-0.0228068375822341,0.00692447191099277,0.218971028325959,0.215879478382652,0.220046619550004,0.948,0.00702111102319284,861.40896940401,"anchored",0.25,2,0,"present",-0.0956279329604418
67,"unadjusted",1000,0,-0.0914900508022794,0.00666447426548335,0.210749180865051,0.206170641563424,0.229654591536634,0.919,0.00862780389206894,1000,"anchored",0.25,2,0,"present",-0.0956279329604418
68,"maic_index",1000,0,-0.00186172893020315,0.00528779654210909,0.167214808766272,0.163382836579513,0.167141549331935,0.948,0.00702111102319284,429.438234917383,"unanchored",0.25,2,0,"present",-0.13349802234283
68,"gcomp",1000,0,-0.00158787373910772,0.00516701469022585,0.16339535124663,0.157072215532916,0.163321352281972,0.944,0.00727076337120113,NA,"unanchored",0.25,2,0,"present",-0.13349802234283
68,"maic_means",1000,0,-0.140413306455381,0.00489512930145203,0.154797580336174,0.155168582251855,0.20893593567596,0.844,0.0114744934528719,496.37512753012,"unanchored",0.25,2,0,"present",-0.13349802234283
68,"unadjusted",1000,0,-0.140066318774912,0.0051119578799291,0.161654302034215,0.154900377700186,0.21383300705915,0.831,0.0118506961820815,500,"unanchored",0.25,2,0,"present",-0.13349802234283
68,"maic_meanvar",1000,0,-0.00417675203214322,0.00575210626393529,0.181897571373572,0.177915832424735,0.181854571024954,0.947,0.00708456067798138,321.836802730986,"unanchored",0.25,2,0,"present",-0.13349802234283
69,"maic_index",1000,0,-0.0210237013043684,0.00674456298126482,0.213281808432524,0.207972099065772,0.214209329150191,0.937,0.00768316341099159,861.500479054659,"anchored",1,2,0,"present",-0.110841868649569
69,"unadjusted",1000,0,-0.11543747789054,0.00634098124176933,0.200519433243939,0.198458128445494,0.231286935141376,0.912,0.00895857131466843,1000,"anchored",1,2,0,"present",-0.110841868649569
69,"gcomp",1000,0,0.00031558684106115,0.00638136162586363,0.201796373109243,0.196718050837704,0.201695696580019,0.942,0.00739161687318817,NA,"anchored",1,2,0,"present",-0.110841868649569
69,"maic_meanvar",1000,0,-0.00530006382133241,0.00746344238260087,0.236014771144526,0.22625057271336,0.235956266928248,0.94,0.00750999334220744,643.898351899102,"anchored",1,2,0,"present",-0.110841868649569
69,"maic_means",1000,0,-0.114788909813355,0.00634553780773165,0.200663524511436,0.198662953093008,0.231088896391456,0.912,0.00895857131466843,995.373471755937,"anchored",1,2,0,"present",-0.110841868649569
70,"unadjusted",1000,0,-0.199800003355128,0.0046339954765333,0.146539803727626,0.146537587718468,0.247734699836667,0.732,0.0140062843038402,500,"unanchored",1,2,0,"present",-0.196019110103999
70,"maic_meanvar",1000,0,-0.00249579516915909,0.00502787796374184,0.158995461627937,0.168020217540616,0.15893554119513,0.967,0.00564898220921256,321.859640012483,"unanchored",1,2,0,"present",-0.196019110103999
70,"gcomp",1000,0,0.00022587006761665,0.00461863217229495,0.146053973389833,0.14634565418067,0.145981102876717,0.959,0.00627048642451286,NA,"unanchored",1,2,0,"present",-0.196019110103999
70,"maic_means",1000,0,-0.198258048212302,0.00424143910422757,0.134126081262634,0.14679181682787,0.239328371803569,0.734,0.0139729739139526,496.089855147038,"unanchored",1,2,0,"present",-0.196019110103999
70,"maic_index",1000,0,7.8596144002963e-05,0.0046644082583024,0.147501540331346,0.154475673298569,0.147427792064703,0.967,0.00564898220921256,429.454699619211,"unanchored",1,2,0,"present",-0.196019110103999
71,"unadjusted",1000,0,-0.102250544304169,0.00609642931223146,0.192786022208652,0.188449681701468,0.218138620420994,0.913,0.00891240708226459,1000,"anchored",4,2,0,"present",-0.102222849173936
71,"maic_meanvar",1000,0,0.00439217504388119,0.0067522907222122,0.213526181058138,0.213673250645329,0.21346458200107,0.946,0.00714730718522718,645.031124556302,"anchored",4,2,0,"present",-0.102222849173936
71,"gcomp",1000,0,0.00340237584880162,0.00559851312202337,0.17704052975934,0.177529609513247,0.176984694224407,0.953,0.00669260786241059,NA,"anchored",4,2,0,"present",-0.102222849173936
71,"maic_means",1000,0,-0.101991106300589,0.00607948231198961,0.192250111005936,0.188632087018969,0.217543859580156,0.918,0.00867617427210864,995.285993356872,"anchored",4,2,0,"present",-0.102222849173936
71,"maic_index",1000,0,-0.00177934933127524,0.00623996933821759,0.197325156383812,0.196759198299592,0.197234495483413,0.945,0.00720936890441875,861.214793257555,"anchored",4,2,0,"present",-0.102222849173936
72,"gcomp",1000,0,-0.00394620492224333,0.00391981066791426,0.123955297072349,0.128484687783236,0.123956134539241,0.966,0.00573096850453743,NA,"unanchored",4,2,0,"present",-0.209634412103066
72,"unadjusted",1000,0,-0.214320779886694,0.0041917699171754,0.132555403656496,0.136330379849852,0.251965792905979,0.654,0.0150427391122761,500,"unanchored",4,2,0,"present",-0.209634412103066
72,"maic_meanvar",1000,0,-0.00271766717332744,0.0041794823403116,0.132166836358356,0.15499689156001,0.132128688312601,0.977,0.00474035863622153,322.331008976873,"unanchored",4,2,0,"present",-0.209634412103066
72,"maic_means",1000,0,-0.213236024707422,0.00348461203099344,0.110193107799645,0.136541796007374,0.239999959830334,0.672,0.0148464137083674,496.199456054137,"unanchored",4,2,0,"present",-0.209634412103066
72,"maic_index",1000,0,-0.0032706177189786,0.0038418964167224,0.121491432112822,0.142682763595471,0.121474708680496,0.981,0.00431729081716764,430.089513143976,"unanchored",4,2,0,"present",-0.209634412103066
73,"unadjusted",1000,0,0.150401507289784,0.00670657637111126,0.212080566345783,0.206019633576293,0.259911142219731,0.869,0.0106695360723885,1000,"anchored",0.25,0.5,0.3,"present",0.159426855115422
73,"gcomp",1000,0,-0.00944146807175581,0.00685964551875724,0.216921037806402,0.211903530558356,0.21701802511707,0.944,0.00727076337120113,NA,"anchored",0.25,0.5,0.3,"present",0.159426855115422
73,"maic_meanvar",1000,0,-0.00341267271580542,0.0137563266240495,0.435013243692113,0.393496549501107,0.434809075342742,0.914,0.00886588969026797,154.44048506489,"anchored",0.25,0.5,0.3,"present",0.159426855115422
73,"maic_means",1000,0,0.0442192514636546,0.00794171319239613,0.251139022117788,0.241549753714901,0.254878558968491,0.924,0.00837997613361756,579.612799228634,"anchored",0.25,0.5,0.3,"present",0.159426855115422
73,"maic_index",1000,0,0.0102270642528035,0.0113363353787027,0.358486401162481,0.331201389237056,0.358453037596056,0.92,0.00857904423581089,255.199461631417,"anchored",0.25,0.5,0.3,"present",0.159426855115422
74,"unadjusted",1000,0,0.426429445817729,0.00480875578564468,0.152066209941496,0.155720260449267,0.452706395287476,0.206,0.0127892142057282,500,"unanchored",0.25,0.5,0.3,"present",0.427595646212957
74,"gcomp",1000,0,-0.00694653271721674,0.00568813222050155,0.17987453448976,0.176749668862851,0.179918725058125,0.942,0.00739161687318817,NA,"unanchored",0.25,0.5,0.3,"present",0.427595646212957
74,"maic_meanvar",1000,0,0.00993637102499261,0.00959738928624918,0.303496097358451,0.300443766604286,0.303507006014433,0.932,0.00796090447122687,82.2471207615597,"unanchored",0.25,0.5,0.3,"present",0.427595646212957
74,"maic_means",1000,0,0.0671059153094881,0.00570249127517433,0.180328607667889,0.183357777729705,0.192325485066904,0.939,0.00756828910652864,289.625796778878,"unanchored",0.25,0.5,0.3,"present",0.427595646212957
74,"maic_index",1000,0,-0.00727030404745325,0.00770805553352574,0.243750118170057,0.25209438991893,0.243736667961042,0.942,0.00739161687318817,142.17527551365,"unanchored",0.25,0.5,0.3,"present",0.427595646212957
75,"unadjusted",1000,0,0.163904237210765,0.00620882684852283,0.196340344389374,0.198177383432044,0.255686488261984,0.867,0.0107382959542006,1000,"anchored",1,0.5,0.3,"present",0.16095871196635
75,"maic_meanvar",1000,0,0.0113377424405864,0.012547806324668,0.39679647624617,0.378908199358921,0.396760054089957,0.929,0.00812151463706124,155.476873927868,"anchored",1,0.5,0.3,"present",0.16095871196635
75,"gcomp",1000,0,0.0026468199989116,0.0058901112306139,0.186261671604772,0.188711858479732,0.186187331885931,0.963,0.00596917079668525,NA,"anchored",1,0.5,0.3,"present",0.16095871196635
75,"maic_means",1000,0,0.0739784299193605,0.00717260059446343,0.226817546251821,0.229924489209439,0.23846920384348,0.947,0.00708456067798138,579.818258678323,"anchored",1,0.5,0.3,"present",0.16095871196635
75,"maic_index",1000,0,0.0074006182205322,0.0105312608025893,0.333027707694351,0.322235290852371,0.3329434122912,0.939,0.00756828910652864,248.164121076181,"anchored",1,0.5,0.3,"present",0.16095871196635
76,"gcomp",1000,0,0.00138355120736366,0.00463082571972797,0.146439567216289,0.152944966346806,0.146372868092386,0.958,0.00634318531969546,NA,"unanchored",1,0.5,0.3,"present",0.65403207776539
76,"unadjusted",1000,0,0.65947377976337,0.00451930805515141,0.142913069022243,0.147916732416008,0.674766172349686,0.006,0.00244213021765835,500,"unanchored",1,0.5,0.3,"present",0.65403207776539
76,"maic_meanvar",1000,0,-0.00148750452578493,0.00785041930019854,0.248252055759725,0.280521469567547,0.248132357372945,0.97,0.00539444158370447,83.5938289383273,"unanchored",1,0.5,0.3,"present",0.65403207776539
76,"maic_means",1000,0,0.098669363037817,0.00485340357402062,0.153478096979068,0.171941946024607,0.182394117033287,0.932,0.00796090447122687,290.357241226988,"unanchored",1,0.5,0.3,"present",0.65403207776539
76,"maic_index",1000,0,-0.0162617995320118,0.00644676302851084,0.203864547054593,0.240778766524632,0.204410466748276,0.967,0.00564898220921256,135.191235143576,"unanchored",1,0.5,0.3,"present",0.65403207776539
77,"unadjusted",1000,0,0.134894272752456,0.0057242779197923,0.181017561863543,0.18960302250795,0.225679097762138,0.901,0.00944452222190196,1000,"anchored",4,0.5,0.3,"present",0.140510260074093
77,"gcomp",1000,0,-0.0041305228974033,0.00492624814055501,0.155781644433231,0.161036556907167,0.155758511937503,0.962,0.00604615580348373,NA,"anchored",4,0.5,0.3,"present",0.140510260074093
77,"maic_meanvar",1000,0,-0.00754722940300386,0.0109382029604588,0.345896348642464,0.347948455390933,0.345805726372261,0.944,0.00727076337120113,153.907435657027,"anchored",4,0.5,0.3,"present",0.140510260074093
77,"maic_means",1000,0,0.0784187153375195,0.00650829090497872,0.205810229346912,0.213344053427951,0.220147649473057,0.945,0.00720936890441875,579.882231782823,"anchored",4,0.5,0.3,"present",0.140510260074093
77,"maic_index",1000,0,-0.0170290539084517,0.00919314052909033,0.290712629219309,0.286831446539668,0.291065813231016,0.947,0.00708456067798138,248.72806944433,"anchored",4,0.5,0.3,"present",0.140510260074093
78,"unadjusted",1000,0,0.875861298635882,0.0042719289802224,0.135090255799832,0.138149787260715,0.886207730886493,0,0,500,"unanchored",4,0.5,0.3,"present",0.875144185786406
78,"gcomp",1000,0,-0.000213124548934715,0.00363401266293341,0.114917570607633,0.121012205178908,0.114860295178096,0.96,0.00619677335393187,NA,"unanchored",4,0.5,0.3,"present",0.875144185786406
78,"maic_meanvar",1000,0,-0.0443415799941752,0.00585766379244903,0.185235593516388,0.252521873572578,0.190378802907894,0.99,0.00314642654451046,83.319304703783,"unanchored",4,0.5,0.3,"present",0.875144185786406
78,"maic_means",1000,0,0.0594657026942969,0.00408468020102377,0.129168929486296,0.155865777372817,0.142141118362061,0.971,0.00530650544143696,289.94497890973,"unanchored",4,0.5,0.3,"present",0.875144185786406
78,"maic_index",1000,0,-0.0589413773231133,0.00466367288363991,0.147478285742675,0.212891735640303,0.158751947646567,0.993,0.00263647491928143,132.106339718658,"unanchored",4,0.5,0.3,"present",0.875144185786406
79,"maic_meanvar",1000,0,0.00257942036464741,0.00675007581251732,0.213456139463664,0.219989486242118,0.213364976883916,0.959,0.00627048642451286,752.073315278341,"anchored",0.25,1,0.3,"present",0.0970236605264131
79,"maic_means",1000,0,0.00337451442607841,0.00673322711814335,0.212923336965446,0.219308973907953,0.21284360085445,0.956,0.00648567652600714,759.261121837572,"anchored",0.25,1,0.3,"present",0.0970236605264131
79,"gcomp",1000,0,0.00473811070878512,0.00628347636529745,0.198700969381761,0.202112769642364,0.198658105425143,0.949,0.00695693898205238,NA,"anchored",0.25,1,0.3,"present",0.0970236605264131
79,"maic_index",1000,0,0.00382846065844451,0.0067558305573645,0.213638120474366,0.219580823132493,0.213565592697685,0.955,0.00655553201502365,756.343160828186,"anchored",0.25,1,0.3,"present",0.0970236605264131
79,"unadjusted",1000,0,0.102864729284284,0.00636170549986972,0.201174791828083,0.203878077503582,0.225858314216977,0.932,0.00796090447122687,1000,"anchored",0.25,1,0.3,"present",0.0970236605264131
80,"gcomp",1000,0,-0.00351579197721443,0.00484143072400425,0.153099482217715,0.157295237259534,0.153063296701411,0.958,0.00634318531969546,NA,"unanchored",0.25,1,0.3,"present",0.343619353628188
80,"maic_means",1000,0,-0.00274548328259472,0.00492733270562254,0.155815941392072,0.16560214025331,0.155762211921764,0.961,0.00612200947402077,377.114049849258,"unanchored",0.25,1,0.3,"present",0.343619353628188
80,"unadjusted",1000,0,0.34418576274369,0.00472969991711307,0.149566243871869,0.153532073344467,0.37524862494097,0.386,0.015394934231753,500,"unanchored",0.25,1,0.3,"present",0.343619353628188
80,"maic_index",1000,0,-0.00462618926693953,0.0049181772495025,0.155526420448501,0.16624213607999,0.155517460811318,0.96,0.00619677335393187,373.873245333072,"unanchored",0.25,1,0.3,"present",0.343619353628188
80,"maic_meanvar",1000,0,-0.00436445297866373,0.00492768995765906,0.155827238693413,0.166598161914848,0.155810444580259,0.958,0.00634318531969546,370.824988569075,"unanchored",0.25,1,0.3,"present",0.343619353628188
81,"maic_means",1000,0,0.00236928359661328,0.00675642860411266,0.213657032373081,0.207828983481051,0.21356332002418,0.941,0.00745110730026082,759.289040973535,"anchored",1,1,0.3,"present",0.070172530217401
81,"maic_index",1000,0,0.00146207245473226,0.00673545942566996,0.212993928727667,0.208239715790344,0.212892425692025,0.947,0.00708456067798138,755.573587627132,"anchored",1,1,0.3,"present",0.070172530217401
81,"gcomp",1000,0,0.000241217884923475,0.00614734068158811,0.194395981068303,0.184719361646429,0.194298908499561,0.937,0.00768316341099159,NA,"anchored",1,1,0.3,"present",0.070172530217401
81,"unadjusted",1000,0,0.0740442045420268,0.00634720435603877,0.200716225396248,0.194985431201509,0.21384400940976,0.928,0.00817410545564467,1000,"anchored",1,1,0.3,"present",0.070172530217401
81,"maic_meanvar",1000,0,0.00191916166046976,0.00679104504134367,0.214751700234383,0.208522160112797,0.214652877088298,0.948,0.00702111102319284,751.684603996541,"anchored",1,1,0.3,"present",0.070172530217401
82,"maic_index",1000,0,-0.00471820402820572,0.00453919362554855,0.143541905972509,0.154314985767835,0.143547678283914,0.97,0.00539444158370447,375.636011409775,"unanchored",1,1,0.3,"present",0.502689661330812
82,"gcomp",1000,0,-0.00253836734886607,0.00452395408678394,0.143059989442643,0.139326574388685,0.143010970654519,0.945,0.00720936890441875,NA,"unanchored",1,1,0.3,"present",0.502689661330812
82,"unadjusted",1000,0,0.499308510038492,0.00470510663388749,0.148788535970525,0.144037463328415,0.520984528181667,0.062,0.00762600813007697,500,"unanchored",1,1,0.3,"present",0.502689661330812
82,"maic_means",1000,0,-0.00161972172125292,0.00453823841844881,0.143511699671785,0.153733798209769,0.143449070520503,0.971,0.00530650544143696,378.882649849782,"unanchored",1,1,0.3,"present",0.502689661330812
82,"maic_meanvar",1000,0,-0.00255280554657105,0.00455168573843872,0.143936941267718,0.154567961630331,0.143887602087892,0.971,0.00530650544143696,373.01786749647,"unanchored",1,1,0.3,"present",0.502689661330812
83,"unadjusted",1000,0,0.0259526410368867,0.00595626478378814,0.188353630638209,0.185999814359832,0.190039871240773,0.947,0.00708456067798138,1000,"anchored",4,1,0.3,"present",0.0319837170968335
83,"maic_meanvar",1000,0,-0.00502809216136802,0.00625481964060221,0.197794764178588,0.195624140519289,0.197759772649824,0.947,0.00708456067798138,752.576458179286,"anchored",4,1,0.3,"present",0.0319837170968335
83,"maic_index",1000,0,-0.00519059065897253,0.00623739227887515,0.197243662611936,0.195375454030985,0.197213335273048,0.946,0.00714730718522718,756.052327743382,"anchored",4,1,0.3,"present",0.0319837170968335
83,"maic_means",1000,0,-0.00418016066628953,0.00623897531537276,0.197293722621453,0.19507528161007,0.197239351844506,0.943,0.00733150734842434,759.899229982125,"anchored",4,1,0.3,"present",0.0319837170968335
83,"gcomp",1000,0,-0.00714486872173646,0.00524102288066179,0.165735695719481,0.163707964376772,0.165806820317608,0.952,0.00675988165576884,NA,"anchored",4,1,0.3,"present",0.0319837170968335
84,"unadjusted",1000,0,0.658754879575992,0.0043126712699757,0.136378640126941,0.134145188435684,0.672709837682318,0.003,0.00172945077987204,500,"unanchored",4,1,0.3,"present",0.663518263866152
84,"gcomp",1000,0,-0.00127338948380776,0.0036038059399747,0.113962350155641,0.118529616014068,0.113912472348384,0.955,0.00655553201502365,NA,"unanchored",4,1,0.3,"present",0.663518263866152
84,"maic_index",1000,0,-0.00636079952102517,0.00361611728361981,0.114351669025397,0.141190581832062,0.114471339973077,0.976,0.00483983470792134,376.459229878805,"unanchored",4,1,0.3,"present",0.663518263866152
84,"maic_meanvar",1000,0,-0.0056730327173345,0.00360930895645777,0.114136370816521,0.141451982686234,0.114220257976574,0.977,0.00474035863622153,373.916284796683,"unanchored",4,1,0.3,"present",0.663518263866152
84,"maic_means",1000,0,-0.00268084136491043,0.00358911590196897,0.113497810365516,0.140823036369978,0.113472719696113,0.978,0.00463853425124791,379.480636799005,"unanchored",4,1,0.3,"present",0.663518263866152
85,"unadjusted",1000,0,-0.00313979129883308,0.00601045235627293,0.190067192137483,0.200918319033816,0.189998079671611,0.961,0.00612200947402077,1000,"anchored",0.25,2,0.3,"present",0.00139572756597128
85,"gcomp",1000,0,-0.00277897824387319,0.0060241979774954,0.190501866846652,0.200407621816845,0.19042687055893,0.966,0.00573096850453743,NA,"anchored",0.25,2,0.3,"present",0.00139572756597128
85,"maic_index",1000,0,-0.0256946337728638,0.0062984920376425,0.199175806633853,0.210823130912812,0.2007275395929,0.966,0.00573096850453743,786.49634252754,"anchored",0.25,2,0.3,"present",0.00139572756597128
85,"maic_meanvar",1000,0,-0.00170990070264475,0.00685462801580238,0.216762370431362,0.230407911770222,0.216660709567288,0.966,0.00573096850453743,589.444729330377,"anchored",0.25,2,0.3,"present",0.00139572756597128
85,"maic_means",1000,0,-0.0801333970760042,0.00629133514342521,0.198949485766858,0.20761114078232,0.214389081615531,0.942,0.00739161687318817,870.333756028048,"anchored",0.25,2,0.3,"present",0.00139572756597128
86,"unadjusted",1000,0,0.216657281467611,0.00475634514807456,0.150408840058064,0.149993874266445,0.263705468205307,0.696,0.0145459272650457,500,"unanchored",0.25,2,0.3,"present",0.210121331285358
86,"gcomp",1000,0,0.0089981272349457,0.00469436114549142,0.1484487337915,0.150329582853555,0.148647084840139,0.957,0.00641490451994416,NA,"unanchored",0.25,2,0.3,"present",0.210121331285358
86,"maic_index",1000,0,0.00937093601623713,0.00484448390597335,0.153196032309048,0.157614575878385,0.153405898624336,0.955,0.00655553201502365,388.854068219209,"unanchored",0.25,2,0.3,"present",0.210121331285358
86,"maic_meanvar",1000,0,0.00425393133218527,0.00518376043195243,0.16392489809628,0.172014008304495,0.163898129261559,0.961,0.00612200947402077,292.929344404652,"unanchored",0.25,2,0.3,"present",0.210121331285358
86,"maic_means",1000,0,-0.0983972453702315,0.00455483679455895,0.144036586411467,0.155129883621455,0.174378351819521,0.919,0.00862780389206894,433.374487016277,"unanchored",0.25,2,0.3,"present",0.210121331285358
87,"unadjusted",1000,0,-0.0447926195037649,0.00621240935581086,0.196453633217017,0.191261043037823,0.201399639364551,0.932,0.00796090447122687,1000,"anchored",1,2,0.3,"present",-0.0406693384321676
87,"gcomp",1000,0,-0.00699924304867509,0.00609216149302345,0.192651061915261,0.187000924892807,0.192681879346956,0.936,0.0077397674383666,NA,"anchored",1,2,0.3,"present",-0.0406693384321676
87,"maic_index",1000,0,-0.0185648091594891,0.00647068859669944,0.204621139952489,0.20006898223381,0.205359668006327,0.946,0.00714730718522718,787.924864896188,"anchored",1,2,0.3,"present",-0.0406693384321676
87,"maic_meanvar",1000,0,-0.0135601143469583,0.00697858487883827,0.220682230619391,0.218425145470879,0.220988286941506,0.948,0.00702111102319284,590.578114256405,"anchored",1,2,0.3,"present",-0.0406693384321676
87,"maic_means",1000,0,-0.0899108655437583,0.00635147062053973,0.200851136525486,0.196400980222117,0.219965455486455,0.918,0.00867617427210864,871.307190825746,"anchored",1,2,0.3,"present",-0.0406693384321676
88,"unadjusted",1000,0,0.309935379999268,0.00439430070490053,0.138959989511691,0.139970554849659,0.339632902678311,0.408,0.0155414285057713,500,"unanchored",1,2,0.3,"present",0.306670551226814
88,"gcomp",1000,0,0.0013225527390952,0.00436624798125556,0.138072884498797,0.136665850642156,0.138010167951974,0.943,0.00733150734842434,NA,"unanchored",1,2,0.3,"present",0.306670551226814
88,"maic_index",1000,0,0.0025708273406695,0.00435105045266551,0.137592296447297,0.146291402815353,0.137547510173084,0.959,0.00627048642451286,391.016109375652,"unanchored",1,2,0.3,"present",0.306670551226814
88,"maic_meanvar",1000,0,0.0022606762568664,0.00488706853799283,0.154542676614065,0.159787808240346,0.154481928112264,0.96,0.00619677335393187,293.52046966387,"unanchored",1,2,0.3,"present",0.306670551226814
88,"maic_means",1000,0,-0.117700230296601,0.00410384287580125,0.129774906469875,0.143857696430766,0.175151445996852,0.89,0.00989444288477123,433.269363525336,"unanchored",1,2,0.3,"present",0.306670551226814
89,"unadjusted",1000,0,-0.0747813443032759,0.00581646612690059,0.183932808942238,0.183364740237084,0.1984683762794,0.93,0.00806845710157772,1000,"anchored",4,2,0.3,"present",-0.0702391320771024
89,"gcomp",1000,0,-0.000795970209164883,0.00550807145362665,0.174180513084147,0.170234987827741,0.174095220657238,0.937,0.00768316341099159,NA,"anchored",4,2,0.3,"present",-0.0702391320771024
89,"maic_index",1000,0,-0.00773275419844133,0.0060936176217663,0.192697108749199,0.192020200028731,0.192755905310509,0.952,0.00675988165576884,787.525964738263,"anchored",4,2,0.3,"present",-0.0702391320771024
89,"maic_meanvar",1000,0,-0.00357879155210866,0.006689707890618,0.211547138155534,0.209366648581271,0.211471622727751,0.949,0.00695693898205238,590.253406813002,"anchored",4,2,0.3,"present",-0.0702391320771024
89,"maic_means",1000,0,-0.0904740008078569,0.00593888723191028,0.187804104197291,0.187087128894641,0.20837623663454,0.915,0.00881901355027874,869.151916774054,"anchored",4,2,0.3,"present",-0.0702391320771024
90,"unadjusted",1000,0,0.453508308048299,0.00416504900061005,0.131710414081358,0.131274667609616,0.472228833314036,0.063,0.0076831634109916,500,"unanchored",4,2,0.3,"present",0.453883851763086
90,"gcomp",1000,0,-0.00366981905654751,0.00369043394940131,0.116701768345187,0.121279647646396,0.116701118263994,0.954,0.00662449998113065,NA,"unanchored",4,2,0.3,"present",0.453883851763086
90,"maic_index",1000,0,-0.00314436458084316,0.00367317656308135,0.116156041872862,0.137193321652383,0.116140522067553,0.982,0.00420428352992517,391.917346328019,"unanchored",4,2,0.3,"present",0.453883851763086
90,"maic_meanvar",1000,0,-0.0038799744255276,0.00392568702009495,0.124141123644592,0.149757388420063,0.124139686493502,0.985,0.00384382621875652,293.793044284185,"unanchored",4,2,0.3,"present",0.453883851763086
90,"maic_means",1000,0,-0.0651949741127748,0.00338051997165538,0.106901427861189,0.134052396391229,0.125167375993298,0.968,0.00556560868189635,432.9317708524,"unanchored",4,2,0.3,"present",0.453883851763086
91,"unadjusted",1000,0,0.264272810780311,0.00610370700159848,0.193016162953682,0.202412156936374,0.327197344793516,0.757,0.0135628536820243,1000,"anchored",0.25,0.5,0.6,"present",0.252630135024791
91,"gcomp",1000,0,0.00519932007037144,0.00691281004787681,0.218602247833884,0.229061128961341,0.21855477287047,0.954,0.00662449998113065,NA,"anchored",0.25,0.5,0.6,"present",0.252630135024791
91,"maic_index",1000,0,0.0398398155806352,0.0210936960738141,0.667041238646038,0.550714690839245,0.667896908920745,0.879,0.0103130499853341,54.3324179557128,"anchored",0.25,0.5,0.6,"present",0.252630135024791
91,"maic_meanvar",1000,0,0.029206206939049,0.0226452074328448,0.716104335747639,0.610658457460929,0.716341829562296,0.891,0.00985489725973843,44.4738199189873,"anchored",0.25,0.5,0.6,"present",0.252630135024791
91,"maic_means",1000,0,0.0593246465465291,0.0135175397903011,0.427462140993064,0.389987128360144,0.431347391076221,0.91,0.00904986187739901,140.376424524371,"anchored",0.25,0.5,0.6,"present",0.252630135024791
92,"maic_index",1000,0,0.00879417811204977,0.0143107661050216,0.452546159538045,0.410588381990236,0.452405311700457,0.9,0.00948683298050514,33.0095070016397,"unanchored",0.25,0.5,0.6,"present",0.766653984584835
92,"unadjusted",1000,0,0.774522810506423,0.00476414211390364,0.150655401766648,0.152483175939352,0.789024674535693,0.001,0.000999499874937461,500,"unanchored",0.25,0.5,0.6,"present",0.766653984584835
92,"maic_means",1000,0,0.059289795613339,0.00942622928338716,0.298083542824802,0.292050187037042,0.303776603062767,0.934,0.00785136930732467,72.3643738307524,"unanchored",0.25,0.5,0.6,"present",0.766653984584835
92,"gcomp",1000,0,-0.00740649004209284,0.00685120460980221,0.216654112828201,0.216239539967045,0.216672383324487,0.948,0.00702111102319284,NA,"unanchored",0.25,0.5,0.6,"present",0.766653984584835
92,"maic_meanvar",1000,0,0.0363148269846663,0.01677526412875,0.530480429977702,0.463943316429939,0.531457283101535,0.897,0.00961202372032029,24.4422889422304,"unanchored",0.25,0.5,0.6,"present",0.766653984584835
93,"gcomp",1000,0,0.00816270748556851,0.0061654594746308,0.194968947612984,0.196900776342425,0.19504232216695,0.959,0.00627048642451286,NA,"anchored",1,0.5,0.6,"present",0.221911707087412
93,"maic_meanvar",1000,0,0.0264231543021303,0.0203527767224737,0.643611311518737,0.580503583132395,0.64383186304953,0.921,0.00852988862764339,44.1897116144235,"anchored",1,0.5,0.6,"present",0.221911707087412
93,"maic_index",1000,0,-0.00954675564078152,0.0188738840721386,0.596844619619316,0.532079601471536,0.596622507966153,0.914,0.00886588969026797,50.4746481681206,"anchored",1,0.5,0.6,"present",0.221911707087412
93,"unadjusted",1000,0,0.227944401773138,0.00620514112371774,0.196223791537247,0.19572687097031,0.30070570810778,0.778,0.0131421459434904,1000,"anchored",1,0.5,0.6,"present",0.221911707087412
93,"maic_means",1000,0,0.057591218876072,0.0117681024725255,0.372140075514397,0.364551235183657,0.376386099716354,0.931,0.00801492358042171,139.626942417248,"anchored",1,0.5,0.6,"present",0.221911707087412
94,"gcomp",1000,0,0.0139795115474728,0.00561654693250445,0.177610808919461,0.177981667289479,0.178071560302835,0.95,0.00689202437604511,NA,"unanchored",1,0.5,0.6,"present",1.14466834841078
94,"maic_meanvar",998,2,-0.0167063753466416,0.0134830601754496,0.425945214636115,0.43321655503985,0.42605942770573,0.943887775551102,0.00728490097948187,24.523177746463,"unanchored",1,0.5,0.6,"present",1.14466834841078
94,"maic_index",1000,0,-0.0589729039848482,0.0124105068569745,0.39245468585177,0.393905178101268,0.396666690271531,0.943,0.00733150734842434,30.0978307064983,"unanchored",1,0.5,0.6,"present",1.14466834841078
94,"unadjusted",1000,0,1.15005731847839,0.00460093974177167,0.145494489611854,0.144887017725136,1.15921495575524,0,0,500,"unanchored",1,0.5,0.6,"present",1.14466834841078
94,"maic_means",1000,0,0.0439001095043599,0.00789398019328467,0.249629572150358,0.268720426137541,0.253337379759035,0.96,0.00619677335393187,72.6398038796331,"unanchored",1,0.5,0.6,"present",1.14466834841078
95,"gcomp",1000,0,-0.00061005576889585,0.00532502791584234,0.168392168180412,0.169190177181022,0.168309056649477,0.953,0.00669260786241059,NA,"anchored",4,0.5,0.6,"present",0.157405512013366
95,"maic_index",1000,0,-0.00674023801948728,0.0158257731677725,0.500454889433391,0.453124052704872,0.500250009565207,0.917,0.00872416185085994,50.0575199506837,"anchored",4,0.5,0.6,"present",0.157405512013366
95,"maic_means",1000,0,0.0876579289213428,0.0102190236511431,0.32315390200742,0.321073630060171,0.33467585577842,0.944,0.00727076337120113,139.4762865601,"anchored",4,0.5,0.6,"present",0.157405512013366
95,"unadjusted",1000,0,0.160871691649473,0.00582169793128596,0.18409825312354,0.193521142570784,0.244413534425774,0.88,0.0102761860629321,1000,"anchored",4,0.5,0.6,"present",0.157405512013366
95,"maic_meanvar",1000,0,0.0273790101545449,0.0179737212489144,0.568378971755356,0.518223551501423,0.568754086644822,0.922,0.00848033018225116,44.2705498960967,"anchored",4,0.5,0.6,"present",0.157405512013366
96,"unadjusted",1000,0,1.53341031788398,0.00452280025467212,0.143023502067535,0.139372833489575,1.54005924217693,0,0,500,"unanchored",4,0.5,0.6,"present",1.52773066054808
96,"maic_index",1000,0,-0.167053324727184,0.0084052787292752,0.265798251530754,0.338319283731633,0.313822999648999,0.966,0.00573096850453743,29.0034950172682,"unanchored",4,0.5,0.6,"present",1.52773066054808
96,"maic_meanvar",998,2,-0.144897914320162,0.00989701662250467,0.312658017888685,0.386262688848793,0.344459708509411,0.961923847695391,0.00605803255580389,24.4395140635824,"unanchored",4,0.5,0.6,"present",1.52773066054808
96,"maic_means",1000,0,-0.112980837763676,0.00604651580143366,0.191207618407288,0.232311252604663,0.222010050865793,0.948,0.00702111102319284,72.5368893011077,"unanchored",4,0.5,0.6,"present",1.52773066054808
96,"gcomp",1000,0,0.00361046011769854,0.0041397936515703,0.130911769820676,0.133361922425063,0.130896100050252,0.947,0.00708456067798138,NA,"unanchored",4,0.5,0.6,"present",1.52773066054808
97,"unadjusted",1000,0,0.212524134221807,0.00605523640815456,0.191483388205454,0.200334369316923,0.285999527442635,0.831,0.0118506961820815,1000,"anchored",0.25,1,0.6,"present",0.190226940435782
97,"maic_index",1000,0,0.0194195235724781,0.00878637595574407,0.277849603986901,0.279195964265886,0.278388792750398,0.947,0.00708456067798138,335.959114383494,"anchored",0.25,1,0.6,"present",0.190226940435782
97,"gcomp",1000,0,0.0235528383078015,0.00627592433390299,0.198462153180085,0.207340508624783,0.199756289540491,0.962,0.00604615580348373,NA,"anchored",0.25,1,0.6,"present",0.190226940435782
97,"maic_means",1000,0,0.0218767297655443,0.00860346130063404,0.272065334711182,0.274743437715469,0.272807840998734,0.955,0.00655553201502365,347.762719996041,"anchored",0.25,1,0.6,"present",0.190226940435782
97,"maic_meanvar",1000,0,0.021757397276625,0.00866470614731618,0.274002066815816,0.276300508954162,0.274727937827539,0.953,0.00669260786241059,342.131103458367,"anchored",0.25,1,0.6,"present",0.190226940435782
98,"maic_index",1000,0,-0.00926269258502044,0.00641418021618937,0.202834188059496,0.209822146791241,0.202944237690637,0.959,0.00627048642451286,169.09830117569,"unanchored",0.25,1,0.6,"present",0.682677692000066
98,"gcomp",1000,0,-0.00293487502491389,0.00583092667169847,0.18439009151992,0.176167537778113,0.184321240328633,0.94,0.00750999334220744,NA,"unanchored",0.25,1,0.6,"present",0.682677692000066
98,"unadjusted",1000,0,0.68447841670121,0.00479605073249822,0.151664440884133,0.150325954917484,0.701063337692011,0.003,0.00172945077987204,500,"unanchored",0.25,1,0.6,"present",0.682677692000066
98,"maic_meanvar",1000,0,-0.00436846600030572,0.00644256286706757,0.203731726287581,0.208275213723832,0.203676687853612,0.956,0.00648567652600714,169.580821136299,"unanchored",0.25,1,0.6,"present",0.682677692000066
98,"maic_means",1000,0,-0.00335634904887434,0.00629785192753786,0.199155564575013,0.206096859633109,0.199084256136011,0.962,0.00604615580348373,175.096732191982,"unanchored",0.25,1,0.6,"present",0.682677692000066
99,"gcomp",1000,0,-0.00931789306824855,0.00593430766337855,0.18765928552468,0.18626061599081,0.187796737371609,0.946,0.00714730718522718,NA,"anchored",1,1,0.6,"present",0.131125525338463
99,"maic_index",1000,0,-0.0174862793878544,0.00783602108282926,0.247796744148394,0.256787410481216,0.248289333542471,0.956,0.00648567652600714,338.416360406226,"anchored",1,1,0.6,"present",0.131125525338463
99,"unadjusted",1000,0,0.121190703953127,0.00599167458738852,0.189473386946973,0.192469869816445,0.224836498196913,0.906,0.00922843432007835,1000,"anchored",1,1,0.6,"present",0.131125525338463
99,"maic_meanvar",1000,0,-0.0158855096154803,0.00779493425440331,0.246497464551808,0.255175388201118,0.246885780161967,0.96,0.00619677335393187,342.101860018548,"anchored",1,1,0.6,"present",0.131125525338463
99,"maic_means",1000,0,-0.0165308798009081,0.00771725935212908,0.244041168469633,0.25413955664923,0.24447864079119,0.956,0.00648567652600714,346.109941256835,"anchored",1,1,0.6,"present",0.131125525338463
100,"maic_index",1000,0,-0.0120674325235418,0.00504580491436732,0.159562361582716,0.189750484067537,0.159938456958699,0.974,0.00503229569878401,167.985608424879,"unanchored",1,1,0.6,"present",0.993325931976206
100,"maic_meanvar",1000,0,-0.00757785376475679,0.00497373430675389,0.157283288858609,0.188424788557375,0.157387162084163,0.977,0.00474035863622153,169.370947449443,"unanchored",1,1,0.6,"present",0.993325931976206
100,"gcomp",1000,0,0.00290282138648432,0.00449577365875938,0.142168846062682,0.150111024608109,0.14212739068176,0.957,0.00641490451994416,NA,"unanchored",1,1,0.6,"present",0.993325931976206
100,"unadjusted",1000,0,0.998305789550082,0.00441685390392408,0.139673184286066,0.141193746423071,1.00801961253708,0,0,500,"unanchored",1,1,0.6,"present",0.993325931976206
100,"maic_means",1000,0,-0.00245433357028118,0.00489296084657655,0.154729007772076,0.186569192042004,0.154671097925757,0.979,0.00453420334788814,174.142014617929,"unanchored",1,1,0.6,"present",0.993325931976206
101,"unadjusted",1000,0,0.0547534448852439,0.00610687021046747,0.19311619240109,0.190106649890104,0.200635265171726,0.94,0.00750999334220744,1000,"anchored",4,1,0.6,"present",0.0488789690361065
101,"maic_index",1000,0,-0.0046443746047304,0.00748550591011107,0.236712481146026,0.234896124243523,0.236639675766864,0.945,0.00720936890441875,336.760593487641,"anchored",4,1,0.6,"present",0.0488789690361065
101,"gcomp",1000,0,0.00457637529164551,0.00545336517195634,0.172450548560178,0.170294698791226,0.172425043766321,0.941,0.00745110730026082,NA,"anchored",4,1,0.6,"present",0.0488789690361065
101,"maic_means",1000,0,0.00197065233072347,0.00737772108450561,0.233304025684853,0.23282987253289,0.233195671278363,0.945,0.00720936890441875,347.574017365057,"anchored",4,1,0.6,"present",0.0488789690361065
101,"maic_meanvar",1000,0,-0.000528371923804028,0.0074611795368219,0.235943213677973,0.233964357711542,0.235825804477583,0.941,0.00745110730026082,342.029855914426,"anchored",4,1,0.6,"present",0.0488789690361065
102,"maic_index",1000,0,-0.0221898791278636,0.00426636888720429,0.134914430220436,0.168872281721354,0.136660500196407,0.988,0.00344325427466518,167.926785799625,"unanchored",4,1,0.6,"present",1.31610473862783
102,"gcomp",1000,0,-0.00305449623427233,0.00392023128298426,0.123968598088743,0.126274817594008,0.123944241681578,0.957,0.00641490451994416,NA,"unanchored",4,1,0.6,"present",1.31610473862783
102,"unadjusted",1000,0,1.31455137047789,0.00428244818880868,0.135422902382982,0.135419459583319,1.32150154322749,0,0,500,"unanchored",4,1,0.6,"present",1.31610473862783
102,"maic_meanvar",1000,0,-0.0255708597941255,0.00432159952384034,0.136660976304346,0.167903173882733,0.138965517638814,0.983,0.00408790900094413,170.746201235012,"unanchored",4,1,0.6,"present",1.31610473862783
102,"maic_means",1000,0,-0.0170574777043206,0.00435415377347852,0.13769043206809,0.166304061021561,0.138674633490222,0.982,0.00420428352992517,175.756012646015,"unanchored",4,1,0.6,"present",1.31610473862783
103,"gcomp",1000,0,-0.00613962184807317,0.00619845016182173,0.196012204743959,0.198939787746847,0.196010353248538,0.949,0.00695693898205238,NA,"anchored",0.25,2,0.6,"present",0.0945990074753405
103,"maic_index",1000,0,-0.022723088934307,0.00698894214418836,0.221009756107761,0.22005485881144,0.222064868345341,0.953,0.00669260786241059,597.781013676958,"anchored",0.25,2,0.6,"present",0.0945990074753405
103,"unadjusted",1000,0,0.086887234882396,0.00619604923188254,0.195936280672856,0.197325342976391,0.214247582584581,0.929,0.00812151463706124,1000,"anchored",0.25,2,0.6,"present",0.0945990074753405
103,"maic_meanvar",1000,0,-0.00905897771390819,0.00773569406650325,0.244624125324003,0.242295704298023,0.244669546133278,0.945,0.00720936890441875,449.696929622166,"anchored",0.25,2,0.6,"present",0.0945990074753405
103,"maic_means",1000,0,-0.0640448552143074,0.0072221933496765,0.228385806870986,0.226673460345599,0.237085765457889,0.935,0.0077958322198467,583.66673255343,"anchored",0.25,2,0.6,"present",0.0945990074753405
104,"maic_index",1000,0,0.00252073870177772,0.00518485360885425,0.163959467385232,0.163484325910599,0.163896852812695,0.949,0.00695693898205238,289.717798160998,"unanchored",0.25,2,0.6,"present",0.549179669657236
104,"maic_meanvar",1000,0,-0.00325679153202762,0.00558191927540768,0.17651578625485,0.178421094815861,0.176457563355765,0.955,0.00655553201502365,224.080558036812,"unanchored",0.25,2,0.6,"present",0.549179669657236
104,"gcomp",1000,0,-0.000262580061074345,0.0051352555769777,0.162391039903317,0.154944927288609,0.162310036471341,0.946,0.00714730718522718,NA,"unanchored",0.25,2,0.6,"present",0.549179669657236
104,"unadjusted",1000,0,0.549522501708069,0.0048195792264407,0.15240847719185,0.146577855048934,0.570245644840461,0.029,0.00530650544143695,500,"unanchored",0.25,2,0.6,"present",0.549179669657236
104,"maic_means",1000,0,-0.0739313888703544,0.00501562017065429,0.1586078361755,0.168544506827891,0.174920380490317,0.938,0.00762600813007697,290.657131992273,"unanchored",0.25,2,0.6,"present",0.549179669657236
105,"unadjusted",1000,0,0.0326253971123109,0.00606399968801315,0.19176050744672,0.188795677716129,0.194421543715565,0.94,0.00750999334220744,1000,"anchored",1,2,0.6,"present",0.0202836566888942
105,"maic_index",1000,0,0.00786844202992058,0.00663782601812512,0.209906489292015,0.209019343425137,0.209949007839118,0.952,0.00675988165576884,598.600183642999,"anchored",1,2,0.6,"present",0.0202836566888942
105,"gcomp",1000,0,0.0154846787764394,0.00586709232967358,0.18553375004272,0.185192822745795,0.186086337245159,0.953,0.00669260786241059,NA,"anchored",1,2,0.6,"present",0.0202836566888942
105,"maic_means",1000,0,-0.050472244198399,0.00685788595008651,0.216865395359412,0.21160407071414,0.22255564818515,0.937,0.00768316341099159,580.657308431156,"anchored",1,2,0.6,"present",0.0202836566888942
105,"maic_meanvar",1000,0,0.0112290335581847,0.00732016899916495,0.231484068947165,0.230003355947646,0.231640627906268,0.953,0.00669260786241059,449.03149272409,"anchored",1,2,0.6,"present",0.0202836566888942
106,"unadjusted",1000,0,0.792225998269197,0.00423009551652407,0.133767365522825,0.136856080945369,0.803428806245123,0,0,500,"unanchored",1,2,0.6,"present",0.797306821872208
106,"gcomp",1000,0,-0.00551739471938178,0.0042369484594494,0.133984074606017,0.138831105643596,0.134030676191207,0.956,0.00648567652600714,NA,"unanchored",1,2,0.6,"present",0.797306821872208
106,"maic_means",1000,0,-0.0486138336001901,0.00399223409082755,0.126245526795866,0.153348060415893,0.135223148610867,0.965,0.00581162627841812,290.946618434135,"unanchored",1,2,0.6,"present",0.797306821872208
106,"maic_index",1000,0,-0.00514369530534665,0.00426104752169217,0.13474615386763,0.150611068203606,0.134776952990974,0.967,0.00564898220921256,295.041490007632,"unanchored",1,2,0.6,"present",0.797306821872208
106,"maic_meanvar",1000,0,-0.00926201981373185,0.00471055517015024,0.148960833815567,0.165371859885787,0.149174145521428,0.967,0.00564898220921256,223.499965253868,"unanchored",1,2,0.6,"present",0.797306821872208
107,"maic_index",1000,0,0.0021076967753462,0.00646809881129889,0.204539243747321,0.20642700230586,0.204447813185151,0.956,0.00648567652600714,600.839206878591,"anchored",4,2,0.6,"present",-0.0533438801378294
107,"maic_means",1000,0,-0.073015555476428,0.00630517109800408,0.199387017067576,0.202927211994475,0.212242075786264,0.937,0.00768316341099159,582.535627719485,"anchored",4,2,0.6,"present",-0.0533438801378294
107,"gcomp",1000,0,0.0023729033387226,0.00545722592487746,0.172572636287317,0.17605734342087,0.172502649691576,0.955,0.00655553201502365,NA,"anchored",4,2,0.6,"present",-0.0533438801378294
107,"maic_meanvar",1000,0,-1.5511253726247e-05,0.0069971337848848,0.221268798531506,0.225613467244885,0.221158137003755,0.954,0.00662449998113065,451.063980140536,"anchored",4,2,0.6,"present",-0.0533438801378294
107,"unadjusted",1000,0,-0.0470890383235277,0.00579142237722329,0.183140856040925,0.187352802253853,0.189009021235723,0.949,0.00695693898205238,1000,"anchored",4,2,0.6,"present",-0.0533438801378294
108,"maic_means",1000,0,0.076896379071162,0.00374333947013562,0.118374787808364,0.143865629139803,0.141108578451285,0.965,0.00581162627841812,290.522297895527,"unanchored",4,2,0.6,"present",1.10647032652476
108,"maic_meanvar",1000,0,-0.0030273364629466,0.00416497618034238,0.131708111302301,0.158931010480081,0.131677045540582,0.983,0.00408790900094413,223.545352805404,"unanchored",4,2,0.6,"present",1.10647032652476
108,"gcomp",1000,0,-0.00258945556539256,0.00386884942307985,0.122343761011607,0.126649790927298,0.122309987910767,0.957,0.00641490451994416,NA,"unanchored",4,2,0.6,"present",1.10647032652476
108,"maic_index",1000,0,-0.00274367538790299,0.00391338914794031,0.12375223078077,0.145149571331711,0.123720765287109,0.977,0.00474035863622153,297.134101333841,"unanchored",4,2,0.6,"present",1.10647032652476
108,"unadjusted",1000,0,1.10951460812016,0.00434643716495485,0.137446411480623,0.132492978234667,1.11798716009841,0,0,500,"unanchored",4,2,0.6,"present",1.10647032652476
