"cell","design","var_T","ratio","shift","em","method","d","c","n","rmse","bias","wrong","loss","loss_se"
1,"anchored",0.25,0.5,0,"none","gcomp",-0.3,1,1000,0.212095049141498,0.00460103992421975,0.077,0.077,0.00843458014024064
1,"anchored",0.25,0.5,0,"none","gcomp",-0.3,2,1000,0.212095049141498,0.00460103992421975,0.034,0.068,0.0114676722793909
1,"anchored",0.25,0.5,0,"none","gcomp",-0.3,5,1000,0.212095049141498,0.00460103992421975,0.009,0.0450000000000001,0.0149398192157134
1,"anchored",0.25,0.5,0,"none","gcomp",-0.1,1,1000,0.212095049141498,0.00460103992421975,0.307,0.307,0.0145932848928526
1,"anchored",0.25,0.5,0,"none","gcomp",-0.1,2,1000,0.212095049141498,0.00460103992421975,0.185,0.37,0.0245703826527733
1,"anchored",0.25,0.5,0,"none","gcomp",-0.1,5,1000,0.212095049141498,0.00460103992421975,0.076,0.38,0.0419208463339819
1,"anchored",0.25,0.5,0,"none","gcomp",0.1,1,1000,0.212095049141498,0.00460103992421975,0.329,0.329,0.0148653953859284
1,"anchored",0.25,0.5,0,"none","gcomp",0.1,2,1000,0.212095049141498,0.00460103992421975,0.492,0.492,0.015817274929209
1,"anchored",0.25,0.5,0,"none","gcomp",0.1,5,1000,0.212095049141498,0.00460103992421975,0.693,0.693,0.0145932848928526
1,"anchored",0.25,0.5,0,"none","gcomp",0.3,1,1000,0.212095049141498,0.00460103992421975,0.091,0.0909999999999999,0.00909954953840024
1,"anchored",0.25,0.5,0,"none","gcomp",0.3,2,1000,0.212095049141498,0.00460103992421975,0.168,0.168,0.0118286058314543
1,"anchored",0.25,0.5,0,"none","gcomp",0.3,5,1000,0.212095049141498,0.00460103992421975,0.331,0.331,0.0148882725882039
1,"anchored",0.25,0.5,0,"none","maic_index",-0.3,1,1000,0.252824586416733,0.0096755995896907,0.12,0.12,0.0102813280127474
1,"anchored",0.25,0.5,0,"none","maic_index",-0.3,2,1000,0.252824586416733,0.0096755995896907,0.046,0.092,0.0132556294347614
1,"anchored",0.25,0.5,0,"none","maic_index",-0.3,5,1000,0.252824586416733,0.0096755995896907,0.015,0.0750000000000002,0.019228747872515
1,"anchored",0.25,0.5,0,"none","maic_index",-0.1,1,1000,0.252824586416733,0.0096755995896907,0.323,0.323,0.0147949278433486
1,"anchored",0.25,0.5,0,"none","maic_index",-0.1,2,1000,0.252824586416733,0.0096755995896907,0.204,0.408,0.0254987487180488
1,"anchored",0.25,0.5,0,"none","maic_index",-0.1,5,1000,0.252824586416733,0.0096755995896907,0.084,0.42,0.0438808104474558
1,"anchored",0.25,0.5,0,"none","maic_index",0.1,1,1000,0.252824586416733,0.0096755995896907,0.353,0.353,0.0151201726054837
1,"anchored",0.25,0.5,0,"none","maic_index",0.1,2,1000,0.252824586416733,0.0096755995896907,0.52,0.52,0.0158066394230352
1,"anchored",0.25,0.5,0,"none","maic_index",0.1,5,1000,0.252824586416733,0.0096755995896907,0.729,0.729,0.0140626013509862
1,"anchored",0.25,0.5,0,"none","maic_index",0.3,1,1000,0.252824586416733,0.0096755995896907,0.135,0.135,0.0108116553724161
1,"anchored",0.25,0.5,0,"none","maic_index",0.3,2,1000,0.252824586416733,0.0096755995896907,0.228,0.228,0.0132737407008045
1,"anchored",0.25,0.5,0,"none","maic_index",0.3,5,1000,0.252824586416733,0.0096755995896907,0.413,0.413,0.0155779868299365
1,"anchored",0.25,0.5,0,"none","maic_means",-0.3,1,1000,0.216719412492148,0.0231258499038633,0.063,0.063,0.00768700787628642
1,"anchored",0.25,0.5,0,"none","maic_means",-0.3,2,1000,0.216719412492148,0.0231258499038633,0.029,0.0580000000000001,0.010618321371514
1,"anchored",0.25,0.5,0,"none","maic_means",-0.3,5,1000,0.216719412492148,0.0231258499038633,0.005,0.0249999999999999,0.0111579343742244
1,"anchored",0.25,0.5,0,"none","maic_means",-0.1,1,1000,0.216719412492148,0.0231258499038633,0.284,0.284,0.0142670090610313
1,"anchored",0.25,0.5,0,"none","maic_means",-0.1,2,1000,0.216719412492148,0.0231258499038633,0.167,0.334,0.0236008686492892
1,"anchored",0.25,0.5,0,"none","maic_means",-0.1,5,1000,0.216719412492148,0.0231258499038633,0.06,0.3,0.0375687557873746
1,"anchored",0.25,0.5,0,"none","maic_means",0.1,1,1000,0.216719412492148,0.0231258499038633,0.358,0.358,0.0151679288654076
1,"anchored",0.25,0.5,0,"none","maic_means",0.1,2,1000,0.216719412492148,0.0231258499038633,0.525,0.525,0.015799513429996
1,"anchored",0.25,0.5,0,"none","maic_means",0.1,5,1000,0.216719412492148,0.0231258499038633,0.721,0.721,0.014190150117612
1,"anchored",0.25,0.5,0,"none","maic_means",0.3,1,1000,0.216719412492148,0.0231258499038633,0.106,0.106,0.00973955126578514
1,"anchored",0.25,0.5,0,"none","maic_means",0.3,2,1000,0.216719412492148,0.0231258499038633,0.198,0.198,0.0126077339341753
1,"anchored",0.25,0.5,0,"none","maic_means",0.3,5,1000,0.216719412492148,0.0231258499038633,0.367,0.367,0.0152493784641718
1,"anchored",0.25,0.5,0,"none","maic_meanvar",-0.3,1,1000,0.334641431023745,0.005818604975113,0.186,0.186,0.0123107902084128
1,"anchored",0.25,0.5,0,"none","maic_meanvar",-0.3,2,1000,0.334641431023745,0.005818604975113,0.089,0.178,0.018017786785303
1,"anchored",0.25,0.5,0,"none","maic_meanvar",-0.3,5,1000,0.334641431023745,0.005818604975113,0.028,0.14,0.0260975301720504
1,"anchored",0.25,0.5,0,"none","maic_meanvar",-0.1,1,1000,0.334641431023745,0.005818604975113,0.385,0.385,0.0153951944454108
1,"anchored",0.25,0.5,0,"none","maic_meanvar",-0.1,2,1000,0.334641431023745,0.005818604975113,0.231,0.462,0.0266695944338729
1,"anchored",0.25,0.5,0,"none","maic_meanvar",-0.1,5,1000,0.334641431023745,0.005818604975113,0.107,0.535000000000001,0.0488995517992358
1,"anchored",0.25,0.5,0,"none","maic_meanvar",0.1,1,1000,0.334641431023745,0.005818604975113,0.376,0.376,0.0153251055088981
1,"anchored",0.25,0.5,0,"none","maic_meanvar",0.1,2,1000,0.334641431023745,0.005818604975113,0.541,0.541,0.0157660257378822
1,"anchored",0.25,0.5,0,"none","maic_meanvar",0.1,5,1000,0.334641431023745,0.005818604975113,0.741,0.741,0.0138604152575279
1,"anchored",0.25,0.5,0,"none","maic_meanvar",0.3,1,1000,0.334641431023745,0.005818604975113,0.181,0.181,0.0121814361791779
1,"anchored",0.25,0.5,0,"none","maic_meanvar",0.3,2,1000,0.334641431023745,0.005818604975113,0.302,0.302,0.0145260802354595
1,"anchored",0.25,0.5,0,"none","maic_meanvar",0.3,5,1000,0.334641431023745,0.005818604975113,0.5,0.5,0.0158192999292083
1,"anchored",0.25,0.5,0,"none","unadjusted",-0.3,1,1000,0.215706089734626,0.0225188701589441,0.065,0.065,0.00779973306183201
1,"anchored",0.25,0.5,0,"none","unadjusted",-0.3,2,1000,0.215706089734626,0.0225188701589441,0.03,0.0600000000000001,0.0107942816581984
1,"anchored",0.25,0.5,0,"none","unadjusted",-0.3,5,1000,0.215706089734626,0.0225188701589441,0.005,0.0249999999999999,0.0111579343742244
1,"anchored",0.25,0.5,0,"none","unadjusted",-0.1,1,1000,0.215706089734626,0.0225188701589441,0.287,0.287,0.01431208705381
1,"anchored",0.25,0.5,0,"none","unadjusted",-0.1,2,1000,0.215706089734626,0.0225188701589441,0.162,0.324,0.0233145355426088
1,"anchored",0.25,0.5,0,"none","unadjusted",-0.1,5,1000,0.215706089734626,0.0225188701589441,0.06,0.3,0.0375687557873746
1,"anchored",0.25,0.5,0,"none","unadjusted",0.1,1,1000,0.215706089734626,0.0225188701589441,0.36,0.36,0.0151865279320401
1,"anchored",0.25,0.5,0,"none","unadjusted",0.1,2,1000,0.215706089734626,0.0225188701589441,0.521,0.521,0.0158053411481313
1,"anchored",0.25,0.5,0,"none","unadjusted",0.1,5,1000,0.215706089734626,0.0225188701589441,0.716,0.716,0.0142670090610313
1,"anchored",0.25,0.5,0,"none","unadjusted",0.3,1,1000,0.215706089734626,0.0225188701589441,0.105,0.105,0.00969892102602497
1,"anchored",0.25,0.5,0,"none","unadjusted",0.3,2,1000,0.215706089734626,0.0225188701589441,0.194,0.194,0.0125108161412643
1,"anchored",0.25,0.5,0,"none","unadjusted",0.3,5,1000,0.215706089734626,0.0225188701589441,0.365,0.365,0.0152317762262649
2,"unanchored",0.25,0.5,0,"none","gcomp",-0.3,1,1000,0.161658525038336,-0.0129063275946452,0.033,0.033,0.00565180882045237
2,"unanchored",0.25,0.5,0,"none","gcomp",-0.3,2,1000,0.161658525038336,-0.0129063275946452,0.017,0.0340000000000001,0.00817990897937819
2,"unanchored",0.25,0.5,0,"none","gcomp",-0.3,5,1000,0.161658525038336,-0.0129063275946452,0.004,0.0200000000000003,0.00998497369549361
2,"unanchored",0.25,0.5,0,"none","gcomp",-0.1,1,1000,0.161658525038336,-0.0129063275946452,0.297,0.297,0.0144568322948011
2,"unanchored",0.25,0.5,0,"none","gcomp",-0.1,2,1000,0.161658525038336,-0.0129063275946452,0.162,0.323999999999999,0.0233145355426089
2,"unanchored",0.25,0.5,0,"none","gcomp",-0.1,5,1000,0.161658525038336,-0.0129063275946452,0.063,0.315,0.0384350393814322
2,"unanchored",0.25,0.5,0,"none","gcomp",0.1,1,1000,0.161658525038336,-0.0129063275946452,0.244,0.244,0.0135885484378814
2,"unanchored",0.25,0.5,0,"none","gcomp",0.1,2,1000,0.161658525038336,-0.0129063275946452,0.4,0.4,0.0154996851658426
2,"unanchored",0.25,0.5,0,"none","gcomp",0.1,5,1000,0.161658525038336,-0.0129063275946452,0.597,0.597,0.0155187574190665
2,"unanchored",0.25,0.5,0,"none","gcomp",0.3,1,1000,0.161658525038336,-0.0129063275946452,0.028,0.0280000000000001,0.00521950603441006
2,"unanchored",0.25,0.5,0,"none","gcomp",0.3,2,1000,0.161658525038336,-0.0129063275946452,0.061,0.061,0.00757207609155743
2,"unanchored",0.25,0.5,0,"none","gcomp",0.3,5,1000,0.161658525038336,-0.0129063275946452,0.169,0.169,0.0118566259778901
2,"unanchored",0.25,0.5,0,"none","maic_index",-0.3,1,1000,0.187203475532917,-0.00420910318078297,0.071,0.0710000000000001,0.00812557844248792
2,"unanchored",0.25,0.5,0,"none","maic_index",-0.3,2,1000,0.187203475532917,-0.00420910318078297,0.019,0.0379999999999999,0.00863890216582121
2,"unanchored",0.25,0.5,0,"none","maic_index",-0.3,5,1000,0.187203475532917,-0.00420910318078297,0.006,0.03,0.0122167609966493
2,"unanchored",0.25,0.5,0,"none","maic_index",-0.1,1,1000,0.187203475532917,-0.00420910318078297,0.291,0.291,0.0143709959823779
2,"unanchored",0.25,0.5,0,"none","maic_index",-0.1,2,1000,0.187203475532917,-0.00420910318078297,0.168,0.336,0.0236572116629085
2,"unanchored",0.25,0.5,0,"none","maic_index",-0.1,5,1000,0.187203475532917,-0.00420910318078297,0.073,0.365,0.0411517735762201
2,"unanchored",0.25,0.5,0,"none","maic_index",0.1,1,1000,0.187203475532917,-0.00420910318078297,0.286,0.286,0.0142971468625179
2,"unanchored",0.25,0.5,0,"none","maic_index",0.1,2,1000,0.187203475532917,-0.00420910318078297,0.457,0.457,0.0157606915901364
2,"unanchored",0.25,0.5,0,"none","maic_index",0.1,5,1000,0.187203475532917,-0.00420910318078297,0.674,0.674,0.014830507204541
2,"unanchored",0.25,0.5,0,"none","maic_index",0.3,1,1000,0.187203475532917,-0.00420910318078297,0.046,0.046,0.00662781471738069
2,"unanchored",0.25,0.5,0,"none","maic_index",0.3,2,1000,0.187203475532917,-0.00420910318078297,0.105,0.105,0.00969892102602494
2,"unanchored",0.25,0.5,0,"none","maic_index",0.3,5,1000,0.187203475532917,-0.00420910318078297,0.259,0.259,0.0138604152575279
2,"unanchored",0.25,0.5,0,"none","maic_means",-0.3,1,1000,0.165159585885153,0.0369235421804891,0.022,0.0220000000000001,0.0046408552592747
2,"unanchored",0.25,0.5,0,"none","maic_means",-0.3,2,1000,0.165159585885153,0.0369235421804891,0.006,0.012,0.00488670439865964
2,"unanchored",0.25,0.5,0,"none","maic_means",-0.3,5,1000,0.165159585885153,0.0369235421804891,0.001,0.00500000000000008,0.005
2,"unanchored",0.25,0.5,0,"none","maic_means",-0.1,1,1000,0.165159585885153,0.0369235421804891,0.193,0.193,0.0124862687343701
2,"unanchored",0.25,0.5,0,"none","maic_means",-0.1,2,1000,0.165159585885153,0.0369235421804891,0.092,0.184,0.0182887527863022
2,"unanchored",0.25,0.5,0,"none","maic_means",-0.1,5,1000,0.165159585885153,0.0369235421804891,0.035,0.175,0.0290726713636743
2,"unanchored",0.25,0.5,0,"none","maic_means",0.1,1,1000,0.165159585885153,0.0369235421804891,0.357,0.357,0.0151585217214868
2,"unanchored",0.25,0.5,0,"none","maic_means",0.1,2,1000,0.165159585885153,0.0369235421804891,0.513,0.513,0.0158139521018966
2,"unanchored",0.25,0.5,0,"none","maic_means",0.1,5,1000,0.165159585885153,0.0369235421804891,0.722,0.722,0.0141745164614852
2,"unanchored",0.25,0.5,0,"none","maic_means",0.3,1,1000,0.165159585885153,0.0369235421804891,0.053,0.053,0.00708810561724645
2,"unanchored",0.25,0.5,0,"none","maic_means",0.3,2,1000,0.165159585885153,0.0369235421804891,0.106,0.106,0.00973955126578514
2,"unanchored",0.25,0.5,0,"none","maic_means",0.3,5,1000,0.165159585885153,0.0369235421804891,0.258,0.258,0.0138429631086566
2,"unanchored",0.25,0.5,0,"none","maic_meanvar",-0.3,1,1000,0.238230508398252,0.00734031773703287,0.099,0.0989999999999999,0.00944924802766276
2,"unanchored",0.25,0.5,0,"none","maic_meanvar",-0.3,2,1000,0.238230508398252,0.00734031773703287,0.03,0.0600000000000001,0.0107942816581984
2,"unanchored",0.25,0.5,0,"none","maic_meanvar",-0.3,5,1000,0.238230508398252,0.00734031773703287,0.008,0.04,0.0140925015025224
2,"unanchored",0.25,0.5,0,"none","maic_meanvar",-0.1,1,1000,0.238230508398252,0.00734031773703287,0.336,0.336,0.014944140233795
2,"unanchored",0.25,0.5,0,"none","maic_meanvar",-0.1,2,1000,0.238230508398252,0.00734031773703287,0.196,0.392,0.0251190558534147
2,"unanchored",0.25,0.5,0,"none","maic_meanvar",-0.1,5,1000,0.238230508398252,0.00734031773703287,0.072,0.36,0.0408909778810933
2,"unanchored",0.25,0.5,0,"none","maic_meanvar",0.1,1,1000,0.238230508398252,0.00734031773703287,0.358,0.358,0.0151679288654076
2,"unanchored",0.25,0.5,0,"none","maic_meanvar",0.1,2,1000,0.238230508398252,0.00734031773703287,0.514,0.514,0.015813097547731
2,"unanchored",0.25,0.5,0,"none","maic_meanvar",0.1,5,1000,0.238230508398252,0.00734031773703287,0.714,0.714,0.0142971468625179
2,"unanchored",0.25,0.5,0,"none","maic_meanvar",0.3,1,1000,0.238230508398252,0.00734031773703287,0.117,0.117,0.0101692878027133
2,"unanchored",0.25,0.5,0,"none","maic_meanvar",0.3,2,1000,0.238230508398252,0.00734031773703287,0.226,0.226,0.0132325016190853
2,"unanchored",0.25,0.5,0,"none","maic_meanvar",0.3,5,1000,0.238230508398252,0.00734031773703287,0.399,0.399,0.0154931933131629
2,"unanchored",0.25,0.5,0,"none","unadjusted",-0.3,1,1000,0.16683246440394,0.0360807195935783,0.023,0.0229999999999999,0.0047427305946568
2,"unanchored",0.25,0.5,0,"none","unadjusted",-0.3,2,1000,0.16683246440394,0.0360807195935783,0.005,0.01,0.00446317374968977
2,"unanchored",0.25,0.5,0,"none","unadjusted",-0.3,5,1000,0.16683246440394,0.0360807195935783,0.002,0.0100000000000001,0.00706752785278913
2,"unanchored",0.25,0.5,0,"none","unadjusted",-0.1,1,1000,0.16683246440394,0.0360807195935783,0.189,0.189,0.0123867845881177
2,"unanchored",0.25,0.5,0,"none","unadjusted",-0.1,2,1000,0.16683246440394,0.0360807195935783,0.099,0.198,0.0188984960553255
2,"unanchored",0.25,0.5,0,"none","unadjusted",-0.1,5,1000,0.16683246440394,0.0360807195935783,0.036,0.18,0.0294697890808279
2,"unanchored",0.25,0.5,0,"none","unadjusted",0.1,1,1000,0.16683246440394,0.0360807195935783,0.346,0.346,0.0150502661275644
2,"unanchored",0.25,0.5,0,"none","unadjusted",0.1,2,1000,0.16683246440394,0.0360807195935783,0.506,0.506,0.0158181608986067
2,"unanchored",0.25,0.5,0,"none","unadjusted",0.1,5,1000,0.16683246440394,0.0360807195935783,0.716,0.716,0.0142670090610313
2,"unanchored",0.25,0.5,0,"none","unadjusted",0.3,1,1000,0.16683246440394,0.0360807195935783,0.056,0.056,0.00727440148169707
2,"unanchored",0.25,0.5,0,"none","unadjusted",0.3,2,1000,0.16683246440394,0.0360807195935783,0.109,0.109,0.00985982840703718
2,"unanchored",0.25,0.5,0,"none","unadjusted",0.3,5,1000,0.16683246440394,0.0360807195935783,0.262,0.262,0.0139122086510213
3,"anchored",1,0.5,0,"none","gcomp",-0.3,1,1000,0.195697102619113,-0.00785946326491915,0.076,0.076,0.00838416926679638
3,"anchored",1,0.5,0,"none","gcomp",-0.3,2,1000,0.195697102619113,-0.00785946326491915,0.032,0.064,0.0111367871501627
3,"anchored",1,0.5,0,"none","gcomp",-0.3,5,1000,0.195697102619113,-0.00785946326491915,0.008,0.0400000000000001,0.0140925015025224
3,"anchored",1,0.5,0,"none","gcomp",-0.1,1,1000,0.195697102619113,-0.00785946326491915,0.318,0.318,0.0147340793093119
3,"anchored",1,0.5,0,"none","gcomp",-0.1,2,1000,0.195697102619113,-0.00785946326491915,0.181,0.362,0.0243628723583558
3,"anchored",1,0.5,0,"none","gcomp",-0.1,5,1000,0.195697102619113,-0.00785946326491915,0.086,0.43,0.0443516298129737
3,"anchored",1,0.5,0,"none","gcomp",0.1,1,1000,0.195697102619113,-0.00785946326491915,0.295,0.295,0.0144285544384455
3,"anchored",1,0.5,0,"none","gcomp",0.1,2,1000,0.195697102619113,-0.00785946326491915,0.446,0.446,0.0157267711667504
3,"anchored",1,0.5,0,"none","gcomp",0.1,5,1000,0.195697102619113,-0.00785946326491915,0.66,0.66,0.0149874822643639
3,"anchored",1,0.5,0,"none","gcomp",0.3,1,1000,0.195697102619113,-0.00785946326491915,0.048,0.048,0.00676326413366666
3,"anchored",1,0.5,0,"none","gcomp",0.3,2,1000,0.195697102619113,-0.00785946326491915,0.125,0.125,0.0104634833819567
3,"anchored",1,0.5,0,"none","gcomp",0.3,5,1000,0.195697102619113,-0.00785946326491915,0.277,0.277,0.0141587948453063
3,"anchored",1,0.5,0,"none","maic_index",-0.3,1,1000,0.25405495701436,-0.00691868201498171,0.129,0.129,0.0106052567847966
3,"anchored",1,0.5,0,"none","maic_index",-0.3,2,1000,0.25405495701436,-0.00691868201498171,0.06,0.12,0.0150275023149498
3,"anchored",1,0.5,0,"none","maic_index",-0.3,5,1000,0.25405495701436,-0.00691868201498171,0.021,0.105,0.0226823607565327
3,"anchored",1,0.5,0,"none","maic_index",-0.1,1,1000,0.25405495701436,-0.00691868201498171,0.344,0.344,0.0150296337244089
3,"anchored",1,0.5,0,"none","maic_index",-0.1,2,1000,0.25405495701436,-0.00691868201498171,0.214,0.428,0.0259516760439375
3,"anchored",1,0.5,0,"none","maic_index",-0.1,5,1000,0.25405495701436,-0.00691868201498171,0.108,0.54,0.0491000082567286
3,"anchored",1,0.5,0,"none","maic_index",0.1,1,1000,0.25405495701436,-0.00691868201498171,0.346,0.346,0.0150502661275644
3,"anchored",1,0.5,0,"none","maic_index",0.1,2,1000,0.25405495701436,-0.00691868201498171,0.509,0.509,0.0158167369950054
3,"anchored",1,0.5,0,"none","maic_index",0.1,5,1000,0.25405495701436,-0.00691868201498171,0.709,0.709,0.0143709959823779
3,"anchored",1,0.5,0,"none","maic_index",0.3,1,1000,0.25405495701436,-0.00691868201498171,0.114,0.114,0.0100551034358233
3,"anchored",1,0.5,0,"none","maic_index",0.3,2,1000,0.25405495701436,-0.00691868201498171,0.215,0.215,0.0129978438190318
3,"anchored",1,0.5,0,"none","maic_index",0.3,5,1000,0.25405495701436,-0.00691868201498171,0.402,0.402,0.0155124671357151
3,"anchored",1,0.5,0,"none","maic_means",-0.3,1,1000,0.213746952794706,0.0485497571911939,0.057,0.057,0.00733517585370685
3,"anchored",1,0.5,0,"none","maic_means",-0.3,2,1000,0.213746952794706,0.0485497571911939,0.024,0.048,0.00968451288345416
3,"anchored",1,0.5,0,"none","maic_means",-0.3,5,1000,0.213746952794706,0.0485497571911939,0.005,0.025,0.0111579343742244
3,"anchored",1,0.5,0,"none","maic_means",-0.1,1,1000,0.213746952794706,0.0485497571911939,0.227,0.227,0.0132531749647639
3,"anchored",1,0.5,0,"none","maic_means",-0.1,2,1000,0.213746952794706,0.0485497571911939,0.129,0.258,0.0212105135695932
3,"anchored",1,0.5,0,"none","maic_means",-0.1,5,1000,0.213746952794706,0.0485497571911939,0.058,0.29,0.0369765772789652
3,"anchored",1,0.5,0,"none","maic_means",0.1,1,1000,0.213746952794706,0.0485497571911939,0.411,0.411,0.0155666734185993
3,"anchored",1,0.5,0,"none","maic_means",0.1,2,1000,0.213746952794706,0.0485497571911939,0.58,0.58,0.015615500115073
3,"anchored",1,0.5,0,"none","maic_means",0.1,5,1000,0.213746952794706,0.0485497571911939,0.773,0.773,0.0132531749647639
3,"anchored",1,0.5,0,"none","maic_means",0.3,1,1000,0.213746952794706,0.0485497571911939,0.108,0.108,0.0098200016513457
3,"anchored",1,0.5,0,"none","maic_means",0.3,2,1000,0.213746952794706,0.0485497571911939,0.219,0.219,0.013084731950262
3,"anchored",1,0.5,0,"none","maic_means",0.3,5,1000,0.213746952794706,0.0485497571911939,0.413,0.413,0.0155779868299365
3,"anchored",1,0.5,0,"none","maic_meanvar",-0.3,1,1000,0.320874260969385,-0.00594545446645208,0.185,0.185,0.0122851913263867
3,"anchored",1,0.5,0,"none","maic_meanvar",-0.3,2,1000,0.320874260969385,-0.00594545446645208,0.09,0.18,0.0181087804097329
3,"anchored",1,0.5,0,"none","maic_meanvar",-0.3,5,1000,0.320874260969385,-0.00594545446645208,0.028,0.14,0.0260975301720504
3,"anchored",1,0.5,0,"none","maic_meanvar",-0.1,1,1000,0.320874260969385,-0.00594545446645208,0.399,0.399,0.0154931933131629
3,"anchored",1,0.5,0,"none","maic_meanvar",-0.1,2,1000,0.320874260969385,-0.00594545446645208,0.244,0.488,0.0271770968757629
3,"anchored",1,0.5,0,"none","maic_meanvar",-0.1,5,1000,0.320874260969385,-0.00594545446645208,0.109,0.545,0.0492991420351857
3,"anchored",1,0.5,0,"none","maic_meanvar",0.1,1,1000,0.320874260969385,-0.00594545446645208,0.368,0.368,0.0152580735615218
3,"anchored",1,0.5,0,"none","maic_meanvar",0.1,2,1000,0.320874260969385,-0.00594545446645208,0.541,0.541,0.0157660257378822
3,"anchored",1,0.5,0,"none","maic_meanvar",0.1,5,1000,0.320874260969385,-0.00594545446645208,0.725,0.725,0.0141270865564905
3,"anchored",1,0.5,0,"none","maic_meanvar",0.3,1,1000,0.320874260969385,-0.00594545446645208,0.17,0.17,0.0118844958345417
3,"anchored",1,0.5,0,"none","maic_meanvar",0.3,2,1000,0.320874260969385,-0.00594545446645208,0.299,0.299,0.0144847785212204
3,"anchored",1,0.5,0,"none","maic_meanvar",0.3,5,1000,0.320874260969385,-0.00594545446645208,0.502,0.502,0.0158191733743027
3,"anchored",1,0.5,0,"none","unadjusted",-0.3,1,1000,0.213367405189112,0.0481080382184258,0.057,0.0569999999999999,0.00733517585370685
3,"anchored",1,0.5,0,"none","unadjusted",-0.3,2,1000,0.213367405189112,0.0481080382184258,0.025,0.0500000000000001,0.00987914963939691
3,"anchored",1,0.5,0,"none","unadjusted",-0.3,5,1000,0.213367405189112,0.0481080382184258,0.005,0.025,0.0111579343742244
3,"anchored",1,0.5,0,"none","unadjusted",-0.1,1,1000,0.213367405189112,0.0481080382184258,0.223,0.223,0.0131698308434257
3,"anchored",1,0.5,0,"none","unadjusted",-0.1,2,1000,0.213367405189112,0.0481080382184258,0.126,0.252,0.0209984984448161
3,"anchored",1,0.5,0,"none","unadjusted",-0.1,5,1000,0.213367405189112,0.0481080382184258,0.058,0.290000000000001,0.0369765772789652
3,"anchored",1,0.5,0,"none","unadjusted",0.1,1,1000,0.213367405189112,0.0481080382184258,0.414,0.414,0.0155835441041775
3,"anchored",1,0.5,0,"none","unadjusted",0.1,2,1000,0.213367405189112,0.0481080382184258,0.576,0.576,0.0156354874714052
3,"anchored",1,0.5,0,"none","unadjusted",0.1,5,1000,0.213367405189112,0.0481080382184258,0.779,0.779,0.0131275028596963
3,"anchored",1,0.5,0,"none","unadjusted",0.3,1,1000,0.213367405189112,0.0481080382184258,0.111,0.111,0.00993870101058373
3,"anchored",1,0.5,0,"none","unadjusted",0.3,2,1000,0.213367405189112,0.0481080382184258,0.218,0.218,0.0130631790405953
3,"anchored",1,0.5,0,"none","unadjusted",0.3,5,1000,0.213367405189112,0.0481080382184258,0.41,0.41,0.0155609171369217
4,"unanchored",1,0.5,0,"none","gcomp",-0.3,1,1000,0.146761638167131,-0.0102362824991404,0.02,0.02,0.00442940398017835
4,"unanchored",1,0.5,0,"none","gcomp",-0.3,2,1000,0.146761638167131,-0.0102362824991404,0.006,0.012,0.00488670439865968
4,"unanchored",1,0.5,0,"none","gcomp",-0.3,5,1000,0.146761638167131,-0.0102362824991404,0.001,0.00500000000000006,0.00500000000000004
4,"unanchored",1,0.5,0,"none","gcomp",-0.1,1,1000,0.146761638167131,-0.0102362824991404,0.265,0.265,0.0139631647548099
4,"unanchored",1,0.5,0,"none","gcomp",-0.1,2,1000,0.146761638167131,-0.0102362824991404,0.148,0.296,0.0224697327284705
4,"unanchored",1,0.5,0,"none","gcomp",-0.1,5,1000,0.146761638167131,-0.0102362824991404,0.058,0.290000000000001,0.0369765772789651
4,"unanchored",1,0.5,0,"none","gcomp",0.1,1,1000,0.146761638167131,-0.0102362824991404,0.209,0.209,0.0128640772884993
4,"unanchored",1,0.5,0,"none","gcomp",0.1,2,1000,0.146761638167131,-0.0102362824991404,0.37,0.37,0.0152752523165194
4,"unanchored",1,0.5,0,"none","gcomp",0.1,5,1000,0.146761638167131,-0.0102362824991404,0.587,0.587,0.0155779868299365
4,"unanchored",1,0.5,0,"none","gcomp",0.3,1,1000,0.146761638167131,-0.0102362824991404,0.022,0.0220000000000001,0.0046408552592747
4,"unanchored",1,0.5,0,"none","gcomp",0.3,2,1000,0.146761638167131,-0.0102362824991404,0.054,0.0539999999999999,0.00715088352129543
4,"unanchored",1,0.5,0,"none","gcomp",0.3,5,1000,0.146761638167131,-0.0102362824991404,0.124,0.124,0.010427498872344
4,"unanchored",1,0.5,0,"none","maic_index",-0.3,1,1000,0.170406199944375,-0.0199976490797783,0.046,0.046,0.00662781471738071
4,"unanchored",1,0.5,0,"none","maic_index",-0.3,2,1000,0.170406199944375,-0.0199976490797783,0.013,0.026,0.00716766177880725
4,"unanchored",1,0.5,0,"none","maic_index",-0.3,5,1000,0.170406199944375,-0.0199976490797783,0.004,0.0200000000000001,0.00998497369549359
4,"unanchored",1,0.5,0,"none","maic_index",-0.1,1,1000,0.170406199944375,-0.0199976490797783,0.332,0.332,0.0148995972428115
4,"unanchored",1,0.5,0,"none","maic_index",-0.1,2,1000,0.170406199944375,-0.0199976490797783,0.166,0.332,0.0235442207416244
4,"unanchored",1,0.5,0,"none","maic_index",-0.1,5,1000,0.170406199944375,-0.0199976490797783,0.053,0.265,0.0354405280862326
4,"unanchored",1,0.5,0,"none","maic_index",0.1,1,1000,0.170406199944375,-0.0199976490797783,0.236,0.236,0.0134344514024387
4,"unanchored",1,0.5,0,"none","maic_index",0.1,2,1000,0.170406199944375,-0.0199976490797783,0.395,0.395,0.0154665514648293
4,"unanchored",1,0.5,0,"none","maic_index",0.1,5,1000,0.170406199944375,-0.0199976490797783,0.625,0.625,0.015316971293621
4,"unanchored",1,0.5,0,"none","maic_index",0.3,1,1000,0.170406199944375,-0.0199976490797783,0.03,0.03,0.0053971408290992
4,"unanchored",1,0.5,0,"none","maic_index",0.3,2,1000,0.170406199944375,-0.0199976490797783,0.088,0.0880000000000001,0.00896305396259209
4,"unanchored",1,0.5,0,"none","maic_index",0.3,5,1000,0.170406199944375,-0.0199976490797783,0.203,0.203,0.0127260737445983
4,"unanchored",1,0.5,0,"none","maic_means",-0.3,1,1000,0.18832865728149,0.113166416394682,0.002,0.002,0.00141350557055782
4,"unanchored",1,0.5,0,"none","maic_means",-0.3,2,1000,0.18832865728149,0.113166416394682,0,0,0
4,"unanchored",1,0.5,0,"none","maic_means",-0.3,5,1000,0.18832865728149,0.113166416394682,0,0,0
4,"unanchored",1,0.5,0,"none","maic_means",-0.1,1,1000,0.18832865728149,0.113166416394682,0.081,0.0809999999999999,0.00863212103213999
4,"unanchored",1,0.5,0,"none","maic_means",-0.1,2,1000,0.18832865728149,0.113166416394682,0.032,0.064,0.0111367871501627
4,"unanchored",1,0.5,0,"none","maic_means",-0.1,5,1000,0.18832865728149,0.113166416394682,0.005,0.025,0.0111579343742244
4,"unanchored",1,0.5,0,"none","maic_means",0.1,1,1000,0.18832865728149,0.113166416394682,0.509,0.509,0.0158167369950054
4,"unanchored",1,0.5,0,"none","maic_means",0.1,2,1000,0.18832865728149,0.113166416394682,0.706,0.706,0.0144142905400082
4,"unanchored",1,0.5,0,"none","maic_means",0.1,5,1000,0.18832865728149,0.113166416394682,0.868,0.868,0.010709373963528
4,"unanchored",1,0.5,0,"none","maic_means",0.3,1,1000,0.18832865728149,0.113166416394682,0.1,0.1,0.00949157995752504
4,"unanchored",1,0.5,0,"none","maic_means",0.3,2,1000,0.18832865728149,0.113166416394682,0.205,0.205,0.0127725540961131
4,"unanchored",1,0.5,0,"none","maic_means",0.3,5,1000,0.18832865728149,0.113166416394682,0.405,0.405,0.0155311369904531
4,"unanchored",1,0.5,0,"none","maic_meanvar",-0.3,1,1000,0.218954305991734,-0.00679464360242898,0.085,0.085,0.00882342636694229
4,"unanchored",1,0.5,0,"none","maic_meanvar",-0.3,2,1000,0.218954305991734,-0.00679464360242898,0.03,0.06,0.0107942816581984
4,"unanchored",1,0.5,0,"none","maic_meanvar",-0.3,5,1000,0.218954305991734,-0.00679464360242898,0.006,0.03,0.0122167609966493
4,"unanchored",1,0.5,0,"none","maic_meanvar",-0.1,1,1000,0.218954305991734,-0.00679464360242898,0.346,0.346,0.0150502661275644
4,"unanchored",1,0.5,0,"none","maic_meanvar",-0.1,2,1000,0.218954305991734,-0.00679464360242898,0.18,0.36,0.0243103062710239
4,"unanchored",1,0.5,0,"none","maic_meanvar",-0.1,5,1000,0.218954305991734,-0.00679464360242898,0.062,0.31,0.0381491199814011
4,"unanchored",1,0.5,0,"none","maic_meanvar",0.1,1,1000,0.218954305991734,-0.00679464360242898,0.306,0.306,0.014580006055437
4,"unanchored",1,0.5,0,"none","maic_meanvar",0.1,2,1000,0.218954305991734,-0.00679464360242898,0.476,0.476,0.0158010655866518
4,"unanchored",1,0.5,0,"none","maic_meanvar",0.1,5,1000,0.218954305991734,-0.00679464360242898,0.714,0.714,0.0142971468625179
4,"unanchored",1,0.5,0,"none","maic_meanvar",0.3,1,1000,0.218954305991734,-0.00679464360242898,0.084,0.084,0.00877616208949113
4,"unanchored",1,0.5,0,"none","maic_meanvar",0.3,2,1000,0.218954305991734,-0.00679464360242898,0.171,0.171,0.0119122164562646
4,"unanchored",1,0.5,0,"none","maic_meanvar",0.3,5,1000,0.218954305991734,-0.00679464360242898,0.341,0.341,0.0149981313484027
4,"unanchored",1,0.5,0,"none","unadjusted",-0.3,1,1000,0.191680658799693,0.112206249087969,0.002,0.002,0.00141350557055781
4,"unanchored",1,0.5,0,"none","unadjusted",-0.3,2,1000,0.191680658799693,0.112206249087969,0,0,0
4,"unanchored",1,0.5,0,"none","unadjusted",-0.3,5,1000,0.191680658799693,0.112206249087969,0,0,0
4,"unanchored",1,0.5,0,"none","unadjusted",-0.1,1,1000,0.191680658799693,0.112206249087969,0.083,0.0829999999999999,0.00872852720607479
4,"unanchored",1,0.5,0,"none","unadjusted",-0.1,2,1000,0.191680658799693,0.112206249087969,0.031,0.062,0.0109670541293584
4,"unanchored",1,0.5,0,"none","unadjusted",-0.1,5,1000,0.191680658799693,0.112206249087969,0.009,0.045,0.0149398192157135
4,"unanchored",1,0.5,0,"none","unadjusted",0.1,1,1000,0.191680658799693,0.112206249087969,0.529,0.529,0.0157926694516289
4,"unanchored",1,0.5,0,"none","unadjusted",0.1,2,1000,0.191680658799693,0.112206249087969,0.7,0.7,0.0144986278733614
4,"unanchored",1,0.5,0,"none","unadjusted",0.1,5,1000,0.191680658799693,0.112206249087969,0.853,0.853,0.0112034153951603
4,"unanchored",1,0.5,0,"none","unadjusted",0.3,1,1000,0.191680658799693,0.112206249087969,0.107,0.107,0.00977991035984717
4,"unanchored",1,0.5,0,"none","unadjusted",0.3,2,1000,0.191680658799693,0.112206249087969,0.211,0.211,0.0129091303210421
4,"unanchored",1,0.5,0,"none","unadjusted",0.3,5,1000,0.191680658799693,0.112206249087969,0.384,0.384,0.0153876827618971
5,"anchored",4,0.5,0,"none","gcomp",-0.3,1,1000,0.171799130223948,0.00391356798943492,0.045,0.045,0.00655881224140612
5,"anchored",4,0.5,0,"none","gcomp",-0.3,2,1000,0.171799130223948,0.00391356798943492,0.011,0.022,0.00659996663321563
5,"anchored",4,0.5,0,"none","gcomp",-0.3,5,1000,0.171799130223948,0.00391356798943492,0.003,0.015,0.00865158077173472
5,"anchored",4,0.5,0,"none","gcomp",-0.1,1,1000,0.171799130223948,0.00391356798943492,0.298,0.298,0.0144708467411347
5,"anchored",4,0.5,0,"none","gcomp",-0.1,2,1000,0.171799130223948,0.00391356798943492,0.146,0.292,0.022343572570993
5,"anchored",4,0.5,0,"none","gcomp",-0.1,5,1000,0.171799130223948,0.00391356798943492,0.06,0.3,0.0375687557873747
5,"anchored",4,0.5,0,"none","gcomp",0.1,1,1000,0.171799130223948,0.00391356798943492,0.304,0.304,0.0145532056879504
5,"anchored",4,0.5,0,"none","gcomp",0.1,2,1000,0.171799130223948,0.00391356798943492,0.449,0.449,0.015736792768752
5,"anchored",4,0.5,0,"none","gcomp",0.1,5,1000,0.171799130223948,0.00391356798943492,0.643,0.643,0.0151585217214866
5,"anchored",4,0.5,0,"none","gcomp",0.3,1,1000,0.171799130223948,0.00391356798943492,0.037,0.0370000000000001,0.00597215762238965
5,"anchored",4,0.5,0,"none","gcomp",0.3,2,1000,0.171799130223948,0.00391356798943492,0.093,0.093,0.00918887563499668
5,"anchored",4,0.5,0,"none","gcomp",0.3,5,1000,0.171799130223948,0.00391356798943492,0.241,0.241,0.0135315225345154
5,"anchored",4,0.5,0,"none","maic_index",-0.3,1,1000,0.228709871249082,-0.00144225275521825,0.091,0.0909999999999999,0.00909954953840024
5,"anchored",4,0.5,0,"none","maic_index",-0.3,2,1000,0.228709871249082,-0.00144225275521825,0.042,0.0840000000000001,0.0126927185860677
5,"anchored",4,0.5,0,"none","maic_index",-0.3,5,1000,0.228709871249082,-0.00144225275521825,0.006,0.03,0.0122167609966493
5,"anchored",4,0.5,0,"none","maic_index",-0.1,1,1000,0.228709871249082,-0.00144225275521825,0.34,0.34,0.0149874822643639
5,"anchored",4,0.5,0,"none","maic_index",-0.1,2,1000,0.228709871249082,-0.00144225275521825,0.194,0.388,0.0250216322825288
5,"anchored",4,0.5,0,"none","maic_index",-0.1,5,1000,0.228709871249082,-0.00144225275521825,0.077,0.384999999999999,0.042172900701203
5,"anchored",4,0.5,0,"none","maic_index",0.1,1,1000,0.228709871249082,-0.00144225275521825,0.328,0.328,0.0148538424872703
5,"anchored",4,0.5,0,"none","maic_index",0.1,2,1000,0.228709871249082,-0.00144225275521825,0.489,0.489,0.0158154711952927
5,"anchored",4,0.5,0,"none","maic_index",0.1,5,1000,0.228709871249082,-0.00144225275521825,0.694,0.694,0.014580006055437
5,"anchored",4,0.5,0,"none","maic_index",0.3,1,1000,0.228709871249082,-0.00144225275521825,0.096,0.096,0.00932045443478323
5,"anchored",4,0.5,0,"none","maic_index",0.3,2,1000,0.228709871249082,-0.00144225275521825,0.189,0.189,0.0123867845881177
5,"anchored",4,0.5,0,"none","maic_index",0.3,5,1000,0.228709871249082,-0.00144225275521825,0.361,0.361,0.0151957201181751
5,"anchored",4,0.5,0,"none","maic_means",-0.3,1,1000,0.224270263262557,0.104712239078816,0.022,0.022,0.0046408552592747
5,"anchored",4,0.5,0,"none","maic_means",-0.3,2,1000,0.224270263262557,0.104712239078816,0.007,0.0140000000000001,0.00527558829248756
5,"anchored",4,0.5,0,"none","maic_means",-0.3,5,1000,0.224270263262557,0.104712239078816,0,0,0
5,"anchored",4,0.5,0,"none","maic_means",-0.1,1,1000,0.224270263262557,0.104712239078816,0.149,0.149,0.0112661406846322
5,"anchored",4,0.5,0,"none","maic_means",-0.1,2,1000,0.224270263262557,0.104712239078816,0.07,0.14,0.016144988716647
5,"anchored",4,0.5,0,"none","maic_means",-0.1,5,1000,0.224270263262557,0.104712239078816,0.023,0.115,0.0237136529732838
5,"anchored",4,0.5,0,"none","maic_means",0.1,1,1000,0.224270263262557,0.104712239078816,0.512,0.512,0.0158147433145818
5,"anchored",4,0.5,0,"none","maic_means",0.1,2,1000,0.224270263262557,0.104712239078816,0.661,0.661,0.0149767587716203
5,"anchored",4,0.5,0,"none","maic_means",0.1,5,1000,0.224270263262557,0.104712239078816,0.833,0.833,0.0118004343246446
5,"anchored",4,0.5,0,"none","maic_means",0.3,1,1000,0.224270263262557,0.104712239078816,0.16,0.16,0.011598902298689
5,"anchored",4,0.5,0,"none","maic_means",0.3,2,1000,0.224270263262557,0.104712239078816,0.291,0.291,0.014370995982378
5,"anchored",4,0.5,0,"none","maic_means",0.3,5,1000,0.224270263262557,0.104712239078816,0.491,0.491,0.0158167369950054
5,"anchored",4,0.5,0,"none","maic_meanvar",-0.3,1,1000,0.294294850751205,-0.000257834693475935,0.154,0.154,0.0114199130650987
5,"anchored",4,0.5,0,"none","maic_meanvar",-0.3,2,1000,0.294294850751205,-0.000257834693475935,0.075,0.15,0.0166666666666667
5,"anchored",4,0.5,0,"none","maic_meanvar",-0.3,5,1000,0.294294850751205,-0.000257834693475935,0.024,0.12,0.0242112822086357
5,"anchored",4,0.5,0,"none","maic_meanvar",-0.1,1,1000,0.294294850751205,-0.000257834693475935,0.371,0.371,0.0152837362118232
5,"anchored",4,0.5,0,"none","maic_meanvar",-0.1,2,1000,0.294294850751205,-0.000257834693475935,0.213,0.426,0.0259074351334745
5,"anchored",4,0.5,0,"none","maic_meanvar",-0.1,5,1000,0.294294850751205,-0.000257834693475935,0.092,0.46,0.045721881965756
5,"anchored",4,0.5,0,"none","maic_meanvar",0.1,1,1000,0.294294850751205,-0.000257834693475935,0.381,0.381,0.0153647347870074
5,"anchored",4,0.5,0,"none","maic_meanvar",0.1,2,1000,0.294294850751205,-0.000257834693475935,0.524,0.524,0.0158010655866517
5,"anchored",4,0.5,0,"none","maic_meanvar",0.1,5,1000,0.294294850751205,-0.000257834693475935,0.74,0.74,0.0138777733297742
5,"anchored",4,0.5,0,"none","maic_meanvar",0.3,1,1000,0.294294850751205,-0.000257834693475935,0.156,0.156,0.0114802350061224
5,"anchored",4,0.5,0,"none","maic_meanvar",0.3,2,1000,0.294294850751205,-0.000257834693475935,0.286,0.286,0.0142971468625179
5,"anchored",4,0.5,0,"none","maic_meanvar",0.3,5,1000,0.294294850751205,-0.000257834693475935,0.479,0.479,0.0158053411481313
5,"anchored",4,0.5,0,"none","unadjusted",-0.3,1,1000,0.224650154657814,0.105451264013854,0.02,0.02,0.00442940398017835
5,"anchored",4,0.5,0,"none","unadjusted",-0.3,2,1000,0.224650154657814,0.105451264013854,0.006,0.012,0.00488670439865968
5,"anchored",4,0.5,0,"none","unadjusted",-0.3,5,1000,0.224650154657814,0.105451264013854,0,0,0
5,"anchored",4,0.5,0,"none","unadjusted",-0.1,1,1000,0.224650154657814,0.105451264013854,0.155,0.155,0.0114501574707995
5,"anchored",4,0.5,0,"none","unadjusted",-0.1,2,1000,0.224650154657814,0.105451264013854,0.068,0.136,0.0159297758225832
5,"anchored",4,0.5,0,"none","unadjusted",-0.1,5,1000,0.224650154657814,0.105451264013854,0.023,0.115,0.0237136529732838
5,"anchored",4,0.5,0,"none","unadjusted",0.1,1,1000,0.224650154657814,0.105451264013854,0.513,0.513,0.0158139521018966
5,"anchored",4,0.5,0,"none","unadjusted",0.1,2,1000,0.224650154657814,0.105451264013854,0.658,0.658,0.0150087061821217
5,"anchored",4,0.5,0,"none","unadjusted",0.1,5,1000,0.224650154657814,0.105451264013854,0.831,0.831,0.0118566259778901
5,"anchored",4,0.5,0,"none","unadjusted",0.3,1,1000,0.224650154657814,0.105451264013854,0.16,0.16,0.011598902298689
5,"anchored",4,0.5,0,"none","unadjusted",0.3,2,1000,0.224650154657814,0.105451264013854,0.295,0.295,0.0144285544384455
5,"anchored",4,0.5,0,"none","unadjusted",0.3,5,1000,0.224650154657814,0.105451264013854,0.487,0.487,0.0158139521018966
6,"unanchored",4,0.5,0,"none","gcomp",-0.3,1,1000,0.124681900208801,-0.0043507532236125,0.007,0.00700000000000001,0.00263779414624376
6,"unanchored",4,0.5,0,"none","gcomp",-0.3,2,1000,0.124681900208801,-0.0043507532236125,0.002,0.004,0.00282701114111562
6,"unanchored",4,0.5,0,"none","gcomp",-0.3,5,1000,0.124681900208801,-0.0043507532236125,0.001,0.00500000000000007,0.00500000000000007
6,"unanchored",4,0.5,0,"none","gcomp",-0.1,1,1000,0.124681900208801,-0.0043507532236125,0.221,0.221,0.0131275028596963
6,"unanchored",4,0.5,0,"none","gcomp",-0.1,2,1000,0.124681900208801,-0.0043507532236125,0.112,0.224,0.0199555060627945
6,"unanchored",4,0.5,0,"none","gcomp",-0.1,5,1000,0.124681900208801,-0.0043507532236125,0.044,0.22,0.032444608992137
6,"unanchored",4,0.5,0,"none","gcomp",0.1,1,1000,0.124681900208801,-0.0043507532236125,0.19,0.19,0.0124118513548163
6,"unanchored",4,0.5,0,"none","gcomp",0.1,2,1000,0.124681900208801,-0.0043507532236125,0.342,0.342,0.0150087061821217
6,"unanchored",4,0.5,0,"none","gcomp",0.1,5,1000,0.124681900208801,-0.0043507532236125,0.554,0.554,0.0157267711667504
6,"unanchored",4,0.5,0,"none","gcomp",0.3,1,1000,0.124681900208801,-0.0043507532236125,0.006,0.006,0.00244335219932984
6,"unanchored",4,0.5,0,"none","gcomp",0.3,2,1000,0.124681900208801,-0.0043507532236125,0.018,0.018,0.00420638724961147
6,"unanchored",4,0.5,0,"none","gcomp",0.3,5,1000,0.124681900208801,-0.0043507532236125,0.071,0.071,0.00812557844248791
6,"unanchored",4,0.5,0,"none","maic_index",-0.3,1,1000,0.131692016491247,-0.0233699967655343,0.021,0.021,0.00453647215130651
6,"unanchored",4,0.5,0,"none","maic_index",-0.3,2,1000,0.131692016491247,-0.0233699967655343,0.003,0.00600000000000005,0.00346063230869385
6,"unanchored",4,0.5,0,"none","maic_index",-0.3,5,1000,0.131692016491247,-0.0233699967655343,0.001,0.00500000000000007,0.00500000000000007
6,"unanchored",4,0.5,0,"none","maic_index",-0.1,1,1000,0.131692016491247,-0.0233699967655343,0.277,0.277,0.0141587948453063
6,"unanchored",4,0.5,0,"none","maic_index",-0.1,2,1000,0.131692016491247,-0.0233699967655343,0.119,0.238,0.0204884302906733
6,"unanchored",4,0.5,0,"none","maic_index",-0.1,5,1000,0.131692016491247,-0.0233699967655343,0.033,0.165,0.028259044102262
6,"unanchored",4,0.5,0,"none","maic_index",0.1,1,1000,0.131692016491247,-0.0233699967655343,0.174,0.174,0.0119944932309734
6,"unanchored",4,0.5,0,"none","maic_index",0.1,2,1000,0.131692016491247,-0.0233699967655343,0.364,0.364,0.015222868840522
6,"unanchored",4,0.5,0,"none","maic_index",0.1,5,1000,0.131692016491247,-0.0233699967655343,0.637,0.637,0.0152138904446713
6,"unanchored",4,0.5,0,"none","maic_index",0.3,1,1000,0.131692016491247,-0.0233699967655343,0.004,0.004,0.00199699473909873
6,"unanchored",4,0.5,0,"none","maic_index",0.3,2,1000,0.131692016491247,-0.0233699967655343,0.03,0.03,0.0053971408290992
6,"unanchored",4,0.5,0,"none","maic_index",0.3,5,1000,0.131692016491247,-0.0233699967655343,0.115,0.115,0.0100934075949046
6,"unanchored",4,0.5,0,"none","maic_means",-0.3,1,1000,0.245306956121272,0.204682113101908,0,0,0
6,"unanchored",4,0.5,0,"none","maic_means",-0.3,2,1000,0.245306956121272,0.204682113101908,0,0,0
6,"unanchored",4,0.5,0,"none","maic_means",-0.3,5,1000,0.245306956121272,0.204682113101908,0,0,0
6,"unanchored",4,0.5,0,"none","maic_means",-0.1,1,1000,0.245306956121272,0.204682113101908,0.011,0.011,0.00329998331660782
6,"unanchored",4,0.5,0,"none","maic_means",-0.1,2,1000,0.245306956121272,0.204682113101908,0.004,0.00799999999999999,0.00399398947819746
6,"unanchored",4,0.5,0,"none","maic_means",-0.1,5,1000,0.245306956121272,0.204682113101908,0.001,0.00500000000000007,0.00500000000000007
6,"unanchored",4,0.5,0,"none","maic_means",0.1,1,1000,0.245306956121272,0.204682113101908,0.784,0.784,0.0130197355393078
6,"unanchored",4,0.5,0,"none","maic_means",0.1,2,1000,0.245306956121272,0.204682113101908,0.898,0.898,0.00957536880165388
6,"unanchored",4,0.5,0,"none","maic_means",0.1,5,1000,0.245306956121272,0.204682113101908,0.961,0.961,0.00612507277642613
6,"unanchored",4,0.5,0,"none","maic_means",0.3,1,1000,0.245306956121272,0.204682113101908,0.24,0.24,0.0135123122589208
6,"unanchored",4,0.5,0,"none","maic_means",0.3,2,1000,0.245306956121272,0.204682113101908,0.404,0.404,0.0155249806771226
6,"unanchored",4,0.5,0,"none","maic_means",0.3,5,1000,0.245306956121272,0.204682113101908,0.623,0.623,0.0153331701257799
6,"unanchored",4,0.5,0,"none","maic_meanvar",-0.3,1,1000,0.174765381562088,-0.0120488735377689,0.045,0.0450000000000001,0.0065588122414061
6,"unanchored",4,0.5,0,"none","maic_meanvar",-0.3,2,1000,0.174765381562088,-0.0120488735377689,0.014,0.028,0.00743446509651315
6,"unanchored",4,0.5,0,"none","maic_meanvar",-0.3,5,1000,0.174765381562088,-0.0120488735377689,0.003,0.015,0.00865158077173474
6,"unanchored",4,0.5,0,"none","maic_meanvar",-0.1,1,1000,0.174765381562088,-0.0120488735377689,0.301,0.301,0.0145123950335431
6,"unanchored",4,0.5,0,"none","maic_meanvar",-0.1,2,1000,0.174765381562088,-0.0120488735377689,0.147,0.294,0.0224068307903207
6,"unanchored",4,0.5,0,"none","maic_meanvar",-0.1,5,1000,0.174765381562088,-0.0120488735377689,0.039,0.195,0.0306253638821304
6,"unanchored",4,0.5,0,"none","maic_meanvar",0.1,1,1000,0.174765381562088,-0.0120488735377689,0.256,0.256,0.0138077751522342
6,"unanchored",4,0.5,0,"none","maic_meanvar",0.1,2,1000,0.174765381562088,-0.0120488735377689,0.457,0.457,0.0157606915901364
6,"unanchored",4,0.5,0,"none","maic_meanvar",0.1,5,1000,0.174765381562088,-0.0120488735377689,0.724,0.724,0.0141429849757407
6,"unanchored",4,0.5,0,"none","maic_meanvar",0.3,1,1000,0.174765381562088,-0.0120488735377689,0.041,0.041,0.00627362402111875
6,"unanchored",4,0.5,0,"none","maic_meanvar",0.3,2,1000,0.174765381562088,-0.0120488735377689,0.095,0.095,0.00927691010310332
6,"unanchored",4,0.5,0,"none","maic_meanvar",0.3,5,1000,0.174765381562088,-0.0120488735377689,0.278,0.278,0.0141745164614853
6,"unanchored",4,0.5,0,"none","unadjusted",-0.3,1,1000,0.247836216159591,0.199197022454848,0.001,0.000999999999999999,0.001
6,"unanchored",4,0.5,0,"none","unadjusted",-0.3,2,1000,0.247836216159591,0.199197022454848,0,0,0
6,"unanchored",4,0.5,0,"none","unadjusted",-0.3,5,1000,0.247836216159591,0.199197022454848,0,0,0
6,"unanchored",4,0.5,0,"none","unadjusted",-0.1,1,1000,0.247836216159591,0.199197022454848,0.022,0.022,0.0046408552592747
6,"unanchored",4,0.5,0,"none","unadjusted",-0.1,2,1000,0.247836216159591,0.199197022454848,0.01,0.02,0.00629600187735353
6,"unanchored",4,0.5,0,"none","unadjusted",-0.1,5,1000,0.247836216159591,0.199197022454848,0.002,0.0100000000000002,0.00706752785278913
6,"unanchored",4,0.5,0,"none","unadjusted",0.1,1,1000,0.247836216159591,0.199197022454848,0.751,0.751,0.0136816002787023
6,"unanchored",4,0.5,0,"none","unadjusted",0.1,2,1000,0.247836216159591,0.199197022454848,0.871,0.871,0.0106052567847966
6,"unanchored",4,0.5,0,"none","unadjusted",0.1,5,1000,0.247836216159591,0.199197022454848,0.946,0.946,0.00715088352129544
6,"unanchored",4,0.5,0,"none","unadjusted",0.3,1,1000,0.247836216159591,0.199197022454848,0.242,0.242,0.013550631705556
6,"unanchored",4,0.5,0,"none","unadjusted",0.3,2,1000,0.247836216159591,0.199197022454848,0.397,0.397,0.015480007449308
6,"unanchored",4,0.5,0,"none","unadjusted",0.3,5,1000,0.247836216159591,0.199197022454848,0.608,0.608,0.0154458594637713
7,"anchored",0.25,1,0,"none","gcomp",-0.3,1,1000,0.203494822561193,-0.00702506088481481,0.069,0.069,0.00801893405031515
7,"anchored",0.25,1,0,"none","gcomp",-0.3,2,1000,0.203494822561193,-0.00702506088481481,0.027,0.054,0.0102561780985506
7,"anchored",0.25,1,0,"none","gcomp",-0.3,5,1000,0.203494822561193,-0.00702506088481481,0.007,0.0349999999999999,0.013188970731219
7,"anchored",0.25,1,0,"none","gcomp",-0.1,1,1000,0.203494822561193,-0.00702506088481481,0.327,0.327,0.0148422131534112
7,"anchored",0.25,1,0,"none","gcomp",-0.1,2,1000,0.203494822561193,-0.00702506088481481,0.181,0.362,0.0243628723583558
7,"anchored",0.25,1,0,"none","gcomp",-0.1,5,1000,0.203494822561193,-0.00702506088481481,0.066,0.33,0.0392764896934873
7,"anchored",0.25,1,0,"none","gcomp",0.1,1,1000,0.203494822561193,-0.00702506088481481,0.3,0.3,0.0144986278733614
7,"anchored",0.25,1,0,"none","gcomp",0.1,2,1000,0.203494822561193,-0.00702506088481481,0.442,0.442,0.0157125072118642
7,"anchored",0.25,1,0,"none","gcomp",0.1,5,1000,0.203494822561193,-0.00702506088481481,0.677,0.677,0.0147949278433485
7,"anchored",0.25,1,0,"none","gcomp",0.3,1,1000,0.203494822561193,-0.00702506088481481,0.064,0.064,0.0077436402269193
7,"anchored",0.25,1,0,"none","gcomp",0.3,2,1000,0.203494822561193,-0.00702506088481481,0.157,0.157,0.0115101469792302
7,"anchored",0.25,1,0,"none","gcomp",0.3,5,1000,0.203494822561193,-0.00702506088481481,0.303,0.303,0.0145396837105352
7,"anchored",0.25,1,0,"none","maic_index",-0.3,1,1000,0.206771624886091,-0.00673185671823,0.075,0.0749999999999999,0.00833333333333335
7,"anchored",0.25,1,0,"none","maic_index",-0.3,2,1000,0.206771624886091,-0.00673185671823,0.027,0.054,0.0102561780985506
7,"anchored",0.25,1,0,"none","maic_index",-0.3,5,1000,0.206771624886091,-0.00673185671823,0.008,0.04,0.0140925015025224
7,"anchored",0.25,1,0,"none","maic_index",-0.1,1,1000,0.206771624886091,-0.00673185671823,0.33,0.33,0.0148768720274567
7,"anchored",0.25,1,0,"none","maic_index",-0.1,2,1000,0.206771624886091,-0.00673185671823,0.174,0.348,0.0239889864619469
7,"anchored",0.25,1,0,"none","maic_index",-0.1,5,1000,0.206771624886091,-0.00673185671823,0.072,0.36,0.0408909778810933
7,"anchored",0.25,1,0,"none","maic_index",0.1,1,1000,0.206771624886091,-0.00673185671823,0.303,0.303,0.0145396837105352
7,"anchored",0.25,1,0,"none","maic_index",0.1,2,1000,0.206771624886091,-0.00673185671823,0.465,0.465,0.0157804950500301
7,"anchored",0.25,1,0,"none","maic_index",0.1,5,1000,0.206771624886091,-0.00673185671823,0.681,0.681,0.0147464048654735
7,"anchored",0.25,1,0,"none","maic_index",0.3,1,1000,0.206771624886091,-0.00673185671823,0.064,0.064,0.00774364022691931
7,"anchored",0.25,1,0,"none","maic_index",0.3,2,1000,0.206771624886091,-0.00673185671823,0.157,0.157,0.0115101469792302
7,"anchored",0.25,1,0,"none","maic_index",0.3,5,1000,0.206771624886091,-0.00673185671823,0.309,0.309,0.0146196009772065
7,"anchored",0.25,1,0,"none","maic_means",-0.3,1,1000,0.206515261181346,-0.00644815987666155,0.074,0.074,0.00828206451270416
7,"anchored",0.25,1,0,"none","maic_means",-0.3,2,1000,0.206515261181346,-0.00644815987666155,0.027,0.054,0.0102561780985506
7,"anchored",0.25,1,0,"none","maic_means",-0.3,5,1000,0.206515261181346,-0.00644815987666155,0.008,0.04,0.0140925015025224
7,"anchored",0.25,1,0,"none","maic_means",-0.1,1,1000,0.206515261181346,-0.00644815987666155,0.329,0.329,0.0148653953859284
7,"anchored",0.25,1,0,"none","maic_means",-0.1,2,1000,0.206515261181346,-0.00644815987666155,0.172,0.344,0.0238795777649906
7,"anchored",0.25,1,0,"none","maic_means",-0.1,5,1000,0.206515261181346,-0.00644815987666155,0.071,0.355,0.0406278922124401
7,"anchored",0.25,1,0,"none","maic_means",0.1,1,1000,0.206515261181346,-0.00644815987666155,0.304,0.304,0.0145532056879504
7,"anchored",0.25,1,0,"none","maic_means",0.1,2,1000,0.206515261181346,-0.00644815987666155,0.461,0.461,0.0157711042012832
7,"anchored",0.25,1,0,"none","maic_means",0.1,5,1000,0.206515261181346,-0.00644815987666155,0.679,0.679,0.0147708218179346
7,"anchored",0.25,1,0,"none","maic_means",0.3,1,1000,0.206515261181346,-0.00644815987666155,0.063,0.063,0.00768700787628645
7,"anchored",0.25,1,0,"none","maic_means",0.3,2,1000,0.206515261181346,-0.00644815987666155,0.156,0.156,0.0114802350061223
7,"anchored",0.25,1,0,"none","maic_means",0.3,5,1000,0.206515261181346,-0.00644815987666155,0.31,0.31,0.0146326386586329
7,"anchored",0.25,1,0,"none","maic_meanvar",-0.3,1,1000,0.206870038709094,-0.00586973407907509,0.075,0.0749999999999999,0.00833333333333335
7,"anchored",0.25,1,0,"none","maic_meanvar",-0.3,2,1000,0.206870038709094,-0.00586973407907509,0.025,0.0500000000000001,0.00987914963939691
7,"anchored",0.25,1,0,"none","maic_meanvar",-0.3,5,1000,0.206870038709094,-0.00586973407907509,0.008,0.04,0.0140925015025224
7,"anchored",0.25,1,0,"none","maic_meanvar",-0.1,1,1000,0.206870038709094,-0.00586973407907509,0.328,0.328,0.0148538424872703
7,"anchored",0.25,1,0,"none","maic_meanvar",-0.1,2,1000,0.206870038709094,-0.00586973407907509,0.173,0.346,0.0239344282751199
7,"anchored",0.25,1,0,"none","maic_meanvar",-0.1,5,1000,0.206870038709094,-0.00586973407907509,0.071,0.355,0.0406278922124401
7,"anchored",0.25,1,0,"none","maic_meanvar",0.1,1,1000,0.206870038709094,-0.00586973407907509,0.304,0.304,0.0145532056879505
7,"anchored",0.25,1,0,"none","maic_meanvar",0.1,2,1000,0.206870038709094,-0.00586973407907509,0.468,0.468,0.015786868759359
7,"anchored",0.25,1,0,"none","maic_meanvar",0.1,5,1000,0.206870038709094,-0.00586973407907509,0.684,0.684,0.0147091930560571
7,"anchored",0.25,1,0,"none","maic_meanvar",0.3,1,1000,0.206870038709094,-0.00586973407907509,0.067,0.0669999999999999,0.00791034598317755
7,"anchored",0.25,1,0,"none","maic_meanvar",0.3,2,1000,0.206870038709094,-0.00586973407907509,0.149,0.149,0.0112661406846322
7,"anchored",0.25,1,0,"none","maic_meanvar",0.3,5,1000,0.206870038709094,-0.00586973407907509,0.309,0.309,0.0146196009772065
7,"anchored",0.25,1,0,"none","unadjusted",-0.3,1,1000,0.2055330419275,-0.00641565895491245,0.072,0.072,0.00817819557621868
7,"anchored",0.25,1,0,"none","unadjusted",-0.3,2,1000,0.2055330419275,-0.00641565895491245,0.027,0.054,0.0102561780985506
7,"anchored",0.25,1,0,"none","unadjusted",-0.3,5,1000,0.2055330419275,-0.00641565895491245,0.008,0.04,0.0140925015025224
7,"anchored",0.25,1,0,"none","unadjusted",-0.1,1,1000,0.2055330419275,-0.00641565895491245,0.326,0.326,0.0148305072045411
7,"anchored",0.25,1,0,"none","unadjusted",-0.1,2,1000,0.2055330419275,-0.00641565895491245,0.176,0.352,0.024097233797195
7,"anchored",0.25,1,0,"none","unadjusted",-0.1,5,1000,0.2055330419275,-0.00641565895491245,0.07,0.35,0.0403624717916172
7,"anchored",0.25,1,0,"none","unadjusted",0.1,1,1000,0.2055330419275,-0.00641565895491245,0.304,0.304,0.0145532056879504
7,"anchored",0.25,1,0,"none","unadjusted",0.1,2,1000,0.2055330419275,-0.00641565895491245,0.46,0.46,0.0157685969143944
7,"anchored",0.25,1,0,"none","unadjusted",0.1,5,1000,0.2055330419275,-0.00641565895491245,0.681,0.681,0.0147464048654735
7,"anchored",0.25,1,0,"none","unadjusted",0.3,1,1000,0.2055330419275,-0.00641565895491245,0.06,0.06,0.00751375115747492
7,"anchored",0.25,1,0,"none","unadjusted",0.3,2,1000,0.2055330419275,-0.00641565895491245,0.149,0.149,0.0112661406846322
7,"anchored",0.25,1,0,"none","unadjusted",0.3,5,1000,0.2055330419275,-0.00641565895491245,0.306,0.306,0.014580006055437
8,"unanchored",0.25,1,0,"none","gcomp",-0.3,1,1000,0.158269382578725,-0.006824654675535,0.037,0.0370000000000001,0.00597215762238964
8,"unanchored",0.25,1,0,"none","gcomp",-0.3,2,1000,0.158269382578725,-0.006824654675535,0.013,0.0260000000000002,0.00716766177880729
8,"unanchored",0.25,1,0,"none","gcomp",-0.3,5,1000,0.158269382578725,-0.006824654675535,0.005,0.0249999999999997,0.0111579343742244
8,"unanchored",0.25,1,0,"none","gcomp",-0.1,1,1000,0.158269382578725,-0.006824654675535,0.282,0.282,0.0142365262152914
8,"unanchored",0.25,1,0,"none","gcomp",-0.1,2,1000,0.158269382578725,-0.006824654675535,0.149,0.298,0.0225322813692643
8,"unanchored",0.25,1,0,"none","gcomp",-0.1,5,1000,0.158269382578725,-0.006824654675535,0.062,0.31,0.0381491199814012
8,"unanchored",0.25,1,0,"none","gcomp",0.1,1,1000,0.158269382578725,-0.006824654675535,0.256,0.256,0.0138077751522342
8,"unanchored",0.25,1,0,"none","gcomp",0.1,2,1000,0.158269382578725,-0.006824654675535,0.408,0.408,0.0155492050529207
8,"unanchored",0.25,1,0,"none","gcomp",0.1,5,1000,0.158269382578725,-0.006824654675535,0.613,0.613,0.0154100119554939
8,"unanchored",0.25,1,0,"none","gcomp",0.3,1,1000,0.158269382578725,-0.006824654675535,0.021,0.0210000000000001,0.00453647215130652
8,"unanchored",0.25,1,0,"none","gcomp",0.3,2,1000,0.158269382578725,-0.006824654675535,0.068,0.068,0.0079648879112916
8,"unanchored",0.25,1,0,"none","gcomp",0.3,5,1000,0.158269382578725,-0.006824654675535,0.172,0.172,0.0119397888824953
8,"unanchored",0.25,1,0,"none","maic_index",-0.3,1,1000,0.157961272314314,-0.0069173451704678,0.039,0.039,0.00612507277642613
8,"unanchored",0.25,1,0,"none","maic_index",-0.3,2,1000,0.157961272314314,-0.0069173451704678,0.013,0.0260000000000002,0.00716766177880729
8,"unanchored",0.25,1,0,"none","maic_index",-0.3,5,1000,0.157961272314314,-0.0069173451704678,0.004,0.0200000000000003,0.0099849736954936
8,"unanchored",0.25,1,0,"none","maic_index",-0.1,1,1000,0.157961272314314,-0.0069173451704678,0.279,0.279,0.014190150117612
8,"unanchored",0.25,1,0,"none","maic_index",-0.1,2,1000,0.157961272314314,-0.0069173451704678,0.142,0.284,0.0220869153987564
8,"unanchored",0.25,1,0,"none","maic_index",-0.1,5,1000,0.157961272314314,-0.0069173451704678,0.06,0.3,0.0375687557873747
8,"unanchored",0.25,1,0,"none","maic_index",0.1,1,1000,0.157961272314314,-0.0069173451704678,0.254,0.254,0.0137722065651685
8,"unanchored",0.25,1,0,"none","maic_index",0.1,2,1000,0.157961272314314,-0.0069173451704678,0.407,0.407,0.0155432491002555
8,"unanchored",0.25,1,0,"none","maic_index",0.1,5,1000,0.157961272314314,-0.0069173451704678,0.617,0.617,0.0153801023256527
8,"unanchored",0.25,1,0,"none","maic_index",0.3,1,1000,0.157961272314314,-0.0069173451704678,0.021,0.0210000000000001,0.00453647215130652
8,"unanchored",0.25,1,0,"none","maic_index",0.3,2,1000,0.157961272314314,-0.0069173451704678,0.068,0.0680000000000001,0.0079648879112916
8,"unanchored",0.25,1,0,"none","maic_index",0.3,5,1000,0.157961272314314,-0.0069173451704678,0.171,0.171,0.0119122164562646
8,"unanchored",0.25,1,0,"none","maic_means",-0.3,1,1000,0.158000498880024,-0.00622030555853064,0.038,0.0380000000000001,0.00604918115058494
8,"unanchored",0.25,1,0,"none","maic_means",-0.3,2,1000,0.158000498880024,-0.00622030555853064,0.014,0.0280000000000003,0.0074344650965131
8,"unanchored",0.25,1,0,"none","maic_means",-0.3,5,1000,0.158000498880024,-0.00622030555853064,0.004,0.0200000000000003,0.0099849736954936
8,"unanchored",0.25,1,0,"none","maic_means",-0.1,1,1000,0.158000498880024,-0.00622030555853064,0.279,0.279,0.014190150117612
8,"unanchored",0.25,1,0,"none","maic_means",-0.1,2,1000,0.158000498880024,-0.00622030555853064,0.136,0.272,0.021690700460946
8,"unanchored",0.25,1,0,"none","maic_means",-0.1,5,1000,0.158000498880024,-0.00622030555853064,0.06,0.3,0.0375687557873747
8,"unanchored",0.25,1,0,"none","maic_means",0.1,1,1000,0.158000498880024,-0.00622030555853064,0.258,0.258,0.0138429631086566
8,"unanchored",0.25,1,0,"none","maic_means",0.1,2,1000,0.158000498880024,-0.00622030555853064,0.414,0.414,0.0155835441041775
8,"unanchored",0.25,1,0,"none","maic_means",0.1,5,1000,0.158000498880024,-0.00622030555853064,0.614,0.614,0.0154026374767844
8,"unanchored",0.25,1,0,"none","maic_means",0.3,1,1000,0.158000498880024,-0.00622030555853064,0.021,0.021,0.00453647215130652
8,"unanchored",0.25,1,0,"none","maic_means",0.3,2,1000,0.158000498880024,-0.00622030555853064,0.067,0.0669999999999999,0.00791034598317755
8,"unanchored",0.25,1,0,"none","maic_means",0.3,5,1000,0.158000498880024,-0.00622030555853064,0.169,0.169,0.0118566259778901
8,"unanchored",0.25,1,0,"none","maic_meanvar",-0.3,1,1000,0.158286865195287,-0.00696061407641895,0.039,0.039,0.00612507277642613
8,"unanchored",0.25,1,0,"none","maic_meanvar",-0.3,2,1000,0.158286865195287,-0.00696061407641895,0.013,0.0260000000000002,0.00716766177880729
8,"unanchored",0.25,1,0,"none","maic_meanvar",-0.3,5,1000,0.158286865195287,-0.00696061407641895,0.005,0.0249999999999997,0.0111579343742244
8,"unanchored",0.25,1,0,"none","maic_meanvar",-0.1,1,1000,0.158286865195287,-0.00696061407641895,0.278,0.278,0.0141745164614853
8,"unanchored",0.25,1,0,"none","maic_meanvar",-0.1,2,1000,0.158286865195287,-0.00696061407641895,0.143,0.286,0.0221516296171341
8,"unanchored",0.25,1,0,"none","maic_meanvar",-0.1,5,1000,0.158286865195287,-0.00696061407641895,0.058,0.29,0.0369765772789652
8,"unanchored",0.25,1,0,"none","maic_meanvar",0.1,1,1000,0.158286865195287,-0.00696061407641895,0.257,0.257,0.013825416526895
8,"unanchored",0.25,1,0,"none","maic_meanvar",0.1,2,1000,0.158286865195287,-0.00696061407641895,0.409,0.409,0.0155550943732579
8,"unanchored",0.25,1,0,"none","maic_meanvar",0.1,5,1000,0.158286865195287,-0.00696061407641895,0.621,0.621,0.0153490910022254
8,"unanchored",0.25,1,0,"none","maic_meanvar",0.3,1,1000,0.158286865195287,-0.00696061407641895,0.021,0.0210000000000001,0.00453647215130652
8,"unanchored",0.25,1,0,"none","maic_meanvar",0.3,2,1000,0.158286865195287,-0.00696061407641895,0.064,0.064,0.00774364022691931
8,"unanchored",0.25,1,0,"none","maic_meanvar",0.3,5,1000,0.158286865195287,-0.00696061407641895,0.168,0.168,0.0118286058314543
8,"unanchored",0.25,1,0,"none","unadjusted",-0.3,1,1000,0.160894100816103,-0.004967363200466,0.042,0.042,0.00634635929303383
8,"unanchored",0.25,1,0,"none","unadjusted",-0.3,2,1000,0.160894100816103,-0.004967363200466,0.01,0.02,0.00629600187735355
8,"unanchored",0.25,1,0,"none","unadjusted",-0.3,5,1000,0.160894100816103,-0.004967363200466,0.004,0.0200000000000003,0.0099849736954936
8,"unanchored",0.25,1,0,"none","unadjusted",-0.1,1,1000,0.160894100816103,-0.004967363200466,0.285,0.285,0.0142821209552005
8,"unanchored",0.25,1,0,"none","unadjusted",-0.1,2,1000,0.160894100816103,-0.004967363200466,0.142,0.284,0.0220869153987564
8,"unanchored",0.25,1,0,"none","unadjusted",-0.1,5,1000,0.160894100816103,-0.004967363200466,0.059,0.295,0.0372741782520338
8,"unanchored",0.25,1,0,"none","unadjusted",0.1,1,1000,0.160894100816103,-0.004967363200466,0.256,0.256,0.0138077751522342
8,"unanchored",0.25,1,0,"none","unadjusted",0.1,2,1000,0.160894100816103,-0.004967363200466,0.425,0.425,0.0156403203170401
8,"unanchored",0.25,1,0,"none","unadjusted",0.1,5,1000,0.160894100816103,-0.004967363200466,0.623,0.623,0.0153331701257799
8,"unanchored",0.25,1,0,"none","unadjusted",0.3,1,1000,0.160894100816103,-0.004967363200466,0.026,0.026,0.00503481373531825
8,"unanchored",0.25,1,0,"none","unadjusted",0.3,2,1000,0.160894100816103,-0.004967363200466,0.08,0.08,0.00858333697775365
8,"unanchored",0.25,1,0,"none","unadjusted",0.3,5,1000,0.160894100816103,-0.004967363200466,0.17,0.17,0.0118844958345417
9,"anchored",1,1,0,"none","gcomp",-0.3,1,1000,0.196276698161514,9.31744990910791e-05,0.06,0.06,0.00751375115747492
9,"anchored",1,1,0,"none","gcomp",-0.3,2,1000,0.196276698161514,9.31744990910791e-05,0.024,0.048,0.00968451288345407
9,"anchored",1,1,0,"none","gcomp",-0.3,5,1000,0.196276698161514,9.31744990910791e-05,0.009,0.045,0.0149398192157135
9,"anchored",1,1,0,"none","gcomp",-0.1,1,1000,0.196276698161514,9.31744990910791e-05,0.305,0.305,0.0145666463946644
9,"anchored",1,1,0,"none","gcomp",-0.1,2,1000,0.196276698161514,9.31744990910791e-05,0.168,0.336,0.0236572116629085
9,"anchored",1,1,0,"none","gcomp",-0.1,5,1000,0.196276698161514,9.31744990910791e-05,0.068,0.34,0.0398244395564583
9,"anchored",1,1,0,"none","gcomp",0.1,1,1000,0.196276698161514,9.31744990910791e-05,0.293,0.293,0.0143999429984413
9,"anchored",1,1,0,"none","gcomp",0.1,2,1000,0.196276698161514,9.31744990910791e-05,0.481,0.481,0.0158078742685058
9,"anchored",1,1,0,"none","gcomp",0.1,5,1000,0.196276698161514,9.31744990910791e-05,0.68,0.68,0.0147586523035749
9,"anchored",1,1,0,"none","gcomp",0.3,1,1000,0.196276698161514,9.31744990910791e-05,0.065,0.0649999999999998,0.00779973306183201
9,"anchored",1,1,0,"none","gcomp",0.3,2,1000,0.196276698161514,9.31744990910791e-05,0.138,0.138,0.0109121526325044
9,"anchored",1,1,0,"none","gcomp",0.3,5,1000,0.196276698161514,9.31744990910791e-05,0.277,0.277,0.0141587948453063
9,"anchored",1,1,0,"none","maic_index",-0.3,1,1000,0.204302495988835,0.00150755075133535,0.065,0.065,0.007799733061832
9,"anchored",1,1,0,"none","maic_index",-0.3,2,1000,0.204302495988835,0.00150755075133535,0.029,0.0580000000000001,0.010618321371514
9,"anchored",1,1,0,"none","maic_index",-0.3,5,1000,0.204302495988835,0.00150755075133535,0.009,0.045,0.0149398192157134
9,"anchored",1,1,0,"none","maic_index",-0.1,1,1000,0.204302495988835,0.00150755075133535,0.313,0.313,0.0146712728229779
9,"anchored",1,1,0,"none","maic_index",-0.1,2,1000,0.204302495988835,0.00150755075133535,0.163,0.326,0.0233724254254937
9,"anchored",1,1,0,"none","maic_index",-0.1,5,1000,0.204302495988835,0.00150755075133535,0.067,0.335,0.0395517299158881
9,"anchored",1,1,0,"none","maic_index",0.1,1,1000,0.204302495988835,0.00150755075133535,0.305,0.305,0.0145666463946644
9,"anchored",1,1,0,"none","maic_index",0.1,2,1000,0.204302495988835,0.00150755075133535,0.466,0.466,0.0157826833299376
9,"anchored",1,1,0,"none","maic_index",0.1,5,1000,0.204302495988835,0.00150755075133535,0.684,0.684,0.0147091930560571
9,"anchored",1,1,0,"none","maic_index",0.3,1,1000,0.204302495988835,0.00150755075133535,0.076,0.0760000000000001,0.00838416926679637
9,"anchored",1,1,0,"none","maic_index",0.3,2,1000,0.204302495988835,0.00150755075133535,0.159,0.159,0.0115694793682713
9,"anchored",1,1,0,"none","maic_index",0.3,5,1000,0.204302495988835,0.00150755075133535,0.304,0.304,0.0145532056879504
9,"anchored",1,1,0,"none","maic_means",-0.3,1,1000,0.204290717439284,0.00191433602259799,0.066,0.066,0.00785529793869758
9,"anchored",1,1,0,"none","maic_means",-0.3,2,1000,0.204290717439284,0.00191433602259799,0.029,0.0580000000000001,0.010618321371514
9,"anchored",1,1,0,"none","maic_means",-0.3,5,1000,0.204290717439284,0.00191433602259799,0.01,0.05,0.0157400046933839
9,"anchored",1,1,0,"none","maic_means",-0.1,1,1000,0.204290717439284,0.00191433602259799,0.305,0.305,0.0145666463946644
9,"anchored",1,1,0,"none","maic_means",-0.1,2,1000,0.204290717439284,0.00191433602259799,0.165,0.33,0.0234872657338323
9,"anchored",1,1,0,"none","maic_means",-0.1,5,1000,0.204290717439284,0.00191433602259799,0.068,0.34,0.0398244395564584
9,"anchored",1,1,0,"none","maic_means",0.1,1,1000,0.204290717439284,0.00191433602259799,0.302,0.302,0.0145260802354595
9,"anchored",1,1,0,"none","maic_means",0.1,2,1000,0.204290717439284,0.00191433602259799,0.465,0.465,0.0157804950500302
9,"anchored",1,1,0,"none","maic_means",0.1,5,1000,0.204290717439284,0.00191433602259799,0.69,0.69,0.0146326386586329
9,"anchored",1,1,0,"none","maic_means",0.3,1,1000,0.204290717439284,0.00191433602259799,0.077,0.077,0.00843458014024065
9,"anchored",1,1,0,"none","maic_means",0.3,2,1000,0.204290717439284,0.00191433602259799,0.158,0.158,0.0115398946775596
9,"anchored",1,1,0,"none","maic_means",0.3,5,1000,0.204290717439284,0.00191433602259799,0.3,0.3,0.0144986278733614
9,"anchored",1,1,0,"none","maic_meanvar",-0.3,1,1000,0.203978781821063,0.00140291543093107,0.067,0.067,0.00791034598317755
9,"anchored",1,1,0,"none","maic_meanvar",-0.3,2,1000,0.203978781821063,0.00140291543093107,0.029,0.0580000000000001,0.010618321371514
9,"anchored",1,1,0,"none","maic_meanvar",-0.3,5,1000,0.203978781821063,0.00140291543093107,0.01,0.05,0.0157400046933839
9,"anchored",1,1,0,"none","maic_meanvar",-0.1,1,1000,0.203978781821063,0.00140291543093107,0.299,0.299,0.0144847785212205
9,"anchored",1,1,0,"none","maic_meanvar",-0.1,2,1000,0.203978781821063,0.00140291543093107,0.166,0.332,0.0235442207416244
9,"anchored",1,1,0,"none","maic_meanvar",-0.1,5,1000,0.203978781821063,0.00140291543093107,0.071,0.355,0.0406278922124401
9,"anchored",1,1,0,"none","maic_meanvar",0.1,1,1000,0.203978781821063,0.00140291543093107,0.31,0.31,0.0146326386586329
9,"anchored",1,1,0,"none","maic_meanvar",0.1,2,1000,0.203978781821063,0.00140291543093107,0.468,0.468,0.015786868759359
9,"anchored",1,1,0,"none","maic_meanvar",0.1,5,1000,0.203978781821063,0.00140291543093107,0.697,0.697,0.0145396837105353
9,"anchored",1,1,0,"none","maic_meanvar",0.3,1,1000,0.203978781821063,0.00140291543093107,0.078,0.0779999999999999,0.00848457353011859
9,"anchored",1,1,0,"none","maic_meanvar",0.3,2,1000,0.203978781821063,0.00140291543093107,0.152,0.152,0.0113589183034754
9,"anchored",1,1,0,"none","maic_meanvar",0.3,5,1000,0.203978781821063,0.00140291543093107,0.305,0.305,0.0145666463946644
9,"anchored",1,1,0,"none","unadjusted",-0.3,1,1000,0.20443241927273,0.00246522728158572,0.068,0.068,0.0079648879112916
9,"anchored",1,1,0,"none","unadjusted",-0.3,2,1000,0.20443241927273,0.00246522728158572,0.027,0.0539999999999999,0.0102561780985506
9,"anchored",1,1,0,"none","unadjusted",-0.3,5,1000,0.20443241927273,0.00246522728158572,0.011,0.0550000000000001,0.0164999165830392
9,"anchored",1,1,0,"none","unadjusted",-0.1,1,1000,0.20443241927273,0.00246522728158572,0.302,0.302,0.0145260802354595
9,"anchored",1,1,0,"none","unadjusted",-0.1,2,1000,0.20443241927273,0.00246522728158572,0.168,0.336,0.0236572116629085
9,"anchored",1,1,0,"none","unadjusted",-0.1,5,1000,0.20443241927273,0.00246522728158572,0.069,0.345,0.0400946702515754
9,"anchored",1,1,0,"none","unadjusted",0.1,1,1000,0.20443241927273,0.00246522728158572,0.305,0.305,0.0145666463946644
9,"anchored",1,1,0,"none","unadjusted",0.1,2,1000,0.20443241927273,0.00246522728158572,0.47,0.47,0.0157907995158368
9,"anchored",1,1,0,"none","unadjusted",0.1,5,1000,0.20443241927273,0.00246522728158572,0.69,0.69,0.0146326386586329
9,"anchored",1,1,0,"none","unadjusted",0.3,1,1000,0.20443241927273,0.00246522728158572,0.079,0.0790000000000001,0.00853415677333346
9,"anchored",1,1,0,"none","unadjusted",0.3,2,1000,0.20443241927273,0.00246522728158572,0.161,0.161,0.0116281646967272
9,"anchored",1,1,0,"none","unadjusted",0.3,5,1000,0.20443241927273,0.00246522728158572,0.303,0.303,0.0145396837105352
10,"unanchored",1,1,0,"none","gcomp",-0.3,1,1000,0.145783280871714,-0.0104094286428621,0.022,0.0220000000000001,0.0046408552592747
10,"unanchored",1,1,0,"none","gcomp",-0.3,2,1000,0.145783280871714,-0.0104094286428621,0.013,0.026,0.00716766177880727
10,"unanchored",1,1,0,"none","gcomp",-0.3,5,1000,0.145783280871714,-0.0104094286428621,0,0,0
10,"unanchored",1,1,0,"none","gcomp",-0.1,1,1000,0.145783280871714,-0.0104094286428621,0.278,0.278,0.0141745164614852
10,"unanchored",1,1,0,"none","gcomp",-0.1,2,1000,0.145783280871714,-0.0104094286428621,0.151,0.302,0.0226563304466834
10,"unanchored",1,1,0,"none","gcomp",-0.1,5,1000,0.145783280871714,-0.0104094286428621,0.058,0.29,0.0369765772789652
10,"unanchored",1,1,0,"none","gcomp",0.1,1,1000,0.145783280871714,-0.0104094286428621,0.233,0.233,0.0133749725192201
10,"unanchored",1,1,0,"none","gcomp",0.1,2,1000,0.145783280871714,-0.0104094286428621,0.393,0.393,0.0154528246540815
10,"unanchored",1,1,0,"none","gcomp",0.1,5,1000,0.145783280871714,-0.0104094286428621,0.594,0.594,0.0155372264386346
10,"unanchored",1,1,0,"none","gcomp",0.3,1,1000,0.145783280871714,-0.0104094286428621,0.008,0.00799999999999999,0.00281850030050451
10,"unanchored",1,1,0,"none","gcomp",0.3,2,1000,0.145783280871714,-0.0104094286428621,0.038,0.0380000000000001,0.00604918115058494
10,"unanchored",1,1,0,"none","gcomp",0.3,5,1000,0.145783280871714,-0.0104094286428621,0.119,0.119,0.0102442151453367
10,"unanchored",1,1,0,"none","maic_index",-0.3,1,1000,0.146015586191957,-0.010313431133839,0.025,0.0250000000000001,0.00493957481969847
10,"unanchored",1,1,0,"none","maic_index",-0.3,2,1000,0.146015586191957,-0.010313431133839,0.01,0.02,0.00629600187735355
10,"unanchored",1,1,0,"none","maic_index",-0.3,5,1000,0.146015586191957,-0.010313431133839,0,0,0
10,"unanchored",1,1,0,"none","maic_index",-0.1,1,1000,0.146015586191957,-0.010313431133839,0.286,0.286,0.0142971468625179
10,"unanchored",1,1,0,"none","maic_index",-0.1,2,1000,0.146015586191957,-0.010313431133839,0.146,0.292,0.022343572570993
10,"unanchored",1,1,0,"none","maic_index",-0.1,5,1000,0.146015586191957,-0.010313431133839,0.054,0.27,0.0357544176064772
10,"unanchored",1,1,0,"none","maic_index",0.1,1,1000,0.146015586191957,-0.010313431133839,0.241,0.241,0.0135315225345154
10,"unanchored",1,1,0,"none","maic_index",0.1,2,1000,0.146015586191957,-0.010313431133839,0.392,0.392,0.0154458594637713
10,"unanchored",1,1,0,"none","maic_index",0.1,5,1000,0.146015586191957,-0.010313431133839,0.613,0.613,0.0154100119554939
10,"unanchored",1,1,0,"none","maic_index",0.3,1,1000,0.146015586191957,-0.010313431133839,0.011,0.011,0.00329998331660782
10,"unanchored",1,1,0,"none","maic_index",0.3,2,1000,0.146015586191957,-0.010313431133839,0.042,0.0420000000000001,0.00634635929303385
10,"unanchored",1,1,0,"none","maic_index",0.3,5,1000,0.146015586191957,-0.010313431133839,0.133,0.133,0.0107436691323973
10,"unanchored",1,1,0,"none","maic_means",-0.3,1,1000,0.146595123062808,-0.00924148202777083,0.025,0.0250000000000001,0.00493957481969846
10,"unanchored",1,1,0,"none","maic_means",-0.3,2,1000,0.146595123062808,-0.00924148202777083,0.009,0.0180000000000001,0.00597592768628535
10,"unanchored",1,1,0,"none","maic_means",-0.3,5,1000,0.146595123062808,-0.00924148202777083,0,0,0
10,"unanchored",1,1,0,"none","maic_means",-0.1,1,1000,0.146595123062808,-0.00924148202777083,0.275,0.275,0.0141270865564905
10,"unanchored",1,1,0,"none","maic_means",-0.1,2,1000,0.146595123062808,-0.00924148202777083,0.154,0.308,0.0228398261301974
10,"unanchored",1,1,0,"none","maic_means",-0.1,5,1000,0.146595123062808,-0.00924148202777083,0.053,0.265,0.0354405280862326
10,"unanchored",1,1,0,"none","maic_means",0.1,1,1000,0.146595123062808,-0.00924148202777083,0.247,0.247,0.0136446757813141
10,"unanchored",1,1,0,"none","maic_means",0.1,2,1000,0.146595123062808,-0.00924148202777083,0.391,0.391,0.0154388262946818
10,"unanchored",1,1,0,"none","maic_means",0.1,5,1000,0.146595123062808,-0.00924148202777083,0.61,0.61,0.0154317250538666
10,"unanchored",1,1,0,"none","maic_means",0.3,1,1000,0.146595123062808,-0.00924148202777083,0.01,0.00999999999999999,0.00314800093867676
10,"unanchored",1,1,0,"none","maic_means",0.3,2,1000,0.146595123062808,-0.00924148202777083,0.038,0.038,0.00604918115058493
10,"unanchored",1,1,0,"none","maic_means",0.3,5,1000,0.146595123062808,-0.00924148202777083,0.136,0.136,0.010845350230473
10,"unanchored",1,1,0,"none","maic_meanvar",-0.3,1,1000,0.14733234443994,-0.00950331224645461,0.026,0.026,0.00503481373531822
10,"unanchored",1,1,0,"none","maic_meanvar",-0.3,2,1000,0.14733234443994,-0.00950331224645461,0.01,0.02,0.00629600187735355
10,"unanchored",1,1,0,"none","maic_meanvar",-0.3,5,1000,0.14733234443994,-0.00950331224645461,0,0,0
10,"unanchored",1,1,0,"none","maic_meanvar",-0.1,1,1000,0.14733234443994,-0.00950331224645461,0.277,0.277,0.0141587948453063
10,"unanchored",1,1,0,"none","maic_meanvar",-0.1,2,1000,0.14733234443994,-0.00950331224645461,0.152,0.304,0.0227178366069506
10,"unanchored",1,1,0,"none","maic_meanvar",-0.1,5,1000,0.14733234443994,-0.00950331224645461,0.055,0.275,0.0360648814731956
10,"unanchored",1,1,0,"none","maic_meanvar",0.1,1,1000,0.14733234443994,-0.00950331224645461,0.241,0.241,0.0135315225345154
10,"unanchored",1,1,0,"none","maic_meanvar",0.1,2,1000,0.14733234443994,-0.00950331224645461,0.388,0.388,0.0154173179799111
10,"unanchored",1,1,0,"none","maic_meanvar",0.1,5,1000,0.14733234443994,-0.00950331224645461,0.622,0.622,0.0153411652540266
10,"unanchored",1,1,0,"none","maic_meanvar",0.3,1,1000,0.14733234443994,-0.00950331224645461,0.009,0.009,0.00298796384314266
10,"unanchored",1,1,0,"none","maic_meanvar",0.3,2,1000,0.14733234443994,-0.00950331224645461,0.046,0.046,0.00662781471738072
10,"unanchored",1,1,0,"none","maic_meanvar",0.3,5,1000,0.14733234443994,-0.00950331224645461,0.133,0.133,0.0107436691323973
10,"unanchored",1,1,0,"none","unadjusted",-0.3,1,1000,0.152177940308709,-0.010249439162316,0.037,0.0370000000000001,0.00597215762238964
10,"unanchored",1,1,0,"none","unadjusted",-0.3,2,1000,0.152177940308709,-0.010249439162316,0.009,0.0180000000000001,0.00597592768628536
10,"unanchored",1,1,0,"none","unadjusted",-0.3,5,1000,0.152177940308709,-0.010249439162316,0.001,0.00500000000000006,0.00500000000000002
10,"unanchored",1,1,0,"none","unadjusted",-0.1,1,1000,0.152177940308709,-0.010249439162316,0.278,0.278,0.0141745164614853
10,"unanchored",1,1,0,"none","unadjusted",-0.1,2,1000,0.152177940308709,-0.010249439162316,0.162,0.324,0.0233145355426089
10,"unanchored",1,1,0,"none","unadjusted",-0.1,5,1000,0.152177940308709,-0.010249439162316,0.057,0.285,0.0366758792685344
10,"unanchored",1,1,0,"none","unadjusted",0.1,1,1000,0.152177940308709,-0.010249439162316,0.254,0.254,0.0137722065651685
10,"unanchored",1,1,0,"none","unadjusted",0.1,2,1000,0.152177940308709,-0.010249439162316,0.405,0.405,0.0155311369904531
10,"unanchored",1,1,0,"none","unadjusted",0.1,5,1000,0.152177940308709,-0.010249439162316,0.602,0.602,0.0154866341028589
10,"unanchored",1,1,0,"none","unadjusted",0.3,1,1000,0.152177940308709,-0.010249439162316,0.016,0.016,0.00396985639031943
10,"unanchored",1,1,0,"none","unadjusted",0.3,2,1000,0.152177940308709,-0.010249439162316,0.045,0.0450000000000001,0.00655881224140616
10,"unanchored",1,1,0,"none","unadjusted",0.3,5,1000,0.152177940308709,-0.010249439162316,0.145,0.145,0.0111399775178901
11,"anchored",4,1,0,"none","gcomp",-0.3,1,1000,0.171978489906044,0.00213551400300012,0.04,0.04,0.00619987406633706
11,"anchored",4,1,0,"none","gcomp",-0.3,2,1000,0.171978489906044,0.00213551400300012,0.014,0.028,0.00743446509651314
11,"anchored",4,1,0,"none","gcomp",-0.3,5,1000,0.171978489906044,0.00213551400300012,0.001,0.00500000000000006,0.00500000000000007
11,"anchored",4,1,0,"none","gcomp",-0.1,1,1000,0.171978489906044,0.00213551400300012,0.28,0.28,0.0142056961040914
11,"anchored",4,1,0,"none","gcomp",-0.1,2,1000,0.171978489906044,0.00213551400300012,0.151,0.302,0.0226563304466833
11,"anchored",4,1,0,"none","gcomp",-0.1,5,1000,0.171978489906044,0.00213551400300012,0.061,0.305,0.0378603804577871
11,"anchored",4,1,0,"none","gcomp",0.1,1,1000,0.171978489906044,0.00213551400300012,0.292,0.292,0.0143855115634773
11,"anchored",4,1,0,"none","gcomp",0.1,2,1000,0.171978489906044,0.00213551400300012,0.454,0.454,0.0157522103887719
11,"anchored",4,1,0,"none","gcomp",0.1,5,1000,0.171978489906044,0.00213551400300012,0.645,0.645,0.0151394915437805
11,"anchored",4,1,0,"none","gcomp",0.3,1,1000,0.171978489906044,0.00213551400300012,0.039,0.0390000000000001,0.00612507277642607
11,"anchored",4,1,0,"none","gcomp",0.3,2,1000,0.171978489906044,0.00213551400300012,0.096,0.0959999999999999,0.00932045443478321
11,"anchored",4,1,0,"none","gcomp",0.3,5,1000,0.171978489906044,0.00213551400300012,0.217,0.217,0.0130415137572707
11,"anchored",4,1,0,"none","maic_index",-0.3,1,1000,0.191154402742918,0.00386525090683374,0.056,0.056,0.00727440148169709
11,"anchored",4,1,0,"none","maic_index",-0.3,2,1000,0.191154402742918,0.00386525090683374,0.028,0.056,0.0104390120688201
11,"anchored",4,1,0,"none","maic_index",-0.3,5,1000,0.191154402742918,0.00386525090683374,0.005,0.0249999999999999,0.0111579343742244
11,"anchored",4,1,0,"none","maic_index",-0.1,1,1000,0.191154402742918,0.00386525090683374,0.295,0.295,0.0144285544384455
11,"anchored",4,1,0,"none","maic_index",-0.1,2,1000,0.191154402742918,0.00386525090683374,0.147,0.294,0.0224068307903207
11,"anchored",4,1,0,"none","maic_index",-0.1,5,1000,0.191154402742918,0.00386525090683374,0.063,0.315,0.0384350393814323
11,"anchored",4,1,0,"none","maic_index",0.1,1,1000,0.191154402742918,0.00386525090683374,0.292,0.292,0.0143855115634773
11,"anchored",4,1,0,"none","maic_index",0.1,2,1000,0.191154402742918,0.00386525090683374,0.479,0.479,0.0158053411481313
11,"anchored",4,1,0,"none","maic_index",0.1,5,1000,0.191154402742918,0.00386525090683374,0.683,0.683,0.0147216754388802
11,"anchored",4,1,0,"none","maic_index",0.3,1,1000,0.191154402742918,0.00386525090683374,0.063,0.063,0.00768700787628642
11,"anchored",4,1,0,"none","maic_index",0.3,2,1000,0.191154402742918,0.00386525090683374,0.13,0.13,0.0106401697924994
11,"anchored",4,1,0,"none","maic_index",0.3,5,1000,0.191154402742918,0.00386525090683374,0.271,0.271,0.0140626013509862
11,"anchored",4,1,0,"none","maic_means",-0.3,1,1000,0.190976412544953,0.00418132615001921,0.055,0.0550000000000001,0.00721297629463924
11,"anchored",4,1,0,"none","maic_means",-0.3,2,1000,0.190976412544953,0.00418132615001921,0.026,0.0520000000000001,0.0100696274706365
11,"anchored",4,1,0,"none","maic_means",-0.3,5,1000,0.190976412544953,0.00418132615001921,0.006,0.03,0.0122167609966493
11,"anchored",4,1,0,"none","maic_means",-0.1,1,1000,0.190976412544953,0.00418132615001921,0.297,0.297,0.0144568322948011
11,"anchored",4,1,0,"none","maic_means",-0.1,2,1000,0.190976412544953,0.00418132615001921,0.15,0.3,0.0225944796468186
11,"anchored",4,1,0,"none","maic_means",-0.1,5,1000,0.190976412544953,0.00418132615001921,0.061,0.305,0.0378603804577871
11,"anchored",4,1,0,"none","maic_means",0.1,1,1000,0.190976412544953,0.00418132615001921,0.292,0.292,0.0143855115634773
11,"anchored",4,1,0,"none","maic_means",0.1,2,1000,0.190976412544953,0.00418132615001921,0.48,0.48,0.0158066394230352
11,"anchored",4,1,0,"none","maic_means",0.1,5,1000,0.190976412544953,0.00418132615001921,0.687,0.687,0.0146712728229779
11,"anchored",4,1,0,"none","maic_means",0.3,1,1000,0.190976412544953,0.00418132615001921,0.066,0.066,0.00785529793869758
11,"anchored",4,1,0,"none","maic_means",0.3,2,1000,0.190976412544953,0.00418132615001921,0.131,0.131,0.010674874844838
11,"anchored",4,1,0,"none","maic_means",0.3,5,1000,0.190976412544953,0.00418132615001921,0.272,0.272,0.0140788569924626
11,"anchored",4,1,0,"none","maic_meanvar",-0.3,1,1000,0.190891802307437,0.00356970509449451,0.054,0.054,0.00715088352129544
11,"anchored",4,1,0,"none","maic_meanvar",-0.3,2,1000,0.190891802307437,0.00356970509449451,0.026,0.052,0.0100696274706365
11,"anchored",4,1,0,"none","maic_meanvar",-0.3,5,1000,0.190891802307437,0.00356970509449451,0.007,0.0349999999999999,0.0131889707312191
11,"anchored",4,1,0,"none","maic_meanvar",-0.1,1,1000,0.190891802307437,0.00356970509449451,0.295,0.295,0.0144285544384455
11,"anchored",4,1,0,"none","maic_meanvar",-0.1,2,1000,0.190891802307437,0.00356970509449451,0.152,0.304,0.0227178366069507
11,"anchored",4,1,0,"none","maic_meanvar",-0.1,5,1000,0.190891802307437,0.00356970509449451,0.065,0.325,0.03899866530916
11,"anchored",4,1,0,"none","maic_meanvar",0.1,1,1000,0.190891802307437,0.00356970509449451,0.289,0.289,0.0143417113582962
11,"anchored",4,1,0,"none","maic_meanvar",0.1,2,1000,0.190891802307437,0.00356970509449451,0.484,0.484,0.0158111983731149
11,"anchored",4,1,0,"none","maic_meanvar",0.1,5,1000,0.190891802307437,0.00356970509449451,0.682,0.682,0.0147340793093119
11,"anchored",4,1,0,"none","maic_meanvar",0.3,1,1000,0.190891802307437,0.00356970509449451,0.063,0.063,0.00768700787628642
11,"anchored",4,1,0,"none","maic_meanvar",0.3,2,1000,0.190891802307437,0.00356970509449451,0.128,0.128,0.0105701337611087
11,"anchored",4,1,0,"none","maic_meanvar",0.3,5,1000,0.190891802307437,0.00356970509449451,0.263,0.263,0.0139292865942597
11,"anchored",4,1,0,"none","unadjusted",-0.3,1,1000,0.190367673446336,0.00445217318348392,0.056,0.056,0.00727440148169709
11,"anchored",4,1,0,"none","unadjusted",-0.3,2,1000,0.190367673446336,0.00445217318348392,0.024,0.048,0.00968451288345415
11,"anchored",4,1,0,"none","unadjusted",-0.3,5,1000,0.190367673446336,0.00445217318348392,0.007,0.0349999999999999,0.0131889707312191
11,"anchored",4,1,0,"none","unadjusted",-0.1,1,1000,0.190367673446336,0.00445217318348392,0.296,0.296,0.014442734941575
11,"anchored",4,1,0,"none","unadjusted",-0.1,2,1000,0.190367673446336,0.00445217318348392,0.148,0.296,0.0224697327284705
11,"anchored",4,1,0,"none","unadjusted",-0.1,5,1000,0.190367673446336,0.00445217318348392,0.061,0.305,0.0378603804577871
11,"anchored",4,1,0,"none","unadjusted",0.1,1,1000,0.190367673446336,0.00445217318348392,0.292,0.292,0.0143855115634773
11,"anchored",4,1,0,"none","unadjusted",0.1,2,1000,0.190367673446336,0.00445217318348392,0.478,0.478,0.015803979428162
11,"anchored",4,1,0,"none","unadjusted",0.1,5,1000,0.190367673446336,0.00445217318348392,0.682,0.682,0.0147340793093119
11,"anchored",4,1,0,"none","unadjusted",0.3,1,1000,0.190367673446336,0.00445217318348392,0.065,0.065,0.00779973306183201
11,"anchored",4,1,0,"none","unadjusted",0.3,2,1000,0.190367673446336,0.00445217318348392,0.129,0.129,0.0106052567847966
11,"anchored",4,1,0,"none","unadjusted",0.3,5,1000,0.190367673446336,0.00445217318348392,0.268,0.268,0.0140132927027295
12,"unanchored",4,1,0,"none","gcomp",-0.3,1,1000,0.122440698681436,-0.00140102672953941,0.011,0.011,0.00329998331660782
12,"unanchored",4,1,0,"none","gcomp",-0.3,2,1000,0.122440698681436,-0.00140102672953941,0.002,0.004,0.00282701114111564
12,"unanchored",4,1,0,"none","gcomp",-0.3,5,1000,0.122440698681436,-0.00140102672953941,0.001,0.00500000000000007,0.00500000000000001
12,"unanchored",4,1,0,"none","gcomp",-0.1,1,1000,0.122440698681436,-0.00140102672953941,0.203,0.203,0.0127260737445983
12,"unanchored",4,1,0,"none","gcomp",-0.1,2,1000,0.122440698681436,-0.00140102672953941,0.102,0.204,0.0191507376033078
12,"unanchored",4,1,0,"none","gcomp",-0.1,5,1000,0.122440698681436,-0.00140102672953941,0.039,0.195,0.0306253638821302
12,"unanchored",4,1,0,"none","gcomp",0.1,1,1000,0.122440698681436,-0.00140102672953941,0.21,0.21,0.0128866623322745
12,"unanchored",4,1,0,"none","gcomp",0.1,2,1000,0.122440698681436,-0.00140102672953941,0.343,0.343,0.015019206922357
12,"unanchored",4,1,0,"none","gcomp",0.1,5,1000,0.122440698681436,-0.00140102672953941,0.582,0.582,0.0156051119675419
12,"unanchored",4,1,0,"none","gcomp",0.3,1,1000,0.122440698681436,-0.00140102672953941,0.006,0.006,0.00244335219932984
12,"unanchored",4,1,0,"none","gcomp",0.3,2,1000,0.122440698681436,-0.00140102672953941,0.019,0.019,0.00431945108291061
12,"unanchored",4,1,0,"none","gcomp",0.3,5,1000,0.122440698681436,-0.00140102672953941,0.066,0.066,0.00785529793869758
12,"unanchored",4,1,0,"none","maic_index",-0.3,1,1000,0.122230972213823,-0.00174305571858616,0.01,0.00999999999999999,0.00314800093867677
12,"unanchored",4,1,0,"none","maic_index",-0.3,2,1000,0.122230972213823,-0.00174305571858616,0.001,0.002,0.002
12,"unanchored",4,1,0,"none","maic_index",-0.3,5,1000,0.122230972213823,-0.00174305571858616,0,0,0
12,"unanchored",4,1,0,"none","maic_index",-0.1,1,1000,0.122230972213823,-0.00174305571858616,0.209,0.209,0.0128640772884993
12,"unanchored",4,1,0,"none","maic_index",-0.1,2,1000,0.122230972213823,-0.00174305571858616,0.1,0.2,0.0189831599150501
12,"unanchored",4,1,0,"none","maic_index",-0.1,5,1000,0.122230972213823,-0.00174305571858616,0.033,0.165,0.0282590441022619
12,"unanchored",4,1,0,"none","maic_index",0.1,1,1000,0.122230972213823,-0.00174305571858616,0.201,0.201,0.0126791072146173
12,"unanchored",4,1,0,"none","maic_index",0.1,2,1000,0.122230972213823,-0.00174305571858616,0.382,0.382,0.0153724530349685
12,"unanchored",4,1,0,"none","maic_index",0.1,5,1000,0.122230972213823,-0.00174305571858616,0.623,0.623,0.0153331701257799
12,"unanchored",4,1,0,"none","maic_index",0.3,1,1000,0.122230972213823,-0.00174305571858616,0.006,0.006,0.00244335219932984
12,"unanchored",4,1,0,"none","maic_index",0.3,2,1000,0.122230972213823,-0.00174305571858616,0.025,0.0250000000000001,0.00493957481969846
12,"unanchored",4,1,0,"none","maic_index",0.3,5,1000,0.122230972213823,-0.00174305571858616,0.08,0.08,0.00858333697775365
12,"unanchored",4,1,0,"none","maic_means",-0.3,1,1000,0.123112887232613,-0.000711178134028108,0.011,0.011,0.00329998331660782
12,"unanchored",4,1,0,"none","maic_means",-0.3,2,1000,0.123112887232613,-0.000711178134028108,0.002,0.004,0.00282701114111564
12,"unanchored",4,1,0,"none","maic_means",-0.3,5,1000,0.123112887232613,-0.000711178134028108,0,0,0
12,"unanchored",4,1,0,"none","maic_means",-0.1,1,1000,0.123112887232613,-0.000711178134028108,0.213,0.213,0.0129537175667372
12,"unanchored",4,1,0,"none","maic_means",-0.1,2,1000,0.123112887232613,-0.000711178134028108,0.097,0.194,0.0187273787464962
12,"unanchored",4,1,0,"none","maic_means",-0.1,5,1000,0.123112887232613,-0.000711178134028108,0.03,0.15,0.0269857041454958
12,"unanchored",4,1,0,"none","maic_means",0.1,1,1000,0.123112887232613,-0.000711178134028108,0.208,0.208,0.0128413745720969
12,"unanchored",4,1,0,"none","maic_means",0.1,2,1000,0.123112887232613,-0.000711178134028108,0.38,0.38,0.0153569474777976
12,"unanchored",4,1,0,"none","maic_means",0.1,5,1000,0.123112887232613,-0.000711178134028108,0.626,0.626,0.0153087673690064
12,"unanchored",4,1,0,"none","maic_means",0.3,1,1000,0.123112887232613,-0.000711178134028108,0.007,0.00700000000000002,0.00263779414624378
12,"unanchored",4,1,0,"none","maic_means",0.3,2,1000,0.123112887232613,-0.000711178134028108,0.019,0.019,0.00431945108291061
12,"unanchored",4,1,0,"none","maic_means",0.3,5,1000,0.123112887232613,-0.000711178134028108,0.086,0.086,0.00887032596259477
12,"unanchored",4,1,0,"none","maic_meanvar",-0.3,1,1000,0.122771631512282,-0.00162259974055455,0.009,0.00900000000000004,0.00298796384314266
12,"unanchored",4,1,0,"none","maic_meanvar",-0.3,2,1000,0.122771631512282,-0.00162259974055455,0.002,0.004,0.00282701114111564
12,"unanchored",4,1,0,"none","maic_meanvar",-0.3,5,1000,0.122771631512282,-0.00162259974055455,0,0,0
12,"unanchored",4,1,0,"none","maic_meanvar",-0.1,1,1000,0.122771631512282,-0.00162259974055455,0.217,0.217,0.0130415137572707
12,"unanchored",4,1,0,"none","maic_meanvar",-0.1,2,1000,0.122771631512282,-0.00162259974055455,0.093,0.186,0.0183777512699934
12,"unanchored",4,1,0,"none","maic_meanvar",-0.1,5,1000,0.122771631512282,-0.00162259974055455,0.033,0.165000000000001,0.028259044102262
12,"unanchored",4,1,0,"none","maic_meanvar",0.1,1,1000,0.122771631512282,-0.00162259974055455,0.205,0.205,0.0127725540961131
12,"unanchored",4,1,0,"none","maic_meanvar",0.1,2,1000,0.122771631512282,-0.00162259974055455,0.38,0.38,0.0153569474777976
12,"unanchored",4,1,0,"none","maic_meanvar",0.1,5,1000,0.122771631512282,-0.00162259974055455,0.619,0.619,0.0153647347870074
12,"unanchored",4,1,0,"none","maic_meanvar",0.3,1,1000,0.122771631512282,-0.00162259974055455,0.007,0.00700000000000002,0.00263779414624378
12,"unanchored",4,1,0,"none","maic_meanvar",0.3,2,1000,0.122771631512282,-0.00162259974055455,0.022,0.022,0.0046408552592747
12,"unanchored",4,1,0,"none","maic_meanvar",0.3,5,1000,0.122771631512282,-0.00162259974055455,0.082,0.0820000000000001,0.0086805156155237
12,"unanchored",4,1,0,"none","unadjusted",-0.3,1,1000,0.142897779576788,0.000657092556610726,0.023,0.023,0.0047427305946568
12,"unanchored",4,1,0,"none","unadjusted",-0.3,2,1000,0.142897779576788,0.000657092556610726,0.005,0.01,0.00446317374968977
12,"unanchored",4,1,0,"none","unadjusted",-0.3,5,1000,0.142897779576788,0.000657092556610726,0.001,0.00500000000000007,0.00500000000000007
12,"unanchored",4,1,0,"none","unadjusted",-0.1,1,1000,0.142897779576788,0.000657092556610726,0.244,0.244,0.0135885484378814
12,"unanchored",4,1,0,"none","unadjusted",-0.1,2,1000,0.142897779576788,0.000657092556610726,0.123,0.246,0.0207825868436998
12,"unanchored",4,1,0,"none","unadjusted",-0.1,5,1000,0.142897779576788,0.000657092556610726,0.054,0.27,0.0357544176064771
12,"unanchored",4,1,0,"none","unadjusted",0.1,1,1000,0.142897779576788,0.000657092556610726,0.238,0.238,0.0134735866619672
12,"unanchored",4,1,0,"none","unadjusted",0.1,2,1000,0.142897779576788,0.000657092556610726,0.399,0.399,0.0154931933131629
12,"unanchored",4,1,0,"none","unadjusted",0.1,5,1000,0.142897779576788,0.000657092556610726,0.603,0.603,0.015480007449308
12,"unanchored",4,1,0,"none","unadjusted",0.3,1,1000,0.142897779576788,0.000657092556610726,0.016,0.016,0.00396985639031941
12,"unanchored",4,1,0,"none","unadjusted",0.3,2,1000,0.142897779576788,0.000657092556610726,0.039,0.039,0.00612507277642612
12,"unanchored",4,1,0,"none","unadjusted",0.3,5,1000,0.142897779576788,0.000657092556610726,0.134,0.134,0.0107777622983697
13,"anchored",0.25,2,0,"none","gcomp",-0.3,1,1000,0.214165737899125,-0.00436515676177053,0.079,0.0790000000000001,0.00853415677333345
13,"anchored",0.25,2,0,"none","gcomp",-0.3,2,1000,0.214165737899125,-0.00436515676177053,0.042,0.084,0.0126927185860677
13,"anchored",0.25,2,0,"none","gcomp",-0.3,5,1000,0.214165737899125,-0.00436515676177053,0.012,0.06,0.0172248859704992
13,"anchored",0.25,2,0,"none","gcomp",-0.1,1,1000,0.214165737899125,-0.00436515676177053,0.311,0.311,0.0146455963857227
13,"anchored",0.25,2,0,"none","gcomp",-0.1,2,1000,0.214165737899125,-0.00436515676177053,0.191,0.382,0.024873574224359
13,"anchored",0.25,2,0,"none","gcomp",-0.1,5,1000,0.214165737899125,-0.00436515676177053,0.077,0.384999999999999,0.0421729007012029
13,"anchored",0.25,2,0,"none","gcomp",0.1,1,1000,0.214165737899125,-0.00436515676177053,0.309,0.309,0.0146196009772065
13,"anchored",0.25,2,0,"none","gcomp",0.1,2,1000,0.214165737899125,-0.00436515676177053,0.471,0.471,0.0157926694516289
13,"anchored",0.25,2,0,"none","gcomp",0.1,5,1000,0.214165737899125,-0.00436515676177053,0.694,0.694,0.014580006055437
13,"anchored",0.25,2,0,"none","gcomp",0.3,1,1000,0.214165737899125,-0.00436515676177053,0.075,0.0749999999999999,0.00833333333333335
13,"anchored",0.25,2,0,"none","gcomp",0.3,2,1000,0.214165737899125,-0.00436515676177053,0.152,0.152,0.0113589183034753
13,"anchored",0.25,2,0,"none","gcomp",0.3,5,1000,0.214165737899125,-0.00436515676177053,0.314,0.314,0.014683991951088
13,"anchored",0.25,2,0,"none","maic_index",-0.3,1,1000,0.226649312768772,-0.00533138409110865,0.096,0.096,0.00932045443478322
13,"anchored",0.25,2,0,"none","maic_index",-0.3,2,1000,0.226649312768772,-0.00533138409110865,0.038,0.076,0.0120983623011699
13,"anchored",0.25,2,0,"none","maic_index",-0.3,5,1000,0.226649312768772,-0.00533138409110865,0.016,0.08,0.019849281951597
13,"anchored",0.25,2,0,"none","maic_index",-0.1,1,1000,0.226649312768772,-0.00533138409110865,0.324,0.324,0.0148068647337389
13,"anchored",0.25,2,0,"none","maic_index",-0.1,2,1000,0.226649312768772,-0.00533138409110865,0.203,0.406,0.0254521474891966
13,"anchored",0.25,2,0,"none","maic_index",-0.1,5,1000,0.226649312768772,-0.00533138409110865,0.086,0.43,0.0443516298129736
13,"anchored",0.25,2,0,"none","maic_index",0.1,1,1000,0.226649312768772,-0.00533138409110865,0.319,0.319,0.0147464048654735
13,"anchored",0.25,2,0,"none","maic_index",0.1,2,1000,0.226649312768772,-0.00533138409110865,0.485,0.485,0.0158121796418149
13,"anchored",0.25,2,0,"none","maic_index",0.1,5,1000,0.226649312768772,-0.00533138409110865,0.698,0.698,0.0145260802354596
13,"anchored",0.25,2,0,"none","maic_index",0.3,1,1000,0.226649312768772,-0.00533138409110865,0.086,0.0859999999999999,0.00887032596259477
13,"anchored",0.25,2,0,"none","maic_index",0.3,2,1000,0.226649312768772,-0.00533138409110865,0.175,0.175,0.012021627157732
13,"anchored",0.25,2,0,"none","maic_index",0.3,5,1000,0.226649312768772,-0.00533138409110865,0.331,0.331,0.0148882725882039
13,"anchored",0.25,2,0,"none","maic_means",-0.3,1,1000,0.217317801497544,-0.0352717931704232,0.107,0.107,0.00977991035984717
13,"anchored",0.25,2,0,"none","maic_means",-0.3,2,1000,0.217317801497544,-0.0352717931704232,0.046,0.092,0.0132556294347614
13,"anchored",0.25,2,0,"none","maic_means",-0.3,5,1000,0.217317801497544,-0.0352717931704232,0.016,0.08,0.019849281951597
13,"anchored",0.25,2,0,"none","maic_means",-0.1,1,1000,0.217317801497544,-0.0352717931704232,0.368,0.368,0.0152580735615218
13,"anchored",0.25,2,0,"none","maic_means",-0.1,2,1000,0.217317801497544,-0.0352717931704232,0.237,0.474,0.0269081409251559
13,"anchored",0.25,2,0,"none","maic_means",-0.1,5,1000,0.217317801497544,-0.0352717931704232,0.105,0.525000000000001,0.0484946051301251
13,"anchored",0.25,2,0,"none","maic_means",0.1,1,1000,0.217317801497544,-0.0352717931704232,0.25,0.25,0.0136999156087798
13,"anchored",0.25,2,0,"none","maic_means",0.1,2,1000,0.217317801497544,-0.0352717931704232,0.413,0.413,0.0155779868299365
13,"anchored",0.25,2,0,"none","maic_means",0.1,5,1000,0.217317801497544,-0.0352717931704232,0.633,0.633,0.0152493784641718
13,"anchored",0.25,2,0,"none","maic_means",0.3,1,1000,0.217317801497544,-0.0352717931704232,0.061,0.061,0.00757207609155743
13,"anchored",0.25,2,0,"none","maic_means",0.3,2,1000,0.217317801497544,-0.0352717931704232,0.121,0.121,0.0103182103809461
13,"anchored",0.25,2,0,"none","maic_means",0.3,5,1000,0.217317801497544,-0.0352717931704232,0.255,0.255,0.0137900386208728
13,"anchored",0.25,2,0,"none","maic_meanvar",-0.3,1,1000,0.244118223600353,-0.00339562906745821,0.113,0.113,0.0100165528666969
13,"anchored",0.25,2,0,"none","maic_meanvar",-0.3,2,1000,0.244118223600353,-0.00339562906745821,0.052,0.104,0.0140492484276343
13,"anchored",0.25,2,0,"none","maic_meanvar",-0.3,5,1000,0.244118223600353,-0.00339562906745821,0.018,0.0900000000000001,0.0210319362480574
13,"anchored",0.25,2,0,"none","maic_meanvar",-0.1,1,1000,0.244118223600353,-0.00339562906745821,0.324,0.324,0.0148068647337389
13,"anchored",0.25,2,0,"none","maic_meanvar",-0.1,2,1000,0.244118223600353,-0.00339562906745821,0.204,0.408,0.0254987487180488
13,"anchored",0.25,2,0,"none","maic_meanvar",-0.1,5,1000,0.244118223600353,-0.00339562906745821,0.093,0.465,0.0459443781749829
13,"anchored",0.25,2,0,"none","maic_meanvar",0.1,1,1000,0.244118223600353,-0.00339562906745821,0.325,0.325,0.0148187244590955
13,"anchored",0.25,2,0,"none","maic_meanvar",0.1,2,1000,0.244118223600353,-0.00339562906745821,0.505,0.505,0.0158185089444366
13,"anchored",0.25,2,0,"none","maic_meanvar",0.1,5,1000,0.244118223600353,-0.00339562906745821,0.714,0.714,0.0142971468625179
13,"anchored",0.25,2,0,"none","maic_meanvar",0.3,1,1000,0.244118223600353,-0.00339562906745821,0.101,0.101,0.00953361892934098
13,"anchored",0.25,2,0,"none","maic_meanvar",0.3,2,1000,0.244118223600353,-0.00339562906745821,0.183,0.183,0.0122335873994778
13,"anchored",0.25,2,0,"none","maic_meanvar",0.3,5,1000,0.244118223600353,-0.00339562906745821,0.384,0.384,0.0153876827618971
13,"anchored",0.25,2,0,"none","unadjusted",-0.3,1,1000,0.216965631199374,-0.0354123579095913,0.109,0.109,0.0098598284070372
13,"anchored",0.25,2,0,"none","unadjusted",-0.3,2,1000,0.216965631199374,-0.0354123579095913,0.046,0.092,0.0132556294347614
13,"anchored",0.25,2,0,"none","unadjusted",-0.3,5,1000,0.216965631199374,-0.0354123579095913,0.017,0.0849999999999998,0.0204497724484454
13,"anchored",0.25,2,0,"none","unadjusted",-0.1,1,1000,0.216965631199374,-0.0354123579095913,0.37,0.37,0.0152752523165194
13,"anchored",0.25,2,0,"none","unadjusted",-0.1,2,1000,0.216965631199374,-0.0354123579095913,0.238,0.476,0.0269471733239345
13,"anchored",0.25,2,0,"none","unadjusted",-0.1,5,1000,0.216965631199374,-0.0354123579095913,0.106,0.53,0.0486977563289263
13,"anchored",0.25,2,0,"none","unadjusted",0.1,1,1000,0.216965631199374,-0.0354123579095913,0.252,0.252,0.0137362543906511
13,"anchored",0.25,2,0,"none","unadjusted",0.1,2,1000,0.216965631199374,-0.0354123579095913,0.416,0.416,0.0155944601441406
13,"anchored",0.25,2,0,"none","unadjusted",0.1,5,1000,0.216965631199374,-0.0354123579095913,0.633,0.633,0.0152493784641718
13,"anchored",0.25,2,0,"none","unadjusted",0.3,1,1000,0.216965631199374,-0.0354123579095913,0.059,0.059,0.00745483565040672
13,"anchored",0.25,2,0,"none","unadjusted",0.3,2,1000,0.216965631199374,-0.0354123579095913,0.12,0.12,0.0102813280127474
13,"anchored",0.25,2,0,"none","unadjusted",0.3,5,1000,0.216965631199374,-0.0354123579095913,0.253,0.253,0.0137542786135871
14,"unanchored",0.25,2,0,"none","gcomp",-0.3,1,1000,0.162732269848758,-0.000149717787589632,0.028,0.028,0.00521950603441004
14,"unanchored",0.25,2,0,"none","gcomp",-0.3,2,1000,0.162732269848758,-0.000149717787589632,0.008,0.016,0.00563700060100901
14,"unanchored",0.25,2,0,"none","gcomp",-0.3,5,1000,0.162732269848758,-0.000149717787589632,0.002,0.0100000000000001,0.00706752785278918
14,"unanchored",0.25,2,0,"none","gcomp",-0.1,1,1000,0.162732269848758,-0.000149717787589632,0.278,0.278,0.0141745164614852
14,"unanchored",0.25,2,0,"none","gcomp",-0.1,2,1000,0.162732269848758,-0.000149717787589632,0.156,0.312,0.0229604700122447
14,"unanchored",0.25,2,0,"none","gcomp",-0.1,5,1000,0.162732269848758,-0.000149717787589632,0.061,0.305,0.037860380457787
14,"unanchored",0.25,2,0,"none","gcomp",0.1,1,1000,0.162732269848758,-0.000149717787589632,0.274,0.274,0.0141110992882596
14,"unanchored",0.25,2,0,"none","gcomp",0.1,2,1000,0.162732269848758,-0.000149717787589632,0.438,0.438,0.0156972100196947
14,"unanchored",0.25,2,0,"none","gcomp",0.1,5,1000,0.162732269848758,-0.000149717787589632,0.628,0.628,0.0152921499420406
14,"unanchored",0.25,2,0,"none","gcomp",0.3,1,1000,0.162732269848758,-0.000149717787589632,0.027,0.027,0.00512808904927529
14,"unanchored",0.25,2,0,"none","gcomp",0.3,2,1000,0.162732269848758,-0.000149717787589632,0.079,0.079,0.00853415677333345
14,"unanchored",0.25,2,0,"none","gcomp",0.3,5,1000,0.162732269848758,-0.000149717787589632,0.2,0.2,0.0126554399433667
14,"unanchored",0.25,2,0,"none","maic_index",-0.3,1,1000,0.168091799214862,-0.000242889402933985,0.037,0.037,0.00597215762238965
14,"unanchored",0.25,2,0,"none","maic_index",-0.3,2,1000,0.168091799214862,-0.000242889402933985,0.008,0.016,0.00563700060100901
14,"unanchored",0.25,2,0,"none","maic_index",-0.3,5,1000,0.168091799214862,-0.000242889402933985,0.002,0.0100000000000001,0.00706752785278918
14,"unanchored",0.25,2,0,"none","maic_index",-0.1,1,1000,0.168091799214862,-0.000242889402933985,0.287,0.287,0.01431208705381
14,"unanchored",0.25,2,0,"none","maic_index",-0.1,2,1000,0.168091799214862,-0.000242889402933985,0.164,0.328,0.0234300013863626
14,"unanchored",0.25,2,0,"none","maic_index",-0.1,5,1000,0.168091799214862,-0.000242889402933985,0.061,0.305,0.0378603804577869
14,"unanchored",0.25,2,0,"none","maic_index",0.1,1,1000,0.168091799214862,-0.000242889402933985,0.303,0.303,0.0145396837105352
14,"unanchored",0.25,2,0,"none","maic_index",0.1,2,1000,0.168091799214862,-0.000242889402933985,0.443,0.443,0.0157161699532041
14,"unanchored",0.25,2,0,"none","maic_index",0.1,5,1000,0.168091799214862,-0.000242889402933985,0.636,0.636,0.015222868840522
14,"unanchored",0.25,2,0,"none","maic_index",0.3,1,1000,0.168091799214862,-0.000242889402933985,0.029,0.029,0.00530916068575699
14,"unanchored",0.25,2,0,"none","maic_index",0.3,2,1000,0.168091799214862,-0.000242889402933985,0.085,0.085,0.0088234263669423
14,"unanchored",0.25,2,0,"none","maic_index",0.3,5,1000,0.168091799214862,-0.000242889402933985,0.219,0.219,0.013084731950262
14,"unanchored",0.25,2,0,"none","maic_means",-0.3,1,1000,0.174748088674749,-0.0760922067753257,0.082,0.0820000000000001,0.00868051561552373
14,"unanchored",0.25,2,0,"none","maic_means",-0.3,2,1000,0.174748088674749,-0.0760922067753257,0.029,0.0580000000000001,0.010618321371514
14,"unanchored",0.25,2,0,"none","maic_means",-0.3,5,1000,0.174748088674749,-0.0760922067753257,0.006,0.03,0.0122167609966492
14,"unanchored",0.25,2,0,"none","maic_means",-0.1,1,1000,0.174748088674749,-0.0760922067753257,0.441,0.441,0.0157087798942427
14,"unanchored",0.25,2,0,"none","maic_means",-0.1,2,1000,0.174748088674749,-0.0760922067753257,0.277,0.554,0.0283175896906125
14,"unanchored",0.25,2,0,"none","maic_means",-0.1,5,1000,0.174748088674749,-0.0760922067753257,0.133,0.665000000000001,0.053718345661986
14,"unanchored",0.25,2,0,"none","maic_means",0.1,1,1000,0.174748088674749,-0.0760922067753257,0.135,0.135,0.0108116553724161
14,"unanchored",0.25,2,0,"none","maic_means",0.1,2,1000,0.174748088674749,-0.0760922067753257,0.267,0.267,0.0139966748517963
14,"unanchored",0.25,2,0,"none","maic_means",0.1,5,1000,0.174748088674749,-0.0760922067753257,0.455,0.455,0.0157551014983471
14,"unanchored",0.25,2,0,"none","maic_means",0.3,1,1000,0.174748088674749,-0.0760922067753257,0.01,0.01,0.00314800093867677
14,"unanchored",0.25,2,0,"none","maic_means",0.3,2,1000,0.174748088674749,-0.0760922067753257,0.021,0.021,0.0045364721513065
14,"unanchored",0.25,2,0,"none","maic_means",0.3,5,1000,0.174748088674749,-0.0760922067753257,0.079,0.079,0.00853415677333345
14,"unanchored",0.25,2,0,"none","maic_meanvar",-0.3,1,1000,0.185526345146977,-0.00272133710203479,0.052,0.052,0.00702462421381715
14,"unanchored",0.25,2,0,"none","maic_meanvar",-0.3,2,1000,0.185526345146977,-0.00272133710203479,0.018,0.036,0.00841277449922294
14,"unanchored",0.25,2,0,"none","maic_meanvar",-0.3,5,1000,0.185526345146977,-0.00272133710203479,0.003,0.015,0.00865158077173473
14,"unanchored",0.25,2,0,"none","maic_meanvar",-0.1,1,1000,0.185526345146977,-0.00272133710203479,0.305,0.305,0.0145666463946644
14,"unanchored",0.25,2,0,"none","maic_meanvar",-0.1,2,1000,0.185526345146977,-0.00272133710203479,0.183,0.366,0.0244671747989556
14,"unanchored",0.25,2,0,"none","maic_meanvar",-0.1,5,1000,0.185526345146977,-0.00272133710203479,0.077,0.385,0.0421729007012029
14,"unanchored",0.25,2,0,"none","maic_meanvar",0.1,1,1000,0.185526345146977,-0.00272133710203479,0.305,0.305,0.0145666463946644
14,"unanchored",0.25,2,0,"none","maic_meanvar",0.1,2,1000,0.185526345146977,-0.00272133710203479,0.44,0.44,0.0157049879543618
14,"unanchored",0.25,2,0,"none","maic_meanvar",0.1,5,1000,0.185526345146977,-0.00272133710203479,0.65,0.65,0.0150906503414442
14,"unanchored",0.25,2,0,"none","maic_meanvar",0.3,1,1000,0.185526345146977,-0.00272133710203479,0.047,0.047,0.00669595667816304
14,"unanchored",0.25,2,0,"none","maic_meanvar",0.3,2,1000,0.185526345146977,-0.00272133710203479,0.11,0.11,0.00989939381972444
14,"unanchored",0.25,2,0,"none","maic_meanvar",0.3,5,1000,0.185526345146977,-0.00272133710203479,0.26,0.26,0.0138777733297742
14,"unanchored",0.25,2,0,"none","unadjusted",-0.3,1,1000,0.179682830251088,-0.0788483299943027,0.09,0.0900000000000001,0.00905439020486644
14,"unanchored",0.25,2,0,"none","unadjusted",-0.3,2,1000,0.179682830251088,-0.0788483299943027,0.032,0.064,0.0111367871501627
14,"unanchored",0.25,2,0,"none","unadjusted",-0.3,5,1000,0.179682830251088,-0.0788483299943027,0.006,0.03,0.0122167609966493
14,"unanchored",0.25,2,0,"none","unadjusted",-0.1,1,1000,0.179682830251088,-0.0788483299943027,0.445,0.445,0.0157233018867609
14,"unanchored",0.25,2,0,"none","unadjusted",-0.1,2,1000,0.179682830251088,-0.0788483299943027,0.297,0.594,0.0289136645896022
14,"unanchored",0.25,2,0,"none","unadjusted",-0.1,5,1000,0.179682830251088,-0.0788483299943027,0.142,0.71,0.0552172884968922
14,"unanchored",0.25,2,0,"none","unadjusted",0.1,1,1000,0.179682830251088,-0.0788483299943027,0.13,0.13,0.0106401697924993
14,"unanchored",0.25,2,0,"none","unadjusted",0.1,2,1000,0.179682830251088,-0.0788483299943027,0.257,0.257,0.013825416526895
14,"unanchored",0.25,2,0,"none","unadjusted",0.1,5,1000,0.179682830251088,-0.0788483299943027,0.445,0.445,0.0157233018867609
14,"unanchored",0.25,2,0,"none","unadjusted",0.3,1,1000,0.179682830251088,-0.0788483299943027,0.01,0.01,0.00314800093867676
14,"unanchored",0.25,2,0,"none","unadjusted",0.3,2,1000,0.179682830251088,-0.0788483299943027,0.027,0.027,0.00512808904927529
14,"unanchored",0.25,2,0,"none","unadjusted",0.3,5,1000,0.179682830251088,-0.0788483299943027,0.077,0.077,0.00843458014024064
15,"anchored",1,2,0,"none","gcomp",-0.3,1,1000,0.188183228271445,0.00745782033413561,0.049,0.049,0.00682976175614093
15,"anchored",1,2,0,"none","gcomp",-0.3,2,1000,0.188183228271445,0.00745782033413561,0.021,0.0420000000000001,0.00907294430261301
15,"anchored",1,2,0,"none","gcomp",-0.3,5,1000,0.188183228271445,0.00745782033413561,0.004,0.0200000000000001,0.00998497369549358
15,"anchored",1,2,0,"none","gcomp",-0.1,1,1000,0.188183228271445,0.00745782033413561,0.268,0.268,0.0140132927027295
15,"anchored",1,2,0,"none","gcomp",-0.1,2,1000,0.188183228271445,0.00745782033413561,0.152,0.304000000000001,0.0227178366069507
15,"anchored",1,2,0,"none","gcomp",-0.1,5,1000,0.188183228271445,0.00745782033413561,0.053,0.265,0.0354405280862326
15,"anchored",1,2,0,"none","gcomp",0.1,1,1000,0.188183228271445,0.00745782033413561,0.305,0.305,0.0145666463946644
15,"anchored",1,2,0,"none","gcomp",0.1,2,1000,0.188183228271445,0.00745782033413561,0.488,0.488,0.0158147433145818
15,"anchored",1,2,0,"none","gcomp",0.1,5,1000,0.188183228271445,0.00745782033413561,0.718,0.718,0.0142365262152914
15,"anchored",1,2,0,"none","gcomp",0.3,1,1000,0.188183228271445,0.00745782033413561,0.058,0.0580000000000001,0.00739531545579293
15,"anchored",1,2,0,"none","gcomp",0.3,2,1000,0.188183228271445,0.00745782033413561,0.127,0.127,0.0105347986208558
15,"anchored",1,2,0,"none","gcomp",0.3,5,1000,0.188183228271445,0.00745782033413561,0.293,0.293,0.0143999429984413
15,"anchored",1,2,0,"none","maic_index",-0.3,1,1000,0.200385784899722,0.0100119391937434,0.058,0.0580000000000001,0.00739531545579294
15,"anchored",1,2,0,"none","maic_index",-0.3,2,1000,0.200385784899722,0.0100119391937434,0.025,0.05,0.00987914963939694
15,"anchored",1,2,0,"none","maic_index",-0.3,5,1000,0.200385784899722,0.0100119391937434,0.009,0.0450000000000001,0.0149398192157134
15,"anchored",1,2,0,"none","maic_index",-0.1,1,1000,0.200385784899722,0.0100119391937434,0.29,0.290000000000001,0.0143563959999057
15,"anchored",1,2,0,"none","maic_index",-0.1,2,1000,0.200385784899722,0.0100119391937434,0.153,0.306,0.0227790009193311
15,"anchored",1,2,0,"none","maic_index",-0.1,5,1000,0.200385784899722,0.0100119391937434,0.058,0.290000000000001,0.0369765772789651
15,"anchored",1,2,0,"none","maic_index",0.1,1,1000,0.200385784899722,0.0100119391937434,0.319,0.319,0.0147464048654735
15,"anchored",1,2,0,"none","maic_index",0.1,2,1000,0.200385784899722,0.0100119391937434,0.503,0.503,0.0158190151792467
15,"anchored",1,2,0,"none","maic_index",0.1,5,1000,0.200385784899722,0.0100119391937434,0.719,0.719,0.014221154708435
15,"anchored",1,2,0,"none","maic_index",0.3,1,1000,0.200385784899722,0.0100119391937434,0.066,0.0660000000000001,0.00785529793869758
15,"anchored",1,2,0,"none","maic_index",0.3,2,1000,0.200385784899722,0.0100119391937434,0.158,0.158,0.0115398946775596
15,"anchored",1,2,0,"none","maic_index",0.3,5,1000,0.200385784899722,0.0100119391937434,0.32,0.32,0.0147586523035749
15,"anchored",1,2,0,"none","maic_means",-0.3,1,1000,0.203046373237804,-0.0699481134275166,0.109,0.109,0.00985982840703718
15,"anchored",1,2,0,"none","maic_means",-0.3,2,1000,0.203046373237804,-0.0699481134275166,0.051,0.102,0.0139208401251429
15,"anchored",1,2,0,"none","maic_means",-0.3,5,1000,0.203046373237804,-0.0699481134275166,0.014,0.0699999999999998,0.0185861627412827
15,"anchored",1,2,0,"none","maic_means",-0.1,1,1000,0.203046373237804,-0.0699481134275166,0.445,0.445,0.0157233018867609
15,"anchored",1,2,0,"none","maic_means",-0.1,2,1000,0.203046373237804,-0.0699481134275166,0.27,0.540000000000001,0.0280925112652678
15,"anchored",1,2,0,"none","maic_means",-0.1,5,1000,0.203046373237804,-0.0699481134275166,0.113,0.565,0.050082764333484
15,"anchored",1,2,0,"none","maic_means",0.1,1,1000,0.203046373237804,-0.0699481134275166,0.189,0.189,0.0123867845881177
15,"anchored",1,2,0,"none","maic_means",0.1,2,1000,0.203046373237804,-0.0699481134275166,0.331,0.331,0.0148882725882039
15,"anchored",1,2,0,"none","maic_means",0.1,5,1000,0.203046373237804,-0.0699481134275166,0.544,0.544,0.0157579285539792
15,"anchored",1,2,0,"none","maic_means",0.3,1,1000,0.203046373237804,-0.0699481134275166,0.025,0.025,0.00493957481969846
15,"anchored",1,2,0,"none","maic_means",0.3,2,1000,0.203046373237804,-0.0699481134275166,0.064,0.064,0.00774364022691929
15,"anchored",1,2,0,"none","maic_means",0.3,5,1000,0.203046373237804,-0.0699481134275166,0.178,0.178,0.0121021676761836
15,"anchored",1,2,0,"none","maic_meanvar",-0.3,1,1000,0.218988467512255,0.00803027416554868,0.077,0.077,0.00843458014024064
15,"anchored",1,2,0,"none","maic_meanvar",-0.3,2,1000,0.218988467512255,0.00803027416554868,0.027,0.0539999999999999,0.0102561780985506
15,"anchored",1,2,0,"none","maic_meanvar",-0.3,5,1000,0.218988467512255,0.00803027416554868,0.011,0.0550000000000002,0.0164999165830391
15,"anchored",1,2,0,"none","maic_meanvar",-0.1,1,1000,0.218988467512255,0.00803027416554868,0.307,0.307,0.0145932848928526
15,"anchored",1,2,0,"none","maic_meanvar",-0.1,2,1000,0.218988467512255,0.00803027416554868,0.181,0.362000000000001,0.0243628723583559
15,"anchored",1,2,0,"none","maic_meanvar",-0.1,5,1000,0.218988467512255,0.00803027416554868,0.063,0.315,0.0384350393814323
15,"anchored",1,2,0,"none","maic_meanvar",0.1,1,1000,0.218988467512255,0.00803027416554868,0.346,0.346,0.0150502661275644
15,"anchored",1,2,0,"none","maic_meanvar",0.1,2,1000,0.218988467512255,0.00803027416554868,0.503,0.503,0.0158190151792467
15,"anchored",1,2,0,"none","maic_meanvar",0.1,5,1000,0.218988467512255,0.00803027416554868,0.724,0.724,0.0141429849757407
15,"anchored",1,2,0,"none","maic_meanvar",0.3,1,1000,0.218988467512255,0.00803027416554868,0.094,0.094,0.00923305200078773
15,"anchored",1,2,0,"none","maic_meanvar",0.3,2,1000,0.218988467512255,0.00803027416554868,0.179,0.179,0.0121287306057191
15,"anchored",1,2,0,"none","maic_meanvar",0.3,5,1000,0.218988467512255,0.00803027416554868,0.384,0.384,0.0153876827618971
15,"anchored",1,2,0,"none","unadjusted",-0.3,1,1000,0.202935930590413,-0.0694935825632308,0.107,0.107,0.00977991035984717
15,"anchored",1,2,0,"none","unadjusted",-0.3,2,1000,0.202935930590413,-0.0694935825632308,0.051,0.102,0.0139208401251429
15,"anchored",1,2,0,"none","unadjusted",-0.3,5,1000,0.202935930590413,-0.0694935825632308,0.013,0.065,0.0179191544470183
15,"anchored",1,2,0,"none","unadjusted",-0.1,1,1000,0.202935930590413,-0.0694935825632308,0.444,0.444,0.0157197681634021
15,"anchored",1,2,0,"none","unadjusted",-0.1,2,1000,0.202935930590413,-0.0694935825632308,0.273,0.546,0.0281900457374352
15,"anchored",1,2,0,"none","unadjusted",-0.1,5,1000,0.202935930590413,-0.0694935825632308,0.113,0.565,0.050082764333484
15,"anchored",1,2,0,"none","unadjusted",0.1,1,1000,0.202935930590413,-0.0694935825632308,0.19,0.19,0.0124118513548163
15,"anchored",1,2,0,"none","unadjusted",0.1,2,1000,0.202935930590413,-0.0694935825632308,0.329,0.329,0.0148653953859284
15,"anchored",1,2,0,"none","unadjusted",0.1,5,1000,0.202935930590413,-0.0694935825632308,0.545,0.545,0.0157551014983471
15,"anchored",1,2,0,"none","unadjusted",0.3,1,1000,0.202935930590413,-0.0694935825632308,0.026,0.0260000000000001,0.0050348137353182
15,"anchored",1,2,0,"none","unadjusted",0.3,2,1000,0.202935930590413,-0.0694935825632308,0.064,0.064,0.00774364022691928
15,"anchored",1,2,0,"none","unadjusted",0.3,5,1000,0.202935930590413,-0.0694935825632308,0.183,0.183,0.0122335873994778
16,"unanchored",1,2,0,"none","gcomp",-0.3,1,1000,0.151537627646587,0.00594262911746406,0.024,0.024,0.00484225644172708
16,"unanchored",1,2,0,"none","gcomp",-0.3,2,1000,0.151537627646587,0.00594262911746406,0.005,0.01,0.00446317374968976
16,"unanchored",1,2,0,"none","gcomp",-0.3,5,1000,0.151537627646587,0.00594262911746406,0.001,0.00500000000000006,0.00500000000000003
16,"unanchored",1,2,0,"none","gcomp",-0.1,1,1000,0.151537627646587,0.00594262911746406,0.241,0.241,0.0135315225345154
16,"unanchored",1,2,0,"none","gcomp",-0.1,2,1000,0.151537627646587,0.00594262911746406,0.135,0.27,0.0216233107448321
16,"unanchored",1,2,0,"none","gcomp",-0.1,5,1000,0.151537627646587,0.00594262911746406,0.051,0.255,0.0348021003128574
16,"unanchored",1,2,0,"none","gcomp",0.1,1,1000,0.151537627646587,0.00594262911746406,0.267,0.267,0.0139966748517964
16,"unanchored",1,2,0,"none","gcomp",0.1,2,1000,0.151537627646587,0.00594262911746406,0.433,0.433,0.0156766309121813
16,"unanchored",1,2,0,"none","gcomp",0.1,5,1000,0.151537627646587,0.00594262911746406,0.632,0.632,0.0152580735615218
16,"unanchored",1,2,0,"none","gcomp",0.3,1,1000,0.151537627646587,0.00594262911746406,0.026,0.0260000000000001,0.00503481373531823
16,"unanchored",1,2,0,"none","gcomp",0.3,2,1000,0.151537627646587,0.00594262911746406,0.065,0.0649999999999999,0.00779973306183203
16,"unanchored",1,2,0,"none","gcomp",0.3,5,1000,0.151537627646587,0.00594262911746406,0.16,0.16,0.011598902298689
16,"unanchored",1,2,0,"none","maic_index",-0.3,1,1000,0.152566884885894,0.0049497274307501,0.021,0.0210000000000001,0.00453647215130651
16,"unanchored",1,2,0,"none","maic_index",-0.3,2,1000,0.152566884885894,0.0049497274307501,0.01,0.02,0.00629600187735352
16,"unanchored",1,2,0,"none","maic_index",-0.3,5,1000,0.152566884885894,0.0049497274307501,0.001,0.00500000000000006,0.00500000000000006
16,"unanchored",1,2,0,"none","maic_index",-0.1,1,1000,0.152566884885894,0.0049497274307501,0.243,0.243,0.0135696401991775
16,"unanchored",1,2,0,"none","maic_index",-0.1,2,1000,0.152566884885894,0.0049497274307501,0.13,0.26,0.0212803395849987
16,"unanchored",1,2,0,"none","maic_index",-0.1,5,1000,0.152566884885894,0.0049497274307501,0.051,0.255,0.0348021003128574
16,"unanchored",1,2,0,"none","maic_index",0.1,1,1000,0.152566884885894,0.0049497274307501,0.266,0.266,0.0139799656451452
16,"unanchored",1,2,0,"none","maic_index",0.1,2,1000,0.152566884885894,0.0049497274307501,0.433,0.433,0.0156766309121813
16,"unanchored",1,2,0,"none","maic_index",0.1,5,1000,0.152566884885894,0.0049497274307501,0.633,0.633,0.0152493784641718
16,"unanchored",1,2,0,"none","maic_index",0.3,1,1000,0.152566884885894,0.0049497274307501,0.026,0.0260000000000001,0.00503481373531824
16,"unanchored",1,2,0,"none","maic_index",0.3,2,1000,0.152566884885894,0.0049497274307501,0.068,0.0680000000000002,0.0079648879112916
16,"unanchored",1,2,0,"none","maic_index",0.3,5,1000,0.152566884885894,0.0049497274307501,0.183,0.183,0.0122335873994778
16,"unanchored",1,2,0,"none","maic_means",-0.3,1,1000,0.216912006371494,-0.164226293029128,0.166,0.166,0.0117721103708122
16,"unanchored",1,2,0,"none","maic_means",-0.3,2,1000,0.216912006371494,-0.164226293029128,0.083,0.166,0.0174570544121496
16,"unanchored",1,2,0,"none","maic_means",-0.3,5,1000,0.216912006371494,-0.164226293029128,0.028,0.14,0.0260975301720505
16,"unanchored",1,2,0,"none","maic_means",-0.1,1,1000,0.216912006371494,-0.164226293029128,0.666,0.666,0.014922019523733
16,"unanchored",1,2,0,"none","maic_means",-0.1,2,1000,0.216912006371494,-0.164226293029128,0.471,0.942,0.0315853389032578
16,"unanchored",1,2,0,"none","maic_means",-0.1,5,1000,0.216912006371494,-0.164226293029128,0.291,1.455,0.0718549799118898
16,"unanchored",1,2,0,"none","maic_means",0.1,1,1000,0.216912006371494,-0.164226293029128,0.028,0.0280000000000002,0.00521950603441005
16,"unanchored",1,2,0,"none","maic_means",0.1,2,1000,0.216912006371494,-0.164226293029128,0.074,0.0740000000000001,0.00828206451270416
16,"unanchored",1,2,0,"none","maic_means",0.1,5,1000,0.216912006371494,-0.164226293029128,0.199,0.199,0.0126316490830992
16,"unanchored",1,2,0,"none","maic_means",0.3,1,1000,0.216912006371494,-0.164226293029128,0,0,0
16,"unanchored",1,2,0,"none","maic_means",0.3,2,1000,0.216912006371494,-0.164226293029128,0.003,0.003,0.00173031615434694
16,"unanchored",1,2,0,"none","maic_means",0.3,5,1000,0.216912006371494,-0.164226293029128,0.009,0.00900000000000002,0.00298796384314267
16,"unanchored",1,2,0,"none","maic_meanvar",-0.3,1,1000,0.168883293229331,0.00127810752038257,0.035,0.035,0.00581453427273496
16,"unanchored",1,2,0,"none","maic_meanvar",-0.3,2,1000,0.168883293229331,0.00127810752038257,0.015,0.03,0.00769149914900601
16,"unanchored",1,2,0,"none","maic_meanvar",-0.3,5,1000,0.168883293229331,0.00127810752038257,0.005,0.0249999999999999,0.0111579343742244
16,"unanchored",1,2,0,"none","maic_meanvar",-0.1,1,1000,0.168883293229331,0.00127810752038257,0.274,0.274,0.0141110992882596
16,"unanchored",1,2,0,"none","maic_meanvar",-0.1,2,1000,0.168883293229331,0.00127810752038257,0.153,0.306,0.0227790009193311
16,"unanchored",1,2,0,"none","maic_meanvar",-0.1,5,1000,0.168883293229331,0.00127810752038257,0.057,0.285,0.0366758792685344
16,"unanchored",1,2,0,"none","maic_meanvar",0.1,1,1000,0.168883293229331,0.00127810752038257,0.288,0.288,0.0143269417972316
16,"unanchored",1,2,0,"none","maic_meanvar",0.1,2,1000,0.168883293229331,0.00127810752038257,0.441,0.441,0.0157087798942427
16,"unanchored",1,2,0,"none","maic_meanvar",0.1,5,1000,0.168883293229331,0.00127810752038257,0.657,0.657,0.015019206922357
16,"unanchored",1,2,0,"none","maic_meanvar",0.3,1,1000,0.168883293229331,0.00127810752038257,0.039,0.039,0.00612507277642613
16,"unanchored",1,2,0,"none","maic_meanvar",0.3,2,1000,0.168883293229331,0.00127810752038257,0.084,0.0840000000000001,0.0087761620894911
16,"unanchored",1,2,0,"none","maic_meanvar",0.3,5,1000,0.168883293229331,0.00127810752038257,0.223,0.223,0.0131698308434257
16,"unanchored",1,2,0,"none","unadjusted",-0.3,1,1000,0.223237475741942,-0.163538515824383,0.198,0.198,0.0126077339341753
16,"unanchored",1,2,0,"none","unadjusted",-0.3,2,1000,0.223237475741942,-0.163538515824383,0.092,0.184,0.0182887527863022
16,"unanchored",1,2,0,"none","unadjusted",-0.3,5,1000,0.223237475741942,-0.163538515824383,0.034,0.17,0.0286691806984772
16,"unanchored",1,2,0,"none","unadjusted",-0.1,1,1000,0.223237475741942,-0.163538515824383,0.653,0.653,0.0150604720317066
16,"unanchored",1,2,0,"none","unadjusted",-0.1,2,1000,0.223237475741942,-0.163538515824383,0.491,0.982,0.0316334739900108
16,"unanchored",1,2,0,"none","unadjusted",-0.1,5,1000,0.223237475741942,-0.163538515824383,0.302,1.51,0.0726304011772971
16,"unanchored",1,2,0,"none","unadjusted",0.1,1,1000,0.223237475741942,-0.163538515824383,0.032,0.032,0.00556839357508134
16,"unanchored",1,2,0,"none","unadjusted",0.1,2,1000,0.223237475741942,-0.163538515824383,0.097,0.0969999999999999,0.00936368937324811
16,"unanchored",1,2,0,"none","unadjusted",0.1,5,1000,0.223237475741942,-0.163538515824383,0.212,0.212,0.012931481864938
16,"unanchored",1,2,0,"none","unadjusted",0.3,1,1000,0.223237475741942,-0.163538515824383,0.003,0.003,0.00173031615434694
16,"unanchored",1,2,0,"none","unadjusted",0.3,2,1000,0.223237475741942,-0.163538515824383,0.004,0.004,0.00199699473909873
16,"unanchored",1,2,0,"none","unadjusted",0.3,5,1000,0.223237475741942,-0.163538515824383,0.018,0.0180000000000001,0.00420638724961146
17,"anchored",4,2,0,"none","gcomp",-0.3,1,1000,0.170347170456602,-0.00096112289769854,0.046,0.046,0.00662781471738071
17,"anchored",4,2,0,"none","gcomp",-0.3,2,1000,0.170347170456602,-0.00096112289769854,0.015,0.03,0.00769149914900601
17,"anchored",4,2,0,"none","gcomp",-0.3,5,1000,0.170347170456602,-0.00096112289769854,0.004,0.0200000000000002,0.0099849736954936
17,"anchored",4,2,0,"none","gcomp",-0.1,1,1000,0.170347170456602,-0.00096112289769854,0.291,0.291,0.0143709959823779
17,"anchored",4,2,0,"none","gcomp",-0.1,2,1000,0.170347170456602,-0.00096112289769854,0.142,0.284,0.0220869153987564
17,"anchored",4,2,0,"none","gcomp",-0.1,5,1000,0.170347170456602,-0.00096112289769854,0.06,0.3,0.0375687557873747
17,"anchored",4,2,0,"none","gcomp",0.1,1,1000,0.170347170456602,-0.00096112289769854,0.291,0.291,0.0143709959823779
17,"anchored",4,2,0,"none","gcomp",0.1,2,1000,0.170347170456602,-0.00096112289769854,0.445,0.445,0.0157233018867609
17,"anchored",4,2,0,"none","gcomp",0.1,5,1000,0.170347170456602,-0.00096112289769854,0.66,0.66,0.0149874822643639
17,"anchored",4,2,0,"none","gcomp",0.3,1,1000,0.170347170456602,-0.00096112289769854,0.037,0.037,0.00597215762238963
17,"anchored",4,2,0,"none","gcomp",0.3,2,1000,0.170347170456602,-0.00096112289769854,0.088,0.0879999999999999,0.00896305396259208
17,"anchored",4,2,0,"none","gcomp",0.3,5,1000,0.170347170456602,-0.00096112289769854,0.228,0.228,0.0132737407008045
17,"anchored",4,2,0,"none","maic_index",-0.3,1,1000,0.190516094309745,0.000350159133802993,0.066,0.0660000000000001,0.00785529793869759
17,"anchored",4,2,0,"none","maic_index",-0.3,2,1000,0.190516094309745,0.000350159133802993,0.019,0.038,0.00863890216582125
17,"anchored",4,2,0,"none","maic_index",-0.3,5,1000,0.190516094309745,0.000350159133802993,0.005,0.025,0.0111579343742244
17,"anchored",4,2,0,"none","maic_index",-0.1,1,1000,0.190516094309745,0.000350159133802993,0.302,0.302,0.0145260802354595
17,"anchored",4,2,0,"none","maic_index",-0.1,2,1000,0.190516094309745,0.000350159133802993,0.176,0.352,0.024097233797195
17,"anchored",4,2,0,"none","maic_index",-0.1,5,1000,0.190516094309745,0.000350159133802993,0.075,0.375,0.0416666666666667
17,"anchored",4,2,0,"none","maic_index",0.1,1,1000,0.190516094309745,0.000350159133802993,0.313,0.313,0.0146712728229779
17,"anchored",4,2,0,"none","maic_index",0.1,2,1000,0.190516094309745,0.000350159133802993,0.489,0.489,0.0158154711952927
17,"anchored",4,2,0,"none","maic_index",0.1,5,1000,0.190516094309745,0.000350159133802993,0.687,0.687,0.0146712728229779
17,"anchored",4,2,0,"none","maic_index",0.3,1,1000,0.190516094309745,0.000350159133802993,0.052,0.0520000000000001,0.00702462421381714
17,"anchored",4,2,0,"none","maic_index",0.3,2,1000,0.190516094309745,0.000350159133802993,0.13,0.13,0.0106401697924994
17,"anchored",4,2,0,"none","maic_index",0.3,5,1000,0.190516094309745,0.000350159133802993,0.302,0.302,0.0145260802354595
17,"anchored",4,2,0,"none","maic_means",-0.3,1,1000,0.21142766978442,-0.107906652621883,0.155,0.155,0.0114501574707995
17,"anchored",4,2,0,"none","maic_means",-0.3,2,1000,0.21142766978442,-0.107906652621883,0.071,0.142,0.0162511568849758
17,"anchored",4,2,0,"none","maic_means",-0.3,5,1000,0.21142766978442,-0.107906652621883,0.022,0.11,0.0232042762963734
17,"anchored",4,2,0,"none","maic_means",-0.1,1,1000,0.21142766978442,-0.107906652621883,0.501,0.501,0.0158192682905768
17,"anchored",4,2,0,"none","maic_means",-0.1,2,1000,0.21142766978442,-0.107906652621883,0.333,0.666,0.0298216923284597
17,"anchored",4,2,0,"none","maic_means",-0.1,5,1000,0.21142766978442,-0.107906652621883,0.179,0.895,0.0606436530285958
17,"anchored",4,2,0,"none","maic_means",0.1,1,1000,0.21142766978442,-0.107906652621883,0.125,0.125,0.0104634833819567
17,"anchored",4,2,0,"none","maic_means",0.1,2,1000,0.21142766978442,-0.107906652621883,0.249,0.249,0.0136816002787023
17,"anchored",4,2,0,"none","maic_means",0.1,5,1000,0.21142766978442,-0.107906652621883,0.452,0.452,0.0157462358658807
17,"anchored",4,2,0,"none","maic_means",0.3,1,1000,0.21142766978442,-0.107906652621883,0.009,0.00900000000000005,0.00298796384314266
17,"anchored",4,2,0,"none","maic_means",0.3,2,1000,0.21142766978442,-0.107906652621883,0.033,0.0329999999999999,0.00565180882045237
17,"anchored",4,2,0,"none","maic_means",0.3,5,1000,0.21142766978442,-0.107906652621883,0.108,0.108,0.0098200016513457
17,"anchored",4,2,0,"none","maic_meanvar",-0.3,1,1000,0.210608558728863,-0.00179989283952343,0.084,0.084,0.00877616208949113
17,"anchored",4,2,0,"none","maic_meanvar",-0.3,2,1000,0.210608558728863,-0.00179989283952343,0.038,0.076,0.0120983623011699
17,"anchored",4,2,0,"none","maic_meanvar",-0.3,5,1000,0.210608558728863,-0.00179989283952343,0.007,0.0349999999999999,0.0131889707312191
17,"anchored",4,2,0,"none","maic_meanvar",-0.1,1,1000,0.210608558728863,-0.00179989283952343,0.318,0.318,0.0147340793093119
17,"anchored",4,2,0,"none","maic_meanvar",-0.1,2,1000,0.210608558728863,-0.00179989283952343,0.184,0.368,0.0245189146818772
17,"anchored",4,2,0,"none","maic_meanvar",-0.1,5,1000,0.210608558728863,-0.00179989283952343,0.08,0.4,0.0429166848887688
17,"anchored",4,2,0,"none","maic_meanvar",0.1,1,1000,0.210608558728863,-0.00179989283952343,0.326,0.326,0.0148305072045411
17,"anchored",4,2,0,"none","maic_meanvar",0.1,2,1000,0.210608558728863,-0.00179989283952343,0.498,0.498,0.0158191733743027
17,"anchored",4,2,0,"none","maic_meanvar",0.1,5,1000,0.210608558728863,-0.00179989283952343,0.69,0.69,0.0146326386586329
17,"anchored",4,2,0,"none","maic_meanvar",0.3,1,1000,0.210608558728863,-0.00179989283952343,0.064,0.064,0.00774364022691931
17,"anchored",4,2,0,"none","maic_meanvar",0.3,2,1000,0.210608558728863,-0.00179989283952343,0.157,0.157,0.0115101469792302
17,"anchored",4,2,0,"none","maic_meanvar",0.3,5,1000,0.210608558728863,-0.00179989283952343,0.34,0.34,0.0149874822643639
17,"anchored",4,2,0,"none","unadjusted",-0.3,1,1000,0.211222007022123,-0.107990924882195,0.16,0.16,0.011598902298689
17,"anchored",4,2,0,"none","unadjusted",-0.3,2,1000,0.211222007022123,-0.107990924882195,0.07,0.14,0.016144988716647
17,"anchored",4,2,0,"none","unadjusted",-0.3,5,1000,0.211222007022123,-0.107990924882195,0.023,0.115,0.0237136529732839
17,"anchored",4,2,0,"none","unadjusted",-0.1,1,1000,0.211222007022123,-0.107990924882195,0.505,0.505,0.0158185089444366
17,"anchored",4,2,0,"none","unadjusted",-0.1,2,1000,0.211222007022123,-0.107990924882195,0.334,0.668,0.0298440390474659
17,"anchored",4,2,0,"none","unadjusted",-0.1,5,1000,0.211222007022123,-0.107990924882195,0.179,0.895,0.0606436530285958
17,"anchored",4,2,0,"none","unadjusted",0.1,1,1000,0.211222007022123,-0.107990924882195,0.123,0.123,0.0103912934218499
17,"anchored",4,2,0,"none","unadjusted",0.1,2,1000,0.211222007022123,-0.107990924882195,0.248,0.248,0.0136631871348777
17,"anchored",4,2,0,"none","unadjusted",0.1,5,1000,0.211222007022123,-0.107990924882195,0.453,0.453,0.0157492551899776
17,"anchored",4,2,0,"none","unadjusted",0.3,1,1000,0.211222007022123,-0.107990924882195,0.009,0.00900000000000005,0.00298796384314266
17,"anchored",4,2,0,"none","unadjusted",0.3,2,1000,0.211222007022123,-0.107990924882195,0.03,0.03,0.00539714082909919
17,"anchored",4,2,0,"none","unadjusted",0.3,5,1000,0.211222007022123,-0.107990924882195,0.105,0.105,0.00969892102602496
18,"unanchored",4,2,0,"none","gcomp",-0.3,1,1000,0.129488541354116,0.00185937178931748,0.011,0.011,0.00329998331660782
18,"unanchored",4,2,0,"none","gcomp",-0.3,2,1000,0.129488541354116,0.00185937178931748,0.002,0.004,0.00282701114111561
18,"unanchored",4,2,0,"none","gcomp",-0.3,5,1000,0.129488541354116,0.00185937178931748,0.001,0.00500000000000006,0.00500000000000004
18,"unanchored",4,2,0,"none","gcomp",-0.1,1,1000,0.129488541354116,0.00185937178931748,0.216,0.216,0.0130197355393078
18,"unanchored",4,2,0,"none","gcomp",-0.1,2,1000,0.129488541354116,0.00185937178931748,0.111,0.222,0.0198774020211675
18,"unanchored",4,2,0,"none","gcomp",-0.1,5,1000,0.129488541354116,0.00185937178931748,0.038,0.19,0.0302459057529251
18,"unanchored",4,2,0,"none","gcomp",0.1,1,1000,0.129488541354116,0.00185937178931748,0.231,0.231,0.0133347972169364
18,"unanchored",4,2,0,"none","gcomp",0.1,2,1000,0.129488541354116,0.00185937178931748,0.37,0.37,0.0152752523165194
18,"unanchored",4,2,0,"none","gcomp",0.1,5,1000,0.129488541354116,0.00185937178931748,0.596,0.596,0.0155249806771226
18,"unanchored",4,2,0,"none","gcomp",0.3,1,1000,0.129488541354116,0.00185937178931748,0.013,0.013,0.00358383088940364
18,"unanchored",4,2,0,"none","gcomp",0.3,2,1000,0.129488541354116,0.00185937178931748,0.034,0.034,0.00573383613969546
18,"unanchored",4,2,0,"none","gcomp",0.3,5,1000,0.129488541354116,0.00185937178931748,0.09,0.0900000000000001,0.00905439020486644
18,"unanchored",4,2,0,"none","maic_index",-0.3,1,1000,0.127421864979359,0.00170876838593703,0.007,0.00700000000000002,0.00263779414624376
18,"unanchored",4,2,0,"none","maic_index",-0.3,2,1000,0.127421864979359,0.00170876838593703,0.002,0.004,0.00282701114111561
18,"unanchored",4,2,0,"none","maic_index",-0.3,5,1000,0.127421864979359,0.00170876838593703,0.001,0.00500000000000006,0.00500000000000004
18,"unanchored",4,2,0,"none","maic_index",-0.1,1,1000,0.127421864979359,0.00170876838593703,0.21,0.21,0.0128866623322745
18,"unanchored",4,2,0,"none","maic_index",-0.1,2,1000,0.127421864979359,0.00170876838593703,0.096,0.192,0.0186409088695665
18,"unanchored",4,2,0,"none","maic_index",-0.1,5,1000,0.127421864979359,0.00170876838593703,0.025,0.125,0.0246978740984925
18,"unanchored",4,2,0,"none","maic_index",0.1,1,1000,0.127421864979359,0.00170876838593703,0.221,0.221,0.0131275028596962
18,"unanchored",4,2,0,"none","maic_index",0.1,2,1000,0.127421864979359,0.00170876838593703,0.375,0.375,0.015316971293621
18,"unanchored",4,2,0,"none","maic_index",0.1,5,1000,0.127421864979359,0.00170876838593703,0.615,0.615,0.0153951944454108
18,"unanchored",4,2,0,"none","maic_index",0.3,1,1000,0.127421864979359,0.00170876838593703,0.014,0.014,0.00371723254825656
18,"unanchored",4,2,0,"none","maic_index",0.3,2,1000,0.127421864979359,0.00170876838593703,0.032,0.032,0.00556839357508135
18,"unanchored",4,2,0,"none","maic_index",0.3,5,1000,0.127421864979359,0.00170876838593703,0.107,0.107,0.00977991035984717
18,"unanchored",4,2,0,"none","maic_means",-0.3,1,1000,0.244352555652714,-0.214164706078398,0.242,0.242,0.013550631705556
18,"unanchored",4,2,0,"none","maic_means",-0.3,2,1000,0.244352555652714,-0.214164706078398,0.108,0.216,0.0196400033026914
18,"unanchored",4,2,0,"none","maic_means",-0.3,5,1000,0.244352555652714,-0.214164706078398,0.032,0.16,0.0278419678754068
18,"unanchored",4,2,0,"none","maic_means",-0.1,1,1000,0.244352555652714,-0.214164706078398,0.837,0.837,0.0116862127127468
18,"unanchored",4,2,0,"none","maic_means",-0.1,2,1000,0.244352555652714,-0.214164706078398,0.674,1.348,0.0296610144090821
18,"unanchored",4,2,0,"none","maic_means",-0.1,5,1000,0.244352555652714,-0.214164706078398,0.432,2.16,0.0783616011866815
18,"unanchored",4,2,0,"none","maic_means",0.1,1,1000,0.244352555652714,-0.214164706078398,0.007,0.00700000000000001,0.0026377941462438
18,"unanchored",4,2,0,"none","maic_means",0.1,2,1000,0.244352555652714,-0.214164706078398,0.016,0.016,0.00396985639031942
18,"unanchored",4,2,0,"none","maic_means",0.1,5,1000,0.244352555652714,-0.214164706078398,0.059,0.059,0.00745483565040673
18,"unanchored",4,2,0,"none","maic_means",0.3,1,1000,0.244352555652714,-0.214164706078398,0,0,0
18,"unanchored",4,2,0,"none","maic_means",0.3,2,1000,0.244352555652714,-0.214164706078398,0,0,0
18,"unanchored",4,2,0,"none","maic_means",0.3,5,1000,0.244352555652714,-0.214164706078398,0,0,0
18,"unanchored",4,2,0,"none","maic_meanvar",-0.3,1,1000,0.137944431518247,0.0034911182814245,0.012,0.012,0.00344497719409985
18,"unanchored",4,2,0,"none","maic_meanvar",-0.3,2,1000,0.137944431518247,0.0034911182814245,0.002,0.004,0.00282701114111561
18,"unanchored",4,2,0,"none","maic_meanvar",-0.3,5,1000,0.137944431518247,0.0034911182814245,0,0,0
18,"unanchored",4,2,0,"none","maic_meanvar",-0.1,1,1000,0.137944431518247,0.0034911182814245,0.229,0.229,0.0132941993266136
18,"unanchored",4,2,0,"none","maic_meanvar",-0.1,2,1000,0.137944431518247,0.0034911182814245,0.102,0.204,0.0191507376033078
18,"unanchored",4,2,0,"none","maic_meanvar",-0.1,5,1000,0.137944431518247,0.0034911182814245,0.028,0.14,0.0260975301720504
18,"unanchored",4,2,0,"none","maic_meanvar",0.1,1,1000,0.137944431518247,0.0034911182814245,0.234,0.234,0.01339490288966
18,"unanchored",4,2,0,"none","maic_meanvar",0.1,2,1000,0.137944431518247,0.0034911182814245,0.418,0.418,0.015605111967542
18,"unanchored",4,2,0,"none","maic_meanvar",0.1,5,1000,0.137944431518247,0.0034911182814245,0.649,0.649,0.0151005637983164
18,"unanchored",4,2,0,"none","maic_meanvar",0.3,1,1000,0.137944431518247,0.0034911182814245,0.018,0.018,0.00420638724961148
18,"unanchored",4,2,0,"none","maic_meanvar",0.3,2,1000,0.137944431518247,0.0034911182814245,0.047,0.047,0.00669595667816304
18,"unanchored",4,2,0,"none","maic_meanvar",0.3,5,1000,0.137944431518247,0.0034911182814245,0.141,0.141,0.0110109145959924
18,"unanchored",4,2,0,"none","unadjusted",-0.3,1,1000,0.253143244958484,-0.212846031152799,0.276,0.276,0.0141429849757407
18,"unanchored",4,2,0,"none","unadjusted",-0.3,2,1000,0.253143244958484,-0.212846031152799,0.137,0.274,0.0217576974286667
18,"unanchored",4,2,0,"none","unadjusted",-0.3,5,1000,0.253143244958484,-0.212846031152799,0.054,0.27,0.0357544176064771
18,"unanchored",4,2,0,"none","unadjusted",-0.1,1,1000,0.253143244958484,-0.212846031152799,0.776,0.776,0.0131908300723645
18,"unanchored",4,2,0,"none","unadjusted",-0.1,2,1000,0.253143244958484,-0.212846031152799,0.66,1.32,0.0299749645287279
18,"unanchored",4,2,0,"none","unadjusted",-0.1,5,1000,0.253143244958484,-0.212846031152799,0.452,2.26,0.0787311793294029
18,"unanchored",4,2,0,"none","unadjusted",0.1,1,1000,0.253143244958484,-0.212846031152799,0.01,0.00999999999999999,0.00314800093867678
18,"unanchored",4,2,0,"none","unadjusted",0.1,2,1000,0.253143244958484,-0.212846031152799,0.026,0.026,0.00503481373531821
18,"unanchored",4,2,0,"none","unadjusted",0.1,5,1000,0.253143244958484,-0.212846031152799,0.095,0.095,0.0092769101031033
18,"unanchored",4,2,0,"none","unadjusted",0.3,1,1000,0.253143244958484,-0.212846031152799,0,0,0
18,"unanchored",4,2,0,"none","unadjusted",0.3,2,1000,0.253143244958484,-0.212846031152799,0,0,0
18,"unanchored",4,2,0,"none","unadjusted",0.3,5,1000,0.253143244958484,-0.212846031152799,0.004,0.004,0.00199699473909873
19,"anchored",0.25,0.5,0.3,"none","gcomp",-0.3,1,1000,0.197222182765697,0.00933008209325337,0.057,0.057,0.00733517585370682
19,"anchored",0.25,0.5,0.3,"none","gcomp",-0.3,2,1000,0.197222182765697,0.00933008209325337,0.019,0.038,0.00863890216582127
19,"anchored",0.25,0.5,0.3,"none","gcomp",-0.3,5,1000,0.197222182765697,0.00933008209325337,0.005,0.0249999999999999,0.0111579343742244
19,"anchored",0.25,0.5,0.3,"none","gcomp",-0.1,1,1000,0.197222182765697,0.00933008209325337,0.298,0.298,0.0144708467411347
19,"anchored",0.25,0.5,0.3,"none","gcomp",-0.1,2,1000,0.197222182765697,0.00933008209325337,0.158,0.316,0.0230797893551192
19,"anchored",0.25,0.5,0.3,"none","gcomp",-0.1,5,1000,0.197222182765697,0.00933008209325337,0.06,0.3,0.0375687557873747
19,"anchored",0.25,0.5,0.3,"none","gcomp",0.1,1,1000,0.197222182765697,0.00933008209325337,0.314,0.314,0.014683991951088
19,"anchored",0.25,0.5,0.3,"none","gcomp",0.1,2,1000,0.197222182765697,0.00933008209325337,0.498,0.498,0.0158191733743027
19,"anchored",0.25,0.5,0.3,"none","gcomp",0.1,5,1000,0.197222182765697,0.00933008209325337,0.699,0.699,0.0145123950335431
19,"anchored",0.25,0.5,0.3,"none","gcomp",0.3,1,1000,0.197222182765697,0.00933008209325337,0.07,0.07,0.00807249435832351
19,"anchored",0.25,0.5,0.3,"none","gcomp",0.3,2,1000,0.197222182765697,0.00933008209325337,0.148,0.148,0.0112348663642353
19,"anchored",0.25,0.5,0.3,"none","gcomp",0.3,5,1000,0.197222182765697,0.00933008209325337,0.308,0.308,0.0146064831273428
19,"anchored",0.25,0.5,0.3,"none","maic_index",-0.3,1,1000,0.353416149090558,0.0176589777450882,0.198,0.198,0.0126077339341753
19,"anchored",0.25,0.5,0.3,"none","maic_index",-0.3,2,1000,0.353416149090558,0.0176589777450882,0.099,0.198,0.0188984960553255
19,"anchored",0.25,0.5,0.3,"none","maic_index",-0.3,5,1000,0.353416149090558,0.0176589777450882,0.036,0.18,0.0294697890808279
19,"anchored",0.25,0.5,0.3,"none","maic_index",-0.1,1,1000,0.353416149090558,0.0176589777450882,0.377,0.377,0.0153331701257799
19,"anchored",0.25,0.5,0.3,"none","maic_index",-0.1,2,1000,0.353416149090558,0.0176589777450882,0.23,0.46,0.026629102671872
19,"anchored",0.25,0.5,0.3,"none","maic_index",-0.1,5,1000,0.353416149090558,0.0176589777450882,0.107,0.535,0.048899551799236
19,"anchored",0.25,0.5,0.3,"none","maic_index",0.1,1,1000,0.353416149090558,0.0176589777450882,0.429,0.429,0.0156589975478703
19,"anchored",0.25,0.5,0.3,"none","maic_index",0.1,2,1000,0.353416149090558,0.0176589777450882,0.576,0.576,0.0156354874714052
19,"anchored",0.25,0.5,0.3,"none","maic_index",0.1,5,1000,0.353416149090558,0.0176589777450882,0.75,0.75,0.0136999156087798
19,"anchored",0.25,0.5,0.3,"none","maic_index",0.3,1,1000,0.353416149090558,0.0176589777450882,0.223,0.223,0.0131698308434257
19,"anchored",0.25,0.5,0.3,"none","maic_index",0.3,2,1000,0.353416149090558,0.0176589777450882,0.351,0.351,0.0151005637983164
19,"anchored",0.25,0.5,0.3,"none","maic_index",0.3,5,1000,0.353416149090558,0.0176589777450882,0.541,0.541,0.0157660257378822
19,"anchored",0.25,0.5,0.3,"none","maic_means",-0.3,1,1000,0.243190528319205,0.0289036844944505,0.089,0.0889999999999998,0.00900889339265152
19,"anchored",0.25,0.5,0.3,"none","maic_means",-0.3,2,1000,0.243190528319205,0.0289036844944505,0.038,0.0759999999999998,0.0120983623011699
19,"anchored",0.25,0.5,0.3,"none","maic_means",-0.3,5,1000,0.243190528319205,0.0289036844944505,0.008,0.04,0.0140925015025224
19,"anchored",0.25,0.5,0.3,"none","maic_means",-0.1,1,1000,0.243190528319205,0.0289036844944505,0.301,0.301,0.0145123950335431
19,"anchored",0.25,0.5,0.3,"none","maic_means",-0.1,2,1000,0.243190528319205,0.0289036844944505,0.16,0.32,0.023197804597378
19,"anchored",0.25,0.5,0.3,"none","maic_means",-0.1,5,1000,0.243190528319205,0.0289036844944505,0.07,0.349999999999999,0.0403624717916171
19,"anchored",0.25,0.5,0.3,"none","maic_means",0.1,1,1000,0.243190528319205,0.0289036844944505,0.369,0.369,0.0152666981391546
19,"anchored",0.25,0.5,0.3,"none","maic_means",0.1,2,1000,0.243190528319205,0.0289036844944505,0.543,0.543,0.0157606915901364
19,"anchored",0.25,0.5,0.3,"none","maic_means",0.1,5,1000,0.243190528319205,0.0289036844944505,0.752,0.752,0.0136631871348777
19,"anchored",0.25,0.5,0.3,"none","maic_means",0.3,1,1000,0.243190528319205,0.0289036844944505,0.133,0.133,0.0107436691323973
19,"anchored",0.25,0.5,0.3,"none","maic_means",0.3,2,1000,0.243190528319205,0.0289036844944505,0.249,0.249,0.0136816002787023
19,"anchored",0.25,0.5,0.3,"none","maic_means",0.3,5,1000,0.243190528319205,0.0289036844944505,0.427,0.427,0.0156497896444622
19,"anchored",0.25,0.5,0.3,"none","maic_meanvar",-0.3,1,1000,0.421762559888928,0.0349308294240017,0.225,0.225,0.0132117201586148
19,"anchored",0.25,0.5,0.3,"none","maic_meanvar",-0.3,2,1000,0.421762559888928,0.0349308294240017,0.116,0.232,0.020262936277514
19,"anchored",0.25,0.5,0.3,"none","maic_meanvar",-0.3,5,1000,0.421762559888928,0.0349308294240017,0.034,0.17,0.0286691806984772
19,"anchored",0.25,0.5,0.3,"none","maic_meanvar",-0.1,1,1000,0.421762559888928,0.0349308294240017,0.378,0.378,0.0153411652540266
19,"anchored",0.25,0.5,0.3,"none","maic_meanvar",-0.1,2,1000,0.421762559888928,0.0349308294240017,0.241,0.482,0.0270630450690309
19,"anchored",0.25,0.5,0.3,"none","maic_meanvar",-0.1,5,1000,0.421762559888928,0.0349308294240017,0.108,0.54,0.0491000082567286
19,"anchored",0.25,0.5,0.3,"none","maic_meanvar",0.1,1,1000,0.421762559888928,0.0349308294240017,0.446,0.446,0.0157267711667504
19,"anchored",0.25,0.5,0.3,"none","maic_meanvar",0.1,2,1000,0.421762559888928,0.0349308294240017,0.592,0.592,0.0155492050529207
19,"anchored",0.25,0.5,0.3,"none","maic_meanvar",0.1,5,1000,0.421762559888928,0.0349308294240017,0.773,0.773,0.0132531749647639
19,"anchored",0.25,0.5,0.3,"none","maic_meanvar",0.3,1,1000,0.421762559888928,0.0349308294240017,0.27,0.27,0.0140462556326339
19,"anchored",0.25,0.5,0.3,"none","maic_meanvar",0.3,2,1000,0.421762559888928,0.0349308294240017,0.415,0.415,0.0155890351856046
19,"anchored",0.25,0.5,0.3,"none","maic_meanvar",0.3,5,1000,0.421762559888928,0.0349308294240017,0.604,0.604,0.0154733132658594
19,"anchored",0.25,0.5,0.3,"none","unadjusted",-0.3,1,1000,0.203798919135752,0.0323680610848694,0.045,0.045,0.00655881224140612
19,"anchored",0.25,0.5,0.3,"none","unadjusted",-0.3,2,1000,0.203798919135752,0.0323680610848694,0.016,0.032,0.00793971278063883
19,"anchored",0.25,0.5,0.3,"none","unadjusted",-0.3,5,1000,0.203798919135752,0.0323680610848694,0.005,0.0249999999999999,0.0111579343742244
19,"anchored",0.25,0.5,0.3,"none","unadjusted",-0.1,1,1000,0.203798919135752,0.0323680610848694,0.247,0.247,0.0136446757813141
19,"anchored",0.25,0.5,0.3,"none","unadjusted",-0.1,2,1000,0.203798919135752,0.0323680610848694,0.142,0.284,0.0220869153987564
19,"anchored",0.25,0.5,0.3,"none","unadjusted",-0.1,5,1000,0.203798919135752,0.0323680610848694,0.047,0.235,0.0334797833908149
19,"anchored",0.25,0.5,0.3,"none","unadjusted",0.1,1,1000,0.203798919135752,0.0323680610848694,0.353,0.353,0.0151201726054837
19,"anchored",0.25,0.5,0.3,"none","unadjusted",0.1,2,1000,0.203798919135752,0.0323680610848694,0.546,0.546,0.0157522103887718
19,"anchored",0.25,0.5,0.3,"none","unadjusted",0.1,5,1000,0.203798919135752,0.0323680610848694,0.75,0.75,0.0136999156087798
19,"anchored",0.25,0.5,0.3,"none","unadjusted",0.3,1,1000,0.203798919135752,0.0323680610848694,0.09,0.09,0.00905439020486644
19,"anchored",0.25,0.5,0.3,"none","unadjusted",0.3,2,1000,0.203798919135752,0.0323680610848694,0.183,0.183,0.0122335873994778
19,"anchored",0.25,0.5,0.3,"none","unadjusted",0.3,5,1000,0.203798919135752,0.0323680610848694,0.357,0.357,0.0151585217214868
20,"unanchored",0.25,0.5,0.3,"none","gcomp",-0.3,1,1000,0.194484025608362,-0.020177199854861,0.074,0.0740000000000001,0.00828206451270416
20,"unanchored",0.25,0.5,0.3,"none","gcomp",-0.3,2,1000,0.194484025608362,-0.020177199854861,0.039,0.078,0.0122501455528523
20,"unanchored",0.25,0.5,0.3,"none","gcomp",-0.3,5,1000,0.194484025608362,-0.020177199854861,0.011,0.055,0.016499916583039
20,"unanchored",0.25,0.5,0.3,"none","gcomp",-0.1,1,1000,0.194484025608362,-0.020177199854861,0.336,0.336,0.014944140233795
20,"unanchored",0.25,0.5,0.3,"none","gcomp",-0.1,2,1000,0.194484025608362,-0.020177199854861,0.2,0.4,0.0253108798867333
20,"unanchored",0.25,0.5,0.3,"none","gcomp",-0.1,5,1000,0.194484025608362,-0.020177199854861,0.104,0.52,0.0482900810926215
20,"unanchored",0.25,0.5,0.3,"none","gcomp",0.1,1,1000,0.194484025608362,-0.020177199854861,0.265,0.265,0.01396316475481
20,"unanchored",0.25,0.5,0.3,"none","gcomp",0.1,2,1000,0.194484025608362,-0.020177199854861,0.428,0.428,0.0156544262450293
20,"unanchored",0.25,0.5,0.3,"none","gcomp",0.1,5,1000,0.194484025608362,-0.020177199854861,0.617,0.617,0.0153801023256527
20,"unanchored",0.25,0.5,0.3,"none","gcomp",0.3,1,1000,0.194484025608362,-0.020177199854861,0.05,0.0500000000000001,0.00689547297489791
20,"unanchored",0.25,0.5,0.3,"none","gcomp",0.3,2,1000,0.194484025608362,-0.020177199854861,0.109,0.109,0.00985982840703718
20,"unanchored",0.25,0.5,0.3,"none","gcomp",0.3,5,1000,0.194484025608362,-0.020177199854861,0.244,0.244,0.0135885484378814
20,"unanchored",0.25,0.5,0.3,"none","maic_index",-0.3,1,1000,0.264979483545996,-0.00756379099034266,0.138,0.138,0.0109121526325044
20,"unanchored",0.25,0.5,0.3,"none","maic_index",-0.3,2,1000,0.264979483545996,-0.00756379099034266,0.071,0.142,0.0162511568849758
20,"unanchored",0.25,0.5,0.3,"none","maic_index",-0.3,5,1000,0.264979483545996,-0.00756379099034266,0.015,0.075,0.019228747872515
20,"unanchored",0.25,0.5,0.3,"none","maic_index",-0.1,1,1000,0.264979483545996,-0.00756379099034266,0.362,0.362,0.0152048409129195
20,"unanchored",0.25,0.5,0.3,"none","maic_index",-0.1,2,1000,0.264979483545996,-0.00756379099034266,0.222,0.444,0.0262974438977547
20,"unanchored",0.25,0.5,0.3,"none","maic_index",-0.1,5,1000,0.264979483545996,-0.00756379099034266,0.102,0.51,0.0478768440082696
20,"unanchored",0.25,0.5,0.3,"none","maic_index",0.1,1,1000,0.264979483545996,-0.00756379099034266,0.349,0.349,0.0150806639915631
20,"unanchored",0.25,0.5,0.3,"none","maic_index",0.1,2,1000,0.264979483545996,-0.00756379099034266,0.502,0.502,0.0158191733743027
20,"unanchored",0.25,0.5,0.3,"none","maic_index",0.1,5,1000,0.264979483545996,-0.00756379099034266,0.72,0.72,0.0142056961040915
20,"unanchored",0.25,0.5,0.3,"none","maic_index",0.3,1,1000,0.264979483545996,-0.00756379099034266,0.127,0.127,0.0105347986208557
20,"unanchored",0.25,0.5,0.3,"none","maic_index",0.3,2,1000,0.264979483545996,-0.00756379099034266,0.222,0.222,0.0131487219488774
20,"unanchored",0.25,0.5,0.3,"none","maic_index",0.3,5,1000,0.264979483545996,-0.00756379099034266,0.394,0.394,0.0154597219574934
20,"unanchored",0.25,0.5,0.3,"none","maic_means",-0.3,1,1000,0.196253811368165,0.0252772846140877,0.053,0.053,0.00708810561724644
20,"unanchored",0.25,0.5,0.3,"none","maic_means",-0.3,2,1000,0.196253811368165,0.0252772846140877,0.022,0.044,0.00928171051854941
20,"unanchored",0.25,0.5,0.3,"none","maic_means",-0.3,5,1000,0.196253811368165,0.0252772846140877,0.004,0.02,0.00998497369549359
20,"unanchored",0.25,0.5,0.3,"none","maic_means",-0.1,1,1000,0.196253811368165,0.0252772846140877,0.255,0.255,0.0137900386208728
20,"unanchored",0.25,0.5,0.3,"none","maic_means",-0.1,2,1000,0.196253811368165,0.0252772846140877,0.151,0.302,0.0226563304466833
20,"unanchored",0.25,0.5,0.3,"none","maic_means",-0.1,5,1000,0.196253811368165,0.0252772846140877,0.071,0.355,0.0406278922124401
20,"unanchored",0.25,0.5,0.3,"none","maic_means",0.1,1,1000,0.196253811368165,0.0252772846140877,0.367,0.367,0.0152493784641718
20,"unanchored",0.25,0.5,0.3,"none","maic_means",0.1,2,1000,0.196253811368165,0.0252772846140877,0.511,0.511,0.0158154711952927
20,"unanchored",0.25,0.5,0.3,"none","maic_means",0.1,5,1000,0.196253811368165,0.0252772846140877,0.701,0.701,0.0144847785212205
20,"unanchored",0.25,0.5,0.3,"none","maic_means",0.3,1,1000,0.196253811368165,0.0252772846140877,0.079,0.079,0.00853415677333344
20,"unanchored",0.25,0.5,0.3,"none","maic_means",0.3,2,1000,0.196253811368165,0.0252772846140877,0.154,0.154,0.0114199130650987
20,"unanchored",0.25,0.5,0.3,"none","maic_means",0.3,5,1000,0.196253811368165,0.0252772846140877,0.317,0.317,0.0147216754388802
20,"unanchored",0.25,0.5,0.3,"none","maic_meanvar",-0.3,1,1000,0.322924160559308,0.0251984801322873,0.162,0.162,0.0116572677713044
20,"unanchored",0.25,0.5,0.3,"none","maic_meanvar",-0.3,2,1000,0.322924160559308,0.0251984801322873,0.079,0.158,0.0170683135466669
20,"unanchored",0.25,0.5,0.3,"none","maic_meanvar",-0.3,5,1000,0.322924160559308,0.0251984801322873,0.022,0.11,0.0232042762963733
20,"unanchored",0.25,0.5,0.3,"none","maic_meanvar",-0.1,1,1000,0.322924160559308,0.0251984801322873,0.344,0.344,0.0150296337244089
20,"unanchored",0.25,0.5,0.3,"none","maic_meanvar",-0.1,2,1000,0.322924160559308,0.0251984801322873,0.216,0.432,0.0260394710786156
20,"unanchored",0.25,0.5,0.3,"none","maic_meanvar",-0.1,5,1000,0.322924160559308,0.0251984801322873,0.092,0.46,0.045721881965756
20,"unanchored",0.25,0.5,0.3,"none","maic_meanvar",0.1,1,1000,0.322924160559308,0.0251984801322873,0.412,0.412,0.0155723632920151
20,"unanchored",0.25,0.5,0.3,"none","maic_meanvar",0.1,2,1000,0.322924160559308,0.0251984801322873,0.57,0.57,0.0156635036101553
20,"unanchored",0.25,0.5,0.3,"none","maic_meanvar",0.1,5,1000,0.322924160559308,0.0251984801322873,0.753,0.753,0.0136446757813141
20,"unanchored",0.25,0.5,0.3,"none","maic_meanvar",0.3,1,1000,0.322924160559308,0.0251984801322873,0.198,0.198,0.0126077339341753
20,"unanchored",0.25,0.5,0.3,"none","maic_meanvar",0.3,2,1000,0.322924160559308,0.0251984801322873,0.316,0.316,0.0147091930560571
20,"unanchored",0.25,0.5,0.3,"none","maic_meanvar",0.3,5,1000,0.322924160559308,0.0251984801322873,0.521,0.521,0.0158053411481313
20,"unanchored",0.25,0.5,0.3,"none","unadjusted",-0.3,1,1000,0.32579911519848,0.280865152729735,0,0,0
20,"unanchored",0.25,0.5,0.3,"none","unadjusted",-0.3,2,1000,0.32579911519848,0.280865152729735,0,0,0
20,"unanchored",0.25,0.5,0.3,"none","unadjusted",-0.3,5,1000,0.32579911519848,0.280865152729735,0,0,0
20,"unanchored",0.25,0.5,0.3,"none","unadjusted",-0.1,1,1000,0.32579911519848,0.280865152729735,0.016,0.016,0.00396985639031942
20,"unanchored",0.25,0.5,0.3,"none","unadjusted",-0.1,2,1000,0.32579911519848,0.280865152729735,0.001,0.002,0.00200000000000003
20,"unanchored",0.25,0.5,0.3,"none","unadjusted",-0.1,5,1000,0.32579911519848,0.280865152729735,0,0,0
20,"unanchored",0.25,0.5,0.3,"none","unadjusted",0.1,1,1000,0.32579911519848,0.280865152729735,0.87,0.87,0.0106401697924993
20,"unanchored",0.25,0.5,0.3,"none","unadjusted",0.1,2,1000,0.32579911519848,0.280865152729735,0.932,0.932,0.0079648879112916
20,"unanchored",0.25,0.5,0.3,"none","unadjusted",0.1,5,1000,0.32579911519848,0.280865152729735,0.974,0.974,0.0050348137353182
20,"unanchored",0.25,0.5,0.3,"none","unadjusted",0.3,1,1000,0.32579911519848,0.280865152729735,0.457,0.457,0.0157606915901364
20,"unanchored",0.25,0.5,0.3,"none","unadjusted",0.3,2,1000,0.32579911519848,0.280865152729735,0.625,0.625,0.015316971293621
20,"unanchored",0.25,0.5,0.3,"none","unadjusted",0.3,5,1000,0.32579911519848,0.280865152729735,0.777,0.777,0.0131698308434257
21,"anchored",1,0.5,0.3,"none","gcomp",-0.3,1,1000,0.19277831931339,-0.00115892644633208,0.058,0.0580000000000001,0.00739531545579294
21,"anchored",1,0.5,0.3,"none","gcomp",-0.3,2,1000,0.19277831931339,-0.00115892644633208,0.03,0.06,0.0107942816581984
21,"anchored",1,0.5,0.3,"none","gcomp",-0.3,5,1000,0.19277831931339,-0.00115892644633208,0.008,0.0400000000000001,0.0140925015025224
21,"anchored",1,0.5,0.3,"none","gcomp",-0.1,1,1000,0.19277831931339,-0.00115892644633208,0.317,0.317,0.0147216754388802
21,"anchored",1,0.5,0.3,"none","gcomp",-0.1,2,1000,0.19277831931339,-0.00115892644633208,0.17,0.34,0.0237689916690833
21,"anchored",1,0.5,0.3,"none","gcomp",-0.1,5,1000,0.19277831931339,-0.00115892644633208,0.076,0.38,0.041920846333982
21,"anchored",1,0.5,0.3,"none","gcomp",0.1,1,1000,0.19277831931339,-0.00115892644633208,0.307,0.307,0.0145932848928526
21,"anchored",1,0.5,0.3,"none","gcomp",0.1,2,1000,0.19277831931339,-0.00115892644633208,0.459,0.459,0.0157660257378822
21,"anchored",1,0.5,0.3,"none","gcomp",0.1,5,1000,0.19277831931339,-0.00115892644633208,0.65,0.65,0.0150906503414442
21,"anchored",1,0.5,0.3,"none","gcomp",0.3,1,1000,0.19277831931339,-0.00115892644633208,0.06,0.06,0.00751375115747492
21,"anchored",1,0.5,0.3,"none","gcomp",0.3,2,1000,0.19277831931339,-0.00115892644633208,0.131,0.131,0.010674874844838
21,"anchored",1,0.5,0.3,"none","gcomp",0.3,5,1000,0.19277831931339,-0.00115892644633208,0.274,0.274,0.0141110992882596
21,"anchored",1,0.5,0.3,"none","maic_index",-0.3,1,1000,0.355312073625193,0.0173838344833,0.206,0.206,0.0127956136127866
21,"anchored",1,0.5,0.3,"none","maic_index",-0.3,2,1000,0.355312073625193,0.0173838344833,0.1,0.2,0.0189831599150501
21,"anchored",1,0.5,0.3,"none","maic_index",-0.3,5,1000,0.355312073625193,0.0173838344833,0.036,0.18,0.0294697890808279
21,"anchored",1,0.5,0.3,"none","maic_index",-0.1,1,1000,0.355312073625193,0.0173838344833,0.377,0.377,0.0153331701257799
21,"anchored",1,0.5,0.3,"none","maic_index",-0.1,2,1000,0.355312073625193,0.0173838344833,0.25,0.5,0.0273998312175595
21,"anchored",1,0.5,0.3,"none","maic_index",-0.1,5,1000,0.355312073625193,0.0173838344833,0.109,0.544999999999999,0.0492991420351857
21,"anchored",1,0.5,0.3,"none","maic_index",0.1,1,1000,0.355312073625193,0.0173838344833,0.426,0.426,0.0156450876881138
21,"anchored",1,0.5,0.3,"none","maic_index",0.1,2,1000,0.355312073625193,0.0173838344833,0.576,0.576,0.0156354874714052
21,"anchored",1,0.5,0.3,"none","maic_index",0.1,5,1000,0.355312073625193,0.0173838344833,0.732,0.732,0.0140132927027295
21,"anchored",1,0.5,0.3,"none","maic_index",0.3,1,1000,0.355312073625193,0.0173838344833,0.214,0.214,0.0129758380219688
21,"anchored",1,0.5,0.3,"none","maic_index",0.3,2,1000,0.355312073625193,0.0173838344833,0.357,0.357,0.0151585217214868
21,"anchored",1,0.5,0.3,"none","maic_index",0.3,5,1000,0.355312073625193,0.0173838344833,0.553,0.553,0.0157301760460091
21,"anchored",1,0.5,0.3,"none","maic_means",-0.3,1,1000,0.246998367539949,0.0588681881226494,0.062,0.062,0.00762982399628031
21,"anchored",1,0.5,0.3,"none","maic_means",-0.3,2,1000,0.246998367539949,0.0588681881226494,0.03,0.06,0.0107942816581984
21,"anchored",1,0.5,0.3,"none","maic_means",-0.3,5,1000,0.246998367539949,0.0588681881226494,0.007,0.0349999999999999,0.013188970731219
21,"anchored",1,0.5,0.3,"none","maic_means",-0.1,1,1000,0.246998367539949,0.0588681881226494,0.251,0.251,0.0137181335168889
21,"anchored",1,0.5,0.3,"none","maic_means",-0.1,2,1000,0.246998367539949,0.0588681881226494,0.149,0.298,0.0225322813692643
21,"anchored",1,0.5,0.3,"none","maic_means",-0.1,5,1000,0.246998367539949,0.0588681881226494,0.049,0.245,0.0341488087807047
21,"anchored",1,0.5,0.3,"none","maic_means",0.1,1,1000,0.246998367539949,0.0588681881226494,0.434,0.434,0.0156808765663751
21,"anchored",1,0.5,0.3,"none","maic_means",0.1,2,1000,0.246998367539949,0.0588681881226494,0.598,0.598,0.0155124671357151
21,"anchored",1,0.5,0.3,"none","maic_means",0.1,5,1000,0.246998367539949,0.0588681881226494,0.779,0.779,0.0131275028596962
21,"anchored",1,0.5,0.3,"none","maic_means",0.3,1,1000,0.246998367539949,0.0588681881226494,0.153,0.153,0.0113895004596655
21,"anchored",1,0.5,0.3,"none","maic_means",0.3,2,1000,0.246998367539949,0.0588681881226494,0.281,0.281,0.0142211547084349
21,"anchored",1,0.5,0.3,"none","maic_means",0.3,5,1000,0.246998367539949,0.0588681881226494,0.478,0.478,0.015803979428162
21,"anchored",1,0.5,0.3,"none","maic_meanvar",-0.3,1,1000,0.40418303937593,0.0221417045914185,0.209,0.209,0.0128640772884993
21,"anchored",1,0.5,0.3,"none","maic_meanvar",-0.3,2,1000,0.40418303937593,0.0221417045914185,0.116,0.232,0.0202629362775139
21,"anchored",1,0.5,0.3,"none","maic_meanvar",-0.3,5,1000,0.40418303937593,0.0221417045914185,0.036,0.18,0.029469789080828
21,"anchored",1,0.5,0.3,"none","maic_meanvar",-0.1,1,1000,0.40418303937593,0.0221417045914185,0.375,0.375,0.015316971293621
21,"anchored",1,0.5,0.3,"none","maic_meanvar",-0.1,2,1000,0.40418303937593,0.0221417045914185,0.232,0.464,0.0267098749045632
21,"anchored",1,0.5,0.3,"none","maic_meanvar",-0.1,5,1000,0.40418303937593,0.0221417045914185,0.105,0.525,0.048494605130125
21,"anchored",1,0.5,0.3,"none","maic_meanvar",0.1,1,1000,0.40418303937593,0.0221417045914185,0.417,0.417,0.0155998190487696
21,"anchored",1,0.5,0.3,"none","maic_meanvar",0.1,2,1000,0.40418303937593,0.0221417045914185,0.597,0.597,0.0155187574190665
21,"anchored",1,0.5,0.3,"none","maic_meanvar",0.1,5,1000,0.40418303937593,0.0221417045914185,0.774,0.774,0.0132325016190854
21,"anchored",1,0.5,0.3,"none","maic_meanvar",0.3,1,1000,0.40418303937593,0.0221417045914185,0.248,0.248,0.0136631871348777
21,"anchored",1,0.5,0.3,"none","maic_meanvar",0.3,2,1000,0.40418303937593,0.0221417045914185,0.39,0.39,0.0154317250538666
21,"anchored",1,0.5,0.3,"none","maic_meanvar",0.3,5,1000,0.40418303937593,0.0221417045914185,0.595,0.595,0.015531136990453
21,"anchored",1,0.5,0.3,"none","unadjusted",-0.3,1,1000,0.215586713298056,0.0671134081256763,0.038,0.038,0.00604918115058494
21,"anchored",1,0.5,0.3,"none","unadjusted",-0.3,2,1000,0.215586713298056,0.0671134081256763,0.014,0.0280000000000002,0.00743446509651314
21,"anchored",1,0.5,0.3,"none","unadjusted",-0.3,5,1000,0.215586713298056,0.0671134081256763,0.004,0.0200000000000001,0.00998497369549359
21,"anchored",1,0.5,0.3,"none","unadjusted",-0.1,1,1000,0.215586713298056,0.0671134081256763,0.209,0.209,0.0128640772884993
21,"anchored",1,0.5,0.3,"none","unadjusted",-0.1,2,1000,0.215586713298056,0.0671134081256763,0.107,0.214,0.0195598207196943
21,"anchored",1,0.5,0.3,"none","unadjusted",-0.1,5,1000,0.215586713298056,0.0671134081256763,0.041,0.205,0.0313681201055936
21,"anchored",1,0.5,0.3,"none","unadjusted",0.1,1,1000,0.215586713298056,0.0671134081256763,0.441,0.441,0.0157087798942427
21,"anchored",1,0.5,0.3,"none","unadjusted",0.1,2,1000,0.215586713298056,0.0671134081256763,0.592,0.592,0.0155492050529207
21,"anchored",1,0.5,0.3,"none","unadjusted",0.1,5,1000,0.215586713298056,0.0671134081256763,0.775,0.775,0.0132117201586148
21,"anchored",1,0.5,0.3,"none","unadjusted",0.3,1,1000,0.215586713298056,0.0671134081256763,0.134,0.134,0.0107777622983697
21,"anchored",1,0.5,0.3,"none","unadjusted",0.3,2,1000,0.215586713298056,0.0671134081256763,0.234,0.234,0.01339490288966
21,"anchored",1,0.5,0.3,"none","unadjusted",0.3,5,1000,0.215586713298056,0.0671134081256763,0.431,0.431,0.0156679444881735
22,"unanchored",1,0.5,0.3,"none","gcomp",-0.3,1,1000,0.160384265320031,0.00849840346985474,0.028,0.0280000000000001,0.00521950603441006
22,"unanchored",1,0.5,0.3,"none","gcomp",-0.3,2,1000,0.160384265320031,0.00849840346985474,0.012,0.024,0.00688995438819967
22,"unanchored",1,0.5,0.3,"none","gcomp",-0.3,5,1000,0.160384265320031,0.00849840346985474,0.002,0.0100000000000001,0.00706752785278923
22,"unanchored",1,0.5,0.3,"none","gcomp",-0.1,1,1000,0.160384265320031,0.00849840346985474,0.253,0.253,0.0137542786135871
22,"unanchored",1,0.5,0.3,"none","gcomp",-0.1,2,1000,0.160384265320031,0.00849840346985474,0.133,0.266,0.0214873382647947
22,"unanchored",1,0.5,0.3,"none","gcomp",-0.1,5,1000,0.160384265320031,0.00849840346985474,0.047,0.235,0.0334797833908149
22,"unanchored",1,0.5,0.3,"none","gcomp",0.1,1,1000,0.160384265320031,0.00849840346985474,0.28,0.28,0.0142056961040915
22,"unanchored",1,0.5,0.3,"none","gcomp",0.1,2,1000,0.160384265320031,0.00849840346985474,0.445,0.445,0.0157233018867609
22,"unanchored",1,0.5,0.3,"none","gcomp",0.1,5,1000,0.160384265320031,0.00849840346985474,0.664,0.664,0.014944140233795
22,"unanchored",1,0.5,0.3,"none","gcomp",0.3,1,1000,0.160384265320031,0.00849840346985474,0.033,0.033,0.00565180882045237
22,"unanchored",1,0.5,0.3,"none","gcomp",0.3,2,1000,0.160384265320031,0.00849840346985474,0.075,0.0749999999999999,0.00833333333333336
22,"unanchored",1,0.5,0.3,"none","gcomp",0.3,5,1000,0.160384265320031,0.00849840346985474,0.215,0.215,0.0129978438190318
22,"unanchored",1,0.5,0.3,"none","maic_index",-0.3,1,1000,0.236712823611423,0.0032906239606492,0.092,0.092,0.00914437639315111
22,"unanchored",1,0.5,0.3,"none","maic_index",-0.3,2,1000,0.236712823611423,0.0032906239606492,0.033,0.0659999999999997,0.0113036176409047
22,"unanchored",1,0.5,0.3,"none","maic_index",-0.3,5,1000,0.236712823611423,0.0032906239606492,0.004,0.0200000000000001,0.00998497369549359
22,"unanchored",1,0.5,0.3,"none","maic_index",-0.1,1,1000,0.236712823611423,0.0032906239606492,0.352,0.352,0.0151104045056487
22,"unanchored",1,0.5,0.3,"none","maic_index",-0.1,2,1000,0.236712823611423,0.0032906239606492,0.176,0.352,0.024097233797195
22,"unanchored",1,0.5,0.3,"none","maic_index",-0.1,5,1000,0.236712823611423,0.0032906239606492,0.06,0.300000000000001,0.0375687557873748
22,"unanchored",1,0.5,0.3,"none","maic_index",0.1,1,1000,0.236712823611423,0.0032906239606492,0.334,0.334,0.014922019523733
22,"unanchored",1,0.5,0.3,"none","maic_index",0.1,2,1000,0.236712823611423,0.0032906239606492,0.489,0.489,0.0158154711952927
22,"unanchored",1,0.5,0.3,"none","maic_index",0.1,5,1000,0.236712823611423,0.0032906239606492,0.727,0.727,0.0140950228687176
22,"unanchored",1,0.5,0.3,"none","maic_index",0.3,1,1000,0.236712823611423,0.0032906239606492,0.114,0.114,0.0100551034358233
22,"unanchored",1,0.5,0.3,"none","maic_index",0.3,2,1000,0.236712823611423,0.0032906239606492,0.21,0.21,0.0128866623322745
22,"unanchored",1,0.5,0.3,"none","maic_index",0.3,5,1000,0.236712823611423,0.0032906239606492,0.406,0.406,0.0155372264386346
22,"unanchored",1,0.5,0.3,"none","maic_means",-0.3,1,1000,0.189342931776792,0.0937786687558638,0.009,0.00900000000000004,0.00298796384314266
22,"unanchored",1,0.5,0.3,"none","maic_means",-0.3,2,1000,0.189342931776792,0.0937786687558638,0.001,0.002,0.00200000000000002
22,"unanchored",1,0.5,0.3,"none","maic_means",-0.3,5,1000,0.189342931776792,0.0937786687558638,0,0,0
22,"unanchored",1,0.5,0.3,"none","maic_means",-0.1,1,1000,0.189342931776792,0.0937786687558638,0.122,0.122,0.0103548647129367
22,"unanchored",1,0.5,0.3,"none","maic_means",-0.1,2,1000,0.189342931776792,0.0937786687558638,0.05,0.1,0.0137909459497958
22,"unanchored",1,0.5,0.3,"none","maic_means",-0.1,5,1000,0.189342931776792,0.0937786687558638,0.011,0.0550000000000002,0.0164999165830391
22,"unanchored",1,0.5,0.3,"none","maic_means",0.1,1,1000,0.189342931776792,0.0937786687558638,0.479,0.479,0.0158053411481313
22,"unanchored",1,0.5,0.3,"none","maic_means",0.1,2,1000,0.189342931776792,0.0937786687558638,0.668,0.668,0.0148995972428115
22,"unanchored",1,0.5,0.3,"none","maic_means",0.1,5,1000,0.189342931776792,0.0937786687558638,0.826,0.826,0.0119944932309734
22,"unanchored",1,0.5,0.3,"none","maic_means",0.3,1,1000,0.189342931776792,0.0937786687558638,0.108,0.108,0.00982000165134571
22,"unanchored",1,0.5,0.3,"none","maic_means",0.3,2,1000,0.189342931776792,0.0937786687558638,0.212,0.212,0.012931481864938
22,"unanchored",1,0.5,0.3,"none","maic_means",0.3,5,1000,0.189342931776792,0.0937786687558638,0.406,0.406,0.0155372264386346
22,"unanchored",1,0.5,0.3,"none","maic_meanvar",-0.3,1,1000,0.28683088099675,0.0146971899900543,0.144,0.144,0.0111079875489392
22,"unanchored",1,0.5,0.3,"none","maic_meanvar",-0.3,2,1000,0.28683088099675,0.0146971899900543,0.048,0.096,0.0135265282673333
22,"unanchored",1,0.5,0.3,"none","maic_meanvar",-0.3,5,1000,0.28683088099675,0.0146971899900543,0.01,0.0500000000000001,0.0157400046933839
22,"unanchored",1,0.5,0.3,"none","maic_meanvar",-0.1,1,1000,0.28683088099675,0.0146971899900543,0.367,0.367,0.0152493784641717
22,"unanchored",1,0.5,0.3,"none","maic_meanvar",-0.1,2,1000,0.28683088099675,0.0146971899900543,0.195,0.39,0.0250704712466386
22,"unanchored",1,0.5,0.3,"none","maic_meanvar",-0.1,5,1000,0.28683088099675,0.0146971899900543,0.079,0.395,0.0426707838666668
22,"unanchored",1,0.5,0.3,"none","maic_meanvar",0.1,1,1000,0.28683088099675,0.0146971899900543,0.379,0.379,0.0153490910022254
22,"unanchored",1,0.5,0.3,"none","maic_meanvar",0.1,2,1000,0.28683088099675,0.0146971899900543,0.54,0.54,0.0157685969143944
22,"unanchored",1,0.5,0.3,"none","maic_meanvar",0.1,5,1000,0.28683088099675,0.0146971899900543,0.749,0.749,0.0137181335168889
22,"unanchored",1,0.5,0.3,"none","maic_meanvar",0.3,1,1000,0.28683088099675,0.0146971899900543,0.162,0.162,0.0116572677713044
22,"unanchored",1,0.5,0.3,"none","maic_meanvar",0.3,2,1000,0.28683088099675,0.0146971899900543,0.282,0.282,0.0142365262152913
22,"unanchored",1,0.5,0.3,"none","maic_meanvar",0.3,5,1000,0.28683088099675,0.0146971899900543,0.493,0.493,0.0158177495618436
22,"unanchored",1,0.5,0.3,"none","unadjusted",-0.3,1,1000,0.589229050668221,0.570452718328414,0,0,0
22,"unanchored",1,0.5,0.3,"none","unadjusted",-0.3,2,1000,0.589229050668221,0.570452718328414,0,0,0
22,"unanchored",1,0.5,0.3,"none","unadjusted",-0.3,5,1000,0.589229050668221,0.570452718328414,0,0,0
22,"unanchored",1,0.5,0.3,"none","unadjusted",-0.1,1,1000,0.589229050668221,0.570452718328414,0,0,0
22,"unanchored",1,0.5,0.3,"none","unadjusted",-0.1,2,1000,0.589229050668221,0.570452718328414,0,0,0
22,"unanchored",1,0.5,0.3,"none","unadjusted",-0.1,5,1000,0.589229050668221,0.570452718328414,0,0,0
22,"unanchored",1,0.5,0.3,"none","unadjusted",0.1,1,1000,0.589229050668221,0.570452718328414,0.998,0.998,0.00141350557055782
22,"unanchored",1,0.5,0.3,"none","unadjusted",0.1,2,1000,0.589229050668221,0.570452718328414,1,1,0
22,"unanchored",1,0.5,0.3,"none","unadjusted",0.1,5,1000,0.589229050668221,0.570452718328414,1,1,0
22,"unanchored",1,0.5,0.3,"none","unadjusted",0.3,1,1000,0.589229050668221,0.570452718328414,0.966,0.966,0.00573383613969544
22,"unanchored",1,0.5,0.3,"none","unadjusted",0.3,2,1000,0.589229050668221,0.570452718328414,0.987,0.987,0.00358383088940364
22,"unanchored",1,0.5,0.3,"none","unadjusted",0.3,5,1000,0.589229050668221,0.570452718328414,0.997,0.997,0.00173031615434694
23,"anchored",4,0.5,0.3,"none","gcomp",-0.3,1,1000,0.160671735212372,0.00129600563561388,0.032,0.032,0.00556839357508137
23,"anchored",4,0.5,0.3,"none","gcomp",-0.3,2,1000,0.160671735212372,0.00129600563561388,0.011,0.022,0.00659996663321563
23,"anchored",4,0.5,0.3,"none","gcomp",-0.3,5,1000,0.160671735212372,0.00129600563561388,0.003,0.015,0.00865158077173473
23,"anchored",4,0.5,0.3,"none","gcomp",-0.1,1,1000,0.160671735212372,0.00129600563561388,0.267,0.267,0.0139966748517963
23,"anchored",4,0.5,0.3,"none","gcomp",-0.1,2,1000,0.160671735212372,0.00129600563561388,0.136,0.272,0.021690700460946
23,"anchored",4,0.5,0.3,"none","gcomp",-0.1,5,1000,0.160671735212372,0.00129600563561388,0.065,0.325,0.0389986653091599
23,"anchored",4,0.5,0.3,"none","gcomp",0.1,1,1000,0.160671735212372,0.00129600563561388,0.27,0.27,0.0140462556326339
23,"anchored",4,0.5,0.3,"none","gcomp",0.1,2,1000,0.160671735212372,0.00129600563561388,0.447,0.447,0.0157301760460091
23,"anchored",4,0.5,0.3,"none","gcomp",0.1,5,1000,0.160671735212372,0.00129600563561388,0.639,0.639,0.0151957201181751
23,"anchored",4,0.5,0.3,"none","gcomp",0.3,1,1000,0.160671735212372,0.00129600563561388,0.026,0.026,0.00503481373531822
23,"anchored",4,0.5,0.3,"none","gcomp",0.3,2,1000,0.160671735212372,0.00129600563561388,0.07,0.0699999999999999,0.0080724943583235
23,"anchored",4,0.5,0.3,"none","gcomp",0.3,5,1000,0.160671735212372,0.00129600563561388,0.19,0.19,0.0124118513548163
23,"anchored",4,0.5,0.3,"none","maic_index",-0.3,1,1000,0.301917393276753,-0.0110284464257041,0.18,0.18,0.012155153135512
23,"anchored",4,0.5,0.3,"none","maic_index",-0.3,2,1000,0.301917393276753,-0.0110284464257041,0.082,0.164,0.0173610312310475
23,"anchored",4,0.5,0.3,"none","maic_index",-0.3,5,1000,0.301917393276753,-0.0110284464257041,0.028,0.14,0.0260975301720504
23,"anchored",4,0.5,0.3,"none","maic_index",-0.1,1,1000,0.301917393276753,-0.0110284464257041,0.397,0.397,0.015480007449308
23,"anchored",4,0.5,0.3,"none","maic_index",-0.1,2,1000,0.301917393276753,-0.0110284464257041,0.242,0.484,0.0271012634111119
23,"anchored",4,0.5,0.3,"none","maic_index",-0.1,5,1000,0.301917393276753,-0.0110284464257041,0.11,0.55,0.0494969690986217
23,"anchored",4,0.5,0.3,"none","maic_index",0.1,1,1000,0.301917393276753,-0.0110284464257041,0.36,0.36,0.0151865279320401
23,"anchored",4,0.5,0.3,"none","maic_index",0.1,2,1000,0.301917393276753,-0.0110284464257041,0.514,0.514,0.015813097547731
23,"anchored",4,0.5,0.3,"none","maic_index",0.1,5,1000,0.301917393276753,-0.0110284464257041,0.708,0.708,0.0143855115634773
23,"anchored",4,0.5,0.3,"none","maic_index",0.3,1,1000,0.301917393276753,-0.0110284464257041,0.151,0.151,0.0113281652233417
23,"anchored",4,0.5,0.3,"none","maic_index",0.3,2,1000,0.301917393276753,-0.0110284464257041,0.275,0.275,0.0141270865564905
23,"anchored",4,0.5,0.3,"none","maic_index",0.3,5,1000,0.301917393276753,-0.0110284464257041,0.466,0.466,0.0157826833299376
23,"anchored",4,0.5,0.3,"none","maic_means",-0.3,1,1000,0.234605619016731,0.0960954188223112,0.031,0.031,0.0054835270646792
23,"anchored",4,0.5,0.3,"none","maic_means",-0.3,2,1000,0.234605619016731,0.0960954188223112,0.008,0.016,0.00563700060100901
23,"anchored",4,0.5,0.3,"none","maic_means",-0.3,5,1000,0.234605619016731,0.0960954188223112,0.001,0.00500000000000006,0.00500000000000005
23,"anchored",4,0.5,0.3,"none","maic_means",-0.1,1,1000,0.234605619016731,0.0960954188223112,0.187,0.187,0.0123362548280741
23,"anchored",4,0.5,0.3,"none","maic_means",-0.1,2,1000,0.234605619016731,0.0960954188223112,0.091,0.182,0.0181990990768005
23,"anchored",4,0.5,0.3,"none","maic_means",-0.1,5,1000,0.234605619016731,0.0960954188223112,0.029,0.145,0.0265458034287849
23,"anchored",4,0.5,0.3,"none","maic_means",0.1,1,1000,0.234605619016731,0.0960954188223112,0.499,0.499,0.0158192682905768
23,"anchored",4,0.5,0.3,"none","maic_means",0.1,2,1000,0.234605619016731,0.0960954188223112,0.658,0.658,0.0150087061821217
23,"anchored",4,0.5,0.3,"none","maic_means",0.1,5,1000,0.234605619016731,0.0960954188223112,0.824,0.824,0.0120486168985975
23,"anchored",4,0.5,0.3,"none","maic_means",0.3,1,1000,0.234605619016731,0.0960954188223112,0.173,0.173,0.0119672141375599
23,"anchored",4,0.5,0.3,"none","maic_means",0.3,2,1000,0.234605619016731,0.0960954188223112,0.299,0.299,0.0144847785212205
23,"anchored",4,0.5,0.3,"none","maic_means",0.3,5,1000,0.234605619016731,0.0960954188223112,0.525,0.525,0.015799513429996
23,"anchored",4,0.5,0.3,"none","maic_meanvar",-0.3,1,1000,0.361395530414683,-0.0077560454319314,0.204,0.204,0.0127493743590244
23,"anchored",4,0.5,0.3,"none","maic_meanvar",-0.3,2,1000,0.361395530414683,-0.0077560454319314,0.106,0.212,0.0194791025315703
23,"anchored",4,0.5,0.3,"none","maic_meanvar",-0.3,5,1000,0.361395530414683,-0.0077560454319314,0.044,0.22,0.032444608992137
23,"anchored",4,0.5,0.3,"none","maic_meanvar",-0.1,1,1000,0.361395530414683,-0.0077560454319314,0.403,0.403,0.0155187574190665
23,"anchored",4,0.5,0.3,"none","maic_meanvar",-0.1,2,1000,0.361395530414683,-0.0077560454319314,0.259,0.518,0.0277208305150558
23,"anchored",4,0.5,0.3,"none","maic_meanvar",-0.1,5,1000,0.361395530414683,-0.0077560454319314,0.111,0.555,0.0496935050529186
23,"anchored",4,0.5,0.3,"none","maic_meanvar",0.1,1,1000,0.361395530414683,-0.0077560454319314,0.388,0.388,0.0154173179799111
23,"anchored",4,0.5,0.3,"none","maic_meanvar",0.1,2,1000,0.361395530414683,-0.0077560454319314,0.557,0.557,0.0157161699532041
23,"anchored",4,0.5,0.3,"none","maic_meanvar",0.1,5,1000,0.361395530414683,-0.0077560454319314,0.737,0.737,0.0139292865942597
23,"anchored",4,0.5,0.3,"none","maic_meanvar",0.3,1,1000,0.361395530414683,-0.0077560454319314,0.195,0.195,0.0125352356233193
23,"anchored",4,0.5,0.3,"none","maic_meanvar",0.3,2,1000,0.361395530414683,-0.0077560454319314,0.345,0.345,0.0150399867420552
23,"anchored",4,0.5,0.3,"none","maic_meanvar",0.3,5,1000,0.361395530414683,-0.0077560454319314,0.55,0.55,0.0157400046933838
23,"anchored",4,0.5,0.3,"none","unadjusted",-0.3,1,1000,0.220546761189281,0.115280835218534,0.013,0.013,0.00358383088940363
23,"anchored",4,0.5,0.3,"none","unadjusted",-0.3,2,1000,0.220546761189281,0.115280835218534,0.007,0.0140000000000001,0.00527558829248752
23,"anchored",4,0.5,0.3,"none","unadjusted",-0.3,5,1000,0.220546761189281,0.115280835218534,0.001,0.00500000000000006,0.00500000000000006
23,"anchored",4,0.5,0.3,"none","unadjusted",-0.1,1,1000,0.220546761189281,0.115280835218534,0.131,0.131,0.010674874844838
23,"anchored",4,0.5,0.3,"none","unadjusted",-0.1,2,1000,0.220546761189281,0.115280835218534,0.061,0.122,0.0151441521831148
23,"anchored",4,0.5,0.3,"none","unadjusted",-0.1,5,1000,0.220546761189281,0.115280835218534,0.017,0.0849999999999998,0.0204497724484454
23,"anchored",4,0.5,0.3,"none","unadjusted",0.1,1,1000,0.220546761189281,0.115280835218534,0.544,0.544,0.0157579285539792
23,"anchored",4,0.5,0.3,"none","unadjusted",0.1,2,1000,0.220546761189281,0.115280835218534,0.703,0.703,0.0144568322948011
23,"anchored",4,0.5,0.3,"none","unadjusted",0.1,5,1000,0.220546761189281,0.115280835218534,0.857,0.857,0.011075814808567
23,"anchored",4,0.5,0.3,"none","unadjusted",0.3,1,1000,0.220546761189281,0.115280835218534,0.158,0.158,0.0115398946775596
23,"anchored",4,0.5,0.3,"none","unadjusted",0.3,2,1000,0.220546761189281,0.115280835218534,0.292,0.292,0.0143855115634773
23,"anchored",4,0.5,0.3,"none","unadjusted",0.3,5,1000,0.220546761189281,0.115280835218534,0.511,0.511,0.0158154711952927
24,"unanchored",4,0.5,0.3,"none","gcomp",-0.3,1,1000,0.119830399079337,0.000986744920259077,0.004,0.004,0.00199699473909873
24,"unanchored",4,0.5,0.3,"none","gcomp",-0.3,2,1000,0.119830399079337,0.000986744920259077,0.001,0.002,0.00200000000000002
24,"unanchored",4,0.5,0.3,"none","gcomp",-0.3,5,1000,0.119830399079337,0.000986744920259077,0,0,0
24,"unanchored",4,0.5,0.3,"none","gcomp",-0.1,1,1000,0.119830399079337,0.000986744920259077,0.2,0.2,0.0126554399433667
24,"unanchored",4,0.5,0.3,"none","gcomp",-0.1,2,1000,0.119830399079337,0.000986744920259077,0.098,0.196,0.0188132383692424
24,"unanchored",4,0.5,0.3,"none","gcomp",-0.1,5,1000,0.119830399079337,0.000986744920259077,0.035,0.175,0.0290726713636743
24,"unanchored",4,0.5,0.3,"none","gcomp",0.1,1,1000,0.119830399079337,0.000986744920259077,0.21,0.21,0.0128866623322745
24,"unanchored",4,0.5,0.3,"none","gcomp",0.1,2,1000,0.119830399079337,0.000986744920259077,0.348,0.348,0.0150706046037684
24,"unanchored",4,0.5,0.3,"none","gcomp",0.1,5,1000,0.119830399079337,0.000986744920259077,0.566,0.566,0.0156808765663751
24,"unanchored",4,0.5,0.3,"none","gcomp",0.3,1,1000,0.119830399079337,0.000986744920259077,0.01,0.01,0.00314800093867677
24,"unanchored",4,0.5,0.3,"none","gcomp",0.3,2,1000,0.119830399079337,0.000986744920259077,0.019,0.019,0.00431945108291062
24,"unanchored",4,0.5,0.3,"none","gcomp",0.3,5,1000,0.119830399079337,0.000986744920259077,0.079,0.079,0.00853415677333344
24,"unanchored",4,0.5,0.3,"none","maic_index",-0.3,1,1000,0.163108539300727,-0.0487716832652626,0.045,0.0450000000000001,0.00655881224140612
24,"unanchored",4,0.5,0.3,"none","maic_index",-0.3,2,1000,0.163108539300727,-0.0487716832652626,0.008,0.016,0.00563700060100901
24,"unanchored",4,0.5,0.3,"none","maic_index",-0.3,5,1000,0.163108539300727,-0.0487716832652626,0.001,0.00500000000000008,0.005
24,"unanchored",4,0.5,0.3,"none","maic_index",-0.1,1,1000,0.163108539300727,-0.0487716832652626,0.383,0.383,0.0153801023256527
24,"unanchored",4,0.5,0.3,"none","maic_index",-0.1,2,1000,0.163108539300727,-0.0487716832652626,0.188,0.376,0.0247231720302075
24,"unanchored",4,0.5,0.3,"none","maic_index",-0.1,5,1000,0.163108539300727,-0.0487716832652626,0.045,0.225,0.0327940612070302
24,"unanchored",4,0.5,0.3,"none","maic_index",0.1,1,1000,0.163108539300727,-0.0487716832652626,0.168,0.168,0.0118286058314543
24,"unanchored",4,0.5,0.3,"none","maic_index",0.1,2,1000,0.163108539300727,-0.0487716832652626,0.36,0.36,0.0151865279320401
24,"unanchored",4,0.5,0.3,"none","maic_index",0.1,5,1000,0.163108539300727,-0.0487716832652626,0.645,0.645,0.0151394915437805
24,"unanchored",4,0.5,0.3,"none","maic_index",0.3,1,1000,0.163108539300727,-0.0487716832652626,0.015,0.015,0.00384574957450301
24,"unanchored",4,0.5,0.3,"none","maic_index",0.3,2,1000,0.163108539300727,-0.0487716832652626,0.06,0.06,0.00751375115747492
24,"unanchored",4,0.5,0.3,"none","maic_index",0.3,5,1000,0.163108539300727,-0.0487716832652626,0.197,0.197,0.0125836937879681
24,"unanchored",4,0.5,0.3,"none","maic_means",-0.3,1,1000,0.154212218132894,0.07588610275166,0.001,0.000999999999999999,0.00100000000000001
24,"unanchored",4,0.5,0.3,"none","maic_means",-0.3,2,1000,0.154212218132894,0.07588610275166,0,0,0
24,"unanchored",4,0.5,0.3,"none","maic_means",-0.3,5,1000,0.154212218132894,0.07588610275166,0,0,0
24,"unanchored",4,0.5,0.3,"none","maic_means",-0.1,1,1000,0.154212218132894,0.07588610275166,0.09,0.0900000000000001,0.00905439020486644
24,"unanchored",4,0.5,0.3,"none","maic_means",-0.1,2,1000,0.154212218132894,0.07588610275166,0.03,0.0600000000000001,0.0107942816581985
24,"unanchored",4,0.5,0.3,"none","maic_means",-0.1,5,1000,0.154212218132894,0.07588610275166,0.003,0.015,0.00865158077173474
24,"unanchored",4,0.5,0.3,"none","maic_means",0.1,1,1000,0.154212218132894,0.07588610275166,0.41,0.41,0.0155609171369217
24,"unanchored",4,0.5,0.3,"none","maic_means",0.1,2,1000,0.154212218132894,0.07588610275166,0.612,0.612,0.0154173179799111
24,"unanchored",4,0.5,0.3,"none","maic_means",0.1,5,1000,0.154212218132894,0.07588610275166,0.816,0.816,0.0122594573409386
24,"unanchored",4,0.5,0.3,"none","maic_means",0.3,1,1000,0.154212218132894,0.07588610275166,0.05,0.05,0.0068954729748979
24,"unanchored",4,0.5,0.3,"none","maic_means",0.3,2,1000,0.154212218132894,0.07588610275166,0.128,0.128,0.0105701337611087
24,"unanchored",4,0.5,0.3,"none","maic_means",0.3,5,1000,0.154212218132894,0.07588610275166,0.303,0.303,0.0145396837105353
24,"unanchored",4,0.5,0.3,"none","maic_meanvar",-0.3,1,1000,0.199149502835264,-0.0377244258527596,0.08,0.08,0.00858333697775365
24,"unanchored",4,0.5,0.3,"none","maic_meanvar",-0.3,2,1000,0.199149502835264,-0.0377244258527596,0.021,0.0420000000000001,0.00907294430261301
24,"unanchored",4,0.5,0.3,"none","maic_meanvar",-0.3,5,1000,0.199149502835264,-0.0377244258527596,0.003,0.0150000000000001,0.00865158077173474
24,"unanchored",4,0.5,0.3,"none","maic_meanvar",-0.1,1,1000,0.199149502835264,-0.0377244258527596,0.394,0.394,0.0154597219574934
24,"unanchored",4,0.5,0.3,"none","maic_meanvar",-0.1,2,1000,0.199149502835264,-0.0377244258527596,0.183,0.366,0.0244671747989557
24,"unanchored",4,0.5,0.3,"none","maic_meanvar",-0.1,5,1000,0.199149502835264,-0.0377244258527596,0.051,0.255,0.0348021003128576
24,"unanchored",4,0.5,0.3,"none","maic_meanvar",0.1,1,1000,0.199149502835264,-0.0377244258527596,0.223,0.223,0.0131698308434257
24,"unanchored",4,0.5,0.3,"none","maic_meanvar",0.1,2,1000,0.199149502835264,-0.0377244258527596,0.425,0.425,0.0156403203170401
24,"unanchored",4,0.5,0.3,"none","maic_meanvar",0.1,5,1000,0.199149502835264,-0.0377244258527596,0.706,0.706,0.0144142905400082
24,"unanchored",4,0.5,0.3,"none","maic_meanvar",0.3,1,1000,0.199149502835264,-0.0377244258527596,0.052,0.052,0.00702462421381715
24,"unanchored",4,0.5,0.3,"none","maic_meanvar",0.3,2,1000,0.199149502835264,-0.0377244258527596,0.13,0.13,0.0106401697924994
24,"unanchored",4,0.5,0.3,"none","maic_meanvar",0.3,5,1000,0.199149502835264,-0.0377244258527596,0.312,0.312,0.014658474370509
24,"unanchored",4,0.5,0.3,"none","unadjusted",-0.3,1,1000,0.862754344906442,0.851658364422372,0,0,0
24,"unanchored",4,0.5,0.3,"none","unadjusted",-0.3,2,1000,0.862754344906442,0.851658364422372,0,0,0
24,"unanchored",4,0.5,0.3,"none","unadjusted",-0.3,5,1000,0.862754344906442,0.851658364422372,0,0,0
24,"unanchored",4,0.5,0.3,"none","unadjusted",-0.1,1,1000,0.862754344906442,0.851658364422372,0,0,0
24,"unanchored",4,0.5,0.3,"none","unadjusted",-0.1,2,1000,0.862754344906442,0.851658364422372,0,0,0
24,"unanchored",4,0.5,0.3,"none","unadjusted",-0.1,5,1000,0.862754344906442,0.851658364422372,0,0,0
24,"unanchored",4,0.5,0.3,"none","unadjusted",0.1,1,1000,0.862754344906442,0.851658364422372,1,1,0
24,"unanchored",4,0.5,0.3,"none","unadjusted",0.1,2,1000,0.862754344906442,0.851658364422372,1,1,0
24,"unanchored",4,0.5,0.3,"none","unadjusted",0.1,5,1000,0.862754344906442,0.851658364422372,1,1,0
24,"unanchored",4,0.5,0.3,"none","unadjusted",0.3,1,1000,0.862754344906442,0.851658364422372,1,1,0
24,"unanchored",4,0.5,0.3,"none","unadjusted",0.3,2,1000,0.862754344906442,0.851658364422372,1,1,0
24,"unanchored",4,0.5,0.3,"none","unadjusted",0.3,5,1000,0.862754344906442,0.851658364422372,1,1,0
25,"anchored",0.25,1,0.3,"none","gcomp",-0.3,1,1000,0.209990616587174,0.00610378369856379,0.075,0.0749999999999999,0.00833333333333336
25,"anchored",0.25,1,0.3,"none","gcomp",-0.3,2,1000,0.209990616587174,0.00610378369856379,0.026,0.0520000000000002,0.0100696274706365
25,"anchored",0.25,1,0.3,"none","gcomp",-0.3,5,1000,0.209990616587174,0.00610378369856379,0.01,0.0499999999999997,0.0157400046933839
25,"anchored",0.25,1,0.3,"none","gcomp",-0.1,1,1000,0.209990616587174,0.00610378369856379,0.307,0.307,0.0145932848928526
25,"anchored",0.25,1,0.3,"none","gcomp",-0.1,2,1000,0.209990616587174,0.00610378369856379,0.173,0.346,0.0239344282751199
25,"anchored",0.25,1,0.3,"none","gcomp",-0.1,5,1000,0.209990616587174,0.00610378369856379,0.079,0.395,0.0426707838666668
25,"anchored",0.25,1,0.3,"none","gcomp",0.1,1,1000,0.209990616587174,0.00610378369856379,0.314,0.314,0.014683991951088
25,"anchored",0.25,1,0.3,"none","gcomp",0.1,2,1000,0.209990616587174,0.00610378369856379,0.48,0.48,0.0158066394230352
25,"anchored",0.25,1,0.3,"none","gcomp",0.1,5,1000,0.209990616587174,0.00610378369856379,0.692,0.692,0.0146064831273428
25,"anchored",0.25,1,0.3,"none","gcomp",0.3,1,1000,0.209990616587174,0.00610378369856379,0.084,0.084,0.0087761620894911
25,"anchored",0.25,1,0.3,"none","gcomp",0.3,2,1000,0.209990616587174,0.00610378369856379,0.163,0.163,0.0116862127127468
25,"anchored",0.25,1,0.3,"none","gcomp",0.3,5,1000,0.209990616587174,0.00610378369856379,0.305,0.305,0.0145666463946644
25,"anchored",0.25,1,0.3,"none","maic_index",-0.3,1,1000,0.23266171973185,0.00225868978150524,0.093,0.093,0.00918887563499666
25,"anchored",0.25,1,0.3,"none","maic_index",-0.3,2,1000,0.23266171973185,0.00225868978150524,0.037,0.0740000000000001,0.0119443152447792
25,"anchored",0.25,1,0.3,"none","maic_index",-0.3,5,1000,0.23266171973185,0.00225868978150524,0.013,0.0649999999999999,0.0179191544470183
25,"anchored",0.25,1,0.3,"none","maic_index",-0.1,1,1000,0.23266171973185,0.00225868978150524,0.34,0.34,0.0149874822643639
25,"anchored",0.25,1,0.3,"none","maic_index",-0.1,2,1000,0.23266171973185,0.00225868978150524,0.205,0.41,0.0255451081922262
25,"anchored",0.25,1,0.3,"none","maic_index",-0.1,5,1000,0.23266171973185,0.00225868978150524,0.085,0.425,0.0441171318347113
25,"anchored",0.25,1,0.3,"none","maic_index",0.1,1,1000,0.23266171973185,0.00225868978150524,0.34,0.34,0.0149874822643639
25,"anchored",0.25,1,0.3,"none","maic_index",0.1,2,1000,0.23266171973185,0.00225868978150524,0.495,0.495,0.0158185089444367
25,"anchored",0.25,1,0.3,"none","maic_index",0.1,5,1000,0.23266171973185,0.00225868978150524,0.684,0.684,0.0147091930560571
25,"anchored",0.25,1,0.3,"none","maic_index",0.3,1,1000,0.23266171973185,0.00225868978150524,0.099,0.099,0.00944924802766274
25,"anchored",0.25,1,0.3,"none","maic_index",0.3,2,1000,0.23266171973185,0.00225868978150524,0.194,0.194,0.0125108161412643
25,"anchored",0.25,1,0.3,"none","maic_index",0.3,5,1000,0.23266171973185,0.00225868978150524,0.366,0.366,0.0152406127264057
25,"anchored",0.25,1,0.3,"none","maic_means",-0.3,1,1000,0.232642873677514,0.00270402290695671,0.088,0.088,0.00896305396259207
25,"anchored",0.25,1,0.3,"none","maic_means",-0.3,2,1000,0.232642873677514,0.00270402290695671,0.036,0.072,0.0117879156323311
25,"anchored",0.25,1,0.3,"none","maic_means",-0.3,5,1000,0.232642873677514,0.00270402290695671,0.014,0.0699999999999999,0.0185861627412827
25,"anchored",0.25,1,0.3,"none","maic_means",-0.1,1,1000,0.232642873677514,0.00270402290695671,0.342,0.342,0.0150087061821217
25,"anchored",0.25,1,0.3,"none","maic_means",-0.1,2,1000,0.232642873677514,0.00270402290695671,0.201,0.402,0.0253582144292346
25,"anchored",0.25,1,0.3,"none","maic_means",-0.1,5,1000,0.232642873677514,0.00270402290695671,0.078,0.39,0.0424228676505928
25,"anchored",0.25,1,0.3,"none","maic_means",0.1,1,1000,0.232642873677514,0.00270402290695671,0.342,0.342,0.0150087061821217
25,"anchored",0.25,1,0.3,"none","maic_means",0.1,2,1000,0.232642873677514,0.00270402290695671,0.492,0.492,0.015817274929209
25,"anchored",0.25,1,0.3,"none","maic_means",0.1,5,1000,0.232642873677514,0.00270402290695671,0.683,0.683,0.0147216754388802
25,"anchored",0.25,1,0.3,"none","maic_means",0.3,1,1000,0.232642873677514,0.00270402290695671,0.101,0.101,0.00953361892934098
25,"anchored",0.25,1,0.3,"none","maic_means",0.3,2,1000,0.232642873677514,0.00270402290695671,0.195,0.195,0.0125352356233193
25,"anchored",0.25,1,0.3,"none","maic_means",0.3,5,1000,0.232642873677514,0.00270402290695671,0.37,0.37,0.0152752523165194
25,"anchored",0.25,1,0.3,"none","maic_meanvar",-0.3,1,1000,0.232941027315624,0.00307428434071005,0.091,0.091,0.00909954953840024
25,"anchored",0.25,1,0.3,"none","maic_meanvar",-0.3,2,1000,0.232941027315624,0.00307428434071005,0.037,0.0740000000000001,0.0119443152447792
25,"anchored",0.25,1,0.3,"none","maic_meanvar",-0.3,5,1000,0.232941027315624,0.00307428434071005,0.013,0.0649999999999999,0.0179191544470183
25,"anchored",0.25,1,0.3,"none","maic_meanvar",-0.1,1,1000,0.232941027315624,0.00307428434071005,0.336,0.336,0.014944140233795
25,"anchored",0.25,1,0.3,"none","maic_meanvar",-0.1,2,1000,0.232941027315624,0.00307428434071005,0.205,0.41,0.0255451081922262
25,"anchored",0.25,1,0.3,"none","maic_meanvar",-0.1,5,1000,0.232941027315624,0.00307428434071005,0.082,0.41,0.0434025780776189
25,"anchored",0.25,1,0.3,"none","maic_meanvar",0.1,1,1000,0.232941027315624,0.00307428434071005,0.341,0.341,0.0149981313484027
25,"anchored",0.25,1,0.3,"none","maic_meanvar",0.1,2,1000,0.232941027315624,0.00307428434071005,0.494,0.494,0.0158181608986067
25,"anchored",0.25,1,0.3,"none","maic_meanvar",0.1,5,1000,0.232941027315624,0.00307428434071005,0.689,0.689,0.0146455963857227
25,"anchored",0.25,1,0.3,"none","maic_meanvar",0.3,1,1000,0.232941027315624,0.00307428434071005,0.101,0.101,0.00953361892934098
25,"anchored",0.25,1,0.3,"none","maic_meanvar",0.3,2,1000,0.232941027315624,0.00307428434071005,0.201,0.201,0.0126791072146173
25,"anchored",0.25,1,0.3,"none","maic_meanvar",0.3,5,1000,0.232941027315624,0.00307428434071005,0.369,0.369,0.0152666981391546
25,"anchored",0.25,1,0.3,"none","unadjusted",-0.3,1,1000,0.214007182850654,0.00881682302197563,0.076,0.076,0.00838416926679639
25,"anchored",0.25,1,0.3,"none","unadjusted",-0.3,2,1000,0.214007182850654,0.00881682302197563,0.027,0.054,0.0102561780985506
25,"anchored",0.25,1,0.3,"none","unadjusted",-0.3,5,1000,0.214007182850654,0.00881682302197563,0.01,0.05,0.0157400046933839
25,"anchored",0.25,1,0.3,"none","unadjusted",-0.1,1,1000,0.214007182850654,0.00881682302197563,0.3,0.3,0.0144986278733614
25,"anchored",0.25,1,0.3,"none","unadjusted",-0.1,2,1000,0.214007182850654,0.00881682302197563,0.173,0.346,0.0239344282751199
25,"anchored",0.25,1,0.3,"none","unadjusted",-0.1,5,1000,0.214007182850654,0.00881682302197563,0.078,0.39,0.0424228676505928
25,"anchored",0.25,1,0.3,"none","unadjusted",0.1,1,1000,0.214007182850654,0.00881682302197563,0.321,0.321,0.0147708218179346
25,"anchored",0.25,1,0.3,"none","unadjusted",0.1,2,1000,0.214007182850654,0.00881682302197563,0.489,0.489,0.0158154711952927
25,"anchored",0.25,1,0.3,"none","unadjusted",0.1,5,1000,0.214007182850654,0.00881682302197563,0.697,0.697,0.0145396837105352
25,"anchored",0.25,1,0.3,"none","unadjusted",0.3,1,1000,0.214007182850654,0.00881682302197563,0.089,0.089,0.00900889339265153
25,"anchored",0.25,1,0.3,"none","unadjusted",0.3,2,1000,0.214007182850654,0.00881682302197563,0.171,0.171,0.0119122164562646
25,"anchored",0.25,1,0.3,"none","unadjusted",0.3,5,1000,0.214007182850654,0.00881682302197563,0.325,0.325,0.0148187244590955
26,"unanchored",0.25,1,0.3,"none","gcomp",-0.3,1,1000,0.158568237067054,0.00345159671924946,0.029,0.029,0.005309160685757
26,"unanchored",0.25,1,0.3,"none","gcomp",-0.3,2,1000,0.158568237067054,0.00345159671924946,0.013,0.0260000000000001,0.00716766177880727
26,"unanchored",0.25,1,0.3,"none","gcomp",-0.3,5,1000,0.158568237067054,0.00345159671924946,0.002,0.0100000000000001,0.00706752785278912
26,"unanchored",0.25,1,0.3,"none","gcomp",-0.1,1,1000,0.158568237067054,0.00345159671924946,0.25,0.25,0.0136999156087798
26,"unanchored",0.25,1,0.3,"none","gcomp",-0.1,2,1000,0.158568237067054,0.00345159671924946,0.136,0.272,0.021690700460946
26,"unanchored",0.25,1,0.3,"none","gcomp",-0.1,5,1000,0.158568237067054,0.00345159671924946,0.051,0.255,0.0348021003128575
26,"unanchored",0.25,1,0.3,"none","gcomp",0.1,1,1000,0.158568237067054,0.00345159671924946,0.281,0.281,0.0142211547084349
26,"unanchored",0.25,1,0.3,"none","gcomp",0.1,2,1000,0.158568237067054,0.00345159671924946,0.434,0.434,0.0156808765663751
26,"unanchored",0.25,1,0.3,"none","gcomp",0.1,5,1000,0.158568237067054,0.00345159671924946,0.651,0.651,0.0150806639915631
26,"unanchored",0.25,1,0.3,"none","gcomp",0.3,1,1000,0.158568237067054,0.00345159671924946,0.028,0.028,0.00521950603441005
26,"unanchored",0.25,1,0.3,"none","gcomp",0.3,2,1000,0.158568237067054,0.00345159671924946,0.077,0.077,0.00843458014024065
26,"unanchored",0.25,1,0.3,"none","gcomp",0.3,5,1000,0.158568237067054,0.00345159671924946,0.198,0.198,0.0126077339341753
26,"unanchored",0.25,1,0.3,"none","maic_index",-0.3,1,1000,0.160198781881138,0.00382065187618234,0.029,0.029,0.005309160685757
26,"unanchored",0.25,1,0.3,"none","maic_index",-0.3,2,1000,0.160198781881138,0.00382065187618234,0.012,0.024,0.00688995438819963
26,"unanchored",0.25,1,0.3,"none","maic_index",-0.3,5,1000,0.160198781881138,0.00382065187618234,0.003,0.015,0.00865158077173474
26,"unanchored",0.25,1,0.3,"none","maic_index",-0.1,1,1000,0.160198781881138,0.00382065187618234,0.252,0.252,0.0137362543906512
26,"unanchored",0.25,1,0.3,"none","maic_index",-0.1,2,1000,0.160198781881138,0.00382065187618234,0.131,0.262,0.0213497496896759
26,"unanchored",0.25,1,0.3,"none","maic_index",-0.1,5,1000,0.160198781881138,0.00382065187618234,0.045,0.225,0.0327940612070302
26,"unanchored",0.25,1,0.3,"none","maic_index",0.1,1,1000,0.160198781881138,0.00382065187618234,0.271,0.271,0.0140626013509862
26,"unanchored",0.25,1,0.3,"none","maic_index",0.1,2,1000,0.160198781881138,0.00382065187618234,0.443,0.443,0.0157161699532041
26,"unanchored",0.25,1,0.3,"none","maic_index",0.1,5,1000,0.160198781881138,0.00382065187618234,0.664,0.664,0.014944140233795
26,"unanchored",0.25,1,0.3,"none","maic_index",0.3,1,1000,0.160198781881138,0.00382065187618234,0.03,0.03,0.0053971408290992
26,"unanchored",0.25,1,0.3,"none","maic_index",0.3,2,1000,0.160198781881138,0.00382065187618234,0.087,0.087,0.00891686663074592
26,"unanchored",0.25,1,0.3,"none","maic_index",0.3,5,1000,0.160198781881138,0.00382065187618234,0.202,0.202,0.0127026515876551
26,"unanchored",0.25,1,0.3,"none","maic_means",-0.3,1,1000,0.159574324605807,0.00478595277556608,0.031,0.031,0.0054835270646792
26,"unanchored",0.25,1,0.3,"none","maic_means",-0.3,2,1000,0.159574324605807,0.00478595277556608,0.012,0.024,0.00688995438819963
26,"unanchored",0.25,1,0.3,"none","maic_means",-0.3,5,1000,0.159574324605807,0.00478595277556608,0.002,0.0100000000000001,0.00706752785278912
26,"unanchored",0.25,1,0.3,"none","maic_means",-0.1,1,1000,0.159574324605807,0.00478595277556608,0.252,0.252,0.0137362543906511
26,"unanchored",0.25,1,0.3,"none","maic_means",-0.1,2,1000,0.159574324605807,0.00478595277556608,0.134,0.268,0.0215555245967394
26,"unanchored",0.25,1,0.3,"none","maic_means",-0.1,5,1000,0.159574324605807,0.00478595277556608,0.044,0.22,0.032444608992137
26,"unanchored",0.25,1,0.3,"none","maic_means",0.1,1,1000,0.159574324605807,0.00478595277556608,0.269,0.269,0.0140298195225682
26,"unanchored",0.25,1,0.3,"none","maic_means",0.1,2,1000,0.159574324605807,0.00478595277556608,0.444,0.444,0.0157197681634021
26,"unanchored",0.25,1,0.3,"none","maic_means",0.1,5,1000,0.159574324605807,0.00478595277556608,0.665,0.665,0.0149331174909326
26,"unanchored",0.25,1,0.3,"none","maic_means",0.3,1,1000,0.159574324605807,0.00478595277556608,0.031,0.031,0.0054835270646792
26,"unanchored",0.25,1,0.3,"none","maic_means",0.3,2,1000,0.159574324605807,0.00478595277556608,0.086,0.086,0.00887032596259477
26,"unanchored",0.25,1,0.3,"none","maic_means",0.3,5,1000,0.159574324605807,0.00478595277556608,0.203,0.203,0.0127260737445983
26,"unanchored",0.25,1,0.3,"none","maic_meanvar",-0.3,1,1000,0.160190058040907,0.00510532231404375,0.031,0.031,0.0054835270646792
26,"unanchored",0.25,1,0.3,"none","maic_meanvar",-0.3,2,1000,0.160190058040907,0.00510532231404375,0.012,0.024,0.00688995438819963
26,"unanchored",0.25,1,0.3,"none","maic_meanvar",-0.3,5,1000,0.160190058040907,0.00510532231404375,0.002,0.0100000000000001,0.00706752785278912
26,"unanchored",0.25,1,0.3,"none","maic_meanvar",-0.1,1,1000,0.160190058040907,0.00510532231404375,0.248,0.248,0.0136631871348777
26,"unanchored",0.25,1,0.3,"none","maic_meanvar",-0.1,2,1000,0.160190058040907,0.00510532231404375,0.136,0.272,0.021690700460946
26,"unanchored",0.25,1,0.3,"none","maic_meanvar",-0.1,5,1000,0.160190058040907,0.00510532231404375,0.045,0.225,0.0327940612070302
26,"unanchored",0.25,1,0.3,"none","maic_meanvar",0.1,1,1000,0.160190058040907,0.00510532231404375,0.271,0.271,0.0140626013509862
26,"unanchored",0.25,1,0.3,"none","maic_meanvar",0.1,2,1000,0.160190058040907,0.00510532231404375,0.446,0.446,0.0157267711667504
26,"unanchored",0.25,1,0.3,"none","maic_meanvar",0.1,5,1000,0.160190058040907,0.00510532231404375,0.668,0.668,0.0148995972428115
26,"unanchored",0.25,1,0.3,"none","maic_meanvar",0.3,1,1000,0.160190058040907,0.00510532231404375,0.029,0.029,0.00530916068575698
26,"unanchored",0.25,1,0.3,"none","maic_meanvar",0.3,2,1000,0.160190058040907,0.00510532231404375,0.083,0.083,0.00872852720607479
26,"unanchored",0.25,1,0.3,"none","maic_meanvar",0.3,5,1000,0.160190058040907,0.00510532231404375,0.208,0.208,0.0128413745720969
26,"unanchored",0.25,1,0.3,"none","unadjusted",-0.3,1,1000,0.295302619038625,0.252770258115883,0,0,0
26,"unanchored",0.25,1,0.3,"none","unadjusted",-0.3,2,1000,0.295302619038625,0.252770258115883,0,0,0
26,"unanchored",0.25,1,0.3,"none","unadjusted",-0.3,5,1000,0.295302619038625,0.252770258115883,0,0,0
26,"unanchored",0.25,1,0.3,"none","unadjusted",-0.1,1,1000,0.295302619038625,0.252770258115883,0.006,0.006,0.00244335219932984
26,"unanchored",0.25,1,0.3,"none","unadjusted",-0.1,2,1000,0.295302619038625,0.252770258115883,0.002,0.004,0.0028270111411156
26,"unanchored",0.25,1,0.3,"none","unadjusted",-0.1,5,1000,0.295302619038625,0.252770258115883,0.001,0.00500000000000006,0.00500000000000005
26,"unanchored",0.25,1,0.3,"none","unadjusted",0.1,1,1000,0.295302619038625,0.252770258115883,0.836,0.836,0.0117150006931813
26,"unanchored",0.25,1,0.3,"none","unadjusted",0.1,2,1000,0.295302619038625,0.252770258115883,0.922,0.922,0.00848457353011859
26,"unanchored",0.25,1,0.3,"none","unadjusted",0.1,5,1000,0.295302619038625,0.252770258115883,0.969,0.969,0.0054835270646792
26,"unanchored",0.25,1,0.3,"none","unadjusted",0.3,1,1000,0.295302619038625,0.252770258115883,0.392,0.392,0.0154458594637713
26,"unanchored",0.25,1,0.3,"none","unadjusted",0.3,2,1000,0.295302619038625,0.252770258115883,0.561,0.561,0.0157011313454008
26,"unanchored",0.25,1,0.3,"none","unadjusted",0.3,5,1000,0.295302619038625,0.252770258115883,0.752,0.752,0.0136631871348776
27,"anchored",1,1,0.3,"none","gcomp",-0.3,1,1000,0.19109903772274,-0.00345037117144942,0.051,0.0509999999999999,0.00696042006257142
27,"anchored",1,1,0.3,"none","gcomp",-0.3,2,1000,0.19109903772274,-0.00345037117144942,0.024,0.048,0.00968451288345414
27,"anchored",1,1,0.3,"none","gcomp",-0.3,5,1000,0.19109903772274,-0.00345037117144942,0.01,0.0499999999999998,0.0157400046933839
27,"anchored",1,1,0.3,"none","gcomp",-0.1,1,1000,0.19109903772274,-0.00345037117144942,0.313,0.313,0.0146712728229779
27,"anchored",1,1,0.3,"none","gcomp",-0.1,2,1000,0.19109903772274,-0.00345037117144942,0.184,0.368,0.0245189146818772
27,"anchored",1,1,0.3,"none","gcomp",-0.1,5,1000,0.19109903772274,-0.00345037117144942,0.066,0.33,0.0392764896934873
27,"anchored",1,1,0.3,"none","gcomp",0.1,1,1000,0.19109903772274,-0.00345037117144942,0.305,0.305,0.0145666463946644
27,"anchored",1,1,0.3,"none","gcomp",0.1,2,1000,0.19109903772274,-0.00345037117144942,0.45,0.45,0.0157400046933839
27,"anchored",1,1,0.3,"none","gcomp",0.1,5,1000,0.19109903772274,-0.00345037117144942,0.654,0.654,0.0150502661275644
27,"anchored",1,1,0.3,"none","gcomp",0.3,1,1000,0.19109903772274,-0.00345037117144942,0.06,0.06,0.00751375115747491
27,"anchored",1,1,0.3,"none","gcomp",0.3,2,1000,0.19109903772274,-0.00345037117144942,0.123,0.123,0.0103912934218499
27,"anchored",1,1,0.3,"none","gcomp",0.3,5,1000,0.19109903772274,-0.00345037117144942,0.269,0.269,0.0140298195225682
27,"anchored",1,1,0.3,"none","maic_index",-0.3,1,1000,0.210752183947517,-0.0035856916404616,0.085,0.085,0.00882342636694231
27,"anchored",1,1,0.3,"none","maic_index",-0.3,2,1000,0.210752183947517,-0.0035856916404616,0.03,0.06,0.0107942816581984
27,"anchored",1,1,0.3,"none","maic_index",-0.3,5,1000,0.210752183947517,-0.0035856916404616,0.009,0.0450000000000001,0.0149398192157134
27,"anchored",1,1,0.3,"none","maic_index",-0.1,1,1000,0.210752183947517,-0.0035856916404616,0.329,0.329,0.0148653953859284
27,"anchored",1,1,0.3,"none","maic_index",-0.1,2,1000,0.210752183947517,-0.0035856916404616,0.183,0.366,0.0244671747989557
27,"anchored",1,1,0.3,"none","maic_index",-0.1,5,1000,0.210752183947517,-0.0035856916404616,0.082,0.41,0.043402578077619
27,"anchored",1,1,0.3,"none","maic_index",0.1,1,1000,0.210752183947517,-0.0035856916404616,0.327,0.327,0.0148422131534112
27,"anchored",1,1,0.3,"none","maic_index",0.1,2,1000,0.210752183947517,-0.0035856916404616,0.471,0.471,0.0157926694516289
27,"anchored",1,1,0.3,"none","maic_index",0.1,5,1000,0.210752183947517,-0.0035856916404616,0.68,0.68,0.0147586523035749
27,"anchored",1,1,0.3,"none","maic_index",0.3,1,1000,0.210752183947517,-0.0035856916404616,0.072,0.0720000000000001,0.00817819557621868
27,"anchored",1,1,0.3,"none","maic_index",0.3,2,1000,0.210752183947517,-0.0035856916404616,0.163,0.163,0.0116862127127468
27,"anchored",1,1,0.3,"none","maic_index",0.3,5,1000,0.210752183947517,-0.0035856916404616,0.335,0.335,0.0149331174909326
27,"anchored",1,1,0.3,"none","maic_means",-0.3,1,1000,0.210638431166549,-0.00406730003501951,0.082,0.0820000000000001,0.00868051561552371
27,"anchored",1,1,0.3,"none","maic_means",-0.3,2,1000,0.210638431166549,-0.00406730003501951,0.03,0.06,0.0107942816581984
27,"anchored",1,1,0.3,"none","maic_means",-0.3,5,1000,0.210638431166549,-0.00406730003501951,0.008,0.04,0.0140925015025225
27,"anchored",1,1,0.3,"none","maic_means",-0.1,1,1000,0.210638431166549,-0.00406730003501951,0.329,0.329,0.0148653953859284
27,"anchored",1,1,0.3,"none","maic_means",-0.1,2,1000,0.210638431166549,-0.00406730003501951,0.183,0.366,0.0244671747989557
27,"anchored",1,1,0.3,"none","maic_means",-0.1,5,1000,0.210638431166549,-0.00406730003501951,0.08,0.4,0.0429166848887687
27,"anchored",1,1,0.3,"none","maic_means",0.1,1,1000,0.210638431166549,-0.00406730003501951,0.327,0.327,0.0148422131534112
27,"anchored",1,1,0.3,"none","maic_means",0.1,2,1000,0.210638431166549,-0.00406730003501951,0.472,0.472,0.0157944757895115
27,"anchored",1,1,0.3,"none","maic_means",0.1,5,1000,0.210638431166549,-0.00406730003501951,0.68,0.68,0.0147586523035749
27,"anchored",1,1,0.3,"none","maic_means",0.3,1,1000,0.210638431166549,-0.00406730003501951,0.068,0.0680000000000002,0.0079648879112916
27,"anchored",1,1,0.3,"none","maic_means",0.3,2,1000,0.210638431166549,-0.00406730003501951,0.162,0.162,0.0116572677713044
27,"anchored",1,1,0.3,"none","maic_means",0.3,5,1000,0.210638431166549,-0.00406730003501951,0.334,0.334,0.014922019523733
27,"anchored",1,1,0.3,"none","maic_meanvar",-0.3,1,1000,0.21068578395078,-0.00299293686439887,0.078,0.078,0.00848457353011859
27,"anchored",1,1,0.3,"none","maic_meanvar",-0.3,2,1000,0.21068578395078,-0.00299293686439887,0.032,0.064,0.0111367871501627
27,"anchored",1,1,0.3,"none","maic_meanvar",-0.3,5,1000,0.21068578395078,-0.00299293686439887,0.007,0.0349999999999999,0.013188970731219
27,"anchored",1,1,0.3,"none","maic_meanvar",-0.1,1,1000,0.21068578395078,-0.00299293686439887,0.328,0.328,0.0148538424872703
27,"anchored",1,1,0.3,"none","maic_meanvar",-0.1,2,1000,0.21068578395078,-0.00299293686439887,0.184,0.368,0.0245189146818772
27,"anchored",1,1,0.3,"none","maic_meanvar",-0.1,5,1000,0.21068578395078,-0.00299293686439887,0.078,0.39,0.0424228676505928
27,"anchored",1,1,0.3,"none","maic_meanvar",0.1,1,1000,0.21068578395078,-0.00299293686439887,0.333,0.333,0.0149108461642299
27,"anchored",1,1,0.3,"none","maic_meanvar",0.1,2,1000,0.21068578395078,-0.00299293686439887,0.471,0.471,0.0157926694516289
27,"anchored",1,1,0.3,"none","maic_meanvar",0.1,5,1000,0.21068578395078,-0.00299293686439887,0.681,0.681,0.0147464048654735
27,"anchored",1,1,0.3,"none","maic_meanvar",0.3,1,1000,0.21068578395078,-0.00299293686439887,0.074,0.0740000000000001,0.00828206451270417
27,"anchored",1,1,0.3,"none","maic_meanvar",0.3,2,1000,0.21068578395078,-0.00299293686439887,0.163,0.163,0.0116862127127468
27,"anchored",1,1,0.3,"none","maic_meanvar",0.3,5,1000,0.21068578395078,-0.00299293686439887,0.34,0.34,0.0149874822643639
27,"anchored",1,1,0.3,"none","unadjusted",-0.3,1,1000,0.197150762175402,0.00723400993777463,0.058,0.058,0.00739531545579295
27,"anchored",1,1,0.3,"none","unadjusted",-0.3,2,1000,0.197150762175402,0.00723400993777463,0.024,0.048,0.00968451288345413
27,"anchored",1,1,0.3,"none","unadjusted",-0.3,5,1000,0.197150762175402,0.00723400993777463,0.005,0.0249999999999999,0.0111579343742244
27,"anchored",1,1,0.3,"none","unadjusted",-0.1,1,1000,0.197150762175402,0.00723400993777463,0.294,0.294,0.0144142905400082
27,"anchored",1,1,0.3,"none","unadjusted",-0.1,2,1000,0.197150762175402,0.00723400993777463,0.166,0.332,0.0235442207416244
27,"anchored",1,1,0.3,"none","unadjusted",-0.1,5,1000,0.197150762175402,0.00723400993777463,0.065,0.325,0.03899866530916
27,"anchored",1,1,0.3,"none","unadjusted",0.1,1,1000,0.197150762175402,0.00723400993777463,0.327,0.327,0.0148422131534112
27,"anchored",1,1,0.3,"none","unadjusted",0.1,2,1000,0.197150762175402,0.00723400993777463,0.486,0.486,0.015813097547731
27,"anchored",1,1,0.3,"none","unadjusted",0.1,5,1000,0.197150762175402,0.00723400993777463,0.68,0.68,0.0147586523035749
27,"anchored",1,1,0.3,"none","unadjusted",0.3,1,1000,0.197150762175402,0.00723400993777463,0.075,0.075,0.00833333333333335
27,"anchored",1,1,0.3,"none","unadjusted",0.3,2,1000,0.197150762175402,0.00723400993777463,0.151,0.151,0.0113281652233417
27,"anchored",1,1,0.3,"none","unadjusted",0.3,5,1000,0.197150762175402,0.00723400993777463,0.302,0.302,0.0145260802354595
28,"unanchored",1,1,0.3,"none","gcomp",-0.3,1,1000,0.146305553712773,0.00389805834716417,0.019,0.0189999999999999,0.00431945108291063
28,"unanchored",1,1,0.3,"none","gcomp",-0.3,2,1000,0.146305553712773,0.00389805834716417,0.008,0.016,0.00563700060100901
28,"unanchored",1,1,0.3,"none","gcomp",-0.3,5,1000,0.146305553712773,0.00389805834716417,0.002,0.0100000000000001,0.00706752785278919
28,"unanchored",1,1,0.3,"none","gcomp",-0.1,1,1000,0.146305553712773,0.00389805834716417,0.225,0.225,0.0132117201586147
28,"unanchored",1,1,0.3,"none","gcomp",-0.1,2,1000,0.146305553712773,0.00389805834716417,0.121,0.242,0.0206364207618922
28,"unanchored",1,1,0.3,"none","gcomp",-0.1,5,1000,0.146305553712773,0.00389805834716417,0.041,0.205,0.0313681201055937
28,"unanchored",1,1,0.3,"none","gcomp",0.1,1,1000,0.146305553712773,0.00389805834716417,0.249,0.249,0.0136816002787023
28,"unanchored",1,1,0.3,"none","gcomp",0.1,2,1000,0.146305553712773,0.00389805834716417,0.396,0.396,0.0154733132658594
28,"unanchored",1,1,0.3,"none","gcomp",0.1,5,1000,0.146305553712773,0.00389805834716417,0.612,0.612,0.0154173179799111
28,"unanchored",1,1,0.3,"none","gcomp",0.3,1,1000,0.146305553712773,0.00389805834716417,0.027,0.027,0.00512808904927529
28,"unanchored",1,1,0.3,"none","gcomp",0.3,2,1000,0.146305553712773,0.00389805834716417,0.057,0.057,0.00733517585370682
28,"unanchored",1,1,0.3,"none","gcomp",0.3,5,1000,0.146305553712773,0.00389805834716417,0.157,0.157,0.0115101469792302
28,"unanchored",1,1,0.3,"none","maic_index",-0.3,1,1000,0.146345610971516,0.00312350451528976,0.014,0.014,0.00371723254825656
28,"unanchored",1,1,0.3,"none","maic_index",-0.3,2,1000,0.146345610971516,0.00312350451528976,0.006,0.0120000000000001,0.00488670439865965
28,"unanchored",1,1,0.3,"none","maic_index",-0.3,5,1000,0.146345610971516,0.00312350451528976,0.001,0.00500000000000006,0.00500000000000003
28,"unanchored",1,1,0.3,"none","maic_index",-0.1,1,1000,0.146345610971516,0.00312350451528976,0.232,0.232,0.0133549374522816
28,"unanchored",1,1,0.3,"none","maic_index",-0.1,2,1000,0.146345610971516,0.00312350451528976,0.117,0.234,0.0203385756054267
28,"unanchored",1,1,0.3,"none","maic_index",-0.1,5,1000,0.146345610971516,0.00312350451528976,0.039,0.195,0.0306253638821303
28,"unanchored",1,1,0.3,"none","maic_index",0.1,1,1000,0.146345610971516,0.00312350451528976,0.25,0.25,0.0136999156087798
28,"unanchored",1,1,0.3,"none","maic_index",0.1,2,1000,0.146345610971516,0.00312350451528976,0.407,0.407,0.0155432491002555
28,"unanchored",1,1,0.3,"none","maic_index",0.1,5,1000,0.146345610971516,0.00312350451528976,0.64,0.64,0.0151865279320401
28,"unanchored",1,1,0.3,"none","maic_index",0.3,1,1000,0.146345610971516,0.00312350451528976,0.026,0.0260000000000001,0.00503481373531824
28,"unanchored",1,1,0.3,"none","maic_index",0.3,2,1000,0.146345610971516,0.00312350451528976,0.063,0.063,0.00768700787628643
28,"unanchored",1,1,0.3,"none","maic_index",0.3,5,1000,0.146345610971516,0.00312350451528976,0.174,0.174,0.0119944932309734
28,"unanchored",1,1,0.3,"none","maic_means",-0.3,1,1000,0.146344206593775,0.00530416893930664,0.017,0.017,0.00408995448968907
28,"unanchored",1,1,0.3,"none","maic_means",-0.3,2,1000,0.146344206593775,0.00530416893930664,0.006,0.0120000000000001,0.00488670439865965
28,"unanchored",1,1,0.3,"none","maic_means",-0.3,5,1000,0.146344206593775,0.00530416893930664,0.001,0.00500000000000006,0.00500000000000003
28,"unanchored",1,1,0.3,"none","maic_means",-0.1,1,1000,0.146344206593775,0.00530416893930664,0.22,0.22,0.0131061730406618
28,"unanchored",1,1,0.3,"none","maic_means",-0.1,2,1000,0.146344206593775,0.00530416893930664,0.112,0.224,0.0199555060627945
28,"unanchored",1,1,0.3,"none","maic_means",-0.1,5,1000,0.146344206593775,0.00530416893930664,0.038,0.19,0.0302459057529249
28,"unanchored",1,1,0.3,"none","maic_means",0.1,1,1000,0.146344206593775,0.00530416893930664,0.254,0.254,0.0137722065651685
28,"unanchored",1,1,0.3,"none","maic_means",0.1,2,1000,0.146344206593775,0.00530416893930664,0.414,0.414,0.0155835441041775
28,"unanchored",1,1,0.3,"none","maic_means",0.1,5,1000,0.146344206593775,0.00530416893930664,0.646,0.646,0.0151298682384518
28,"unanchored",1,1,0.3,"none","maic_means",0.3,1,1000,0.146344206593775,0.00530416893930664,0.025,0.025,0.00493957481969847
28,"unanchored",1,1,0.3,"none","maic_means",0.3,2,1000,0.146344206593775,0.00530416893930664,0.067,0.067,0.00791034598317755
28,"unanchored",1,1,0.3,"none","maic_means",0.3,5,1000,0.146344206593775,0.00530416893930664,0.173,0.173,0.0119672141375599
28,"unanchored",1,1,0.3,"none","maic_meanvar",-0.3,1,1000,0.147235501765828,0.00449681131949741,0.017,0.017,0.00408995448968907
28,"unanchored",1,1,0.3,"none","maic_meanvar",-0.3,2,1000,0.147235501765828,0.00449681131949741,0.007,0.014,0.00527558829248754
28,"unanchored",1,1,0.3,"none","maic_meanvar",-0.3,5,1000,0.147235501765828,0.00449681131949741,0.001,0.00500000000000006,0.00500000000000003
28,"unanchored",1,1,0.3,"none","maic_meanvar",-0.1,1,1000,0.147235501765828,0.00449681131949741,0.227,0.227,0.0132531749647639
28,"unanchored",1,1,0.3,"none","maic_meanvar",-0.1,2,1000,0.147235501765828,0.00449681131949741,0.118,0.236,0.0204137385287636
28,"unanchored",1,1,0.3,"none","maic_meanvar",-0.1,5,1000,0.147235501765828,0.00449681131949741,0.037,0.185,0.0298607881119481
28,"unanchored",1,1,0.3,"none","maic_meanvar",0.1,1,1000,0.147235501765828,0.00449681131949741,0.254,0.254,0.0137722065651685
28,"unanchored",1,1,0.3,"none","maic_meanvar",0.1,2,1000,0.147235501765828,0.00449681131949741,0.41,0.41,0.0155609171369217
28,"unanchored",1,1,0.3,"none","maic_meanvar",0.1,5,1000,0.147235501765828,0.00449681131949741,0.646,0.646,0.0151298682384518
28,"unanchored",1,1,0.3,"none","maic_meanvar",0.3,1,1000,0.147235501765828,0.00449681131949741,0.027,0.0269999999999999,0.00512808904927529
28,"unanchored",1,1,0.3,"none","maic_meanvar",0.3,2,1000,0.147235501765828,0.00449681131949741,0.064,0.064,0.0077436402269193
28,"unanchored",1,1,0.3,"none","maic_meanvar",0.3,5,1000,0.147235501765828,0.00449681131949741,0.179,0.179,0.0121287306057191
28,"unanchored",1,1,0.3,"none","unadjusted",-0.3,1,1000,0.470488077532772,0.446965018453416,0,0,0
28,"unanchored",1,1,0.3,"none","unadjusted",-0.3,2,1000,0.470488077532772,0.446965018453416,0,0,0
28,"unanchored",1,1,0.3,"none","unadjusted",-0.3,5,1000,0.470488077532772,0.446965018453416,0,0,0
28,"unanchored",1,1,0.3,"none","unadjusted",-0.1,1,1000,0.470488077532772,0.446965018453416,0,0,0
28,"unanchored",1,1,0.3,"none","unadjusted",-0.1,2,1000,0.470488077532772,0.446965018453416,0,0,0
28,"unanchored",1,1,0.3,"none","unadjusted",-0.1,5,1000,0.470488077532772,0.446965018453416,0,0,0
28,"unanchored",1,1,0.3,"none","unadjusted",0.1,1,1000,0.470488077532772,0.446965018453416,0.99,0.99,0.00314800093867678
28,"unanchored",1,1,0.3,"none","unadjusted",0.1,2,1000,0.470488077532772,0.446965018453416,0.996,0.996,0.00199699473909873
28,"unanchored",1,1,0.3,"none","unadjusted",0.1,5,1000,0.470488077532772,0.446965018453416,1,1,0
28,"unanchored",1,1,0.3,"none","unadjusted",0.3,1,1000,0.470488077532772,0.446965018453416,0.85,0.85,0.0112972398234093
28,"unanchored",1,1,0.3,"none","unadjusted",0.3,2,1000,0.470488077532772,0.446965018453416,0.925,0.925,0.00833333333333334
28,"unanchored",1,1,0.3,"none","unadjusted",0.3,5,1000,0.470488077532772,0.446965018453416,0.979,0.979,0.00453647215130651
29,"anchored",4,1,0.3,"none","gcomp",-0.3,1,1000,0.169521987176113,0.000353482980477833,0.046,0.046,0.00662781471738072
29,"anchored",4,1,0.3,"none","gcomp",-0.3,2,1000,0.169521987176113,0.000353482980477833,0.015,0.03,0.00769149914900601
29,"anchored",4,1,0.3,"none","gcomp",-0.3,5,1000,0.169521987176113,0.000353482980477833,0.002,0.0100000000000001,0.00706752785278923
29,"anchored",4,1,0.3,"none","gcomp",-0.1,1,1000,0.169521987176113,0.000353482980477833,0.275,0.275,0.0141270865564905
29,"anchored",4,1,0.3,"none","gcomp",-0.1,2,1000,0.169521987176113,0.000353482980477833,0.165,0.33,0.0234872657338323
29,"anchored",4,1,0.3,"none","gcomp",-0.1,5,1000,0.169521987176113,0.000353482980477833,0.072,0.36,0.0408909778810933
29,"anchored",4,1,0.3,"none","gcomp",0.1,1,1000,0.169521987176113,0.000353482980477833,0.284,0.284,0.0142670090610313
29,"anchored",4,1,0.3,"none","gcomp",0.1,2,1000,0.169521987176113,0.000353482980477833,0.451,0.451,0.0157431523795855
29,"anchored",4,1,0.3,"none","gcomp",0.1,5,1000,0.169521987176113,0.000353482980477833,0.654,0.654,0.0150502661275644
29,"anchored",4,1,0.3,"none","gcomp",0.3,1,1000,0.169521987176113,0.000353482980477833,0.03,0.03,0.00539714082909921
29,"anchored",4,1,0.3,"none","gcomp",0.3,2,1000,0.169521987176113,0.000353482980477833,0.073,0.0729999999999999,0.00823035471524407
29,"anchored",4,1,0.3,"none","gcomp",0.3,5,1000,0.169521987176113,0.000353482980477833,0.218,0.218,0.0130631790405953
29,"anchored",4,1,0.3,"none","maic_index",-0.3,1,1000,0.207168424192838,-0.00194995696508083,0.085,0.085,0.00882342636694232
29,"anchored",4,1,0.3,"none","maic_index",-0.3,2,1000,0.207168424192838,-0.00194995696508083,0.037,0.0740000000000001,0.0119443152447792
29,"anchored",4,1,0.3,"none","maic_index",-0.3,5,1000,0.207168424192838,-0.00194995696508083,0.009,0.0450000000000001,0.0149398192157135
29,"anchored",4,1,0.3,"none","maic_index",-0.1,1,1000,0.207168424192838,-0.00194995696508083,0.307,0.307,0.0145932848928526
29,"anchored",4,1,0.3,"none","maic_index",-0.1,2,1000,0.207168424192838,-0.00194995696508083,0.187,0.374,0.0246725096561482
29,"anchored",4,1,0.3,"none","maic_index",-0.1,5,1000,0.207168424192838,-0.00194995696508083,0.091,0.455,0.0454977476920014
29,"anchored",4,1,0.3,"none","maic_index",0.1,1,1000,0.207168424192838,-0.00194995696508083,0.326,0.326,0.014830507204541
29,"anchored",4,1,0.3,"none","maic_index",0.1,2,1000,0.207168424192838,-0.00194995696508083,0.495,0.495,0.0158185089444367
29,"anchored",4,1,0.3,"none","maic_index",0.1,5,1000,0.207168424192838,-0.00194995696508083,0.677,0.677,0.0147949278433485
29,"anchored",4,1,0.3,"none","maic_index",0.3,1,1000,0.207168424192838,-0.00194995696508083,0.064,0.064,0.00774364022691929
29,"anchored",4,1,0.3,"none","maic_index",0.3,2,1000,0.207168424192838,-0.00194995696508083,0.141,0.141,0.0110109145959924
29,"anchored",4,1,0.3,"none","maic_index",0.3,5,1000,0.207168424192838,-0.00194995696508083,0.3,0.3,0.0144986278733614
29,"anchored",4,1,0.3,"none","maic_means",-0.3,1,1000,0.206780321662215,-0.00081606933062438,0.08,0.08,0.00858333697775365
29,"anchored",4,1,0.3,"none","maic_means",-0.3,2,1000,0.206780321662215,-0.00081606933062438,0.036,0.072,0.0117879156323311
29,"anchored",4,1,0.3,"none","maic_means",-0.3,5,1000,0.206780321662215,-0.00081606933062438,0.011,0.0550000000000002,0.0164999165830391
29,"anchored",4,1,0.3,"none","maic_means",-0.1,1,1000,0.206780321662215,-0.00081606933062438,0.304,0.304,0.0145532056879504
29,"anchored",4,1,0.3,"none","maic_means",-0.1,2,1000,0.206780321662215,-0.00081606933062438,0.187,0.374,0.0246725096561482
29,"anchored",4,1,0.3,"none","maic_means",-0.1,5,1000,0.206780321662215,-0.00081606933062438,0.09,0.45,0.0452719510243329
29,"anchored",4,1,0.3,"none","maic_means",0.1,1,1000,0.206780321662215,-0.00081606933062438,0.324,0.324,0.0148068647337389
29,"anchored",4,1,0.3,"none","maic_means",0.1,2,1000,0.206780321662215,-0.00081606933062438,0.499,0.499,0.0158192682905768
29,"anchored",4,1,0.3,"none","maic_means",0.1,5,1000,0.206780321662215,-0.00081606933062438,0.681,0.681,0.0147464048654735
29,"anchored",4,1,0.3,"none","maic_means",0.3,1,1000,0.206780321662215,-0.00081606933062438,0.064,0.064,0.00774364022691929
29,"anchored",4,1,0.3,"none","maic_means",0.3,2,1000,0.206780321662215,-0.00081606933062438,0.141,0.141,0.0110109145959924
29,"anchored",4,1,0.3,"none","maic_means",0.3,5,1000,0.206780321662215,-0.00081606933062438,0.302,0.302,0.0145260802354595
29,"anchored",4,1,0.3,"none","maic_meanvar",-0.3,1,1000,0.207110727829272,-0.00121584904712902,0.087,0.087,0.00891686663074591
29,"anchored",4,1,0.3,"none","maic_meanvar",-0.3,2,1000,0.207110727829272,-0.00121584904712902,0.034,0.0680000000000002,0.011467672279391
29,"anchored",4,1,0.3,"none","maic_meanvar",-0.3,5,1000,0.207110727829272,-0.00121584904712902,0.011,0.0550000000000002,0.0164999165830391
29,"anchored",4,1,0.3,"none","maic_meanvar",-0.1,1,1000,0.207110727829272,-0.00121584904712902,0.304,0.304,0.0145532056879504
29,"anchored",4,1,0.3,"none","maic_meanvar",-0.1,2,1000,0.207110727829272,-0.00121584904712902,0.189,0.378,0.0247735691762354
29,"anchored",4,1,0.3,"none","maic_meanvar",-0.1,5,1000,0.207110727829272,-0.00121584904712902,0.092,0.46,0.045721881965756
29,"anchored",4,1,0.3,"none","maic_meanvar",0.1,1,1000,0.207110727829272,-0.00121584904712902,0.316,0.316,0.0147091930560571
29,"anchored",4,1,0.3,"none","maic_meanvar",0.1,2,1000,0.207110727829272,-0.00121584904712902,0.495,0.495,0.0158185089444367
29,"anchored",4,1,0.3,"none","maic_meanvar",0.1,5,1000,0.207110727829272,-0.00121584904712902,0.677,0.677,0.0147949278433485
29,"anchored",4,1,0.3,"none","maic_meanvar",0.3,1,1000,0.207110727829272,-0.00121584904712902,0.067,0.0669999999999999,0.00791034598317755
29,"anchored",4,1,0.3,"none","maic_meanvar",0.3,2,1000,0.207110727829272,-0.00121584904712902,0.145,0.145,0.0111399775178901
29,"anchored",4,1,0.3,"none","maic_meanvar",0.3,5,1000,0.207110727829272,-0.00121584904712902,0.295,0.295,0.0144285544384455
29,"anchored",4,1,0.3,"none","unadjusted",-0.3,1,1000,0.196244505839785,0.0123681907753453,0.068,0.068,0.0079648879112916
29,"anchored",4,1,0.3,"none","unadjusted",-0.3,2,1000,0.196244505839785,0.0123681907753453,0.028,0.0560000000000001,0.0104390120688201
29,"anchored",4,1,0.3,"none","unadjusted",-0.3,5,1000,0.196244505839785,0.0123681907753453,0.003,0.0149999999999999,0.00865158077173474
29,"anchored",4,1,0.3,"none","unadjusted",-0.1,1,1000,0.196244505839785,0.0123681907753453,0.276,0.276,0.0141429849757407
29,"anchored",4,1,0.3,"none","unadjusted",-0.1,2,1000,0.196244505839785,0.0123681907753453,0.17,0.34,0.0237689916690833
29,"anchored",4,1,0.3,"none","unadjusted",-0.1,5,1000,0.196244505839785,0.0123681907753453,0.078,0.39,0.0424228676505928
29,"anchored",4,1,0.3,"none","unadjusted",0.1,1,1000,0.196244505839785,0.0123681907753453,0.332,0.332,0.0148995972428115
29,"anchored",4,1,0.3,"none","unadjusted",0.1,2,1000,0.196244505839785,0.0123681907753453,0.494,0.494,0.0158181608986067
29,"anchored",4,1,0.3,"none","unadjusted",0.1,5,1000,0.196244505839785,0.0123681907753453,0.691,0.691,0.0146196009772065
29,"anchored",4,1,0.3,"none","unadjusted",0.3,1,1000,0.196244505839785,0.0123681907753453,0.06,0.06,0.00751375115747492
29,"anchored",4,1,0.3,"none","unadjusted",0.3,2,1000,0.196244505839785,0.0123681907753453,0.141,0.141,0.0110109145959924
29,"anchored",4,1,0.3,"none","unadjusted",0.3,5,1000,0.196244505839785,0.0123681907753453,0.294,0.294,0.0144142905400082
30,"unanchored",4,1,0.3,"none","gcomp",-0.3,1,1000,0.115794509104228,-0.00455543779397756,0.007,0.00700000000000003,0.00263779414624376
30,"unanchored",4,1,0.3,"none","gcomp",-0.3,2,1000,0.115794509104228,-0.00455543779397756,0.003,0.00600000000000002,0.00346063230869386
30,"unanchored",4,1,0.3,"none","gcomp",-0.3,5,1000,0.115794509104228,-0.00455543779397756,0,0,0
30,"unanchored",4,1,0.3,"none","gcomp",-0.1,1,1000,0.115794509104228,-0.00455543779397756,0.208,0.208,0.0128413745720969
30,"unanchored",4,1,0.3,"none","gcomp",-0.1,2,1000,0.115794509104228,-0.00455543779397756,0.101,0.202,0.019067237858682
30,"unanchored",4,1,0.3,"none","gcomp",-0.1,5,1000,0.115794509104228,-0.00455543779397756,0.031,0.155,0.0274176353233962
30,"unanchored",4,1,0.3,"none","gcomp",0.1,1,1000,0.115794509104228,-0.00455543779397756,0.178,0.178,0.0121021676761836
30,"unanchored",4,1,0.3,"none","gcomp",0.1,2,1000,0.115794509104228,-0.00455543779397756,0.327,0.327,0.0148422131534112
30,"unanchored",4,1,0.3,"none","gcomp",0.1,5,1000,0.115794509104228,-0.00455543779397756,0.549,0.549,0.0157431523795855
30,"unanchored",4,1,0.3,"none","gcomp",0.3,1,1000,0.115794509104228,-0.00455543779397756,0.007,0.007,0.00263779414624376
30,"unanchored",4,1,0.3,"none","gcomp",0.3,2,1000,0.115794509104228,-0.00455543779397756,0.013,0.0130000000000001,0.00358383088940364
30,"unanchored",4,1,0.3,"none","gcomp",0.3,5,1000,0.115794509104228,-0.00455543779397756,0.05,0.0500000000000001,0.00689547297489791
30,"unanchored",4,1,0.3,"none","maic_index",-0.3,1,1000,0.115382231502186,-0.0085830015362737,0.007,0.00700000000000001,0.00263779414624376
30,"unanchored",4,1,0.3,"none","maic_index",-0.3,2,1000,0.115382231502186,-0.0085830015362737,0.001,0.002,0.00200000000000001
30,"unanchored",4,1,0.3,"none","maic_index",-0.3,5,1000,0.115382231502186,-0.0085830015362737,0,0,0
30,"unanchored",4,1,0.3,"none","maic_index",-0.1,1,1000,0.115382231502186,-0.0085830015362737,0.219,0.219,0.013084731950262
30,"unanchored",4,1,0.3,"none","maic_index",-0.1,2,1000,0.115382231502186,-0.0085830015362737,0.093,0.186,0.0183777512699934
30,"unanchored",4,1,0.3,"none","maic_index",-0.1,5,1000,0.115382231502186,-0.0085830015362737,0.027,0.135,0.0256404452463766
30,"unanchored",4,1,0.3,"none","maic_index",0.1,1,1000,0.115382231502186,-0.0085830015362737,0.172,0.172,0.0119397888824953
30,"unanchored",4,1,0.3,"none","maic_index",0.1,2,1000,0.115382231502186,-0.0085830015362737,0.34,0.34,0.0149874822643639
30,"unanchored",4,1,0.3,"none","maic_index",0.1,5,1000,0.115382231502186,-0.0085830015362737,0.608,0.608,0.0154458594637713
30,"unanchored",4,1,0.3,"none","maic_index",0.3,1,1000,0.115382231502186,-0.0085830015362737,0.004,0.004,0.00199699473909873
30,"unanchored",4,1,0.3,"none","maic_index",0.3,2,1000,0.115382231502186,-0.0085830015362737,0.016,0.016,0.00396985639031941
30,"unanchored",4,1,0.3,"none","maic_index",0.3,5,1000,0.115382231502186,-0.0085830015362737,0.068,0.0680000000000003,0.0079648879112916
30,"unanchored",4,1,0.3,"none","maic_means",-0.3,1,1000,0.113522767602217,-0.00489835224618179,0.007,0.00700000000000001,0.00263779414624376
30,"unanchored",4,1,0.3,"none","maic_means",-0.3,2,1000,0.113522767602217,-0.00489835224618179,0,0,0
30,"unanchored",4,1,0.3,"none","maic_means",-0.3,5,1000,0.113522767602217,-0.00489835224618179,0,0,0
30,"unanchored",4,1,0.3,"none","maic_means",-0.1,1,1000,0.113522767602217,-0.00489835224618179,0.209,0.209,0.0128640772884993
30,"unanchored",4,1,0.3,"none","maic_means",-0.1,2,1000,0.113522767602217,-0.00489835224618179,0.079,0.158,0.0170683135466669
30,"unanchored",4,1,0.3,"none","maic_means",-0.1,5,1000,0.113522767602217,-0.00489835224618179,0.025,0.125,0.0246978740984925
30,"unanchored",4,1,0.3,"none","maic_means",0.1,1,1000,0.113522767602217,-0.00489835224618179,0.175,0.175,0.012021627157732
30,"unanchored",4,1,0.3,"none","maic_means",0.1,2,1000,0.113522767602217,-0.00489835224618179,0.35,0.35,0.0150906503414442
30,"unanchored",4,1,0.3,"none","maic_means",0.1,5,1000,0.113522767602217,-0.00489835224618179,0.617,0.617,0.0153801023256527
30,"unanchored",4,1,0.3,"none","maic_means",0.3,1,1000,0.113522767602217,-0.00489835224618179,0.004,0.004,0.00199699473909873
30,"unanchored",4,1,0.3,"none","maic_means",0.3,2,1000,0.113522767602217,-0.00489835224618179,0.016,0.016,0.00396985639031941
30,"unanchored",4,1,0.3,"none","maic_means",0.3,5,1000,0.113522767602217,-0.00489835224618179,0.067,0.0669999999999999,0.00791034598317755
30,"unanchored",4,1,0.3,"none","maic_meanvar",-0.3,1,1000,0.114312263463005,-0.0072069161125998,0.007,0.00700000000000001,0.00263779414624376
30,"unanchored",4,1,0.3,"none","maic_meanvar",-0.3,2,1000,0.114312263463005,-0.0072069161125998,0.002,0.004,0.00282701114111565
30,"unanchored",4,1,0.3,"none","maic_meanvar",-0.3,5,1000,0.114312263463005,-0.0072069161125998,0,0,0
30,"unanchored",4,1,0.3,"none","maic_meanvar",-0.1,1,1000,0.114312263463005,-0.0072069161125998,0.219,0.219,0.013084731950262
30,"unanchored",4,1,0.3,"none","maic_meanvar",-0.1,2,1000,0.114312263463005,-0.0072069161125998,0.083,0.166,0.0174570544121496
30,"unanchored",4,1,0.3,"none","maic_meanvar",-0.1,5,1000,0.114312263463005,-0.0072069161125998,0.026,0.13,0.0251740686765912
30,"unanchored",4,1,0.3,"none","maic_meanvar",0.1,1,1000,0.114312263463005,-0.0072069161125998,0.173,0.173,0.0119672141375599
30,"unanchored",4,1,0.3,"none","maic_meanvar",0.1,2,1000,0.114312263463005,-0.0072069161125998,0.344,0.344,0.0150296337244089
30,"unanchored",4,1,0.3,"none","maic_meanvar",0.1,5,1000,0.114312263463005,-0.0072069161125998,0.614,0.614,0.0154026374767844
30,"unanchored",4,1,0.3,"none","maic_meanvar",0.3,1,1000,0.114312263463005,-0.0072069161125998,0.004,0.004,0.00199699473909873
30,"unanchored",4,1,0.3,"none","maic_meanvar",0.3,2,1000,0.114312263463005,-0.0072069161125998,0.016,0.016,0.00396985639031941
30,"unanchored",4,1,0.3,"none","maic_meanvar",0.3,5,1000,0.114312263463005,-0.0072069161125998,0.069,0.069,0.00801893405031514
30,"unanchored",4,1,0.3,"none","unadjusted",-0.3,1,1000,0.652700088370303,0.63946133303224,0,0,0
30,"unanchored",4,1,0.3,"none","unadjusted",-0.3,2,1000,0.652700088370303,0.63946133303224,0,0,0
30,"unanchored",4,1,0.3,"none","unadjusted",-0.3,5,1000,0.652700088370303,0.63946133303224,0,0,0
30,"unanchored",4,1,0.3,"none","unadjusted",-0.1,1,1000,0.652700088370303,0.63946133303224,0,0,0
30,"unanchored",4,1,0.3,"none","unadjusted",-0.1,2,1000,0.652700088370303,0.63946133303224,0,0,0
30,"unanchored",4,1,0.3,"none","unadjusted",-0.1,5,1000,0.652700088370303,0.63946133303224,0,0,0
30,"unanchored",4,1,0.3,"none","unadjusted",0.1,1,1000,0.652700088370303,0.63946133303224,1,1,0
30,"unanchored",4,1,0.3,"none","unadjusted",0.1,2,1000,0.652700088370303,0.63946133303224,1,1,0
30,"unanchored",4,1,0.3,"none","unadjusted",0.1,5,1000,0.652700088370303,0.63946133303224,1,1,0
30,"unanchored",4,1,0.3,"none","unadjusted",0.3,1,1000,0.652700088370303,0.63946133303224,0.995,0.995,0.00223158687484488
30,"unanchored",4,1,0.3,"none","unadjusted",0.3,2,1000,0.652700088370303,0.63946133303224,0.999,0.999,0.00100000000000001
30,"unanchored",4,1,0.3,"none","unadjusted",0.3,5,1000,0.652700088370303,0.63946133303224,1,1,0
31,"anchored",0.25,2,0.3,"none","gcomp",-0.3,1,1000,0.205243957771391,0.000444949498300496,0.075,0.075,0.00833333333333336
31,"anchored",0.25,2,0.3,"none","gcomp",-0.3,2,1000,0.205243957771391,0.000444949498300496,0.027,0.0539999999999999,0.0102561780985506
31,"anchored",0.25,2,0.3,"none","gcomp",-0.3,5,1000,0.205243957771391,0.000444949498300496,0.007,0.0349999999999999,0.0131889707312191
31,"anchored",0.25,2,0.3,"none","gcomp",-0.1,1,1000,0.205243957771391,0.000444949498300496,0.294,0.294,0.0144142905400082
31,"anchored",0.25,2,0.3,"none","gcomp",-0.1,2,1000,0.205243957771391,0.000444949498300496,0.165,0.33,0.0234872657338323
31,"anchored",0.25,2,0.3,"none","gcomp",-0.1,5,1000,0.205243957771391,0.000444949498300496,0.076,0.38,0.0419208463339819
31,"anchored",0.25,2,0.3,"none","gcomp",0.1,1,1000,0.205243957771391,0.000444949498300496,0.3,0.3,0.0144986278733614
31,"anchored",0.25,2,0.3,"none","gcomp",0.1,2,1000,0.205243957771391,0.000444949498300496,0.468,0.468,0.015786868759359
31,"anchored",0.25,2,0.3,"none","gcomp",0.1,5,1000,0.205243957771391,0.000444949498300496,0.696,0.696,0.0145532056879504
31,"anchored",0.25,2,0.3,"none","gcomp",0.3,1,1000,0.205243957771391,0.000444949498300496,0.078,0.0780000000000001,0.00848457353011859
31,"anchored",0.25,2,0.3,"none","gcomp",0.3,2,1000,0.205243957771391,0.000444949498300496,0.136,0.136,0.010845350230473
31,"anchored",0.25,2,0.3,"none","gcomp",0.3,5,1000,0.205243957771391,0.000444949498300496,0.295,0.295,0.0144285544384455
31,"anchored",0.25,2,0.3,"none","maic_index",-0.3,1,1000,0.216156717480312,0.00105550588452099,0.087,0.087,0.00891686663074591
31,"anchored",0.25,2,0.3,"none","maic_index",-0.3,2,1000,0.216156717480312,0.00105550588452099,0.035,0.07,0.0116290685454699
31,"anchored",0.25,2,0.3,"none","maic_index",-0.3,5,1000,0.216156717480312,0.00105550588452099,0.01,0.0499999999999999,0.0157400046933839
31,"anchored",0.25,2,0.3,"none","maic_index",-0.1,1,1000,0.216156717480312,0.00105550588452099,0.302,0.302,0.0145260802354595
31,"anchored",0.25,2,0.3,"none","maic_index",-0.1,2,1000,0.216156717480312,0.00105550588452099,0.17,0.34,0.0237689916690833
31,"anchored",0.25,2,0.3,"none","maic_index",-0.1,5,1000,0.216156717480312,0.00105550588452099,0.079,0.395,0.0426707838666668
31,"anchored",0.25,2,0.3,"none","maic_index",0.1,1,1000,0.216156717480312,0.00105550588452099,0.299,0.299,0.0144847785212205
31,"anchored",0.25,2,0.3,"none","maic_index",0.1,2,1000,0.216156717480312,0.00105550588452099,0.481,0.481,0.0158078742685058
31,"anchored",0.25,2,0.3,"none","maic_index",0.1,5,1000,0.216156717480312,0.00105550588452099,0.716,0.716,0.0142670090610313
31,"anchored",0.25,2,0.3,"none","maic_index",0.3,1,1000,0.216156717480312,0.00105550588452099,0.083,0.0829999999999999,0.00872852720607479
31,"anchored",0.25,2,0.3,"none","maic_index",0.3,2,1000,0.216156717480312,0.00105550588452099,0.168,0.168,0.0118286058314543
31,"anchored",0.25,2,0.3,"none","maic_index",0.3,5,1000,0.216156717480312,0.00105550588452099,0.308,0.308,0.0146064831273428
31,"anchored",0.25,2,0.3,"none","maic_means",-0.3,1,1000,0.216684670921529,-0.0384485980308661,0.11,0.11,0.00989939381972445
31,"anchored",0.25,2,0.3,"none","maic_means",-0.3,2,1000,0.216684670921529,-0.0384485980308661,0.046,0.092,0.0132556294347614
31,"anchored",0.25,2,0.3,"none","maic_means",-0.3,5,1000,0.216684670921529,-0.0384485980308661,0.012,0.06,0.0172248859704992
31,"anchored",0.25,2,0.3,"none","maic_means",-0.1,1,1000,0.216684670921529,-0.0384485980308661,0.379,0.379,0.0153490910022254
31,"anchored",0.25,2,0.3,"none","maic_means",-0.1,2,1000,0.216684670921529,-0.0384485980308661,0.24,0.48,0.0270246245178417
31,"anchored",0.25,2,0.3,"none","maic_means",-0.1,5,1000,0.216684670921529,-0.0384485980308661,0.106,0.53,0.0486977563289263
31,"anchored",0.25,2,0.3,"none","maic_means",0.1,1,1000,0.216684670921529,-0.0384485980308661,0.252,0.252,0.0137362543906511
31,"anchored",0.25,2,0.3,"none","maic_means",0.1,2,1000,0.216684670921529,-0.0384485980308661,0.395,0.395,0.0154665514648293
31,"anchored",0.25,2,0.3,"none","maic_means",0.1,5,1000,0.216684670921529,-0.0384485980308661,0.632,0.632,0.0152580735615218
31,"anchored",0.25,2,0.3,"none","maic_means",0.3,1,1000,0.216684670921529,-0.0384485980308661,0.056,0.0560000000000001,0.00727440148169707
31,"anchored",0.25,2,0.3,"none","maic_means",0.3,2,1000,0.216684670921529,-0.0384485980308661,0.125,0.125,0.0104634833819567
31,"anchored",0.25,2,0.3,"none","maic_means",0.3,5,1000,0.216684670921529,-0.0384485980308661,0.256,0.256,0.0138077751522342
31,"anchored",0.25,2,0.3,"none","maic_meanvar",-0.3,1,1000,0.232730344065667,0.00436742403741147,0.094,0.094,0.00923305200078772
31,"anchored",0.25,2,0.3,"none","maic_meanvar",-0.3,2,1000,0.232730344065667,0.00436742403741147,0.047,0.094,0.0133919133563261
31,"anchored",0.25,2,0.3,"none","maic_meanvar",-0.3,5,1000,0.232730344065667,0.00436742403741147,0.009,0.0450000000000001,0.0149398192157135
31,"anchored",0.25,2,0.3,"none","maic_meanvar",-0.1,1,1000,0.232730344065667,0.00436742403741147,0.318,0.318,0.0147340793093119
31,"anchored",0.25,2,0.3,"none","maic_meanvar",-0.1,2,1000,0.232730344065667,0.00436742403741147,0.18,0.36,0.0243103062710239
31,"anchored",0.25,2,0.3,"none","maic_meanvar",-0.1,5,1000,0.232730344065667,0.00436742403741147,0.075,0.375,0.0416666666666667
31,"anchored",0.25,2,0.3,"none","maic_meanvar",0.1,1,1000,0.232730344065667,0.00436742403741147,0.321,0.321,0.0147708218179346
31,"anchored",0.25,2,0.3,"none","maic_meanvar",0.1,2,1000,0.232730344065667,0.00436742403741147,0.504,0.504,0.0158187937035109
31,"anchored",0.25,2,0.3,"none","maic_meanvar",0.1,5,1000,0.232730344065667,0.00436742403741147,0.723,0.723,0.0141587948453063
31,"anchored",0.25,2,0.3,"none","maic_meanvar",0.3,1,1000,0.232730344065667,0.00436742403741147,0.106,0.106,0.00973955126578512
31,"anchored",0.25,2,0.3,"none","maic_meanvar",0.3,2,1000,0.232730344065667,0.00436742403741147,0.202,0.202,0.0127026515876551
31,"anchored",0.25,2,0.3,"none","maic_meanvar",0.3,5,1000,0.232730344065667,0.00436742403741147,0.367,0.367,0.0152493784641717
31,"anchored",0.25,2,0.3,"none","unadjusted",-0.3,1,1000,0.207692102198463,-0.0291968107750073,0.095,0.095,0.0092769101031033
31,"anchored",0.25,2,0.3,"none","unadjusted",-0.3,2,1000,0.207692102198463,-0.0291968107750073,0.041,0.082,0.0125472480422375
31,"anchored",0.25,2,0.3,"none","unadjusted",-0.3,5,1000,0.207692102198463,-0.0291968107750073,0.011,0.0550000000000002,0.0164999165830391
31,"anchored",0.25,2,0.3,"none","unadjusted",-0.1,1,1000,0.207692102198463,-0.0291968107750073,0.356,0.356,0.0151490426593066
31,"anchored",0.25,2,0.3,"none","unadjusted",-0.1,2,1000,0.207692102198463,-0.0291968107750073,0.226,0.452,0.0264650032381707
31,"anchored",0.25,2,0.3,"none","unadjusted",-0.1,5,1000,0.207692102198463,-0.0291968107750073,0.096,0.48,0.0466022721739159
31,"anchored",0.25,2,0.3,"none","unadjusted",0.1,1,1000,0.207692102198463,-0.0291968107750073,0.251,0.251,0.0137181335168889
31,"anchored",0.25,2,0.3,"none","unadjusted",0.1,2,1000,0.207692102198463,-0.0291968107750073,0.414,0.414,0.0155835441041775
31,"anchored",0.25,2,0.3,"none","unadjusted",0.1,5,1000,0.207692102198463,-0.0291968107750073,0.638,0.638,0.0152048409129195
31,"anchored",0.25,2,0.3,"none","unadjusted",0.3,1,1000,0.207692102198463,-0.0291968107750073,0.058,0.0580000000000001,0.00739531545579293
31,"anchored",0.25,2,0.3,"none","unadjusted",0.3,2,1000,0.207692102198463,-0.0291968107750073,0.121,0.121,0.0103182103809461
31,"anchored",0.25,2,0.3,"none","unadjusted",0.3,5,1000,0.207692102198463,-0.0291968107750073,0.25,0.25,0.0136999156087798
32,"unanchored",0.25,2,0.3,"none","gcomp",-0.3,1,1000,0.159441115865631,0.0118962568211332,0.02,0.02,0.00442940398017836
32,"unanchored",0.25,2,0.3,"none","gcomp",-0.3,2,1000,0.159441115865631,0.0118962568211332,0.004,0.00799999999999999,0.00399398947819746
32,"unanchored",0.25,2,0.3,"none","gcomp",-0.3,5,1000,0.159441115865631,0.0118962568211332,0,0,0
32,"unanchored",0.25,2,0.3,"none","gcomp",-0.1,1,1000,0.159441115865631,0.0118962568211332,0.243,0.243,0.0135696401991774
32,"unanchored",0.25,2,0.3,"none","gcomp",-0.1,2,1000,0.159441115865631,0.0118962568211332,0.134,0.268,0.0215555245967393
32,"unanchored",0.25,2,0.3,"none","gcomp",-0.1,5,1000,0.159441115865631,0.0118962568211332,0.049,0.245,0.0341488087807047
32,"unanchored",0.25,2,0.3,"none","gcomp",0.1,1,1000,0.159441115865631,0.0118962568211332,0.277,0.277,0.0141587948453063
32,"unanchored",0.25,2,0.3,"none","gcomp",0.1,2,1000,0.159441115865631,0.0118962568211332,0.448,0.448,0.0157335165663478
32,"unanchored",0.25,2,0.3,"none","gcomp",0.1,5,1000,0.159441115865631,0.0118962568211332,0.652,0.652,0.0150706046037684
32,"unanchored",0.25,2,0.3,"none","gcomp",0.3,1,1000,0.159441115865631,0.0118962568211332,0.035,0.035,0.00581453427273494
32,"unanchored",0.25,2,0.3,"none","gcomp",0.3,2,1000,0.159441115865631,0.0118962568211332,0.082,0.0820000000000001,0.00868051561552374
32,"unanchored",0.25,2,0.3,"none","gcomp",0.3,5,1000,0.159441115865631,0.0118962568211332,0.189,0.189,0.0123867845881177
32,"unanchored",0.25,2,0.3,"none","maic_index",-0.3,1,1000,0.163723797298185,0.0114787490374453,0.024,0.024,0.00484225644172706
32,"unanchored",0.25,2,0.3,"none","maic_index",-0.3,2,1000,0.163723797298185,0.0114787490374453,0.006,0.012,0.00488670439865969
32,"unanchored",0.25,2,0.3,"none","maic_index",-0.3,5,1000,0.163723797298185,0.0114787490374453,0,0,0
32,"unanchored",0.25,2,0.3,"none","maic_index",-0.1,1,1000,0.163723797298185,0.0114787490374453,0.251,0.251,0.0137181335168889
32,"unanchored",0.25,2,0.3,"none","maic_index",-0.1,2,1000,0.163723797298185,0.0114787490374453,0.137,0.274,0.0217576974286667
32,"unanchored",0.25,2,0.3,"none","maic_index",-0.1,5,1000,0.163723797298185,0.0114787490374453,0.051,0.255,0.0348021003128575
32,"unanchored",0.25,2,0.3,"none","maic_index",0.1,1,1000,0.163723797298185,0.0114787490374453,0.288,0.288,0.0143269417972316
32,"unanchored",0.25,2,0.3,"none","maic_index",0.1,2,1000,0.163723797298185,0.0114787490374453,0.45,0.45,0.0157400046933839
32,"unanchored",0.25,2,0.3,"none","maic_index",0.1,5,1000,0.163723797298185,0.0114787490374453,0.648,0.648,0.0151104045056487
32,"unanchored",0.25,2,0.3,"none","maic_index",0.3,1,1000,0.163723797298185,0.0114787490374453,0.043,0.043,0.00641811437979974
32,"unanchored",0.25,2,0.3,"none","maic_index",0.3,2,1000,0.163723797298185,0.0114787490374453,0.092,0.092,0.00914437639315112
32,"unanchored",0.25,2,0.3,"none","maic_index",0.3,5,1000,0.163723797298185,0.0114787490374453,0.212,0.212,0.012931481864938
32,"unanchored",0.25,2,0.3,"none","maic_means",-0.3,1,1000,0.166695072858727,-0.0518033072805141,0.059,0.059,0.00745483565040673
32,"unanchored",0.25,2,0.3,"none","maic_means",-0.3,2,1000,0.166695072858727,-0.0518033072805141,0.018,0.036,0.00841277449922297
32,"unanchored",0.25,2,0.3,"none","maic_means",-0.3,5,1000,0.166695072858727,-0.0518033072805141,0.003,0.015,0.00865158077173474
32,"unanchored",0.25,2,0.3,"none","maic_means",-0.1,1,1000,0.166695072858727,-0.0518033072805141,0.385,0.385,0.0153951944454108
32,"unanchored",0.25,2,0.3,"none","maic_means",-0.1,2,1000,0.166695072858727,-0.0518033072805141,0.233,0.466,0.0267499450384401
32,"unanchored",0.25,2,0.3,"none","maic_means",-0.1,5,1000,0.166695072858727,-0.0518033072805141,0.11,0.55,0.0494969690986218
32,"unanchored",0.25,2,0.3,"none","maic_means",0.1,1,1000,0.166695072858727,-0.0518033072805141,0.162,0.162,0.0116572677713044
32,"unanchored",0.25,2,0.3,"none","maic_means",0.1,2,1000,0.166695072858727,-0.0518033072805141,0.284,0.284,0.0142670090610313
32,"unanchored",0.25,2,0.3,"none","maic_means",0.1,5,1000,0.166695072858727,-0.0518033072805141,0.499,0.499,0.0158192682905768
32,"unanchored",0.25,2,0.3,"none","maic_means",0.3,1,1000,0.166695072858727,-0.0518033072805141,0.017,0.017,0.00408995448968907
32,"unanchored",0.25,2,0.3,"none","maic_means",0.3,2,1000,0.166695072858727,-0.0518033072805141,0.04,0.04,0.00619987406633707
32,"unanchored",0.25,2,0.3,"none","maic_means",0.3,5,1000,0.166695072858727,-0.0518033072805141,0.107,0.107,0.00977991035984717
32,"unanchored",0.25,2,0.3,"none","maic_meanvar",-0.3,1,1000,0.176997724982127,0.0141658615883366,0.038,0.038,0.00604918115058494
32,"unanchored",0.25,2,0.3,"none","maic_meanvar",-0.3,2,1000,0.176997724982127,0.0141658615883366,0.01,0.02,0.00629600187735354
32,"unanchored",0.25,2,0.3,"none","maic_meanvar",-0.3,5,1000,0.176997724982127,0.0141658615883366,0.002,0.0100000000000001,0.00706752785278913
32,"unanchored",0.25,2,0.3,"none","maic_meanvar",-0.1,1,1000,0.176997724982127,0.0141658615883366,0.263,0.263,0.0139292865942597
32,"unanchored",0.25,2,0.3,"none","maic_meanvar",-0.1,2,1000,0.176997724982127,0.0141658615883366,0.138,0.276,0.0218243052650087
32,"unanchored",0.25,2,0.3,"none","maic_meanvar",-0.1,5,1000,0.176997724982127,0.0141658615883366,0.049,0.245,0.0341488087807047
32,"unanchored",0.25,2,0.3,"none","maic_meanvar",0.1,1,1000,0.176997724982127,0.0141658615883366,0.31,0.31,0.0146326386586329
32,"unanchored",0.25,2,0.3,"none","maic_meanvar",0.1,2,1000,0.176997724982127,0.0141658615883366,0.461,0.461,0.0157711042012832
32,"unanchored",0.25,2,0.3,"none","maic_meanvar",0.1,5,1000,0.176997724982127,0.0141658615883366,0.69,0.69,0.0146326386586329
32,"unanchored",0.25,2,0.3,"none","maic_meanvar",0.3,1,1000,0.176997724982127,0.0141658615883366,0.056,0.056,0.00727440148169707
32,"unanchored",0.25,2,0.3,"none","maic_meanvar",0.3,2,1000,0.176997724982127,0.0141658615883366,0.123,0.123,0.0103912934218499
32,"unanchored",0.25,2,0.3,"none","maic_meanvar",0.3,5,1000,0.176997724982127,0.0141658615883366,0.267,0.267,0.0139966748517963
32,"unanchored",0.25,2,0.3,"none","unadjusted",-0.3,1,1000,0.244749891918452,0.187223726462111,0,0,0
32,"unanchored",0.25,2,0.3,"none","unadjusted",-0.3,2,1000,0.244749891918452,0.187223726462111,0,0,0
32,"unanchored",0.25,2,0.3,"none","unadjusted",-0.3,5,1000,0.244749891918452,0.187223726462111,0,0,0
32,"unanchored",0.25,2,0.3,"none","unadjusted",-0.1,1,1000,0.244749891918452,0.187223726462111,0.034,0.0340000000000001,0.00573383613969548
32,"unanchored",0.25,2,0.3,"none","unadjusted",-0.1,2,1000,0.244749891918452,0.187223726462111,0.008,0.016,0.00563700060100901
32,"unanchored",0.25,2,0.3,"none","unadjusted",-0.1,5,1000,0.244749891918452,0.187223726462111,0,0,0
32,"unanchored",0.25,2,0.3,"none","unadjusted",0.1,1,1000,0.244749891918452,0.187223726462111,0.714,0.714,0.0142971468625179
32,"unanchored",0.25,2,0.3,"none","unadjusted",0.1,2,1000,0.244749891918452,0.187223726462111,0.829,0.829,0.0119122164562646
32,"unanchored",0.25,2,0.3,"none","unadjusted",0.1,5,1000,0.244749891918452,0.187223726462111,0.933,0.933,0.00791034598317755
32,"unanchored",0.25,2,0.3,"none","unadjusted",0.3,1,1000,0.244749891918452,0.187223726462111,0.223,0.223,0.0131698308434257
32,"unanchored",0.25,2,0.3,"none","unadjusted",0.3,2,1000,0.244749891918452,0.187223726462111,0.377,0.377,0.0153331701257799
32,"unanchored",0.25,2,0.3,"none","unadjusted",0.3,5,1000,0.244749891918452,0.187223726462111,0.593,0.593,0.0155432491002555
33,"anchored",1,2,0.3,"none","gcomp",-0.3,1,1000,0.194121605539023,0.00290333988484548,0.068,0.068,0.0079648879112916
33,"anchored",1,2,0.3,"none","gcomp",-0.3,2,1000,0.194121605539023,0.00290333988484548,0.024,0.048,0.00968451288345415
33,"anchored",1,2,0.3,"none","gcomp",-0.3,5,1000,0.194121605539023,0.00290333988484548,0.005,0.025,0.0111579343742244
33,"anchored",1,2,0.3,"none","gcomp",-0.1,1,1000,0.194121605539023,0.00290333988484548,0.294,0.294,0.0144142905400082
33,"anchored",1,2,0.3,"none","gcomp",-0.1,2,1000,0.194121605539023,0.00290333988484548,0.169,0.338,0.0237132519557802
33,"anchored",1,2,0.3,"none","gcomp",-0.1,5,1000,0.194121605539023,0.00290333988484548,0.079,0.395,0.0426707838666668
33,"anchored",1,2,0.3,"none","gcomp",0.1,1,1000,0.194121605539023,0.00290333988484548,0.305,0.305,0.0145666463946644
33,"anchored",1,2,0.3,"none","gcomp",0.1,2,1000,0.194121605539023,0.00290333988484548,0.478,0.478,0.015803979428162
33,"anchored",1,2,0.3,"none","gcomp",0.1,5,1000,0.194121605539023,0.00290333988484548,0.672,0.672,0.0148538424872703
33,"anchored",1,2,0.3,"none","gcomp",0.3,1,1000,0.194121605539023,0.00290333988484548,0.062,0.0619999999999999,0.00762982399628031
33,"anchored",1,2,0.3,"none","gcomp",0.3,2,1000,0.194121605539023,0.00290333988484548,0.131,0.131,0.010674874844838
33,"anchored",1,2,0.3,"none","gcomp",0.3,5,1000,0.194121605539023,0.00290333988484548,0.276,0.276,0.0141429849757407
33,"anchored",1,2,0.3,"none","maic_index",-0.3,1,1000,0.208054364622551,0.00329423685360605,0.081,0.081,0.00863212103213999
33,"anchored",1,2,0.3,"none","maic_index",-0.3,2,1000,0.208054364622551,0.00329423685360605,0.032,0.064,0.0111367871501627
33,"anchored",1,2,0.3,"none","maic_index",-0.3,5,1000,0.208054364622551,0.00329423685360605,0.006,0.0300000000000001,0.0122167609966492
33,"anchored",1,2,0.3,"none","maic_index",-0.1,1,1000,0.208054364622551,0.00329423685360605,0.295,0.295,0.0144285544384455
33,"anchored",1,2,0.3,"none","maic_index",-0.1,2,1000,0.208054364622551,0.00329423685360605,0.179,0.358,0.0242574612114382
33,"anchored",1,2,0.3,"none","maic_index",-0.1,5,1000,0.208054364622551,0.00329423685360605,0.084,0.42,0.0438808104474557
33,"anchored",1,2,0.3,"none","maic_index",0.1,1,1000,0.208054364622551,0.00329423685360605,0.324,0.324,0.0148068647337389
33,"anchored",1,2,0.3,"none","maic_index",0.1,2,1000,0.208054364622551,0.00329423685360605,0.482,0.482,0.0158090456994067
33,"anchored",1,2,0.3,"none","maic_index",0.1,5,1000,0.208054364622551,0.00329423685360605,0.698,0.698,0.0145260802354595
33,"anchored",1,2,0.3,"none","maic_index",0.3,1,1000,0.208054364622551,0.00329423685360605,0.077,0.077,0.00843458014024064
33,"anchored",1,2,0.3,"none","maic_index",0.3,2,1000,0.208054364622551,0.00329423685360605,0.146,0.146,0.0111717862854965
33,"anchored",1,2,0.3,"none","maic_index",0.3,5,1000,0.208054364622551,0.00329423685360605,0.32,0.32,0.0147586523035749
33,"anchored",1,2,0.3,"none","maic_means",-0.3,1,1000,0.221397115621353,-0.0795626176926203,0.148,0.148,0.0112348663642353
33,"anchored",1,2,0.3,"none","maic_means",-0.3,2,1000,0.221397115621353,-0.0795626176926203,0.075,0.15,0.0166666666666667
33,"anchored",1,2,0.3,"none","maic_means",-0.3,5,1000,0.221397115621353,-0.0795626176926203,0.024,0.12,0.0242112822086356
33,"anchored",1,2,0.3,"none","maic_means",-0.1,1,1000,0.221397115621353,-0.0795626176926203,0.455,0.455,0.0157551014983471
33,"anchored",1,2,0.3,"none","maic_means",-0.1,2,1000,0.221397115621353,-0.0795626176926203,0.287,0.574,0.0286241741076199
33,"anchored",1,2,0.3,"none","maic_means",-0.1,5,1000,0.221397115621353,-0.0795626176926203,0.156,0.78,0.0574011750306117
33,"anchored",1,2,0.3,"none","maic_means",0.1,1,1000,0.221397115621353,-0.0795626176926203,0.188,0.188,0.0123615860151038
33,"anchored",1,2,0.3,"none","maic_means",0.1,2,1000,0.221397115621353,-0.0795626176926203,0.317,0.317,0.0147216754388802
33,"anchored",1,2,0.3,"none","maic_means",0.1,5,1000,0.221397115621353,-0.0795626176926203,0.526,0.526,0.0157978977580428
33,"anchored",1,2,0.3,"none","maic_means",0.3,1,1000,0.221397115621353,-0.0795626176926203,0.033,0.033,0.00565180882045237
33,"anchored",1,2,0.3,"none","maic_means",0.3,2,1000,0.221397115621353,-0.0795626176926203,0.074,0.0740000000000001,0.00828206451270417
33,"anchored",1,2,0.3,"none","maic_means",0.3,5,1000,0.221397115621353,-0.0795626176926203,0.179,0.179,0.0121287306057191
33,"anchored",1,2,0.3,"none","maic_meanvar",-0.3,1,1000,0.22884659897831,0.00687839616248386,0.1,0.1,0.00949157995752506
33,"anchored",1,2,0.3,"none","maic_meanvar",-0.3,2,1000,0.22884659897831,0.00687839616248386,0.041,0.0819999999999999,0.0125472480422375
33,"anchored",1,2,0.3,"none","maic_meanvar",-0.3,5,1000,0.22884659897831,0.00687839616248386,0.012,0.0599999999999999,0.0172248859704992
33,"anchored",1,2,0.3,"none","maic_meanvar",-0.1,1,1000,0.22884659897831,0.00687839616248386,0.312,0.312,0.014658474370509
33,"anchored",1,2,0.3,"none","maic_meanvar",-0.1,2,1000,0.22884659897831,0.00687839616248386,0.183,0.366,0.0244671747989557
33,"anchored",1,2,0.3,"none","maic_meanvar",-0.1,5,1000,0.22884659897831,0.00687839616248386,0.087,0.435,0.04458433315373
33,"anchored",1,2,0.3,"none","maic_meanvar",0.1,1,1000,0.22884659897831,0.00687839616248386,0.346,0.346,0.0150502661275644
33,"anchored",1,2,0.3,"none","maic_meanvar",0.1,2,1000,0.22884659897831,0.00687839616248386,0.506,0.506,0.0158181608986067
33,"anchored",1,2,0.3,"none","maic_meanvar",0.1,5,1000,0.22884659897831,0.00687839616248386,0.705,0.705,0.0144285544384455
33,"anchored",1,2,0.3,"none","maic_meanvar",0.3,1,1000,0.22884659897831,0.00687839616248386,0.099,0.099,0.00944924802766275
33,"anchored",1,2,0.3,"none","maic_meanvar",0.3,2,1000,0.22884659897831,0.00687839616248386,0.194,0.194,0.0125108161412644
33,"anchored",1,2,0.3,"none","maic_meanvar",0.3,5,1000,0.22884659897831,0.00687839616248386,0.368,0.368,0.0152580735615218
33,"anchored",1,2,0.3,"none","unadjusted",-0.3,1,1000,0.212253094307439,-0.0692154328748357,0.125,0.125,0.0104634833819567
33,"anchored",1,2,0.3,"none","unadjusted",-0.3,2,1000,0.212253094307439,-0.0692154328748357,0.065,0.13,0.015599466123664
33,"anchored",1,2,0.3,"none","unadjusted",-0.3,5,1000,0.212253094307439,-0.0692154328748357,0.02,0.1,0.0221470199008915
33,"anchored",1,2,0.3,"none","unadjusted",-0.1,1,1000,0.212253094307439,-0.0692154328748357,0.419,0.419,0.0156103389675778
33,"anchored",1,2,0.3,"none","unadjusted",-0.1,2,1000,0.212253094307439,-0.0692154328748357,0.273,0.546,0.0281900457374352
33,"anchored",1,2,0.3,"none","unadjusted",-0.1,5,1000,0.212253094307439,-0.0692154328748357,0.142,0.71,0.0552172884968921
33,"anchored",1,2,0.3,"none","unadjusted",0.1,1,1000,0.212253094307439,-0.0692154328748357,0.19,0.19,0.0124118513548163
33,"anchored",1,2,0.3,"none","unadjusted",0.1,2,1000,0.212253094307439,-0.0692154328748357,0.331,0.331,0.0148882725882039
33,"anchored",1,2,0.3,"none","unadjusted",0.1,5,1000,0.212253094307439,-0.0692154328748357,0.553,0.553,0.0157301760460091
33,"anchored",1,2,0.3,"none","unadjusted",0.3,1,1000,0.212253094307439,-0.0692154328748357,0.034,0.034,0.00573383613969546
33,"anchored",1,2,0.3,"none","unadjusted",0.3,2,1000,0.212253094307439,-0.0692154328748357,0.083,0.0829999999999999,0.0087285272060748
33,"anchored",1,2,0.3,"none","unadjusted",0.3,5,1000,0.212253094307439,-0.0692154328748357,0.178,0.178,0.0121021676761836
34,"unanchored",1,2,0.3,"none","gcomp",-0.3,1,1000,0.137449055725066,0.00168188518990993,0.013,0.013,0.00358383088940364
34,"unanchored",1,2,0.3,"none","gcomp",-0.3,2,1000,0.137449055725066,0.00168188518990993,0.004,0.00799999999999999,0.00399398947819746
34,"unanchored",1,2,0.3,"none","gcomp",-0.3,5,1000,0.137449055725066,0.00168188518990993,0.002,0.0100000000000001,0.00706752785278924
34,"unanchored",1,2,0.3,"none","gcomp",-0.1,1,1000,0.137449055725066,0.00168188518990993,0.227,0.227,0.0132531749647639
34,"unanchored",1,2,0.3,"none","gcomp",-0.1,2,1000,0.137449055725066,0.00168188518990993,0.117,0.234,0.0203385756054267
34,"unanchored",1,2,0.3,"none","gcomp",-0.1,5,1000,0.137449055725066,0.00168188518990993,0.045,0.225,0.0327940612070303
34,"unanchored",1,2,0.3,"none","gcomp",0.1,1,1000,0.137449055725066,0.00168188518990993,0.238,0.238,0.0134735866619672
34,"unanchored",1,2,0.3,"none","gcomp",0.1,2,1000,0.137449055725066,0.00168188518990993,0.38,0.38,0.0153569474777976
34,"unanchored",1,2,0.3,"none","gcomp",0.1,5,1000,0.137449055725066,0.00168188518990993,0.605,0.605,0.0154665514648293
34,"unanchored",1,2,0.3,"none","gcomp",0.3,1,1000,0.137449055725066,0.00168188518990993,0.012,0.012,0.00344497719409981
34,"unanchored",1,2,0.3,"none","gcomp",0.3,2,1000,0.137449055725066,0.00168188518990993,0.046,0.0460000000000001,0.00662781471738071
34,"unanchored",1,2,0.3,"none","gcomp",0.3,5,1000,0.137449055725066,0.00168188518990993,0.122,0.122,0.0103548647129367
34,"unanchored",1,2,0.3,"none","maic_index",-0.3,1,1000,0.141642600001798,0.00365276703637326,0.016,0.016,0.00396985639031941
34,"unanchored",1,2,0.3,"none","maic_index",-0.3,2,1000,0.141642600001798,0.00365276703637326,0.006,0.0120000000000001,0.00488670439865969
34,"unanchored",1,2,0.3,"none","maic_index",-0.3,5,1000,0.141642600001798,0.00365276703637326,0.002,0.0100000000000001,0.00706752785278921
34,"unanchored",1,2,0.3,"none","maic_index",-0.1,1,1000,0.141642600001798,0.00365276703637326,0.232,0.232,0.0133549374522816
34,"unanchored",1,2,0.3,"none","maic_index",-0.1,2,1000,0.141642600001798,0.00365276703637326,0.123,0.246,0.0207825868436998
34,"unanchored",1,2,0.3,"none","maic_index",-0.1,5,1000,0.141642600001798,0.00365276703637326,0.037,0.185,0.0298607881119481
34,"unanchored",1,2,0.3,"none","maic_index",0.1,1,1000,0.141642600001798,0.00365276703637326,0.242,0.242,0.013550631705556
34,"unanchored",1,2,0.3,"none","maic_index",0.1,2,1000,0.141642600001798,0.00365276703637326,0.394,0.394,0.0154597219574934
34,"unanchored",1,2,0.3,"none","maic_index",0.1,5,1000,0.141642600001798,0.00365276703637326,0.638,0.638,0.0152048409129195
34,"unanchored",1,2,0.3,"none","maic_index",0.3,1,1000,0.141642600001798,0.00365276703637326,0.015,0.015,0.00384574957450301
34,"unanchored",1,2,0.3,"none","maic_index",0.3,2,1000,0.141642600001798,0.00365276703637326,0.057,0.057,0.00733517585370684
34,"unanchored",1,2,0.3,"none","maic_index",0.3,5,1000,0.141642600001798,0.00365276703637326,0.153,0.153,0.0113895004596655
34,"unanchored",1,2,0.3,"none","maic_means",-0.3,1,1000,0.173430565224346,-0.11376791286977,0.065,0.065,0.00779973306183202
34,"unanchored",1,2,0.3,"none","maic_means",-0.3,2,1000,0.173430565224346,-0.11376791286977,0.026,0.052,0.0100696274706364
34,"unanchored",1,2,0.3,"none","maic_means",-0.3,5,1000,0.173430565224346,-0.11376791286977,0.007,0.0349999999999999,0.013188970731219
34,"unanchored",1,2,0.3,"none","maic_means",-0.1,1,1000,0.173430565224346,-0.11376791286977,0.566,0.566,0.0156808765663751
34,"unanchored",1,2,0.3,"none","maic_means",-0.1,2,1000,0.173430565224346,-0.11376791286977,0.354,0.708,0.0302597364769035
34,"unanchored",1,2,0.3,"none","maic_means",-0.1,5,1000,0.173430565224346,-0.11376791286977,0.162,0.81,0.0582863388565221
34,"unanchored",1,2,0.3,"none","maic_means",0.1,1,1000,0.173430565224346,-0.11376791286977,0.054,0.054,0.00715088352129544
34,"unanchored",1,2,0.3,"none","maic_means",0.1,2,1000,0.173430565224346,-0.11376791286977,0.134,0.134,0.0107777622983697
34,"unanchored",1,2,0.3,"none","maic_means",0.1,5,1000,0.173430565224346,-0.11376791286977,0.29,0.29,0.0143563959999057
34,"unanchored",1,2,0.3,"none","maic_means",0.3,1,1000,0.173430565224346,-0.11376791286977,0.002,0.002,0.00141350557055781
34,"unanchored",1,2,0.3,"none","maic_means",0.3,2,1000,0.173430565224346,-0.11376791286977,0.004,0.004,0.00199699473909873
34,"unanchored",1,2,0.3,"none","maic_means",0.3,5,1000,0.173430565224346,-0.11376791286977,0.018,0.018,0.00420638724961147
34,"unanchored",1,2,0.3,"none","maic_meanvar",-0.3,1,1000,0.15723175627881,0.00305440864745266,0.028,0.0280000000000001,0.00521950603441006
34,"unanchored",1,2,0.3,"none","maic_meanvar",-0.3,2,1000,0.15723175627881,0.00305440864745266,0.006,0.012,0.00488670439865964
34,"unanchored",1,2,0.3,"none","maic_meanvar",-0.3,5,1000,0.15723175627881,0.00305440864745266,0.004,0.0200000000000002,0.0099849736954936
34,"unanchored",1,2,0.3,"none","maic_meanvar",-0.1,1,1000,0.15723175627881,0.00305440864745266,0.268,0.268,0.0140132927027295
34,"unanchored",1,2,0.3,"none","maic_meanvar",-0.1,2,1000,0.15723175627881,0.00305440864745266,0.128,0.256,0.0211402675222173
34,"unanchored",1,2,0.3,"none","maic_meanvar",-0.1,5,1000,0.15723175627881,0.00305440864745266,0.048,0.24,0.0338163206683332
34,"unanchored",1,2,0.3,"none","maic_meanvar",0.1,1,1000,0.15723175627881,0.00305440864745266,0.263,0.263,0.0139292865942597
34,"unanchored",1,2,0.3,"none","maic_meanvar",0.1,2,1000,0.15723175627881,0.00305440864745266,0.425,0.425,0.0156403203170401
34,"unanchored",1,2,0.3,"none","maic_meanvar",0.1,5,1000,0.15723175627881,0.00305440864745266,0.649,0.649,0.0151005637983164
34,"unanchored",1,2,0.3,"none","maic_meanvar",0.3,1,1000,0.15723175627881,0.00305440864745266,0.029,0.0290000000000001,0.005309160685757
34,"unanchored",1,2,0.3,"none","maic_meanvar",0.3,2,1000,0.15723175627881,0.00305440864745266,0.078,0.078,0.00848457353011858
34,"unanchored",1,2,0.3,"none","maic_meanvar",0.3,5,1000,0.15723175627881,0.00305440864745266,0.188,0.188,0.0123615860151038
34,"unanchored",1,2,0.3,"none","unadjusted",-0.3,1,1000,0.309988111683401,0.275174656565142,0,0,0
34,"unanchored",1,2,0.3,"none","unadjusted",-0.3,2,1000,0.309988111683401,0.275174656565142,0,0,0
34,"unanchored",1,2,0.3,"none","unadjusted",-0.3,5,1000,0.309988111683401,0.275174656565142,0,0,0
34,"unanchored",1,2,0.3,"none","unadjusted",-0.1,1,1000,0.309988111683401,0.275174656565142,0.007,0.00700000000000001,0.00263779414624377
34,"unanchored",1,2,0.3,"none","unadjusted",-0.1,2,1000,0.309988111683401,0.275174656565142,0.002,0.004,0.00282701114111562
34,"unanchored",1,2,0.3,"none","unadjusted",-0.1,5,1000,0.309988111683401,0.275174656565142,0,0,0
34,"unanchored",1,2,0.3,"none","unadjusted",0.1,1,1000,0.309988111683401,0.275174656565142,0.89,0.89,0.00989939381972444
34,"unanchored",1,2,0.3,"none","unadjusted",0.1,2,1000,0.309988111683401,0.275174656565142,0.952,0.952,0.0067632641336667
34,"unanchored",1,2,0.3,"none","unadjusted",0.1,5,1000,0.309988111683401,0.275174656565142,0.988,0.988,0.00344497719409982
34,"unanchored",1,2,0.3,"none","unadjusted",0.3,1,1000,0.309988111683401,0.275174656565142,0.414,0.414,0.0155835441041775
34,"unanchored",1,2,0.3,"none","unadjusted",0.3,2,1000,0.309988111683401,0.275174656565142,0.61,0.61,0.0154317250538666
34,"unanchored",1,2,0.3,"none","unadjusted",0.3,5,1000,0.309988111683401,0.275174656565142,0.798,0.798,0.0127026515876551
35,"anchored",4,2,0.3,"none","gcomp",-0.3,1,1000,0.170356536098159,-0.00604558424041843,0.043,0.043,0.00641811437979974
35,"anchored",4,2,0.3,"none","gcomp",-0.3,2,1000,0.170356536098159,-0.00604558424041843,0.017,0.0340000000000001,0.00817990897937815
35,"anchored",4,2,0.3,"none","gcomp",-0.3,5,1000,0.170356536098159,-0.00604558424041843,0.001,0.00500000000000006,0.00500000000000007
35,"anchored",4,2,0.3,"none","gcomp",-0.1,1,1000,0.170356536098159,-0.00604558424041843,0.287,0.287,0.01431208705381
35,"anchored",4,2,0.3,"none","gcomp",-0.1,2,1000,0.170356536098159,-0.00604558424041843,0.162,0.324,0.0233145355426088
35,"anchored",4,2,0.3,"none","gcomp",-0.1,5,1000,0.170356536098159,-0.00604558424041843,0.069,0.345,0.0400946702515754
35,"anchored",4,2,0.3,"none","gcomp",0.1,1,1000,0.170356536098159,-0.00604558424041843,0.28,0.28,0.0142056961040915
35,"anchored",4,2,0.3,"none","gcomp",0.1,2,1000,0.170356536098159,-0.00604558424041843,0.421,0.421,0.0156205954753013
35,"anchored",4,2,0.3,"none","gcomp",0.1,5,1000,0.170356536098159,-0.00604558424041843,0.631,0.631,0.0152666981391546
35,"anchored",4,2,0.3,"none","gcomp",0.3,1,1000,0.170356536098159,-0.00604558424041843,0.033,0.033,0.00565180882045237
35,"anchored",4,2,0.3,"none","gcomp",0.3,2,1000,0.170356536098159,-0.00604558424041843,0.092,0.092,0.0091443763931511
35,"anchored",4,2,0.3,"none","gcomp",0.3,5,1000,0.170356536098159,-0.00604558424041843,0.226,0.226,0.0132325016190853
35,"anchored",4,2,0.3,"none","maic_index",-0.3,1,1000,0.191442970375948,-0.0057164505460519,0.06,0.0600000000000001,0.00751375115747492
35,"anchored",4,2,0.3,"none","maic_index",-0.3,2,1000,0.191442970375948,-0.0057164505460519,0.026,0.0520000000000001,0.0100696274706364
35,"anchored",4,2,0.3,"none","maic_index",-0.3,5,1000,0.191442970375948,-0.0057164505460519,0.007,0.0349999999999999,0.013188970731219
35,"anchored",4,2,0.3,"none","maic_index",-0.1,1,1000,0.191442970375948,-0.0057164505460519,0.308,0.308,0.0146064831273428
35,"anchored",4,2,0.3,"none","maic_index",-0.1,2,1000,0.191442970375948,-0.0057164505460519,0.176,0.352,0.024097233797195
35,"anchored",4,2,0.3,"none","maic_index",-0.1,5,1000,0.191442970375948,-0.0057164505460519,0.066,0.330000000000001,0.0392764896934872
35,"anchored",4,2,0.3,"none","maic_index",0.1,1,1000,0.191442970375948,-0.0057164505460519,0.29,0.29,0.0143563959999057
35,"anchored",4,2,0.3,"none","maic_index",0.1,2,1000,0.191442970375948,-0.0057164505460519,0.434,0.434,0.0156808765663751
35,"anchored",4,2,0.3,"none","maic_index",0.1,5,1000,0.191442970375948,-0.0057164505460519,0.667,0.667,0.0149108461642299
35,"anchored",4,2,0.3,"none","maic_index",0.3,1,1000,0.191442970375948,-0.0057164505460519,0.054,0.054,0.00715088352129544
35,"anchored",4,2,0.3,"none","maic_index",0.3,2,1000,0.191442970375948,-0.0057164505460519,0.125,0.125,0.0104634833819567
35,"anchored",4,2,0.3,"none","maic_index",0.3,5,1000,0.191442970375948,-0.0057164505460519,0.268,0.268,0.0140132927027295
35,"anchored",4,2,0.3,"none","maic_means",-0.3,1,1000,0.215149605848004,-0.107813188337924,0.15,0.15,0.0112972398234093
35,"anchored",4,2,0.3,"none","maic_means",-0.3,2,1000,0.215149605848004,-0.107813188337924,0.07,0.14,0.016144988716647
35,"anchored",4,2,0.3,"none","maic_means",-0.3,5,1000,0.215149605848004,-0.107813188337924,0.024,0.12,0.0242112822086356
35,"anchored",4,2,0.3,"none","maic_means",-0.1,1,1000,0.215149605848004,-0.107813188337924,0.511,0.511,0.0158154711952927
35,"anchored",4,2,0.3,"none","maic_means",-0.1,2,1000,0.215149605848004,-0.107813188337924,0.348,0.696,0.0301412092075368
35,"anchored",4,2,0.3,"none","maic_means",-0.1,5,1000,0.215149605848004,-0.107813188337924,0.177,0.885,0.0603773171018758
35,"anchored",4,2,0.3,"none","maic_means",0.1,1,1000,0.215149605848004,-0.107813188337924,0.134,0.134,0.0107777622983697
35,"anchored",4,2,0.3,"none","maic_means",0.1,2,1000,0.215149605848004,-0.107813188337924,0.241,0.241,0.0135315225345154
35,"anchored",4,2,0.3,"none","maic_means",0.1,5,1000,0.215149605848004,-0.107813188337924,0.447,0.447,0.0157301760460091
35,"anchored",4,2,0.3,"none","maic_means",0.3,1,1000,0.215149605848004,-0.107813188337924,0.019,0.019,0.00431945108291063
35,"anchored",4,2,0.3,"none","maic_means",0.3,2,1000,0.215149605848004,-0.107813188337924,0.038,0.038,0.00604918115058494
35,"anchored",4,2,0.3,"none","maic_means",0.3,5,1000,0.215149605848004,-0.107813188337924,0.117,0.117,0.0101692878027133
35,"anchored",4,2,0.3,"none","maic_meanvar",-0.3,1,1000,0.212578154482136,-0.00691483142232226,0.084,0.084,0.00877616208949113
35,"anchored",4,2,0.3,"none","maic_meanvar",-0.3,2,1000,0.212578154482136,-0.00691483142232226,0.038,0.076,0.0120983623011699
35,"anchored",4,2,0.3,"none","maic_meanvar",-0.3,5,1000,0.212578154482136,-0.00691483142232226,0.017,0.0849999999999996,0.0204497724484454
35,"anchored",4,2,0.3,"none","maic_meanvar",-0.1,1,1000,0.212578154482136,-0.00691483142232226,0.327,0.327,0.0148422131534112
35,"anchored",4,2,0.3,"none","maic_meanvar",-0.1,2,1000,0.212578154482136,-0.00691483142232226,0.176,0.352,0.024097233797195
35,"anchored",4,2,0.3,"none","maic_meanvar",-0.1,5,1000,0.212578154482136,-0.00691483142232226,0.081,0.405,0.0431606051607002
35,"anchored",4,2,0.3,"none","maic_meanvar",0.1,1,1000,0.212578154482136,-0.00691483142232226,0.3,0.3,0.0144986278733614
35,"anchored",4,2,0.3,"none","maic_meanvar",0.1,2,1000,0.212578154482136,-0.00691483142232226,0.468,0.468,0.015786868759359
35,"anchored",4,2,0.3,"none","maic_meanvar",0.1,5,1000,0.212578154482136,-0.00691483142232226,0.679,0.679,0.0147708218179346
35,"anchored",4,2,0.3,"none","maic_meanvar",0.3,1,1000,0.212578154482136,-0.00691483142232226,0.071,0.071,0.00812557844248792
35,"anchored",4,2,0.3,"none","maic_meanvar",0.3,2,1000,0.212578154482136,-0.00691483142232226,0.145,0.145,0.0111399775178901
35,"anchored",4,2,0.3,"none","maic_meanvar",0.3,5,1000,0.212578154482136,-0.00691483142232226,0.305,0.305,0.0145666463946644
35,"anchored",4,2,0.3,"none","unadjusted",-0.3,1,1000,0.207588154062296,-0.100990149356496,0.13,0.13,0.0106401697924994
35,"anchored",4,2,0.3,"none","unadjusted",-0.3,2,1000,0.207588154062296,-0.100990149356496,0.063,0.126,0.0153740157525729
35,"anchored",4,2,0.3,"none","unadjusted",-0.3,5,1000,0.207588154062296,-0.100990149356496,0.023,0.115,0.023713652973284
35,"anchored",4,2,0.3,"none","unadjusted",-0.1,1,1000,0.207588154062296,-0.100990149356496,0.504,0.504,0.0158187937035109
35,"anchored",4,2,0.3,"none","unadjusted",-0.1,2,1000,0.207588154062296,-0.100990149356496,0.337,0.674,0.0299101758373072
35,"anchored",4,2,0.3,"none","unadjusted",-0.1,5,1000,0.207588154062296,-0.100990149356496,0.162,0.81,0.0582863388565221
35,"anchored",4,2,0.3,"none","unadjusted",0.1,1,1000,0.207588154062296,-0.100990149356496,0.131,0.131,0.010674874844838
35,"anchored",4,2,0.3,"none","unadjusted",0.1,2,1000,0.207588154062296,-0.100990149356496,0.25,0.25,0.0136999156087798
35,"anchored",4,2,0.3,"none","unadjusted",0.1,5,1000,0.207588154062296,-0.100990149356496,0.449,0.449,0.015736792768752
35,"anchored",4,2,0.3,"none","unadjusted",0.3,1,1000,0.207588154062296,-0.100990149356496,0.015,0.015,0.00384574957450301
35,"anchored",4,2,0.3,"none","unadjusted",0.3,2,1000,0.207588154062296,-0.100990149356496,0.038,0.038,0.00604918115058494
35,"anchored",4,2,0.3,"none","unadjusted",0.3,5,1000,0.207588154062296,-0.100990149356496,0.106,0.106,0.00973955126578513
36,"unanchored",4,2,0.3,"none","gcomp",-0.3,1,1000,0.114635185077479,0.00746002948551094,0.002,0.002,0.0014135055705578
36,"unanchored",4,2,0.3,"none","gcomp",-0.3,2,1000,0.114635185077479,0.00746002948551094,0,0,0
36,"unanchored",4,2,0.3,"none","gcomp",-0.3,5,1000,0.114635185077479,0.00746002948551094,0,0,0
36,"unanchored",4,2,0.3,"none","gcomp",-0.1,1,1000,0.114635185077479,0.00746002948551094,0.182,0.182,0.0122075806376622
36,"unanchored",4,2,0.3,"none","gcomp",-0.1,2,1000,0.114635185077479,0.00746002948551094,0.082,0.164,0.0173610312310474
36,"unanchored",4,2,0.3,"none","gcomp",-0.1,5,1000,0.114635185077479,0.00746002948551094,0.022,0.11,0.0232042762963732
36,"unanchored",4,2,0.3,"none","gcomp",0.1,1,1000,0.114635185077479,0.00746002948551094,0.198,0.198,0.0126077339341753
36,"unanchored",4,2,0.3,"none","gcomp",0.1,2,1000,0.114635185077479,0.00746002948551094,0.382,0.382,0.0153724530349685
36,"unanchored",4,2,0.3,"none","gcomp",0.1,5,1000,0.114635185077479,0.00746002948551094,0.589,0.589,0.0155666734185993
36,"unanchored",4,2,0.3,"none","gcomp",0.3,1,1000,0.114635185077479,0.00746002948551094,0.009,0.00900000000000004,0.00298796384314266
36,"unanchored",4,2,0.3,"none","gcomp",0.3,2,1000,0.114635185077479,0.00746002948551094,0.022,0.022,0.0046408552592747
36,"unanchored",4,2,0.3,"none","gcomp",0.3,5,1000,0.114635185077479,0.00746002948551094,0.063,0.063,0.00768700787628643
36,"unanchored",4,2,0.3,"none","maic_index",-0.3,1,1000,0.113012678173515,0.00577611680532296,0.004,0.004,0.00199699473909873
36,"unanchored",4,2,0.3,"none","maic_index",-0.3,2,1000,0.113012678173515,0.00577611680532296,0,0,0
36,"unanchored",4,2,0.3,"none","maic_index",-0.3,5,1000,0.113012678173515,0.00577611680532296,0,0,0
36,"unanchored",4,2,0.3,"none","maic_index",-0.1,1,1000,0.113012678173515,0.00577611680532296,0.17,0.17,0.0118844958345417
36,"unanchored",4,2,0.3,"none","maic_index",-0.1,2,1000,0.113012678173515,0.00577611680532296,0.069,0.138,0.0160378681006303
36,"unanchored",4,2,0.3,"none","maic_index",-0.1,5,1000,0.113012678173515,0.00577611680532296,0.016,0.08,0.0198492819515969
36,"unanchored",4,2,0.3,"none","maic_index",0.1,1,1000,0.113012678173515,0.00577611680532296,0.197,0.197,0.0125836937879681
36,"unanchored",4,2,0.3,"none","maic_index",0.1,2,1000,0.113012678173515,0.00577611680532296,0.394,0.394,0.0154597219574934
36,"unanchored",4,2,0.3,"none","maic_index",0.1,5,1000,0.113012678173515,0.00577611680532296,0.623,0.623,0.0153331701257799
36,"unanchored",4,2,0.3,"none","maic_index",0.3,1,1000,0.113012678173515,0.00577611680532296,0.007,0.00700000000000003,0.00263779414624376
36,"unanchored",4,2,0.3,"none","maic_index",0.3,2,1000,0.113012678173515,0.00577611680532296,0.018,0.018,0.00420638724961146
36,"unanchored",4,2,0.3,"none","maic_index",0.3,5,1000,0.113012678173515,0.00577611680532296,0.071,0.071,0.00812557844248791
36,"unanchored",4,2,0.3,"none","maic_means",-0.3,1,1000,0.125648495022875,-0.0716313840790621,0.012,0.012,0.00344497719409984
36,"unanchored",4,2,0.3,"none","maic_means",-0.3,2,1000,0.125648495022875,-0.0716313840790621,0.003,0.006,0.00346063230869387
36,"unanchored",4,2,0.3,"none","maic_means",-0.3,5,1000,0.125648495022875,-0.0716313840790621,0,0,0
36,"unanchored",4,2,0.3,"none","maic_means",-0.1,1,1000,0.125648495022875,-0.0716313840790621,0.4,0.4,0.0154996851658426
36,"unanchored",4,2,0.3,"none","maic_means",-0.1,2,1000,0.125648495022875,-0.0716313840790621,0.198,0.396,0.0252154678683506
36,"unanchored",4,2,0.3,"none","maic_means",-0.1,5,1000,0.125648495022875,-0.0716313840790621,0.062,0.31,0.0381491199814011
36,"unanchored",4,2,0.3,"none","maic_means",0.1,1,1000,0.125648495022875,-0.0716313840790621,0.039,0.039,0.00612507277642609
36,"unanchored",4,2,0.3,"none","maic_means",0.1,2,1000,0.125648495022875,-0.0716313840790621,0.125,0.125,0.0104634833819567
36,"unanchored",4,2,0.3,"none","maic_means",0.1,5,1000,0.125648495022875,-0.0716313840790621,0.356,0.356,0.0151490426593066
36,"unanchored",4,2,0.3,"none","maic_means",0.3,1,1000,0.125648495022875,-0.0716313840790621,0.002,0.002,0.0014135055705578
36,"unanchored",4,2,0.3,"none","maic_means",0.3,2,1000,0.125648495022875,-0.0716313840790621,0.005,0.00500000000000003,0.00223158687484488
36,"unanchored",4,2,0.3,"none","maic_means",0.3,5,1000,0.125648495022875,-0.0716313840790621,0.013,0.013,0.00358383088940363
36,"unanchored",4,2,0.3,"none","maic_meanvar",-0.3,1,1000,0.122313345399014,0.00636518995180075,0.003,0.00300000000000001,0.00173031615434693
36,"unanchored",4,2,0.3,"none","maic_meanvar",-0.3,2,1000,0.122313345399014,0.00636518995180075,0.001,0.002,0.00200000000000001
36,"unanchored",4,2,0.3,"none","maic_meanvar",-0.3,5,1000,0.122313345399014,0.00636518995180075,0,0,0
36,"unanchored",4,2,0.3,"none","maic_meanvar",-0.1,1,1000,0.122313345399014,0.00636518995180075,0.19,0.19,0.0124118513548163
36,"unanchored",4,2,0.3,"none","maic_meanvar",-0.1,2,1000,0.122313345399014,0.00636518995180075,0.078,0.156,0.0169691470602372
36,"unanchored",4,2,0.3,"none","maic_meanvar",-0.1,5,1000,0.122313345399014,0.00636518995180075,0.017,0.0849999999999999,0.0204497724484454
36,"unanchored",4,2,0.3,"none","maic_meanvar",0.1,1,1000,0.122313345399014,0.00636518995180075,0.224,0.224,0.0131908300723645
36,"unanchored",4,2,0.3,"none","maic_meanvar",0.1,2,1000,0.122313345399014,0.00636518995180075,0.413,0.413,0.0155779868299365
36,"unanchored",4,2,0.3,"none","maic_meanvar",0.1,5,1000,0.122313345399014,0.00636518995180075,0.655,0.655,0.0150399867420552
36,"unanchored",4,2,0.3,"none","maic_meanvar",0.3,1,1000,0.122313345399014,0.00636518995180075,0.012,0.012,0.00344497719409984
36,"unanchored",4,2,0.3,"none","maic_meanvar",0.3,2,1000,0.122313345399014,0.00636518995180075,0.026,0.026,0.00503481373531822
36,"unanchored",4,2,0.3,"none","maic_meanvar",0.3,5,1000,0.122313345399014,0.00636518995180075,0.108,0.108,0.0098200016513457
36,"unanchored",4,2,0.3,"none","unadjusted",-0.3,1,1000,0.458716734775239,0.439748541127642,0,0,0
36,"unanchored",4,2,0.3,"none","unadjusted",-0.3,2,1000,0.458716734775239,0.439748541127642,0,0,0
36,"unanchored",4,2,0.3,"none","unadjusted",-0.3,5,1000,0.458716734775239,0.439748541127642,0,0,0
36,"unanchored",4,2,0.3,"none","unadjusted",-0.1,1,1000,0.458716734775239,0.439748541127642,0,0,0
36,"unanchored",4,2,0.3,"none","unadjusted",-0.1,2,1000,0.458716734775239,0.439748541127642,0,0,0
36,"unanchored",4,2,0.3,"none","unadjusted",-0.1,5,1000,0.458716734775239,0.439748541127642,0,0,0
36,"unanchored",4,2,0.3,"none","unadjusted",0.1,1,1000,0.458716734775239,0.439748541127642,0.996,0.996,0.00199699473909873
36,"unanchored",4,2,0.3,"none","unadjusted",0.1,2,1000,0.458716734775239,0.439748541127642,0.999,0.999,0.00100000000000001
36,"unanchored",4,2,0.3,"none","unadjusted",0.1,5,1000,0.458716734775239,0.439748541127642,1,1,0
36,"unanchored",4,2,0.3,"none","unadjusted",0.3,1,1000,0.458716734775239,0.439748541127642,0.854,0.854,0.0111717862854965
36,"unanchored",4,2,0.3,"none","unadjusted",0.3,2,1000,0.458716734775239,0.439748541127642,0.934,0.934,0.00785529793869758
36,"unanchored",4,2,0.3,"none","unadjusted",0.3,5,1000,0.458716734775239,0.439748541127642,0.975,0.975,0.00493957481969846
37,"anchored",0.25,0.5,0.6,"none","gcomp",-0.3,1,1000,0.198293414327519,-0.00270435636142598,0.06,0.0599999999999999,0.00751375115747493
37,"anchored",0.25,0.5,0.6,"none","gcomp",-0.3,2,1000,0.198293414327519,-0.00270435636142598,0.032,0.064,0.0111367871501627
37,"anchored",0.25,0.5,0.6,"none","gcomp",-0.3,5,1000,0.198293414327519,-0.00270435636142598,0.01,0.05,0.0157400046933839
37,"anchored",0.25,0.5,0.6,"none","gcomp",-0.1,1,1000,0.198293414327519,-0.00270435636142598,0.313,0.313,0.0146712728229779
37,"anchored",0.25,0.5,0.6,"none","gcomp",-0.1,2,1000,0.198293414327519,-0.00270435636142598,0.171,0.342,0.0238244329125292
37,"anchored",0.25,0.5,0.6,"none","gcomp",-0.1,5,1000,0.198293414327519,-0.00270435636142598,0.069,0.345000000000001,0.0400946702515754
37,"anchored",0.25,0.5,0.6,"none","gcomp",0.1,1,1000,0.198293414327519,-0.00270435636142598,0.303,0.303,0.0145396837105353
37,"anchored",0.25,0.5,0.6,"none","gcomp",0.1,2,1000,0.198293414327519,-0.00270435636142598,0.458,0.458,0.0157633906404837
37,"anchored",0.25,0.5,0.6,"none","gcomp",0.1,5,1000,0.198293414327519,-0.00270435636142598,0.676,0.676,0.0148068647337389
37,"anchored",0.25,0.5,0.6,"none","gcomp",0.3,1,1000,0.198293414327519,-0.00270435636142598,0.066,0.066,0.00785529793869758
37,"anchored",0.25,0.5,0.6,"none","gcomp",0.3,2,1000,0.198293414327519,-0.00270435636142598,0.141,0.141,0.0110109145959924
37,"anchored",0.25,0.5,0.6,"none","gcomp",0.3,5,1000,0.198293414327519,-0.00270435636142598,0.288,0.288,0.0143269417972316
37,"anchored",0.25,0.5,0.6,"none","maic_index",-0.3,1,1000,0.653308996392104,0.0597969574139927,0.296,0.296,0.014442734941575
37,"anchored",0.25,0.5,0.6,"none","maic_index",-0.3,2,1000,0.653308996392104,0.0597969574139927,0.201,0.402,0.0253582144292347
37,"anchored",0.25,0.5,0.6,"none","maic_index",-0.3,5,1000,0.653308996392104,0.0597969574139927,0.078,0.39,0.0424228676505928
37,"anchored",0.25,0.5,0.6,"none","maic_index",-0.1,1,1000,0.653308996392104,0.0597969574139927,0.411,0.411,0.0155666734185993
37,"anchored",0.25,0.5,0.6,"none","maic_index",-0.1,2,1000,0.653308996392104,0.0597969574139927,0.285,0.57,0.0285642419104009
37,"anchored",0.25,0.5,0.6,"none","maic_index",-0.1,5,1000,0.653308996392104,0.0597969574139927,0.15,0.75,0.0564861991170471
37,"anchored",0.25,0.5,0.6,"none","maic_index",0.1,1,1000,0.653308996392104,0.0597969574139927,0.483,0.483,0.0158101537298334
37,"anchored",0.25,0.5,0.6,"none","maic_index",0.1,2,1000,0.653308996392104,0.0597969574139927,0.616,0.616,0.0153876827618971
37,"anchored",0.25,0.5,0.6,"none","maic_index",0.1,5,1000,0.653308996392104,0.0597969574139927,0.759,0.759,0.0135315225345154
37,"anchored",0.25,0.5,0.6,"none","maic_index",0.3,1,1000,0.653308996392104,0.0597969574139927,0.372,0.372,0.0152921499420406
37,"anchored",0.25,0.5,0.6,"none","maic_index",0.3,2,1000,0.653308996392104,0.0597969574139927,0.499,0.499,0.0158192682905768
37,"anchored",0.25,0.5,0.6,"none","maic_index",0.3,5,1000,0.653308996392104,0.0597969574139927,0.671,0.671,0.0148653953859284
37,"anchored",0.25,0.5,0.6,"none","maic_means",-0.3,1,1000,0.418209041652641,0.0339440152527053,0.223,0.223,0.0131698308434257
37,"anchored",0.25,0.5,0.6,"none","maic_means",-0.3,2,1000,0.418209041652641,0.0339440152527053,0.103,0.206,0.0192336666793916
37,"anchored",0.25,0.5,0.6,"none","maic_means",-0.3,5,1000,0.418209041652641,0.0339440152527053,0.035,0.175,0.0290726713636743
37,"anchored",0.25,0.5,0.6,"none","maic_means",-0.1,1,1000,0.418209041652641,0.0339440152527053,0.396,0.396,0.0154733132658594
37,"anchored",0.25,0.5,0.6,"none","maic_means",-0.1,2,1000,0.418209041652641,0.0339440152527053,0.242,0.484,0.0271012634111119
37,"anchored",0.25,0.5,0.6,"none","maic_means",-0.1,5,1000,0.418209041652641,0.0339440152527053,0.091,0.455000000000001,0.0454977476920015
37,"anchored",0.25,0.5,0.6,"none","maic_means",0.1,1,1000,0.418209041652641,0.0339440152527053,0.42,0.42,0.015615500115073
37,"anchored",0.25,0.5,0.6,"none","maic_means",0.1,2,1000,0.418209041652641,0.0339440152527053,0.581,0.581,0.0156103389675778
37,"anchored",0.25,0.5,0.6,"none","maic_means",0.1,5,1000,0.418209041652641,0.0339440152527053,0.767,0.767,0.0133749725192201
37,"anchored",0.25,0.5,0.6,"none","maic_means",0.3,1,1000,0.418209041652641,0.0339440152527053,0.261,0.261,0.0138950376779651
37,"anchored",0.25,0.5,0.6,"none","maic_means",0.3,2,1000,0.418209041652641,0.0339440152527053,0.402,0.402,0.0155124671357151
37,"anchored",0.25,0.5,0.6,"none","maic_means",0.3,5,1000,0.418209041652641,0.0339440152527053,0.589,0.589,0.0155666734185993
37,"anchored",0.25,0.5,0.6,"none","maic_meanvar",-0.3,1,1000,0.723506552378729,0.0530910837080084,0.32,0.32,0.0147586523035749
37,"anchored",0.25,0.5,0.6,"none","maic_meanvar",-0.3,2,1000,0.723506552378729,0.0530910837080084,0.215,0.43,0.0259956876380637
37,"anchored",0.25,0.5,0.6,"none","maic_meanvar",-0.3,5,1000,0.723506552378729,0.0530910837080084,0.094,0.47,0.0461652600039384
37,"anchored",0.25,0.5,0.6,"none","maic_meanvar",-0.1,1,1000,0.723506552378729,0.0530910837080084,0.419,0.419,0.0156103389675778
37,"anchored",0.25,0.5,0.6,"none","maic_meanvar",-0.1,2,1000,0.723506552378729,0.0530910837080084,0.296,0.592,0.02888546988315
37,"anchored",0.25,0.5,0.6,"none","maic_meanvar",-0.1,5,1000,0.723506552378729,0.0530910837080084,0.161,0.805,0.058140823483636
37,"anchored",0.25,0.5,0.6,"none","maic_meanvar",0.1,1,1000,0.723506552378729,0.0530910837080084,0.484,0.484,0.0158111983731149
37,"anchored",0.25,0.5,0.6,"none","maic_meanvar",0.1,2,1000,0.723506552378729,0.0530910837080084,0.613,0.613,0.0154100119554939
37,"anchored",0.25,0.5,0.6,"none","maic_meanvar",0.1,5,1000,0.723506552378729,0.0530910837080084,0.768,0.768,0.0133549374522816
37,"anchored",0.25,0.5,0.6,"none","maic_meanvar",0.3,1,1000,0.723506552378729,0.0530910837080084,0.387,0.387,0.0154100119554939
37,"anchored",0.25,0.5,0.6,"none","maic_meanvar",0.3,2,1000,0.723506552378729,0.0530910837080084,0.511,0.511,0.0158154711952927
37,"anchored",0.25,0.5,0.6,"none","maic_meanvar",0.3,5,1000,0.723506552378729,0.0530910837080084,0.68,0.68,0.0147586523035749
37,"anchored",0.25,0.5,0.6,"none","unadjusted",-0.3,1,1000,0.204066882479528,0.0229606188038316,0.054,0.0539999999999999,0.00715088352129546
37,"anchored",0.25,0.5,0.6,"none","unadjusted",-0.3,2,1000,0.204066882479528,0.0229606188038316,0.027,0.0539999999999999,0.0102561780985506
37,"anchored",0.25,0.5,0.6,"none","unadjusted",-0.3,5,1000,0.204066882479528,0.0229606188038316,0.007,0.0349999999999999,0.013188970731219
37,"anchored",0.25,0.5,0.6,"none","unadjusted",-0.1,1,1000,0.204066882479528,0.0229606188038316,0.266,0.266,0.0139799656451452
37,"anchored",0.25,0.5,0.6,"none","unadjusted",-0.1,2,1000,0.204066882479528,0.0229606188038316,0.147,0.294,0.0224068307903207
37,"anchored",0.25,0.5,0.6,"none","unadjusted",-0.1,5,1000,0.204066882479528,0.0229606188038316,0.055,0.275000000000001,0.0360648814731957
37,"anchored",0.25,0.5,0.6,"none","unadjusted",0.1,1,1000,0.204066882479528,0.0229606188038316,0.355,0.355,0.0151394915437805
37,"anchored",0.25,0.5,0.6,"none","unadjusted",0.1,2,1000,0.204066882479528,0.0229606188038316,0.529,0.529,0.0157926694516289
37,"anchored",0.25,0.5,0.6,"none","unadjusted",0.1,5,1000,0.204066882479528,0.0229606188038316,0.728,0.728,0.0140788569924626
37,"anchored",0.25,0.5,0.6,"none","unadjusted",0.3,1,1000,0.204066882479528,0.0229606188038316,0.09,0.09,0.00905439020486644
37,"anchored",0.25,0.5,0.6,"none","unadjusted",0.3,2,1000,0.204066882479528,0.0229606188038316,0.171,0.171,0.0119122164562646
37,"anchored",0.25,0.5,0.6,"none","unadjusted",0.3,5,1000,0.204066882479528,0.0229606188038316,0.347,0.347,0.0150604720317066
38,"unanchored",0.25,0.5,0.6,"none","gcomp",-0.3,1,1000,0.237753650165062,-0.00356176168814215,0.109,0.109,0.00985982840703719
38,"unanchored",0.25,0.5,0.6,"none","gcomp",-0.3,2,1000,0.237753650165062,-0.00356176168814215,0.049,0.0980000000000001,0.0136595235122818
38,"unanchored",0.25,0.5,0.6,"none","gcomp",-0.3,5,1000,0.237753650165062,-0.00356176168814215,0.011,0.0550000000000001,0.016499916583039
38,"unanchored",0.25,0.5,0.6,"none","gcomp",-0.1,1,1000,0.237753650165062,-0.00356176168814215,0.351,0.351,0.0151005637983164
38,"unanchored",0.25,0.5,0.6,"none","gcomp",-0.1,2,1000,0.237753650165062,-0.00356176168814215,0.206,0.412,0.0255912272255731
38,"unanchored",0.25,0.5,0.6,"none","gcomp",-0.1,5,1000,0.237753650165062,-0.00356176168814215,0.094,0.47,0.0461652600039386
38,"unanchored",0.25,0.5,0.6,"none","gcomp",0.1,1,1000,0.237753650165062,-0.00356176168814215,0.338,0.338,0.0149659607102245
38,"unanchored",0.25,0.5,0.6,"none","gcomp",0.1,2,1000,0.237753650165062,-0.00356176168814215,0.466,0.466,0.0157826833299376
38,"unanchored",0.25,0.5,0.6,"none","gcomp",0.1,5,1000,0.237753650165062,-0.00356176168814215,0.69,0.69,0.0146326386586328
38,"unanchored",0.25,0.5,0.6,"none","gcomp",0.3,1,1000,0.237753650165062,-0.00356176168814215,0.107,0.107,0.00977991035984717
38,"unanchored",0.25,0.5,0.6,"none","gcomp",0.3,2,1000,0.237753650165062,-0.00356176168814215,0.205,0.205,0.0127725540961131
38,"unanchored",0.25,0.5,0.6,"none","gcomp",0.3,5,1000,0.237753650165062,-0.00356176168814215,0.372,0.372,0.0152921499420406
38,"unanchored",0.25,0.5,0.6,"none","maic_index",-0.3,1,1000,0.497071717266069,0.0466188898778277,0.267,0.267,0.0139966748517963
38,"unanchored",0.25,0.5,0.6,"none","maic_index",-0.3,2,1000,0.497071717266069,0.0466188898778277,0.153,0.306,0.0227790009193311
38,"unanchored",0.25,0.5,0.6,"none","maic_index",-0.3,5,1000,0.497071717266069,0.0466188898778277,0.047,0.235,0.0334797833908148
38,"unanchored",0.25,0.5,0.6,"none","maic_index",-0.1,1,1000,0.497071717266069,0.0466188898778277,0.395,0.395,0.0154665514648293
38,"unanchored",0.25,0.5,0.6,"none","maic_index",-0.1,2,1000,0.497071717266069,0.0466188898778277,0.268,0.536,0.028026585405459
38,"unanchored",0.25,0.5,0.6,"none","maic_index",-0.1,5,1000,0.497071717266069,0.0466188898778277,0.127,0.635,0.0526739931042785
38,"unanchored",0.25,0.5,0.6,"none","maic_index",0.1,1,1000,0.497071717266069,0.0466188898778277,0.474,0.474,0.0157978977580428
38,"unanchored",0.25,0.5,0.6,"none","maic_index",0.1,2,1000,0.497071717266069,0.0466188898778277,0.602,0.602,0.0154866341028589
38,"unanchored",0.25,0.5,0.6,"none","maic_index",0.1,5,1000,0.497071717266069,0.0466188898778277,0.761,0.761,0.0134930004469376
38,"unanchored",0.25,0.5,0.6,"none","maic_index",0.3,1,1000,0.497071717266069,0.0466188898778277,0.326,0.326,0.014830507204541
38,"unanchored",0.25,0.5,0.6,"none","maic_index",0.3,2,1000,0.497071717266069,0.0466188898778277,0.458,0.458,0.0157633906404837
38,"unanchored",0.25,0.5,0.6,"none","maic_index",0.3,5,1000,0.497071717266069,0.0466188898778277,0.634,0.634,0.0152406127264058
38,"unanchored",0.25,0.5,0.6,"none","maic_means",-0.3,1,1000,0.32157037730004,0.0503812364455944,0.116,0.116,0.010131468138757
38,"unanchored",0.25,0.5,0.6,"none","maic_means",-0.3,2,1000,0.32157037730004,0.0503812364455944,0.064,0.128,0.0154872804538386
38,"unanchored",0.25,0.5,0.6,"none","maic_means",-0.3,5,1000,0.32157037730004,0.0503812364455944,0.021,0.105,0.0226823607565327
38,"unanchored",0.25,0.5,0.6,"none","maic_means",-0.1,1,1000,0.32157037730004,0.0503812364455944,0.329,0.329,0.0148653953859284
38,"unanchored",0.25,0.5,0.6,"none","maic_means",-0.1,2,1000,0.32157037730004,0.0503812364455944,0.195,0.39,0.0250704712466387
38,"unanchored",0.25,0.5,0.6,"none","maic_means",-0.1,5,1000,0.32157037730004,0.0503812364455944,0.074,0.37,0.0414103225635203
38,"unanchored",0.25,0.5,0.6,"none","maic_means",0.1,1,1000,0.32157037730004,0.0503812364455944,0.44,0.44,0.0157049879543618
38,"unanchored",0.25,0.5,0.6,"none","maic_means",0.1,2,1000,0.32157037730004,0.0503812364455944,0.588,0.588,0.0155723632920151
38,"unanchored",0.25,0.5,0.6,"none","maic_means",0.1,5,1000,0.32157037730004,0.0503812364455944,0.771,0.771,0.0132941993266136
38,"unanchored",0.25,0.5,0.6,"none","maic_means",0.3,1,1000,0.32157037730004,0.0503812364455944,0.221,0.221,0.0131275028596963
38,"unanchored",0.25,0.5,0.6,"none","maic_means",0.3,2,1000,0.32157037730004,0.0503812364455944,0.351,0.351,0.0151005637983164
38,"unanchored",0.25,0.5,0.6,"none","maic_means",0.3,5,1000,0.32157037730004,0.0503812364455944,0.531,0.531,0.015788865959539
38,"unanchored",0.25,0.5,0.6,"none","maic_meanvar",-0.3,1,999,0.570986176131626,0.0753347473415834,0.275275275275275,0.275275275275275,0.0141385499711947
38,"unanchored",0.25,0.5,0.6,"none","maic_meanvar",-0.3,2,999,0.570986176131626,0.0753347473415834,0.151151151151151,0.302302302302303,0.022677001906298
38,"unanchored",0.25,0.5,0.6,"none","maic_meanvar",-0.3,5,999,0.570986176131626,0.0753347473415834,0.046046046046046,0.23023023023023,0.0331714618913199
38,"unanchored",0.25,0.5,0.6,"none","maic_meanvar",-0.1,1,999,0.570986176131626,0.0753347473415834,0.412412412412412,0.412412412412412,0.01558249153973
38,"unanchored",0.25,0.5,0.6,"none","maic_meanvar",-0.1,2,999,0.570986176131626,0.0753347473415834,0.261261261261261,0.522522522522523,0.0278129894701787
38,"unanchored",0.25,0.5,0.6,"none","maic_meanvar",-0.1,5,999,0.570986176131626,0.0753347473415834,0.121121121121121,0.605605605605605,0.0516391623155953
38,"unanchored",0.25,0.5,0.6,"none","maic_meanvar",0.1,1,999,0.570986176131626,0.0753347473415834,0.473473473473473,0.473473473473473,0.0158049338898003
38,"unanchored",0.25,0.5,0.6,"none","maic_meanvar",0.1,2,999,0.570986176131626,0.0753347473415834,0.596596596596597,0.596596596596597,0.0155290502068417
38,"unanchored",0.25,0.5,0.6,"none","maic_meanvar",0.1,5,999,0.570986176131626,0.0753347473415834,0.763763763763764,0.763763763763764,0.013445826766698
38,"unanchored",0.25,0.5,0.6,"none","maic_meanvar",0.3,1,999,0.570986176131626,0.0753347473415834,0.342342342342342,0.342342342342342,0.0150198286770815
38,"unanchored",0.25,0.5,0.6,"none","maic_meanvar",0.3,2,999,0.570986176131626,0.0753347473415834,0.471471471471471,0.471471471471471,0.0158014396194806
38,"unanchored",0.25,0.5,0.6,"none","maic_meanvar",0.3,5,999,0.570986176131626,0.0753347473415834,0.647647647647648,0.647647647647648,0.015121424771441
38,"unanchored",0.25,0.5,0.6,"none","unadjusted",-0.3,1,1000,0.558112392505178,0.536100785221104,0,0,0
38,"unanchored",0.25,0.5,0.6,"none","unadjusted",-0.3,2,1000,0.558112392505178,0.536100785221104,0,0,0
38,"unanchored",0.25,0.5,0.6,"none","unadjusted",-0.3,5,1000,0.558112392505178,0.536100785221104,0,0,0
38,"unanchored",0.25,0.5,0.6,"none","unadjusted",-0.1,1,1000,0.558112392505178,0.536100785221104,0,0,0
38,"unanchored",0.25,0.5,0.6,"none","unadjusted",-0.1,2,1000,0.558112392505178,0.536100785221104,0,0,0
38,"unanchored",0.25,0.5,0.6,"none","unadjusted",-0.1,5,1000,0.558112392505178,0.536100785221104,0,0,0
38,"unanchored",0.25,0.5,0.6,"none","unadjusted",0.1,1,1000,0.558112392505178,0.536100785221104,0.999,0.999,0.00100000000000001
38,"unanchored",0.25,0.5,0.6,"none","unadjusted",0.1,2,1000,0.558112392505178,0.536100785221104,1,1,0
38,"unanchored",0.25,0.5,0.6,"none","unadjusted",0.1,5,1000,0.558112392505178,0.536100785221104,1,1,0
38,"unanchored",0.25,0.5,0.6,"none","unadjusted",0.3,1,1000,0.558112392505178,0.536100785221104,0.947,0.947,0.00708810561724645
38,"unanchored",0.25,0.5,0.6,"none","unadjusted",0.3,2,1000,0.558112392505178,0.536100785221104,0.979,0.979,0.00453647215130648
38,"unanchored",0.25,0.5,0.6,"none","unadjusted",0.3,5,1000,0.558112392505178,0.536100785221104,0.994,0.994,0.00244335219932982
39,"anchored",1,0.5,0.6,"none","gcomp",-0.3,1,1000,0.19006514528061,-0.0104826086260722,0.061,0.061,0.00757207609155742
39,"anchored",1,0.5,0.6,"none","gcomp",-0.3,2,1000,0.19006514528061,-0.0104826086260722,0.025,0.0500000000000001,0.00987914963939692
39,"anchored",1,0.5,0.6,"none","gcomp",-0.3,5,1000,0.19006514528061,-0.0104826086260722,0.004,0.02,0.0099849736954936
39,"anchored",1,0.5,0.6,"none","gcomp",-0.1,1,1000,0.19006514528061,-0.0104826086260722,0.312,0.312,0.014658474370509
39,"anchored",1,0.5,0.6,"none","gcomp",-0.1,2,1000,0.19006514528061,-0.0104826086260722,0.188,0.376,0.0247231720302075
39,"anchored",1,0.5,0.6,"none","gcomp",-0.1,5,1000,0.19006514528061,-0.0104826086260722,0.076,0.38,0.0419208463339818
39,"anchored",1,0.5,0.6,"none","gcomp",0.1,1,1000,0.19006514528061,-0.0104826086260722,0.269,0.269,0.0140298195225682
39,"anchored",1,0.5,0.6,"none","gcomp",0.1,2,1000,0.19006514528061,-0.0104826086260722,0.425,0.425,0.0156403203170401
39,"anchored",1,0.5,0.6,"none","gcomp",0.1,5,1000,0.19006514528061,-0.0104826086260722,0.631,0.631,0.0152666981391546
39,"anchored",1,0.5,0.6,"none","gcomp",0.3,1,1000,0.19006514528061,-0.0104826086260722,0.056,0.056,0.00727440148169708
39,"anchored",1,0.5,0.6,"none","gcomp",0.3,2,1000,0.19006514528061,-0.0104826086260722,0.114,0.114,0.0100551034358233
39,"anchored",1,0.5,0.6,"none","gcomp",0.3,5,1000,0.19006514528061,-0.0104826086260722,0.232,0.232,0.0133549374522816
39,"anchored",1,0.5,0.6,"none","maic_index",-0.3,1,1000,0.660833214438759,0.0401590317036683,0.323,0.323,0.0147949278433485
39,"anchored",1,0.5,0.6,"none","maic_index",-0.3,2,1000,0.660833214438759,0.0401590317036683,0.203,0.406,0.0254521474891966
39,"anchored",1,0.5,0.6,"none","maic_index",-0.3,5,1000,0.660833214438759,0.0401590317036683,0.101,0.505,0.047668094646705
39,"anchored",1,0.5,0.6,"none","maic_index",-0.1,1,1000,0.660833214438759,0.0401590317036683,0.425,0.425,0.0156403203170401
39,"anchored",1,0.5,0.6,"none","maic_index",-0.1,2,1000,0.660833214438759,0.0401590317036683,0.305,0.61,0.0291332927893288
39,"anchored",1,0.5,0.6,"none","maic_index",-0.1,5,1000,0.660833214438759,0.0401590317036683,0.166,0.83,0.0588605518540611
39,"anchored",1,0.5,0.6,"none","maic_index",0.1,1,1000,0.660833214438759,0.0401590317036683,0.487,0.487,0.0158139521018966
39,"anchored",1,0.5,0.6,"none","maic_index",0.1,2,1000,0.660833214438759,0.0401590317036683,0.597,0.597,0.0155187574190665
39,"anchored",1,0.5,0.6,"none","maic_index",0.1,5,1000,0.660833214438759,0.0401590317036683,0.745,0.745,0.0137900386208728
39,"anchored",1,0.5,0.6,"none","maic_index",0.3,1,1000,0.660833214438759,0.0401590317036683,0.371,0.371,0.0152837362118232
39,"anchored",1,0.5,0.6,"none","maic_index",0.3,2,1000,0.660833214438759,0.0401590317036683,0.498,0.498,0.0158191733743027
39,"anchored",1,0.5,0.6,"none","maic_index",0.3,5,1000,0.660833214438759,0.0401590317036683,0.654,0.654,0.0150502661275644
39,"anchored",1,0.5,0.6,"none","maic_means",-0.3,1,1000,0.41467188377557,0.0711332554423766,0.185,0.185,0.0122851913263867
39,"anchored",1,0.5,0.6,"none","maic_means",-0.3,2,1000,0.41467188377557,0.0711332554423766,0.095,0.19,0.0185538202062066
39,"anchored",1,0.5,0.6,"none","maic_means",-0.3,5,1000,0.41467188377557,0.0711332554423766,0.038,0.19,0.030245905752925
39,"anchored",1,0.5,0.6,"none","maic_means",-0.1,1,1000,0.41467188377557,0.0711332554423766,0.348,0.348,0.0150706046037684
39,"anchored",1,0.5,0.6,"none","maic_means",-0.1,2,1000,0.41467188377557,0.0711332554423766,0.211,0.422,0.0258182606420842
39,"anchored",1,0.5,0.6,"none","maic_means",-0.1,5,1000,0.41467188377557,0.0711332554423766,0.1,0.5,0.047457899787625
39,"anchored",1,0.5,0.6,"none","maic_means",0.1,1,1000,0.41467188377557,0.0711332554423766,0.477,0.477,0.0158025542467261
39,"anchored",1,0.5,0.6,"none","maic_means",0.1,2,1000,0.41467188377557,0.0711332554423766,0.62,0.62,0.0153569474777976
39,"anchored",1,0.5,0.6,"none","maic_means",0.1,5,1000,0.41467188377557,0.0711332554423766,0.789,0.789,0.0129091303210421
39,"anchored",1,0.5,0.6,"none","maic_means",0.3,1,1000,0.41467188377557,0.0711332554423766,0.273,0.273,0.0140950228687176
39,"anchored",1,0.5,0.6,"none","maic_means",0.3,2,1000,0.41467188377557,0.0711332554423766,0.44,0.44,0.0157049879543618
39,"anchored",1,0.5,0.6,"none","maic_means",0.3,5,1000,0.41467188377557,0.0711332554423766,0.619,0.619,0.0153647347870074
39,"anchored",1,0.5,0.6,"none","maic_meanvar",-0.3,1,1000,0.69464033798217,0.0786227596698309,0.303,0.303,0.0145396837105352
39,"anchored",1,0.5,0.6,"none","maic_meanvar",-0.3,2,1000,0.69464033798217,0.0786227596698309,0.189,0.378,0.0247735691762354
39,"anchored",1,0.5,0.6,"none","maic_meanvar",-0.3,5,1000,0.69464033798217,0.0786227596698309,0.092,0.46,0.045721881965756
39,"anchored",1,0.5,0.6,"none","maic_meanvar",-0.1,1,1000,0.69464033798217,0.0786227596698309,0.399,0.399,0.0154931933131629
39,"anchored",1,0.5,0.6,"none","maic_meanvar",-0.1,2,1000,0.69464033798217,0.0786227596698309,0.278,0.556,0.0283490329229705
39,"anchored",1,0.5,0.6,"none","maic_meanvar",-0.1,5,1000,0.69464033798217,0.0786227596698309,0.146,0.73,0.055858931427483
39,"anchored",1,0.5,0.6,"none","maic_meanvar",0.1,1,1000,0.69464033798217,0.0786227596698309,0.505,0.505,0.0158185089444366
39,"anchored",1,0.5,0.6,"none","maic_meanvar",0.1,2,1000,0.69464033798217,0.0786227596698309,0.629,0.629,0.0152837362118232
39,"anchored",1,0.5,0.6,"none","maic_meanvar",0.1,5,1000,0.69464033798217,0.0786227596698309,0.77,0.77,0.0133145513359359
39,"anchored",1,0.5,0.6,"none","maic_meanvar",0.3,1,1000,0.69464033798217,0.0786227596698309,0.393,0.393,0.0154528246540815
39,"anchored",1,0.5,0.6,"none","maic_meanvar",0.3,2,1000,0.69464033798217,0.0786227596698309,0.532,0.532,0.015786868759359
39,"anchored",1,0.5,0.6,"none","maic_meanvar",0.3,5,1000,0.69464033798217,0.0786227596698309,0.679,0.679,0.0147708218179346
39,"anchored",1,0.5,0.6,"none","unadjusted",-0.3,1,1000,0.214756453524523,0.0638499164999378,0.035,0.035,0.00581453427273496
39,"anchored",1,0.5,0.6,"none","unadjusted",-0.3,2,1000,0.214756453524523,0.0638499164999378,0.013,0.026,0.00716766177880726
39,"anchored",1,0.5,0.6,"none","unadjusted",-0.3,5,1000,0.214756453524523,0.0638499164999378,0.003,0.015,0.00865158077173473
39,"anchored",1,0.5,0.6,"none","unadjusted",-0.1,1,1000,0.214756453524523,0.0638499164999378,0.205,0.205,0.0127725540961131
39,"anchored",1,0.5,0.6,"none","unadjusted",-0.1,2,1000,0.214756453524523,0.0638499164999378,0.105,0.21,0.0193978420520499
39,"anchored",1,0.5,0.6,"none","unadjusted",-0.1,5,1000,0.214756453524523,0.0638499164999378,0.041,0.205,0.0313681201055937
39,"anchored",1,0.5,0.6,"none","unadjusted",0.1,1,1000,0.214756453524523,0.0638499164999378,0.419,0.419,0.0156103389675778
39,"anchored",1,0.5,0.6,"none","unadjusted",0.1,2,1000,0.214756453524523,0.0638499164999378,0.595,0.595,0.015531136990453
39,"anchored",1,0.5,0.6,"none","unadjusted",0.1,5,1000,0.214756453524523,0.0638499164999378,0.782,0.782,0.0130631790405953
39,"anchored",1,0.5,0.6,"none","unadjusted",0.3,1,1000,0.214756453524523,0.0638499164999378,0.129,0.129,0.0106052567847966
39,"anchored",1,0.5,0.6,"none","unadjusted",0.3,2,1000,0.214756453524523,0.0638499164999378,0.217,0.217,0.0130415137572707
39,"anchored",1,0.5,0.6,"none","unadjusted",0.3,5,1000,0.214756453524523,0.0638499164999378,0.394,0.394,0.0154597219574934
40,"unanchored",1,0.5,0.6,"none","gcomp",-0.3,1,1000,0.194675997293065,-0.0156074590267372,0.064,0.064,0.0077436402269193
40,"unanchored",1,0.5,0.6,"none","gcomp",-0.3,2,1000,0.194675997293065,-0.0156074590267372,0.029,0.0580000000000001,0.0106183213715139
40,"unanchored",1,0.5,0.6,"none","gcomp",-0.3,5,1000,0.194675997293065,-0.0156074590267372,0.009,0.0450000000000001,0.0149398192157134
40,"unanchored",1,0.5,0.6,"none","gcomp",-0.1,1,1000,0.194675997293065,-0.0156074590267372,0.347,0.347,0.0150604720317066
40,"unanchored",1,0.5,0.6,"none","gcomp",-0.1,2,1000,0.194675997293065,-0.0156074590267372,0.209,0.418,0.0257281545769986
40,"unanchored",1,0.5,0.6,"none","gcomp",-0.1,5,1000,0.194675997293065,-0.0156074590267372,0.088,0.44,0.0448152698129601
40,"unanchored",1,0.5,0.6,"none","gcomp",0.1,1,1000,0.194675997293065,-0.0156074590267372,0.298,0.298,0.0144708467411347
40,"unanchored",1,0.5,0.6,"none","gcomp",0.1,2,1000,0.194675997293065,-0.0156074590267372,0.452,0.452,0.0157462358658807
40,"unanchored",1,0.5,0.6,"none","gcomp",0.1,5,1000,0.194675997293065,-0.0156074590267372,0.618,0.618,0.0153724530349685
40,"unanchored",1,0.5,0.6,"none","gcomp",0.3,1,1000,0.194675997293065,-0.0156074590267372,0.04,0.04,0.00619987406633708
40,"unanchored",1,0.5,0.6,"none","gcomp",0.3,2,1000,0.194675997293065,-0.0156074590267372,0.122,0.122,0.0103548647129367
40,"unanchored",1,0.5,0.6,"none","gcomp",0.3,5,1000,0.194675997293065,-0.0156074590267372,0.289,0.289,0.0143417113582962
40,"unanchored",1,0.5,0.6,"none","maic_index",-0.3,1,1000,0.445228389520499,-0.0341046659873636,0.299,0.299,0.0144847785212205
40,"unanchored",1,0.5,0.6,"none","maic_index",-0.3,2,1000,0.445228389520499,-0.0341046659873636,0.158,0.316,0.0230797893551191
40,"unanchored",1,0.5,0.6,"none","maic_index",-0.3,5,1000,0.445228389520499,-0.0341046659873636,0.032,0.16,0.0278419678754069
40,"unanchored",1,0.5,0.6,"none","maic_index",-0.1,1,1000,0.445228389520499,-0.0341046659873636,0.501,0.501,0.0158192682905768
40,"unanchored",1,0.5,0.6,"none","maic_index",-0.1,2,1000,0.445228389520499,-0.0341046659873636,0.317,0.634,0.0294433508777605
40,"unanchored",1,0.5,0.6,"none","maic_index",-0.1,5,1000,0.445228389520499,-0.0341046659873636,0.146,0.73,0.0558589314274831
40,"unanchored",1,0.5,0.6,"none","maic_index",0.1,1,1000,0.445228389520499,-0.0341046659873636,0.334,0.334,0.014922019523733
40,"unanchored",1,0.5,0.6,"none","maic_index",0.1,2,1000,0.445228389520499,-0.0341046659873636,0.482,0.482,0.0158090456994067
40,"unanchored",1,0.5,0.6,"none","maic_index",0.1,5,1000,0.445228389520499,-0.0341046659873636,0.707,0.707,0.0143999429984413
40,"unanchored",1,0.5,0.6,"none","maic_index",0.3,1,1000,0.445228389520499,-0.0341046659873636,0.227,0.227,0.0132531749647639
40,"unanchored",1,0.5,0.6,"none","maic_index",0.3,2,1000,0.445228389520499,-0.0341046659873636,0.328,0.328,0.0148538424872703
40,"unanchored",1,0.5,0.6,"none","maic_index",0.3,5,1000,0.445228389520499,-0.0341046659873636,0.513,0.513,0.0158139521018966
40,"unanchored",1,0.5,0.6,"none","maic_means",-0.3,1,1000,0.27507627602448,0.036884284881859,0.099,0.0989999999999999,0.00944924802766273
40,"unanchored",1,0.5,0.6,"none","maic_means",-0.3,2,1000,0.27507627602448,0.036884284881859,0.034,0.0680000000000001,0.0114676722793909
40,"unanchored",1,0.5,0.6,"none","maic_means",-0.3,5,1000,0.27507627602448,0.036884284881859,0.008,0.04,0.0140925015025224
40,"unanchored",1,0.5,0.6,"none","maic_means",-0.1,1,1000,0.27507627602448,0.036884284881859,0.322,0.322,0.0147829136009967
40,"unanchored",1,0.5,0.6,"none","maic_means",-0.1,2,1000,0.27507627602448,0.036884284881859,0.181,0.362,0.0243628723583558
40,"unanchored",1,0.5,0.6,"none","maic_means",-0.1,5,1000,0.27507627602448,0.036884284881859,0.062,0.31,0.0381491199814011
40,"unanchored",1,0.5,0.6,"none","maic_means",0.1,1,1000,0.27507627602448,0.036884284881859,0.394,0.394,0.0154597219574934
40,"unanchored",1,0.5,0.6,"none","maic_means",0.1,2,1000,0.27507627602448,0.036884284881859,0.565,0.565,0.0156850572527172
40,"unanchored",1,0.5,0.6,"none","maic_means",0.1,5,1000,0.27507627602448,0.036884284881859,0.761,0.761,0.0134930004469376
40,"unanchored",1,0.5,0.6,"none","maic_means",0.3,1,1000,0.27507627602448,0.036884284881859,0.181,0.181,0.0121814361791779
40,"unanchored",1,0.5,0.6,"none","maic_means",0.3,2,1000,0.27507627602448,0.036884284881859,0.283,0.283,0.0142518109064817
40,"unanchored",1,0.5,0.6,"none","maic_means",0.3,5,1000,0.27507627602448,0.036884284881859,0.492,0.492,0.015817274929209
40,"unanchored",1,0.5,0.6,"none","maic_meanvar",-0.3,1,998,0.463253905558276,0.00100061412067525,0.268537074148297,0.268537074148297,0.0140362374531672
40,"unanchored",1,0.5,0.6,"none","maic_meanvar",-0.3,2,998,0.463253905558276,0.00100061412067525,0.13627254509018,0.272545090180361,0.0217307623491703
40,"unanchored",1,0.5,0.6,"none","maic_meanvar",-0.3,5,998,0.463253905558276,0.00100061412067525,0.0430861723446894,0.215430861723447,0.0321534661988429
40,"unanchored",1,0.5,0.6,"none","maic_meanvar",-0.1,1,998,0.463253905558276,0.00100061412067525,0.444889779559118,0.444889779559118,0.0157386778843588
40,"unanchored",1,0.5,0.6,"none","maic_meanvar",-0.1,2,998,0.463253905558276,0.00100061412067525,0.277555110220441,0.555110220440882,0.0283634719961232
40,"unanchored",1,0.5,0.6,"none","maic_meanvar",-0.1,5,998,0.463253905558276,0.00100061412067525,0.118236472945892,0.591182364729459,0.0511298152676899
40,"unanchored",1,0.5,0.6,"none","maic_meanvar",0.1,1,998,0.463253905558276,0.00100061412067525,0.380761523046092,0.380761523046092,0.0153782853594117
40,"unanchored",1,0.5,0.6,"none","maic_meanvar",0.1,2,998,0.463253905558276,0.00100061412067525,0.551102204408818,0.551102204408818,0.0157522367807033
40,"unanchored",1,0.5,0.6,"none","maic_meanvar",0.1,5,998,0.463253905558276,0.00100061412067525,0.754509018036072,0.754509018036072,0.0136302056939759
40,"unanchored",1,0.5,0.6,"none","maic_meanvar",0.3,1,998,0.463253905558276,0.00100061412067525,0.240480961923848,0.240480961923848,0.0135351197733105
40,"unanchored",1,0.5,0.6,"none","maic_meanvar",0.3,2,998,0.463253905558276,0.00100061412067525,0.386773547094188,0.386773547094188,0.0154237949517786
40,"unanchored",1,0.5,0.6,"none","maic_meanvar",0.3,5,998,0.463253905558276,0.00100061412067525,0.585170340681363,0.585170340681363,0.0156037316817296
40,"unanchored",1,0.5,0.6,"none","unadjusted",-0.3,1,1000,1.00453838803569,0.993654188301286,0,0,0
40,"unanchored",1,0.5,0.6,"none","unadjusted",-0.3,2,1000,1.00453838803569,0.993654188301286,0,0,0
40,"unanchored",1,0.5,0.6,"none","unadjusted",-0.3,5,1000,1.00453838803569,0.993654188301286,0,0,0
40,"unanchored",1,0.5,0.6,"none","unadjusted",-0.1,1,1000,1.00453838803569,0.993654188301286,0,0,0
40,"unanchored",1,0.5,0.6,"none","unadjusted",-0.1,2,1000,1.00453838803569,0.993654188301286,0,0,0
40,"unanchored",1,0.5,0.6,"none","unadjusted",-0.1,5,1000,1.00453838803569,0.993654188301286,0,0,0
40,"unanchored",1,0.5,0.6,"none","unadjusted",0.1,1,1000,1.00453838803569,0.993654188301286,1,1,0
40,"unanchored",1,0.5,0.6,"none","unadjusted",0.1,2,1000,1.00453838803569,0.993654188301286,1,1,0
40,"unanchored",1,0.5,0.6,"none","unadjusted",0.1,5,1000,1.00453838803569,0.993654188301286,1,1,0
40,"unanchored",1,0.5,0.6,"none","unadjusted",0.3,1,1000,1.00453838803569,0.993654188301286,1,1,0
40,"unanchored",1,0.5,0.6,"none","unadjusted",0.3,2,1000,1.00453838803569,0.993654188301286,1,1,0
40,"unanchored",1,0.5,0.6,"none","unadjusted",0.3,5,1000,1.00453838803569,0.993654188301286,1,1,0
41,"anchored",4,0.5,0.6,"none","gcomp",-0.3,1,1000,0.166514359542137,-0.00757703401577282,0.044,0.0440000000000001,0.00648892179842742
41,"anchored",4,0.5,0.6,"none","gcomp",-0.3,2,1000,0.166514359542137,-0.00757703401577282,0.017,0.0340000000000001,0.00817990897937816
41,"anchored",4,0.5,0.6,"none","gcomp",-0.3,5,1000,0.166514359542137,-0.00757703401577282,0.001,0.00500000000000008,0.00500000000000008
41,"anchored",4,0.5,0.6,"none","gcomp",-0.1,1,1000,0.166514359542137,-0.00757703401577282,0.28,0.28,0.0142056961040915
41,"anchored",4,0.5,0.6,"none","gcomp",-0.1,2,1000,0.166514359542137,-0.00757703401577282,0.173,0.346,0.0239344282751199
41,"anchored",4,0.5,0.6,"none","gcomp",-0.1,5,1000,0.166514359542137,-0.00757703401577282,0.071,0.355,0.0406278922124401
41,"anchored",4,0.5,0.6,"none","gcomp",0.1,1,1000,0.166514359542137,-0.00757703401577282,0.261,0.261,0.0138950376779651
41,"anchored",4,0.5,0.6,"none","gcomp",0.1,2,1000,0.166514359542137,-0.00757703401577282,0.416,0.416,0.0155944601441406
41,"anchored",4,0.5,0.6,"none","gcomp",0.1,5,1000,0.166514359542137,-0.00757703401577282,0.639,0.639,0.0151957201181751
41,"anchored",4,0.5,0.6,"none","gcomp",0.3,1,1000,0.166514359542137,-0.00757703401577282,0.029,0.029,0.005309160685757
41,"anchored",4,0.5,0.6,"none","gcomp",0.3,2,1000,0.166514359542137,-0.00757703401577282,0.084,0.0840000000000001,0.00877616208949114
41,"anchored",4,0.5,0.6,"none","gcomp",0.3,5,1000,0.166514359542137,-0.00757703401577282,0.183,0.183,0.0122335873994778
41,"anchored",4,0.5,0.6,"none","maic_index",-0.3,1,1000,0.510374823818402,-0.04161847231451,0.331,0.331,0.0148882725882039
41,"anchored",4,0.5,0.6,"none","maic_index",-0.3,2,1000,0.510374823818402,-0.04161847231451,0.192,0.384,0.02492318529332
41,"anchored",4,0.5,0.6,"none","maic_index",-0.3,5,1000,0.510374823818402,-0.04161847231451,0.077,0.385,0.042172900701203
41,"anchored",4,0.5,0.6,"none","maic_index",-0.1,1,1000,0.510374823818402,-0.04161847231451,0.472,0.472,0.0157944757895115
41,"anchored",4,0.5,0.6,"none","maic_index",-0.1,2,1000,0.510374823818402,-0.04161847231451,0.326,0.652,0.0296610144090821
41,"anchored",4,0.5,0.6,"none","maic_index",-0.1,5,1000,0.510374823818402,-0.04161847231451,0.166,0.83,0.0588605518540611
41,"anchored",4,0.5,0.6,"none","maic_index",0.1,1,1000,0.510374823818402,-0.04161847231451,0.38,0.38,0.0153569474777976
41,"anchored",4,0.5,0.6,"none","maic_index",0.1,2,1000,0.510374823818402,-0.04161847231451,0.527,0.527,0.0157962185513026
41,"anchored",4,0.5,0.6,"none","maic_index",0.1,5,1000,0.510374823818402,-0.04161847231451,0.708,0.708,0.0143855115634773
41,"anchored",4,0.5,0.6,"none","maic_index",0.3,1,1000,0.510374823818402,-0.04161847231451,0.256,0.256,0.0138077751522342
41,"anchored",4,0.5,0.6,"none","maic_index",0.3,2,1000,0.510374823818402,-0.04161847231451,0.375,0.375,0.015316971293621
41,"anchored",4,0.5,0.6,"none","maic_index",0.3,5,1000,0.510374823818402,-0.04161847231451,0.569,0.569,0.0156679444881735
41,"anchored",4,0.5,0.6,"none","maic_means",-0.3,1,1000,0.352560488041997,0.0897729298450312,0.129,0.129,0.0106052567847966
41,"anchored",4,0.5,0.6,"none","maic_means",-0.3,2,1000,0.352560488041997,0.0897729298450312,0.058,0.116,0.0147906309115859
41,"anchored",4,0.5,0.6,"none","maic_means",-0.3,5,1000,0.352560488041997,0.0897729298450312,0.014,0.0699999999999999,0.0185861627412828
41,"anchored",4,0.5,0.6,"none","maic_means",-0.1,1,1000,0.352560488041997,0.0897729298450312,0.298,0.298,0.0144708467411347
41,"anchored",4,0.5,0.6,"none","maic_means",-0.1,2,1000,0.352560488041997,0.0897729298450312,0.17,0.34,0.0237689916690833
41,"anchored",4,0.5,0.6,"none","maic_means",-0.1,5,1000,0.352560488041997,0.0897729298450312,0.067,0.335,0.0395517299158881
41,"anchored",4,0.5,0.6,"none","maic_means",0.1,1,1000,0.352560488041997,0.0897729298450312,0.491,0.491,0.0158167369950054
41,"anchored",4,0.5,0.6,"none","maic_means",0.1,2,1000,0.352560488041997,0.0897729298450312,0.629,0.629,0.0152837362118232
41,"anchored",4,0.5,0.6,"none","maic_means",0.1,5,1000,0.352560488041997,0.0897729298450312,0.815,0.815,0.0122851913263867
41,"anchored",4,0.5,0.6,"none","maic_means",0.3,1,1000,0.352560488041997,0.0897729298450312,0.27,0.27,0.0140462556326339
41,"anchored",4,0.5,0.6,"none","maic_means",0.3,2,1000,0.352560488041997,0.0897729298450312,0.408,0.408,0.0155492050529207
41,"anchored",4,0.5,0.6,"none","maic_means",0.3,5,1000,0.352560488041997,0.0897729298450312,0.606,0.606,0.0154597219574934
41,"anchored",4,0.5,0.6,"none","maic_meanvar",-0.3,1,1000,0.583389174551679,-0.0139313915795368,0.326,0.326,0.014830507204541
41,"anchored",4,0.5,0.6,"none","maic_meanvar",-0.3,2,1000,0.583389174551679,-0.0139313915795368,0.193,0.386,0.0249725374687403
41,"anchored",4,0.5,0.6,"none","maic_meanvar",-0.3,5,1000,0.583389174551679,-0.0139313915795368,0.085,0.425,0.0441171318347113
41,"anchored",4,0.5,0.6,"none","maic_meanvar",-0.1,1,1000,0.583389174551679,-0.0139313915795368,0.459,0.459,0.0157660257378822
41,"anchored",4,0.5,0.6,"none","maic_meanvar",-0.1,2,1000,0.583389174551679,-0.0139313915795368,0.31,0.62,0.0292652773172658
41,"anchored",4,0.5,0.6,"none","maic_meanvar",-0.1,5,1000,0.583389174551679,-0.0139313915795368,0.153,0.765,0.0569475022983272
41,"anchored",4,0.5,0.6,"none","maic_meanvar",0.1,1,1000,0.583389174551679,-0.0139313915795368,0.412,0.412,0.0155723632920151
41,"anchored",4,0.5,0.6,"none","maic_meanvar",0.1,2,1000,0.583389174551679,-0.0139313915795368,0.559,0.559,0.0157087798942427
41,"anchored",4,0.5,0.6,"none","maic_meanvar",0.1,5,1000,0.583389174551679,-0.0139313915795368,0.741,0.741,0.0138604152575279
41,"anchored",4,0.5,0.6,"none","maic_meanvar",0.3,1,1000,0.583389174551679,-0.0139313915795368,0.294,0.294,0.0144142905400082
41,"anchored",4,0.5,0.6,"none","maic_meanvar",0.3,2,1000,0.583389174551679,-0.0139313915795368,0.425,0.425,0.0156403203170401
41,"anchored",4,0.5,0.6,"none","maic_meanvar",0.3,5,1000,0.583389174551679,-0.0139313915795368,0.608,0.608,0.0154458594637713
41,"anchored",4,0.5,0.6,"none","unadjusted",-0.3,1,1000,0.218516711321324,0.0992138602419264,0.019,0.019,0.00431945108291063
41,"anchored",4,0.5,0.6,"none","unadjusted",-0.3,2,1000,0.218516711321324,0.0992138602419264,0.007,0.014,0.00527558829248754
41,"anchored",4,0.5,0.6,"none","unadjusted",-0.3,5,1000,0.218516711321324,0.0992138602419264,0.001,0.00500000000000008,0.00500000000000008
41,"anchored",4,0.5,0.6,"none","unadjusted",-0.1,1,1000,0.218516711321324,0.0992138602419264,0.145,0.145,0.0111399775178901
41,"anchored",4,0.5,0.6,"none","unadjusted",-0.1,2,1000,0.218516711321324,0.0992138602419264,0.077,0.154,0.0168691602804813
41,"anchored",4,0.5,0.6,"none","unadjusted",-0.1,5,1000,0.218516711321324,0.0992138602419264,0.023,0.115,0.0237136529732838
41,"anchored",4,0.5,0.6,"none","unadjusted",0.1,1,1000,0.218516711321324,0.0992138602419264,0.504,0.504,0.0158187937035109
41,"anchored",4,0.5,0.6,"none","unadjusted",0.1,2,1000,0.218516711321324,0.0992138602419264,0.676,0.676,0.0148068647337389
41,"anchored",4,0.5,0.6,"none","unadjusted",0.1,5,1000,0.218516711321324,0.0992138602419264,0.837,0.837,0.0116862127127468
41,"anchored",4,0.5,0.6,"none","unadjusted",0.3,1,1000,0.218516711321324,0.0992138602419264,0.151,0.151,0.0113281652233417
41,"anchored",4,0.5,0.6,"none","unadjusted",0.3,2,1000,0.218516711321324,0.0992138602419264,0.267,0.267,0.0139966748517963
41,"anchored",4,0.5,0.6,"none","unadjusted",0.3,5,1000,0.218516711321324,0.0992138602419264,0.481,0.481,0.0158078742685058
42,"unanchored",4,0.5,0.6,"none","gcomp",-0.3,1,1000,0.138866631249692,0.00172629841482121,0.015,0.015,0.003845749574503
42,"unanchored",4,0.5,0.6,"none","gcomp",-0.3,2,1000,0.138866631249692,0.00172629841482121,0.006,0.012,0.00488670439865966
42,"unanchored",4,0.5,0.6,"none","gcomp",-0.3,5,1000,0.138866631249692,0.00172629841482121,0.002,0.0100000000000001,0.00706752785278915
42,"unanchored",4,0.5,0.6,"none","gcomp",-0.1,1,1000,0.138866631249692,0.00172629841482121,0.225,0.225,0.0132117201586148
42,"unanchored",4,0.5,0.6,"none","gcomp",-0.1,2,1000,0.138866631249692,0.00172629841482121,0.122,0.244,0.0207097294258734
42,"unanchored",4,0.5,0.6,"none","gcomp",-0.1,5,1000,0.138866631249692,0.00172629841482121,0.044,0.22,0.032444608992137
42,"unanchored",4,0.5,0.6,"none","gcomp",0.1,1,1000,0.138866631249692,0.00172629841482121,0.231,0.231,0.0133347972169364
42,"unanchored",4,0.5,0.6,"none","gcomp",0.1,2,1000,0.138866631249692,0.00172629841482121,0.378,0.378,0.0153411652540266
42,"unanchored",4,0.5,0.6,"none","gcomp",0.1,5,1000,0.138866631249692,0.00172629841482121,0.601,0.601,0.0154931933131629
42,"unanchored",4,0.5,0.6,"none","gcomp",0.3,1,1000,0.138866631249692,0.00172629841482121,0.018,0.0180000000000001,0.00420638724961148
42,"unanchored",4,0.5,0.6,"none","gcomp",0.3,2,1000,0.138866631249692,0.00172629841482121,0.045,0.045,0.00655881224140609
42,"unanchored",4,0.5,0.6,"none","gcomp",0.3,5,1000,0.138866631249692,0.00172629841482121,0.135,0.135,0.0108116553724161
42,"unanchored",4,0.5,0.6,"none","maic_index",-0.3,1,1000,0.321427618832144,-0.153815997541528,0.288,0.288,0.0143269417972316
42,"unanchored",4,0.5,0.6,"none","maic_index",-0.3,2,1000,0.321427618832144,-0.153815997541528,0.133,0.266,0.0214873382647947
42,"unanchored",4,0.5,0.6,"none","maic_index",-0.3,5,1000,0.321427618832144,-0.153815997541528,0.038,0.19,0.030245905752925
42,"unanchored",4,0.5,0.6,"none","maic_index",-0.1,1,1000,0.321427618832144,-0.153815997541528,0.61,0.61,0.0154317250538666
42,"unanchored",4,0.5,0.6,"none","maic_index",-0.1,2,1000,0.321427618832144,-0.153815997541528,0.38,0.759999999999999,0.0307138949555952
42,"unanchored",4,0.5,0.6,"none","maic_index",-0.1,5,1000,0.321427618832144,-0.153815997541528,0.151,0.755,0.0566408261167081
42,"unanchored",4,0.5,0.6,"none","maic_index",0.1,1,1000,0.321427618832144,-0.153815997541528,0.16,0.16,0.011598902298689
42,"unanchored",4,0.5,0.6,"none","maic_index",0.1,2,1000,0.321427618832144,-0.153815997541528,0.32,0.32,0.0147586523035749
42,"unanchored",4,0.5,0.6,"none","maic_index",0.1,5,1000,0.321427618832144,-0.153815997541528,0.586,0.586,0.0155835441041775
42,"unanchored",4,0.5,0.6,"none","maic_index",0.3,1,1000,0.321427618832144,-0.153815997541528,0.054,0.054,0.00715088352129544
42,"unanchored",4,0.5,0.6,"none","maic_index",0.3,2,1000,0.321427618832144,-0.153815997541528,0.131,0.131,0.010674874844838
42,"unanchored",4,0.5,0.6,"none","maic_index",0.3,5,1000,0.321427618832144,-0.153815997541528,0.301,0.301,0.0145123950335431
42,"unanchored",4,0.5,0.6,"none","maic_means",-0.3,1,1000,0.210843428092071,-0.0748292950975464,0.109,0.109,0.00985982840703718
42,"unanchored",4,0.5,0.6,"none","maic_means",-0.3,2,1000,0.210843428092071,-0.0748292950975464,0.047,0.094,0.0133919133563261
42,"unanchored",4,0.5,0.6,"none","maic_means",-0.3,5,1000,0.210843428092071,-0.0748292950975464,0.009,0.0450000000000001,0.0149398192157135
42,"unanchored",4,0.5,0.6,"none","maic_means",-0.1,1,1000,0.210843428092071,-0.0748292950975464,0.46,0.46,0.0157685969143944
42,"unanchored",4,0.5,0.6,"none","maic_means",-0.1,2,1000,0.210843428092071,-0.0748292950975464,0.26,0.52,0.0277555466595483
42,"unanchored",4,0.5,0.6,"none","maic_means",-0.1,5,1000,0.210843428092071,-0.0748292950975464,0.095,0.475,0.046384550515517
42,"unanchored",4,0.5,0.6,"none","maic_means",0.1,1,1000,0.210843428092071,-0.0748292950975464,0.181,0.181,0.0121814361791779
42,"unanchored",4,0.5,0.6,"none","maic_means",0.1,2,1000,0.210843428092071,-0.0748292950975464,0.348,0.348,0.0150706046037684
42,"unanchored",4,0.5,0.6,"none","maic_means",0.1,5,1000,0.210843428092071,-0.0748292950975464,0.595,0.595,0.0155311369904531
42,"unanchored",4,0.5,0.6,"none","maic_means",0.3,1,1000,0.210843428092071,-0.0748292950975464,0.032,0.032,0.00556839357508136
42,"unanchored",4,0.5,0.6,"none","maic_means",0.3,2,1000,0.210843428092071,-0.0748292950975464,0.088,0.0879999999999999,0.00896305396259207
42,"unanchored",4,0.5,0.6,"none","maic_means",0.3,5,1000,0.210843428092071,-0.0748292950975464,0.234,0.234,0.01339490288966
42,"unanchored",4,0.5,0.6,"none","maic_meanvar",-0.3,1,999,0.351408887083574,-0.119541594708411,0.299299299299299,0.299299299299299,0.0144961894218362
42,"unanchored",4,0.5,0.6,"none","maic_meanvar",-0.3,2,999,0.351408887083574,-0.119541594708411,0.141141141141141,0.282282282282282,0.022042073034117
42,"unanchored",4,0.5,0.6,"none","maic_meanvar",-0.3,5,999,0.351408887083574,-0.119541594708411,0.046046046046046,0.23023023023023,0.03317146189132
42,"unanchored",4,0.5,0.6,"none","maic_meanvar",-0.1,1,999,0.351408887083574,-0.119541594708411,0.526526526526527,0.526526526526527,0.0158049338898003
42,"unanchored",4,0.5,0.6,"none","maic_meanvar",-0.1,2,999,0.351408887083574,-0.119541594708411,0.337337337337337,0.674674674674675,0.0299325131485604
42,"unanchored",4,0.5,0.6,"none","maic_meanvar",-0.1,5,999,0.351408887083574,-0.119541594708411,0.147147147147147,0.735735735735735,0.0560683415457196
42,"unanchored",4,0.5,0.6,"none","maic_meanvar",0.1,1,999,0.351408887083574,-0.119541594708411,0.236236236236236,0.236236236236236,0.013445826766698
42,"unanchored",4,0.5,0.6,"none","maic_meanvar",0.1,2,999,0.351408887083574,-0.119541594708411,0.437437437437437,0.437437437437437,0.015702836811655
42,"unanchored",4,0.5,0.6,"none","maic_meanvar",0.1,5,999,0.351408887083574,-0.119541594708411,0.662662662662663,0.662662662662663,0.0149662565742802
42,"unanchored",4,0.5,0.6,"none","maic_meanvar",0.3,1,999,0.351408887083574,-0.119541594708411,0.0920920920920921,0.0920920920920921,0.00915307030773337
42,"unanchored",4,0.5,0.6,"none","maic_meanvar",0.3,2,999,0.351408887083574,-0.119541594708411,0.216216216216216,0.216216216216216,0.0130309775847781
42,"unanchored",4,0.5,0.6,"none","maic_meanvar",0.3,5,999,0.351408887083574,-0.119541594708411,0.447447447447447,0.447447447447447,0.0157395583360345
42,"unanchored",4,0.5,0.6,"none","unadjusted",-0.3,1,1000,1.49660746078844,1.48943490459869,0,0,0
42,"unanchored",4,0.5,0.6,"none","unadjusted",-0.3,2,1000,1.49660746078844,1.48943490459869,0,0,0
42,"unanchored",4,0.5,0.6,"none","unadjusted",-0.3,5,1000,1.49660746078844,1.48943490459869,0,0,0
42,"unanchored",4,0.5,0.6,"none","unadjusted",-0.1,1,1000,1.49660746078844,1.48943490459869,0,0,0
42,"unanchored",4,0.5,0.6,"none","unadjusted",-0.1,2,1000,1.49660746078844,1.48943490459869,0,0,0
42,"unanchored",4,0.5,0.6,"none","unadjusted",-0.1,5,1000,1.49660746078844,1.48943490459869,0,0,0
42,"unanchored",4,0.5,0.6,"none","unadjusted",0.1,1,1000,1.49660746078844,1.48943490459869,1,1,0
42,"unanchored",4,0.5,0.6,"none","unadjusted",0.1,2,1000,1.49660746078844,1.48943490459869,1,1,0
42,"unanchored",4,0.5,0.6,"none","unadjusted",0.1,5,1000,1.49660746078844,1.48943490459869,1,1,0
42,"unanchored",4,0.5,0.6,"none","unadjusted",0.3,1,1000,1.49660746078844,1.48943490459869,1,1,0
42,"unanchored",4,0.5,0.6,"none","unadjusted",0.3,2,1000,1.49660746078844,1.48943490459869,1,1,0
42,"unanchored",4,0.5,0.6,"none","unadjusted",0.3,5,1000,1.49660746078844,1.48943490459869,1,1,0
43,"anchored",0.25,1,0.6,"none","gcomp",-0.3,1,1000,0.199605646892635,0.0012011031436186,0.061,0.061,0.00757207609155743
43,"anchored",0.25,1,0.6,"none","gcomp",-0.3,2,1000,0.199605646892635,0.0012011031436186,0.028,0.056,0.0104390120688201
43,"anchored",0.25,1,0.6,"none","gcomp",-0.3,5,1000,0.199605646892635,0.0012011031436186,0.007,0.0349999999999999,0.013188970731219
43,"anchored",0.25,1,0.6,"none","gcomp",-0.1,1,1000,0.199605646892635,0.0012011031436186,0.297,0.297,0.0144568322948011
43,"anchored",0.25,1,0.6,"none","gcomp",-0.1,2,1000,0.199605646892635,0.0012011031436186,0.175,0.35,0.024043254315464
43,"anchored",0.25,1,0.6,"none","gcomp",-0.1,5,1000,0.199605646892635,0.0012011031436186,0.068,0.339999999999999,0.0398244395564582
43,"anchored",0.25,1,0.6,"none","gcomp",0.1,1,1000,0.199605646892635,0.0012011031436186,0.311,0.311,0.0146455963857227
43,"anchored",0.25,1,0.6,"none","gcomp",0.1,2,1000,0.199605646892635,0.0012011031436186,0.463,0.463,0.0157759272272624
43,"anchored",0.25,1,0.6,"none","gcomp",0.1,5,1000,0.199605646892635,0.0012011031436186,0.683,0.683,0.0147216754388802
43,"anchored",0.25,1,0.6,"none","gcomp",0.3,1,1000,0.199605646892635,0.0012011031436186,0.063,0.063,0.00768700787628643
43,"anchored",0.25,1,0.6,"none","gcomp",0.3,2,1000,0.199605646892635,0.0012011031436186,0.132,0.132,0.010709373963528
43,"anchored",0.25,1,0.6,"none","gcomp",0.3,5,1000,0.199605646892635,0.0012011031436186,0.297,0.297,0.0144568322948011
43,"anchored",0.25,1,0.6,"none","maic_index",-0.3,1,1000,0.298883665139554,0.010768226441382,0.154,0.154,0.0114199130650987
43,"anchored",0.25,1,0.6,"none","maic_index",-0.3,2,1000,0.298883665139554,0.010768226441382,0.079,0.158,0.0170683135466669
43,"anchored",0.25,1,0.6,"none","maic_index",-0.3,5,1000,0.298883665139554,0.010768226441382,0.026,0.13,0.0251740686765913
43,"anchored",0.25,1,0.6,"none","maic_index",-0.1,1,1000,0.298883665139554,0.010768226441382,0.345,0.345,0.0150399867420552
43,"anchored",0.25,1,0.6,"none","maic_index",-0.1,2,1000,0.298883665139554,0.010768226441382,0.208,0.416,0.0256827491441939
43,"anchored",0.25,1,0.6,"none","maic_index",-0.1,5,1000,0.298883665139554,0.010768226441382,0.106,0.529999999999999,0.0486977563289262
43,"anchored",0.25,1,0.6,"none","maic_index",0.1,1,1000,0.298883665139554,0.010768226441382,0.377,0.377,0.0153331701257799
43,"anchored",0.25,1,0.6,"none","maic_index",0.1,2,1000,0.298883665139554,0.010768226441382,0.565,0.565,0.0156850572527172
43,"anchored",0.25,1,0.6,"none","maic_index",0.1,5,1000,0.298883665139554,0.010768226441382,0.742,0.742,0.0138429631086566
43,"anchored",0.25,1,0.6,"none","maic_index",0.3,1,1000,0.298883665139554,0.010768226441382,0.155,0.155,0.0114501574707995
43,"anchored",0.25,1,0.6,"none","maic_index",0.3,2,1000,0.298883665139554,0.010768226441382,0.287,0.287,0.01431208705381
43,"anchored",0.25,1,0.6,"none","maic_index",0.3,5,1000,0.298883665139554,0.010768226441382,0.495,0.495,0.0158185089444367
43,"anchored",0.25,1,0.6,"none","maic_means",-0.3,1,1000,0.295689913121876,0.0117918744416287,0.15,0.15,0.0112972398234093
43,"anchored",0.25,1,0.6,"none","maic_means",-0.3,2,1000,0.295689913121876,0.0117918744416287,0.078,0.156,0.0169691470602372
43,"anchored",0.25,1,0.6,"none","maic_means",-0.3,5,1000,0.295689913121876,0.0117918744416287,0.026,0.13,0.0251740686765913
43,"anchored",0.25,1,0.6,"none","maic_means",-0.1,1,1000,0.295689913121876,0.0117918744416287,0.339,0.339,0.0149767587716203
43,"anchored",0.25,1,0.6,"none","maic_means",-0.1,2,1000,0.295689913121876,0.0117918744416287,0.211,0.422,0.0258182606420842
43,"anchored",0.25,1,0.6,"none","maic_means",-0.1,5,1000,0.295689913121876,0.0117918744416287,0.102,0.510000000000001,0.0478768440082695
43,"anchored",0.25,1,0.6,"none","maic_means",0.1,1,1000,0.295689913121876,0.0117918744416287,0.377,0.377,0.0153331701257799
43,"anchored",0.25,1,0.6,"none","maic_means",0.1,2,1000,0.295689913121876,0.0117918744416287,0.553,0.553,0.0157301760460091
43,"anchored",0.25,1,0.6,"none","maic_means",0.1,5,1000,0.295689913121876,0.0117918744416287,0.745,0.745,0.0137900386208728
43,"anchored",0.25,1,0.6,"none","maic_means",0.3,1,1000,0.295689913121876,0.0117918744416287,0.151,0.151,0.0113281652233417
43,"anchored",0.25,1,0.6,"none","maic_means",0.3,2,1000,0.295689913121876,0.0117918744416287,0.289,0.289,0.0143417113582962
43,"anchored",0.25,1,0.6,"none","maic_means",0.3,5,1000,0.295689913121876,0.0117918744416287,0.487,0.487,0.0158139521018966
43,"anchored",0.25,1,0.6,"none","maic_meanvar",-0.3,1,1000,0.296942083983004,0.0128992171704859,0.15,0.15,0.0112972398234093
43,"anchored",0.25,1,0.6,"none","maic_meanvar",-0.3,2,1000,0.296942083983004,0.0128992171704859,0.075,0.15,0.0166666666666667
43,"anchored",0.25,1,0.6,"none","maic_meanvar",-0.3,5,1000,0.296942083983004,0.0128992171704859,0.028,0.14,0.0260975301720504
43,"anchored",0.25,1,0.6,"none","maic_meanvar",-0.1,1,1000,0.296942083983004,0.0128992171704859,0.338,0.338,0.0149659607102245
43,"anchored",0.25,1,0.6,"none","maic_meanvar",-0.1,2,1000,0.296942083983004,0.0128992171704859,0.216,0.432,0.0260394710786156
43,"anchored",0.25,1,0.6,"none","maic_meanvar",-0.1,5,1000,0.296942083983004,0.0128992171704859,0.1,0.5,0.047457899787625
43,"anchored",0.25,1,0.6,"none","maic_meanvar",0.1,1,1000,0.296942083983004,0.0128992171704859,0.383,0.383,0.0153801023256527
43,"anchored",0.25,1,0.6,"none","maic_meanvar",0.1,2,1000,0.296942083983004,0.0128992171704859,0.562,0.562,0.0156972100196947
43,"anchored",0.25,1,0.6,"none","maic_meanvar",0.1,5,1000,0.296942083983004,0.0128992171704859,0.748,0.748,0.0137362543906512
43,"anchored",0.25,1,0.6,"none","maic_meanvar",0.3,1,1000,0.296942083983004,0.0128992171704859,0.154,0.154,0.0114199130650987
43,"anchored",0.25,1,0.6,"none","maic_meanvar",0.3,2,1000,0.296942083983004,0.0128992171704859,0.29,0.29,0.0143563959999057
43,"anchored",0.25,1,0.6,"none","maic_meanvar",0.3,5,1000,0.296942083983004,0.0128992171704859,0.485,0.485,0.0158121796418149
43,"anchored",0.25,1,0.6,"none","unadjusted",-0.3,1,1000,0.201727016233594,0.00843624837158593,0.057,0.0569999999999998,0.00733517585370686
43,"anchored",0.25,1,0.6,"none","unadjusted",-0.3,2,1000,0.201727016233594,0.00843624837158593,0.027,0.054,0.0102561780985506
43,"anchored",0.25,1,0.6,"none","unadjusted",-0.3,5,1000,0.201727016233594,0.00843624837158593,0.009,0.0450000000000001,0.0149398192157134
43,"anchored",0.25,1,0.6,"none","unadjusted",-0.1,1,1000,0.201727016233594,0.00843624837158593,0.288,0.288,0.0143269417972316
43,"anchored",0.25,1,0.6,"none","unadjusted",-0.1,2,1000,0.201727016233594,0.00843624837158593,0.16,0.32,0.023197804597378
43,"anchored",0.25,1,0.6,"none","unadjusted",-0.1,5,1000,0.201727016233594,0.00843624837158593,0.058,0.290000000000001,0.0369765772789651
43,"anchored",0.25,1,0.6,"none","unadjusted",0.1,1,1000,0.201727016233594,0.00843624837158593,0.326,0.326,0.014830507204541
43,"anchored",0.25,1,0.6,"none","unadjusted",0.1,2,1000,0.201727016233594,0.00843624837158593,0.477,0.477,0.0158025542467261
43,"anchored",0.25,1,0.6,"none","unadjusted",0.1,5,1000,0.201727016233594,0.00843624837158593,0.705,0.705,0.0144285544384455
43,"anchored",0.25,1,0.6,"none","unadjusted",0.3,1,1000,0.201727016233594,0.00843624837158593,0.074,0.074,0.00828206451270416
43,"anchored",0.25,1,0.6,"none","unadjusted",0.3,2,1000,0.201727016233594,0.00843624837158593,0.152,0.152,0.0113589183034753
43,"anchored",0.25,1,0.6,"none","unadjusted",0.3,5,1000,0.201727016233594,0.00843624837158593,0.318,0.318,0.0147340793093119
44,"unanchored",0.25,1,0.6,"none","gcomp",-0.3,1,1000,0.192234101166737,-0.000674013105611882,0.063,0.063,0.00768700787628643
44,"unanchored",0.25,1,0.6,"none","gcomp",-0.3,2,1000,0.192234101166737,-0.000674013105611882,0.026,0.0520000000000002,0.0100696274706363
44,"unanchored",0.25,1,0.6,"none","gcomp",-0.3,5,1000,0.192234101166737,-0.000674013105611882,0.005,0.0249999999999999,0.0111579343742244
44,"unanchored",0.25,1,0.6,"none","gcomp",-0.1,1,1000,0.192234101166737,-0.000674013105611882,0.291,0.291,0.0143709959823779
44,"unanchored",0.25,1,0.6,"none","gcomp",-0.1,2,1000,0.192234101166737,-0.000674013105611882,0.172,0.344,0.0238795777649906
44,"unanchored",0.25,1,0.6,"none","gcomp",-0.1,5,1000,0.192234101166737,-0.000674013105611882,0.075,0.375,0.0416666666666667
44,"unanchored",0.25,1,0.6,"none","gcomp",0.1,1,1000,0.192234101166737,-0.000674013105611882,0.284,0.284,0.0142670090610313
44,"unanchored",0.25,1,0.6,"none","gcomp",0.1,2,1000,0.192234101166737,-0.000674013105611882,0.448,0.448,0.0157335165663478
44,"unanchored",0.25,1,0.6,"none","gcomp",0.1,5,1000,0.192234101166737,-0.000674013105611882,0.673,0.673,0.0148422131534112
44,"unanchored",0.25,1,0.6,"none","gcomp",0.3,1,1000,0.192234101166737,-0.000674013105611882,0.062,0.062,0.00762982399628031
44,"unanchored",0.25,1,0.6,"none","gcomp",0.3,2,1000,0.192234101166737,-0.000674013105611882,0.125,0.125,0.0104634833819567
44,"unanchored",0.25,1,0.6,"none","gcomp",0.3,5,1000,0.192234101166737,-0.000674013105611882,0.259,0.259,0.0138604152575279
44,"unanchored",0.25,1,0.6,"none","maic_index",-0.3,1,1000,0.219282806174545,0.00633246121662504,0.071,0.071,0.00812557844248792
44,"unanchored",0.25,1,0.6,"none","maic_index",-0.3,2,1000,0.219282806174545,0.00633246121662504,0.03,0.06,0.0107942816581985
44,"unanchored",0.25,1,0.6,"none","maic_index",-0.3,5,1000,0.219282806174545,0.00633246121662504,0.01,0.0499999999999998,0.0157400046933839
44,"unanchored",0.25,1,0.6,"none","maic_index",-0.1,1,1000,0.219282806174545,0.00633246121662504,0.316,0.316,0.0147091930560571
44,"unanchored",0.25,1,0.6,"none","maic_index",-0.1,2,1000,0.219282806174545,0.00633246121662504,0.184,0.368,0.0245189146818772
44,"unanchored",0.25,1,0.6,"none","maic_index",-0.1,5,1000,0.219282806174545,0.00633246121662504,0.07,0.35,0.0403624717916172
44,"unanchored",0.25,1,0.6,"none","maic_index",0.1,1,1000,0.219282806174545,0.00633246121662504,0.32,0.32,0.0147586523035749
44,"unanchored",0.25,1,0.6,"none","maic_index",0.1,2,1000,0.219282806174545,0.00633246121662504,0.495,0.495,0.0158185089444367
44,"unanchored",0.25,1,0.6,"none","maic_index",0.1,5,1000,0.219282806174545,0.00633246121662504,0.703,0.703,0.0144568322948011
44,"unanchored",0.25,1,0.6,"none","maic_index",0.3,1,1000,0.219282806174545,0.00633246121662504,0.089,0.089,0.00900889339265152
44,"unanchored",0.25,1,0.6,"none","maic_index",0.3,2,1000,0.219282806174545,0.00633246121662504,0.176,0.176,0.0120486168985975
44,"unanchored",0.25,1,0.6,"none","maic_index",0.3,5,1000,0.219282806174545,0.00633246121662504,0.343,0.343,0.015019206922357
44,"unanchored",0.25,1,0.6,"none","maic_means",-0.3,1,1000,0.215217911969652,0.00815344715489234,0.072,0.072,0.00817819557621868
44,"unanchored",0.25,1,0.6,"none","maic_means",-0.3,2,1000,0.215217911969652,0.00815344715489234,0.029,0.0580000000000001,0.010618321371514
44,"unanchored",0.25,1,0.6,"none","maic_means",-0.3,5,1000,0.215217911969652,0.00815344715489234,0.009,0.0450000000000001,0.0149398192157135
44,"unanchored",0.25,1,0.6,"none","maic_means",-0.1,1,1000,0.215217911969652,0.00815344715489234,0.301,0.301,0.0145123950335432
44,"unanchored",0.25,1,0.6,"none","maic_means",-0.1,2,1000,0.215217911969652,0.00815344715489234,0.176,0.352,0.024097233797195
44,"unanchored",0.25,1,0.6,"none","maic_means",-0.1,5,1000,0.215217911969652,0.00815344715489234,0.066,0.33,0.0392764896934873
44,"unanchored",0.25,1,0.6,"none","maic_means",0.1,1,1000,0.215217911969652,0.00815344715489234,0.323,0.323,0.0147949278433486
44,"unanchored",0.25,1,0.6,"none","maic_means",0.1,2,1000,0.215217911969652,0.00815344715489234,0.498,0.498,0.0158191733743027
44,"unanchored",0.25,1,0.6,"none","maic_means",0.1,5,1000,0.215217911969652,0.00815344715489234,0.712,0.712,0.0143269417972316
44,"unanchored",0.25,1,0.6,"none","maic_means",0.3,1,1000,0.215217911969652,0.00815344715489234,0.092,0.092,0.00914437639315112
44,"unanchored",0.25,1,0.6,"none","maic_means",0.3,2,1000,0.215217911969652,0.00815344715489234,0.172,0.172,0.0119397888824953
44,"unanchored",0.25,1,0.6,"none","maic_means",0.3,5,1000,0.215217911969652,0.00815344715489234,0.332,0.332,0.0148995972428115
44,"unanchored",0.25,1,0.6,"none","maic_meanvar",-0.3,1,1000,0.217558858248072,0.00569622971531131,0.071,0.071,0.00812557844248791
44,"unanchored",0.25,1,0.6,"none","maic_meanvar",-0.3,2,1000,0.217558858248072,0.00569622971531131,0.03,0.06,0.0107942816581985
44,"unanchored",0.25,1,0.6,"none","maic_meanvar",-0.3,5,1000,0.217558858248072,0.00569622971531131,0.01,0.0499999999999998,0.0157400046933839
44,"unanchored",0.25,1,0.6,"none","maic_meanvar",-0.1,1,1000,0.217558858248072,0.00569622971531131,0.306,0.306,0.014580006055437
44,"unanchored",0.25,1,0.6,"none","maic_meanvar",-0.1,2,1000,0.217558858248072,0.00569622971531131,0.183,0.366,0.0244671747989556
44,"unanchored",0.25,1,0.6,"none","maic_meanvar",-0.1,5,1000,0.217558858248072,0.00569622971531131,0.071,0.355,0.0406278922124401
44,"unanchored",0.25,1,0.6,"none","maic_meanvar",0.1,1,1000,0.217558858248072,0.00569622971531131,0.312,0.312,0.014658474370509
44,"unanchored",0.25,1,0.6,"none","maic_meanvar",0.1,2,1000,0.217558858248072,0.00569622971531131,0.493,0.493,0.0158177495618436
44,"unanchored",0.25,1,0.6,"none","maic_meanvar",0.1,5,1000,0.217558858248072,0.00569622971531131,0.711,0.711,0.0143417113582962
44,"unanchored",0.25,1,0.6,"none","maic_meanvar",0.3,1,1000,0.217558858248072,0.00569622971531131,0.089,0.089,0.00900889339265152
44,"unanchored",0.25,1,0.6,"none","maic_meanvar",0.3,2,1000,0.217558858248072,0.00569622971531131,0.18,0.18,0.012155153135512
44,"unanchored",0.25,1,0.6,"none","maic_meanvar",0.3,5,1000,0.217558858248072,0.00569622971531131,0.336,0.336,0.014944140233795
44,"unanchored",0.25,1,0.6,"none","unadjusted",-0.3,1,1000,0.526325932917047,0.502610721680726,0,0,0
44,"unanchored",0.25,1,0.6,"none","unadjusted",-0.3,2,1000,0.526325932917047,0.502610721680726,0,0,0
44,"unanchored",0.25,1,0.6,"none","unadjusted",-0.3,5,1000,0.526325932917047,0.502610721680726,0,0,0
44,"unanchored",0.25,1,0.6,"none","unadjusted",-0.1,1,1000,0.526325932917047,0.502610721680726,0,0,0
44,"unanchored",0.25,1,0.6,"none","unadjusted",-0.1,2,1000,0.526325932917047,0.502610721680726,0,0,0
44,"unanchored",0.25,1,0.6,"none","unadjusted",-0.1,5,1000,0.526325932917047,0.502610721680726,0,0,0
44,"unanchored",0.25,1,0.6,"none","unadjusted",0.1,1,1000,0.526325932917047,0.502610721680726,0.994,0.994,0.00244335219932983
44,"unanchored",0.25,1,0.6,"none","unadjusted",0.1,2,1000,0.526325932917047,0.502610721680726,0.999,0.999,0.00100000000000001
44,"unanchored",0.25,1,0.6,"none","unadjusted",0.1,5,1000,0.526325932917047,0.502610721680726,1,1,0
44,"unanchored",0.25,1,0.6,"none","unadjusted",0.3,1,1000,0.526325932917047,0.502610721680726,0.902,0.902,0.00940661918462124
44,"unanchored",0.25,1,0.6,"none","unadjusted",0.3,2,1000,0.526325932917047,0.502610721680726,0.954,0.954,0.00662781471738071
44,"unanchored",0.25,1,0.6,"none","unadjusted",0.3,5,1000,0.526325932917047,0.502610721680726,0.985,0.985,0.00384574957450301
45,"anchored",1,1,0.6,"none","gcomp",-0.3,1,1000,0.178648144349096,-0.00731907786719937,0.047,0.047,0.00669595667816304
45,"anchored",1,1,0.6,"none","gcomp",-0.3,2,1000,0.178648144349096,-0.00731907786719937,0.019,0.038,0.00863890216582128
45,"anchored",1,1,0.6,"none","gcomp",-0.3,5,1000,0.178648144349096,-0.00731907786719937,0.003,0.0150000000000001,0.00865158077173473
45,"anchored",1,1,0.6,"none","gcomp",-0.1,1,1000,0.178648144349096,-0.00731907786719937,0.314,0.314,0.014683991951088
45,"anchored",1,1,0.6,"none","gcomp",-0.1,2,1000,0.178648144349096,-0.00731907786719937,0.163,0.326,0.0233724254254937
45,"anchored",1,1,0.6,"none","gcomp",-0.1,5,1000,0.178648144349096,-0.00731907786719937,0.059,0.294999999999999,0.0372741782520337
45,"anchored",1,1,0.6,"none","gcomp",0.1,1,1000,0.178648144349096,-0.00731907786719937,0.276,0.276,0.0141429849757407
45,"anchored",1,1,0.6,"none","gcomp",0.1,2,1000,0.178648144349096,-0.00731907786719937,0.437,0.437,0.0156932239287304
45,"anchored",1,1,0.6,"none","gcomp",0.1,5,1000,0.178648144349096,-0.00731907786719937,0.642,0.642,0.0151679288654076
45,"anchored",1,1,0.6,"none","gcomp",0.3,1,1000,0.178648144349096,-0.00731907786719937,0.05,0.0500000000000001,0.0068954729748979
45,"anchored",1,1,0.6,"none","gcomp",0.3,2,1000,0.178648144349096,-0.00731907786719937,0.109,0.109,0.00985982840703719
45,"anchored",1,1,0.6,"none","gcomp",0.3,5,1000,0.178648144349096,-0.00731907786719937,0.235,0.235,0.0134147290302471
45,"anchored",1,1,0.6,"none","maic_index",-0.3,1,1000,0.26745404375316,0.0013679854799565,0.136,0.136,0.010845350230473
45,"anchored",1,1,0.6,"none","maic_index",-0.3,2,1000,0.26745404375316,0.0013679854799565,0.057,0.114,0.0146703517074137
45,"anchored",1,1,0.6,"none","maic_index",-0.3,5,1000,0.26745404375316,0.0013679854799565,0.018,0.0900000000000001,0.0210319362480574
45,"anchored",1,1,0.6,"none","maic_index",-0.1,1,1000,0.26745404375316,0.0013679854799565,0.363,0.363,0.0152138904446713
45,"anchored",1,1,0.6,"none","maic_index",-0.1,2,1000,0.26745404375316,0.0013679854799565,0.229,0.458000000000001,0.0265883986532272
45,"anchored",1,1,0.6,"none","maic_index",-0.1,5,1000,0.26745404375316,0.0013679854799565,0.087,0.435,0.04458433315373
45,"anchored",1,1,0.6,"none","maic_index",0.1,1,1000,0.26745404375316,0.0013679854799565,0.366,0.366,0.0152406127264058
45,"anchored",1,1,0.6,"none","maic_index",0.1,2,1000,0.26745404375316,0.0013679854799565,0.516,0.516,0.0158111983731149
45,"anchored",1,1,0.6,"none","maic_index",0.1,5,1000,0.26745404375316,0.0013679854799565,0.7,0.7,0.0144986278733614
45,"anchored",1,1,0.6,"none","maic_index",0.3,1,1000,0.26745404375316,0.0013679854799565,0.139,0.139,0.010945263761043
45,"anchored",1,1,0.6,"none","maic_index",0.3,2,1000,0.26745404375316,0.0013679854799565,0.255,0.255,0.0137900386208728
45,"anchored",1,1,0.6,"none","maic_index",0.3,5,1000,0.26745404375316,0.0013679854799565,0.444,0.444,0.0157197681634021
45,"anchored",1,1,0.6,"none","maic_means",-0.3,1,1000,0.266209998485048,0.00436518367152106,0.128,0.128,0.0105701337611087
45,"anchored",1,1,0.6,"none","maic_means",-0.3,2,1000,0.266209998485048,0.00436518367152106,0.056,0.112,0.0145488029633941
45,"anchored",1,1,0.6,"none","maic_means",-0.3,5,1000,0.266209998485048,0.00436518367152106,0.015,0.075,0.019228747872515
45,"anchored",1,1,0.6,"none","maic_means",-0.1,1,1000,0.266209998485048,0.00436518367152106,0.368,0.368,0.0152580735615218
45,"anchored",1,1,0.6,"none","maic_means",-0.1,2,1000,0.266209998485048,0.00436518367152106,0.218,0.436,0.0261263580811906
45,"anchored",1,1,0.6,"none","maic_means",-0.1,5,1000,0.266209998485048,0.00436518367152106,0.092,0.46,0.045721881965756
45,"anchored",1,1,0.6,"none","maic_means",0.1,1,1000,0.266209998485048,0.00436518367152106,0.363,0.363,0.0152138904446713
45,"anchored",1,1,0.6,"none","maic_means",0.1,2,1000,0.266209998485048,0.00436518367152106,0.513,0.513,0.0158139521018966
45,"anchored",1,1,0.6,"none","maic_means",0.1,5,1000,0.266209998485048,0.00436518367152106,0.705,0.705,0.0144285544384455
45,"anchored",1,1,0.6,"none","maic_means",0.3,1,1000,0.266209998485048,0.00436518367152106,0.142,0.142,0.0110434576993782
45,"anchored",1,1,0.6,"none","maic_means",0.3,2,1000,0.266209998485048,0.00436518367152106,0.257,0.257,0.013825416526895
45,"anchored",1,1,0.6,"none","maic_means",0.3,5,1000,0.266209998485048,0.00436518367152106,0.443,0.443,0.0157161699532041
45,"anchored",1,1,0.6,"none","maic_meanvar",-0.3,1,1000,0.265879933724132,0.00530492230792829,0.128,0.128,0.0105701337611087
45,"anchored",1,1,0.6,"none","maic_meanvar",-0.3,2,1000,0.265879933724132,0.00530492230792829,0.055,0.11,0.0144259525892785
45,"anchored",1,1,0.6,"none","maic_meanvar",-0.3,5,1000,0.265879933724132,0.00530492230792829,0.015,0.0750000000000001,0.019228747872515
45,"anchored",1,1,0.6,"none","maic_meanvar",-0.1,1,1000,0.265879933724132,0.00530492230792829,0.364,0.364,0.015222868840522
45,"anchored",1,1,0.6,"none","maic_meanvar",-0.1,2,1000,0.265879933724132,0.00530492230792829,0.221,0.442,0.0262550057193925
45,"anchored",1,1,0.6,"none","maic_meanvar",-0.1,5,1000,0.265879933724132,0.00530492230792829,0.083,0.415,0.043642636030374
45,"anchored",1,1,0.6,"none","maic_meanvar",0.1,1,1000,0.265879933724132,0.00530492230792829,0.371,0.371,0.0152837362118232
45,"anchored",1,1,0.6,"none","maic_meanvar",0.1,2,1000,0.265879933724132,0.00530492230792829,0.519,0.519,0.0158078742685059
45,"anchored",1,1,0.6,"none","maic_meanvar",0.1,5,1000,0.265879933724132,0.00530492230792829,0.699,0.699,0.0145123950335431
45,"anchored",1,1,0.6,"none","maic_meanvar",0.3,1,1000,0.265879933724132,0.00530492230792829,0.14,0.14,0.0109781838443578
45,"anchored",1,1,0.6,"none","maic_meanvar",0.3,2,1000,0.265879933724132,0.00530492230792829,0.258,0.258,0.0138429631086566
45,"anchored",1,1,0.6,"none","maic_meanvar",0.3,5,1000,0.265879933724132,0.00530492230792829,0.439,0.439,0.0157011313454008
45,"anchored",1,1,0.6,"none","unadjusted",-0.3,1,1000,0.192596608889424,0.0108921354760174,0.049,0.049,0.00682976175614093
45,"anchored",1,1,0.6,"none","unadjusted",-0.3,2,1000,0.192596608889424,0.0108921354760174,0.023,0.046,0.0094854611893136
45,"anchored",1,1,0.6,"none","unadjusted",-0.3,5,1000,0.192596608889424,0.0108921354760174,0.002,0.0100000000000002,0.00706752785278912
45,"anchored",1,1,0.6,"none","unadjusted",-0.1,1,1000,0.192596608889424,0.0108921354760174,0.292,0.292,0.0143855115634773
45,"anchored",1,1,0.6,"none","unadjusted",-0.1,2,1000,0.192596608889424,0.0108921354760174,0.157,0.314,0.0230202939584604
45,"anchored",1,1,0.6,"none","unadjusted",-0.1,5,1000,0.192596608889424,0.0108921354760174,0.059,0.295,0.0372741782520337
45,"anchored",1,1,0.6,"none","unadjusted",0.1,1,1000,0.192596608889424,0.0108921354760174,0.325,0.325,0.0148187244590955
45,"anchored",1,1,0.6,"none","unadjusted",0.1,2,1000,0.192596608889424,0.0108921354760174,0.496,0.496,0.0158187937035109
45,"anchored",1,1,0.6,"none","unadjusted",0.1,5,1000,0.192596608889424,0.0108921354760174,0.679,0.679,0.0147708218179346
45,"anchored",1,1,0.6,"none","unadjusted",0.3,1,1000,0.192596608889424,0.0108921354760174,0.069,0.069,0.00801893405031515
45,"anchored",1,1,0.6,"none","unadjusted",0.3,2,1000,0.192596608889424,0.0108921354760174,0.142,0.142,0.0110434576993782
45,"anchored",1,1,0.6,"none","unadjusted",0.3,5,1000,0.192596608889424,0.0108921354760174,0.311,0.311,0.0146455963857227
46,"unanchored",1,1,0.6,"none","gcomp",-0.3,1,1000,0.162708234030123,-0.00407685239297089,0.028,0.028,0.00521950603441005
46,"unanchored",1,1,0.6,"none","gcomp",-0.3,2,1000,0.162708234030123,-0.00407685239297089,0.011,0.022,0.00659996663321563
46,"unanchored",1,1,0.6,"none","gcomp",-0.3,5,1000,0.162708234030123,-0.00407685239297089,0.003,0.015,0.00865158077173472
46,"unanchored",1,1,0.6,"none","gcomp",-0.1,1,1000,0.162708234030123,-0.00407685239297089,0.282,0.282,0.0142365262152914
46,"unanchored",1,1,0.6,"none","gcomp",-0.1,2,1000,0.162708234030123,-0.00407685239297089,0.145,0.29,0.0222799550357802
46,"unanchored",1,1,0.6,"none","gcomp",-0.1,5,1000,0.162708234030123,-0.00407685239297089,0.063,0.315,0.0384350393814322
46,"unanchored",1,1,0.6,"none","gcomp",0.1,1,1000,0.162708234030123,-0.00407685239297089,0.253,0.253,0.0137542786135871
46,"unanchored",1,1,0.6,"none","gcomp",0.1,2,1000,0.162708234030123,-0.00407685239297089,0.415,0.415,0.0155890351856046
46,"unanchored",1,1,0.6,"none","gcomp",0.1,5,1000,0.162708234030123,-0.00407685239297089,0.595,0.595,0.015531136990453
46,"unanchored",1,1,0.6,"none","gcomp",0.3,1,1000,0.162708234030123,-0.00407685239297089,0.034,0.0340000000000001,0.00573383613969547
46,"unanchored",1,1,0.6,"none","gcomp",0.3,2,1000,0.162708234030123,-0.00407685239297089,0.087,0.087,0.0089168666307459
46,"unanchored",1,1,0.6,"none","gcomp",0.3,5,1000,0.162708234030123,-0.00407685239297089,0.181,0.181,0.0121814361791779
46,"unanchored",1,1,0.6,"none","maic_index",-0.3,1,1000,0.179649642077172,-0.00961366254092915,0.046,0.046,0.0066278147173807
46,"unanchored",1,1,0.6,"none","maic_index",-0.3,2,1000,0.179649642077172,-0.00961366254092915,0.011,0.0220000000000001,0.00659996663321563
46,"unanchored",1,1,0.6,"none","maic_index",-0.3,5,1000,0.179649642077172,-0.00961366254092915,0.003,0.015,0.00865158077173473
46,"unanchored",1,1,0.6,"none","maic_index",-0.1,1,1000,0.179649642077172,-0.00961366254092915,0.312,0.312,0.014658474370509
46,"unanchored",1,1,0.6,"none","maic_index",-0.1,2,1000,0.179649642077172,-0.00961366254092915,0.161,0.322,0.0232563293934543
46,"unanchored",1,1,0.6,"none","maic_index",-0.1,5,1000,0.179649642077172,-0.00961366254092915,0.056,0.28,0.0363720074084856
46,"unanchored",1,1,0.6,"none","maic_index",0.1,1,1000,0.179649642077172,-0.00961366254092915,0.267,0.267,0.0139966748517963
46,"unanchored",1,1,0.6,"none","maic_index",0.1,2,1000,0.179649642077172,-0.00961366254092915,0.423,0.423,0.0156305890904764
46,"unanchored",1,1,0.6,"none","maic_index",0.1,5,1000,0.179649642077172,-0.00961366254092915,0.658,0.658,0.0150087061821217
46,"unanchored",1,1,0.6,"none","maic_index",0.3,1,1000,0.179649642077172,-0.00961366254092915,0.046,0.046,0.00662781471738071
46,"unanchored",1,1,0.6,"none","maic_index",0.3,2,1000,0.179649642077172,-0.00961366254092915,0.118,0.118,0.0102068692643818
46,"unanchored",1,1,0.6,"none","maic_index",0.3,5,1000,0.179649642077172,-0.00961366254092915,0.257,0.257,0.013825416526895
46,"unanchored",1,1,0.6,"none","maic_means",-0.3,1,1000,0.173155718522451,-0.00168928605937298,0.032,0.032,0.00556839357508135
46,"unanchored",1,1,0.6,"none","maic_means",-0.3,2,1000,0.173155718522451,-0.00168928605937298,0.007,0.014,0.00527558829248755
46,"unanchored",1,1,0.6,"none","maic_means",-0.3,5,1000,0.173155718522451,-0.00168928605937298,0.002,0.0100000000000001,0.00706752785278915
46,"unanchored",1,1,0.6,"none","maic_means",-0.1,1,1000,0.173155718522451,-0.00168928605937298,0.292,0.292,0.0143855115634773
46,"unanchored",1,1,0.6,"none","maic_means",-0.1,2,1000,0.173155718522451,-0.00168928605937298,0.147,0.294,0.0224068307903207
46,"unanchored",1,1,0.6,"none","maic_means",-0.1,5,1000,0.173155718522451,-0.00168928605937298,0.049,0.245,0.0341488087807047
46,"unanchored",1,1,0.6,"none","maic_means",0.1,1,1000,0.173155718522451,-0.00168928605937298,0.271,0.271,0.0140626013509862
46,"unanchored",1,1,0.6,"none","maic_means",0.1,2,1000,0.173155718522451,-0.00168928605937298,0.445,0.445,0.0157233018867609
46,"unanchored",1,1,0.6,"none","maic_means",0.1,5,1000,0.173155718522451,-0.00168928605937298,0.665,0.665,0.0149331174909326
46,"unanchored",1,1,0.6,"none","maic_means",0.3,1,1000,0.173155718522451,-0.00168928605937298,0.046,0.046,0.00662781471738071
46,"unanchored",1,1,0.6,"none","maic_means",0.3,2,1000,0.173155718522451,-0.00168928605937298,0.115,0.115,0.0100934075949046
46,"unanchored",1,1,0.6,"none","maic_means",0.3,5,1000,0.173155718522451,-0.00168928605937298,0.256,0.256,0.0138077751522342
46,"unanchored",1,1,0.6,"none","maic_meanvar",-0.3,1,1000,0.177175191814759,-0.00431434537104605,0.037,0.0370000000000001,0.00597215762238966
46,"unanchored",1,1,0.6,"none","maic_meanvar",-0.3,2,1000,0.177175191814759,-0.00431434537104605,0.008,0.016,0.00563700060100901
46,"unanchored",1,1,0.6,"none","maic_meanvar",-0.3,5,1000,0.177175191814759,-0.00431434537104605,0.002,0.0100000000000001,0.00706752785278915
46,"unanchored",1,1,0.6,"none","maic_meanvar",-0.1,1,1000,0.177175191814759,-0.00431434537104605,0.305,0.305,0.0145666463946644
46,"unanchored",1,1,0.6,"none","maic_meanvar",-0.1,2,1000,0.177175191814759,-0.00431434537104605,0.156,0.312,0.0229604700122447
46,"unanchored",1,1,0.6,"none","maic_meanvar",-0.1,5,1000,0.177175191814759,-0.00431434537104605,0.048,0.24,0.0338163206683331
46,"unanchored",1,1,0.6,"none","maic_meanvar",0.1,1,1000,0.177175191814759,-0.00431434537104605,0.277,0.277,0.0141587948453063
46,"unanchored",1,1,0.6,"none","maic_meanvar",0.1,2,1000,0.177175191814759,-0.00431434537104605,0.439,0.439,0.0157011313454008
46,"unanchored",1,1,0.6,"none","maic_meanvar",0.1,5,1000,0.177175191814759,-0.00431434537104605,0.666,0.666,0.014922019523733
46,"unanchored",1,1,0.6,"none","maic_meanvar",0.3,1,1000,0.177175191814759,-0.00431434537104605,0.051,0.0509999999999999,0.00696042006257141
46,"unanchored",1,1,0.6,"none","maic_meanvar",0.3,2,1000,0.177175191814759,-0.00431434537104605,0.12,0.12,0.0102813280127474
46,"unanchored",1,1,0.6,"none","maic_meanvar",0.3,5,1000,0.177175191814759,-0.00431434537104605,0.261,0.261,0.0138950376779651
46,"unanchored",1,1,0.6,"none","unadjusted",-0.3,1,1000,0.89167077993612,0.87881867779648,0,0,0
46,"unanchored",1,1,0.6,"none","unadjusted",-0.3,2,1000,0.89167077993612,0.87881867779648,0,0,0
46,"unanchored",1,1,0.6,"none","unadjusted",-0.3,5,1000,0.89167077993612,0.87881867779648,0,0,0
46,"unanchored",1,1,0.6,"none","unadjusted",-0.1,1,1000,0.89167077993612,0.87881867779648,0,0,0
46,"unanchored",1,1,0.6,"none","unadjusted",-0.1,2,1000,0.89167077993612,0.87881867779648,0,0,0
46,"unanchored",1,1,0.6,"none","unadjusted",-0.1,5,1000,0.89167077993612,0.87881867779648,0,0,0
46,"unanchored",1,1,0.6,"none","unadjusted",0.1,1,1000,0.89167077993612,0.87881867779648,1,1,0
46,"unanchored",1,1,0.6,"none","unadjusted",0.1,2,1000,0.89167077993612,0.87881867779648,1,1,0
46,"unanchored",1,1,0.6,"none","unadjusted",0.1,5,1000,0.89167077993612,0.87881867779648,1,1,0
46,"unanchored",1,1,0.6,"none","unadjusted",0.3,1,1000,0.89167077993612,0.87881867779648,1,1,0
46,"unanchored",1,1,0.6,"none","unadjusted",0.3,2,1000,0.89167077993612,0.87881867779648,1,1,0
46,"unanchored",1,1,0.6,"none","unadjusted",0.3,5,1000,0.89167077993612,0.87881867779648,1,1,0
47,"anchored",4,1,0.6,"none","gcomp",-0.3,1,1000,0.170453098007754,0.00608910929431147,0.033,0.033,0.00565180882045237
47,"anchored",4,1,0.6,"none","gcomp",-0.3,2,1000,0.170453098007754,0.00608910929431147,0.014,0.0280000000000001,0.00743446509651313
47,"anchored",4,1,0.6,"none","gcomp",-0.3,5,1000,0.170453098007754,0.00608910929431147,0.007,0.0349999999999999,0.013188970731219
47,"anchored",4,1,0.6,"none","gcomp",-0.1,1,1000,0.170453098007754,0.00608910929431147,0.282,0.282,0.0142365262152913
47,"anchored",4,1,0.6,"none","gcomp",-0.1,2,1000,0.170453098007754,0.00608910929431147,0.149,0.298,0.0225322813692643
47,"anchored",4,1,0.6,"none","gcomp",-0.1,5,1000,0.170453098007754,0.00608910929431147,0.052,0.26,0.0351231210690856
47,"anchored",4,1,0.6,"none","gcomp",0.1,1,1000,0.170453098007754,0.00608910929431147,0.301,0.301,0.0145123950335432
47,"anchored",4,1,0.6,"none","gcomp",0.1,2,1000,0.170453098007754,0.00608910929431147,0.464,0.464,0.0157782430249046
47,"anchored",4,1,0.6,"none","gcomp",0.1,5,1000,0.170453098007754,0.00608910929431147,0.656,0.656,0.0150296337244089
47,"anchored",4,1,0.6,"none","gcomp",0.3,1,1000,0.170453098007754,0.00608910929431147,0.036,0.036,0.00589395781616557
47,"anchored",4,1,0.6,"none","gcomp",0.3,2,1000,0.170453098007754,0.00608910929431147,0.093,0.093,0.00918887563499669
47,"anchored",4,1,0.6,"none","gcomp",0.3,5,1000,0.170453098007754,0.00608910929431147,0.23,0.23,0.013314551335936
47,"anchored",4,1,0.6,"none","maic_index",-0.3,1,1000,0.234551449941737,0.00917417063380337,0.094,0.094,0.00923305200078773
47,"anchored",4,1,0.6,"none","maic_index",-0.3,2,1000,0.234551449941737,0.00917417063380337,0.045,0.0900000000000001,0.0131176244828122
47,"anchored",4,1,0.6,"none","maic_index",-0.3,5,1000,0.234551449941737,0.00917417063380337,0.019,0.0949999999999998,0.0215972554145532
47,"anchored",4,1,0.6,"none","maic_index",-0.1,1,1000,0.234551449941737,0.00917417063380337,0.311,0.311,0.0146455963857227
47,"anchored",4,1,0.6,"none","maic_index",-0.1,2,1000,0.234551449941737,0.00917417063380337,0.186,0.372,0.0246215804168256
47,"anchored",4,1,0.6,"none","maic_index",-0.1,5,1000,0.234551449941737,0.00917417063380337,0.076,0.38,0.041920846333982
47,"anchored",4,1,0.6,"none","maic_index",0.1,1,1000,0.234551449941737,0.00917417063380337,0.355,0.355,0.0151394915437805
47,"anchored",4,1,0.6,"none","maic_index",0.1,2,1000,0.234551449941737,0.00917417063380337,0.51,0.51,0.0158161357527732
47,"anchored",4,1,0.6,"none","maic_index",0.1,5,1000,0.234551449941737,0.00917417063380337,0.726,0.726,0.0141110992882596
47,"anchored",4,1,0.6,"none","maic_index",0.3,1,1000,0.234551449941737,0.00917417063380337,0.109,0.109,0.00985982840703719
47,"anchored",4,1,0.6,"none","maic_index",0.3,2,1000,0.234551449941737,0.00917417063380337,0.214,0.214,0.0129758380219688
47,"anchored",4,1,0.6,"none","maic_index",0.3,5,1000,0.234551449941737,0.00917417063380337,0.401,0.401,0.0155061097454983
47,"anchored",4,1,0.6,"none","maic_means",-0.3,1,1000,0.233686483079235,0.0149830451248831,0.091,0.0909999999999999,0.00909954953840024
47,"anchored",4,1,0.6,"none","maic_means",-0.3,2,1000,0.233686483079235,0.0149830451248831,0.041,0.0819999999999997,0.0125472480422375
47,"anchored",4,1,0.6,"none","maic_means",-0.3,5,1000,0.233686483079235,0.0149830451248831,0.013,0.0650000000000001,0.0179191544470183
47,"anchored",4,1,0.6,"none","maic_means",-0.1,1,1000,0.233686483079235,0.0149830451248831,0.286,0.286,0.0142971468625179
47,"anchored",4,1,0.6,"none","maic_means",-0.1,2,1000,0.233686483079235,0.0149830451248831,0.176,0.352,0.024097233797195
47,"anchored",4,1,0.6,"none","maic_means",-0.1,5,1000,0.233686483079235,0.0149830451248831,0.074,0.37,0.0414103225635203
47,"anchored",4,1,0.6,"none","maic_means",0.1,1,1000,0.233686483079235,0.0149830451248831,0.354,0.354,0.0151298682384518
47,"anchored",4,1,0.6,"none","maic_means",0.1,2,1000,0.233686483079235,0.0149830451248831,0.536,0.536,0.0157782430249046
47,"anchored",4,1,0.6,"none","maic_means",0.1,5,1000,0.233686483079235,0.0149830451248831,0.739,0.739,0.0138950376779651
47,"anchored",4,1,0.6,"none","maic_means",0.3,1,1000,0.233686483079235,0.0149830451248831,0.114,0.114,0.0100551034358233
47,"anchored",4,1,0.6,"none","maic_means",0.3,2,1000,0.233686483079235,0.0149830451248831,0.213,0.213,0.0129537175667372
47,"anchored",4,1,0.6,"none","maic_means",0.3,5,1000,0.233686483079235,0.0149830451248831,0.398,0.398,0.0154866341028589
47,"anchored",4,1,0.6,"none","maic_meanvar",-0.3,1,1000,0.233910245237964,0.0146603115535709,0.096,0.096,0.00932045443478323
47,"anchored",4,1,0.6,"none","maic_meanvar",-0.3,2,1000,0.233910245237964,0.0146603115535709,0.042,0.0840000000000003,0.0126927185860676
47,"anchored",4,1,0.6,"none","maic_meanvar",-0.3,5,1000,0.233910245237964,0.0146603115535709,0.012,0.0600000000000001,0.0172248859704992
47,"anchored",4,1,0.6,"none","maic_meanvar",-0.1,1,1000,0.233910245237964,0.0146603115535709,0.29,0.29,0.0143563959999057
47,"anchored",4,1,0.6,"none","maic_meanvar",-0.1,2,1000,0.233910245237964,0.0146603115535709,0.177,0.354,0.0241509268407501
47,"anchored",4,1,0.6,"none","maic_meanvar",-0.1,5,1000,0.233910245237964,0.0146603115535709,0.076,0.38,0.041920846333982
47,"anchored",4,1,0.6,"none","maic_meanvar",0.1,1,1000,0.233910245237964,0.0146603115535709,0.352,0.352,0.0151104045056487
47,"anchored",4,1,0.6,"none","maic_meanvar",0.1,2,1000,0.233910245237964,0.0146603115535709,0.54,0.54,0.0157685969143944
47,"anchored",4,1,0.6,"none","maic_meanvar",0.1,5,1000,0.233910245237964,0.0146603115535709,0.737,0.737,0.0139292865942597
47,"anchored",4,1,0.6,"none","maic_meanvar",0.3,1,1000,0.233910245237964,0.0146603115535709,0.111,0.111,0.00993870101058373
47,"anchored",4,1,0.6,"none","maic_meanvar",0.3,2,1000,0.233910245237964,0.0146603115535709,0.217,0.217,0.0130415137572707
47,"anchored",4,1,0.6,"none","maic_meanvar",0.3,5,1000,0.233910245237964,0.0146603115535709,0.404,0.404,0.0155249806771226
47,"anchored",4,1,0.6,"none","unadjusted",-0.3,1,1000,0.190033875803421,0.013438469428619,0.051,0.0509999999999999,0.00696042006257142
47,"anchored",4,1,0.6,"none","unadjusted",-0.3,2,1000,0.190033875803421,0.013438469428619,0.016,0.032,0.00793971278063882
47,"anchored",4,1,0.6,"none","unadjusted",-0.3,5,1000,0.190033875803421,0.013438469428619,0.006,0.0300000000000001,0.0122167609966492
47,"anchored",4,1,0.6,"none","unadjusted",-0.1,1,1000,0.190033875803421,0.013438469428619,0.277,0.277,0.0141587948453063
47,"anchored",4,1,0.6,"none","unadjusted",-0.1,2,1000,0.190033875803421,0.013438469428619,0.154,0.308,0.0228398261301974
47,"anchored",4,1,0.6,"none","unadjusted",-0.1,5,1000,0.190033875803421,0.013438469428619,0.056,0.28,0.0363720074084856
47,"anchored",4,1,0.6,"none","unadjusted",0.1,1,1000,0.190033875803421,0.013438469428619,0.331,0.331,0.0148882725882039
47,"anchored",4,1,0.6,"none","unadjusted",0.1,2,1000,0.190033875803421,0.013438469428619,0.5,0.5,0.0158192999292083
47,"anchored",4,1,0.6,"none","unadjusted",0.1,5,1000,0.190033875803421,0.013438469428619,0.692,0.692,0.0146064831273428
47,"anchored",4,1,0.6,"none","unadjusted",0.3,1,1000,0.190033875803421,0.013438469428619,0.065,0.065,0.00779973306183202
47,"anchored",4,1,0.6,"none","unadjusted",0.3,2,1000,0.190033875803421,0.013438469428619,0.146,0.146,0.0111717862854965
47,"anchored",4,1,0.6,"none","unadjusted",0.3,5,1000,0.190033875803421,0.013438469428619,0.3,0.3,0.0144986278733614
48,"unanchored",4,1,0.6,"none","gcomp",-0.3,1,1000,0.121010208383754,-0.00666732550987377,0.006,0.00600000000000001,0.00244335219932984
48,"unanchored",4,1,0.6,"none","gcomp",-0.3,2,1000,0.121010208383754,-0.00666732550987377,0.003,0.00600000000000008,0.00346063230869387
48,"unanchored",4,1,0.6,"none","gcomp",-0.3,5,1000,0.121010208383754,-0.00666732550987377,0.001,0.00500000000000006,0.00500000000000001
48,"unanchored",4,1,0.6,"none","gcomp",-0.1,1,1000,0.121010208383754,-0.00666732550987377,0.218,0.218,0.0130631790405953
48,"unanchored",4,1,0.6,"none","gcomp",-0.1,2,1000,0.121010208383754,-0.00666732550987377,0.116,0.232,0.020262936277514
48,"unanchored",4,1,0.6,"none","gcomp",-0.1,5,1000,0.121010208383754,-0.00666732550987377,0.037,0.185,0.0298607881119481
48,"unanchored",4,1,0.6,"none","gcomp",0.1,1,1000,0.121010208383754,-0.00666732550987377,0.187,0.187,0.0123362548280741
48,"unanchored",4,1,0.6,"none","gcomp",0.1,2,1000,0.121010208383754,-0.00666732550987377,0.322,0.322,0.0147829136009967
48,"unanchored",4,1,0.6,"none","gcomp",0.1,5,1000,0.121010208383754,-0.00666732550987377,0.571,0.571,0.0156589975478703
48,"unanchored",4,1,0.6,"none","gcomp",0.3,1,1000,0.121010208383754,-0.00666732550987377,0.006,0.00600000000000001,0.00244335219932983
48,"unanchored",4,1,0.6,"none","gcomp",0.3,2,1000,0.121010208383754,-0.00666732550987377,0.018,0.0180000000000001,0.00420638724961147
48,"unanchored",4,1,0.6,"none","gcomp",0.3,5,1000,0.121010208383754,-0.00666732550987377,0.082,0.082,0.00868051561552373
48,"unanchored",4,1,0.6,"none","maic_index",-0.3,1,1000,0.131183734007091,-0.023651451237304,0.02,0.02,0.00442940398017834
48,"unanchored",4,1,0.6,"none","maic_index",-0.3,2,1000,0.131183734007091,-0.023651451237304,0.002,0.004,0.00282701114111561
48,"unanchored",4,1,0.6,"none","maic_index",-0.3,5,1000,0.131183734007091,-0.023651451237304,0,0,0
48,"unanchored",4,1,0.6,"none","maic_index",-0.1,1,1000,0.131183734007091,-0.023651451237304,0.275,0.275,0.0141270865564905
48,"unanchored",4,1,0.6,"none","maic_index",-0.1,2,1000,0.131183734007091,-0.023651451237304,0.128,0.256,0.0211402675222173
48,"unanchored",4,1,0.6,"none","maic_index",-0.1,5,1000,0.131183734007091,-0.023651451237304,0.033,0.165000000000001,0.0282590441022618
48,"unanchored",4,1,0.6,"none","maic_index",0.1,1,1000,0.131183734007091,-0.023651451237304,0.164,0.164,0.0117150006931813
48,"unanchored",4,1,0.6,"none","maic_index",0.1,2,1000,0.131183734007091,-0.023651451237304,0.352,0.352,0.0151104045056487
48,"unanchored",4,1,0.6,"none","maic_index",0.1,5,1000,0.131183734007091,-0.023651451237304,0.638,0.638,0.0152048409129195
48,"unanchored",4,1,0.6,"none","maic_index",0.3,1,1000,0.131183734007091,-0.023651451237304,0.004,0.004,0.00199699473909873
48,"unanchored",4,1,0.6,"none","maic_index",0.3,2,1000,0.131183734007091,-0.023651451237304,0.028,0.0280000000000001,0.00521950603441006
48,"unanchored",4,1,0.6,"none","maic_index",0.3,5,1000,0.131183734007091,-0.023651451237304,0.108,0.108,0.0098200016513457
48,"unanchored",4,1,0.6,"none","maic_means",-0.3,1,1000,0.130178143965243,-0.016228262828049,0.019,0.019,0.00431945108291062
48,"unanchored",4,1,0.6,"none","maic_means",-0.3,2,1000,0.130178143965243,-0.016228262828049,0.002,0.004,0.00282701114111561
48,"unanchored",4,1,0.6,"none","maic_means",-0.3,5,1000,0.130178143965243,-0.016228262828049,0,0,0
48,"unanchored",4,1,0.6,"none","maic_means",-0.1,1,1000,0.130178143965243,-0.016228262828049,0.261,0.261,0.0138950376779651
48,"unanchored",4,1,0.6,"none","maic_means",-0.1,2,1000,0.130178143965243,-0.016228262828049,0.114,0.228,0.0201102068716467
48,"unanchored",4,1,0.6,"none","maic_means",-0.1,5,1000,0.130178143965243,-0.016228262828049,0.034,0.17,0.0286691806984771
48,"unanchored",4,1,0.6,"none","maic_means",0.1,1,1000,0.130178143965243,-0.016228262828049,0.185,0.185,0.0122851913263867
48,"unanchored",4,1,0.6,"none","maic_means",0.1,2,1000,0.130178143965243,-0.016228262828049,0.368,0.368,0.0152580735615218
48,"unanchored",4,1,0.6,"none","maic_means",0.1,5,1000,0.130178143965243,-0.016228262828049,0.637,0.637,0.0152138904446713
48,"unanchored",4,1,0.6,"none","maic_means",0.3,1,1000,0.130178143965243,-0.016228262828049,0.003,0.00300000000000003,0.00173031615434694
48,"unanchored",4,1,0.6,"none","maic_means",0.3,2,1000,0.130178143965243,-0.016228262828049,0.03,0.03,0.00539714082909919
48,"unanchored",4,1,0.6,"none","maic_means",0.3,5,1000,0.130178143965243,-0.016228262828049,0.123,0.123,0.0103912934218499
48,"unanchored",4,1,0.6,"none","maic_meanvar",-0.3,1,1000,0.131186512824855,-0.0248236483366163,0.023,0.023,0.0047427305946568
48,"unanchored",4,1,0.6,"none","maic_meanvar",-0.3,2,1000,0.131186512824855,-0.0248236483366163,0.001,0.002,0.00200000000000002
48,"unanchored",4,1,0.6,"none","maic_meanvar",-0.3,5,1000,0.131186512824855,-0.0248236483366163,0,0,0
48,"unanchored",4,1,0.6,"none","maic_meanvar",-0.1,1,1000,0.131186512824855,-0.0248236483366163,0.283,0.283,0.0142518109064818
48,"unanchored",4,1,0.6,"none","maic_meanvar",-0.1,2,1000,0.131186512824855,-0.0248236483366163,0.13,0.26,0.0212803395849987
48,"unanchored",4,1,0.6,"none","maic_meanvar",-0.1,5,1000,0.131186512824855,-0.0248236483366163,0.036,0.18,0.0294697890808279
48,"unanchored",4,1,0.6,"none","maic_meanvar",0.1,1,1000,0.131186512824855,-0.0248236483366163,0.159,0.159,0.0115694793682713
48,"unanchored",4,1,0.6,"none","maic_meanvar",0.1,2,1000,0.131186512824855,-0.0248236483366163,0.347,0.347,0.0150604720317066
48,"unanchored",4,1,0.6,"none","maic_meanvar",0.1,5,1000,0.131186512824855,-0.0248236483366163,0.628,0.628,0.0152921499420406
48,"unanchored",4,1,0.6,"none","maic_meanvar",0.3,1,1000,0.131186512824855,-0.0248236483366163,0.003,0.00300000000000004,0.00173031615434694
48,"unanchored",4,1,0.6,"none","maic_meanvar",0.3,2,1000,0.131186512824855,-0.0248236483366163,0.026,0.0260000000000001,0.00503481373531822
48,"unanchored",4,1,0.6,"none","maic_meanvar",0.3,5,1000,0.131186512824855,-0.0248236483366163,0.104,0.104,0.00965801621852431
48,"unanchored",4,1,0.6,"none","unadjusted",-0.3,1,1000,1.28032612099887,1.27349822936551,0,0,0
48,"unanchored",4,1,0.6,"none","unadjusted",-0.3,2,1000,1.28032612099887,1.27349822936551,0,0,0
48,"unanchored",4,1,0.6,"none","unadjusted",-0.3,5,1000,1.28032612099887,1.27349822936551,0,0,0
48,"unanchored",4,1,0.6,"none","unadjusted",-0.1,1,1000,1.28032612099887,1.27349822936551,0,0,0
48,"unanchored",4,1,0.6,"none","unadjusted",-0.1,2,1000,1.28032612099887,1.27349822936551,0,0,0
48,"unanchored",4,1,0.6,"none","unadjusted",-0.1,5,1000,1.28032612099887,1.27349822936551,0,0,0
48,"unanchored",4,1,0.6,"none","unadjusted",0.1,1,1000,1.28032612099887,1.27349822936551,1,1,0
48,"unanchored",4,1,0.6,"none","unadjusted",0.1,2,1000,1.28032612099887,1.27349822936551,1,1,0
48,"unanchored",4,1,0.6,"none","unadjusted",0.1,5,1000,1.28032612099887,1.27349822936551,1,1,0
48,"unanchored",4,1,0.6,"none","unadjusted",0.3,1,1000,1.28032612099887,1.27349822936551,1,1,0
48,"unanchored",4,1,0.6,"none","unadjusted",0.3,2,1000,1.28032612099887,1.27349822936551,1,1,0
48,"unanchored",4,1,0.6,"none","unadjusted",0.3,5,1000,1.28032612099887,1.27349822936551,1,1,0
49,"anchored",0.25,2,0.6,"none","gcomp",-0.3,1,1000,0.203461252460566,0.00286611422328036,0.058,0.0580000000000001,0.00739531545579295
49,"anchored",0.25,2,0.6,"none","gcomp",-0.3,2,1000,0.203461252460566,0.00286611422328036,0.029,0.0580000000000001,0.010618321371514
49,"anchored",0.25,2,0.6,"none","gcomp",-0.3,5,1000,0.203461252460566,0.00286611422328036,0.008,0.04,0.0140925015025224
49,"anchored",0.25,2,0.6,"none","gcomp",-0.1,1,1000,0.203461252460566,0.00286611422328036,0.304,0.304,0.0145532056879504
49,"anchored",0.25,2,0.6,"none","gcomp",-0.1,2,1000,0.203461252460566,0.00286611422328036,0.173,0.346,0.0239344282751199
49,"anchored",0.25,2,0.6,"none","gcomp",-0.1,5,1000,0.203461252460566,0.00286611422328036,0.063,0.315,0.0384350393814321
49,"anchored",0.25,2,0.6,"none","gcomp",0.1,1,1000,0.203461252460566,0.00286611422328036,0.3,0.3,0.0144986278733614
49,"anchored",0.25,2,0.6,"none","gcomp",0.1,2,1000,0.203461252460566,0.00286611422328036,0.463,0.463,0.0157759272272624
49,"anchored",0.25,2,0.6,"none","gcomp",0.1,5,1000,0.203461252460566,0.00286611422328036,0.686,0.686,0.014683991951088
49,"anchored",0.25,2,0.6,"none","gcomp",0.3,1,1000,0.203461252460566,0.00286611422328036,0.076,0.076,0.00838416926679637
49,"anchored",0.25,2,0.6,"none","gcomp",0.3,2,1000,0.203461252460566,0.00286611422328036,0.141,0.141,0.0110109145959924
49,"anchored",0.25,2,0.6,"none","gcomp",0.3,5,1000,0.203461252460566,0.00286611422328036,0.294,0.294,0.0144142905400082
49,"anchored",0.25,2,0.6,"none","maic_index",-0.3,1,1000,0.227067307840055,-0.00120448511874426,0.089,0.0889999999999998,0.0090088933926515
49,"anchored",0.25,2,0.6,"none","maic_index",-0.3,2,1000,0.227067307840055,-0.00120448511874426,0.042,0.0840000000000003,0.0126927185860677
49,"anchored",0.25,2,0.6,"none","maic_index",-0.3,5,1000,0.227067307840055,-0.00120448511874426,0.012,0.06,0.0172248859704992
49,"anchored",0.25,2,0.6,"none","maic_index",-0.1,1,1000,0.227067307840055,-0.00120448511874426,0.325,0.325,0.0148187244590955
49,"anchored",0.25,2,0.6,"none","maic_index",-0.1,2,1000,0.227067307840055,-0.00120448511874426,0.193,0.386,0.0249725374687402
49,"anchored",0.25,2,0.6,"none","maic_index",-0.1,5,1000,0.227067307840055,-0.00120448511874426,0.077,0.385,0.0421729007012029
49,"anchored",0.25,2,0.6,"none","maic_index",0.1,1,1000,0.227067307840055,-0.00120448511874426,0.313,0.313,0.0146712728229779
49,"anchored",0.25,2,0.6,"none","maic_index",0.1,2,1000,0.227067307840055,-0.00120448511874426,0.48,0.48,0.0158066394230352
49,"anchored",0.25,2,0.6,"none","maic_index",0.1,5,1000,0.227067307840055,-0.00120448511874426,0.695,0.695,0.0145666463946644
49,"anchored",0.25,2,0.6,"none","maic_index",0.3,1,1000,0.227067307840055,-0.00120448511874426,0.1,0.1,0.00949157995752506
49,"anchored",0.25,2,0.6,"none","maic_index",0.3,2,1000,0.227067307840055,-0.00120448511874426,0.185,0.185,0.0122851913263867
49,"anchored",0.25,2,0.6,"none","maic_index",0.3,5,1000,0.227067307840055,-0.00120448511874426,0.341,0.341,0.0149981313484027
49,"anchored",0.25,2,0.6,"none","maic_means",-0.3,1,1000,0.236252201681145,-0.0306933529149548,0.121,0.121,0.0103182103809461
49,"anchored",0.25,2,0.6,"none","maic_means",-0.3,2,1000,0.236252201681145,-0.0306933529149548,0.062,0.124,0.0152596479925606
49,"anchored",0.25,2,0.6,"none","maic_means",-0.3,5,1000,0.236252201681145,-0.0306933529149548,0.02,0.0999999999999997,0.0221470199008915
49,"anchored",0.25,2,0.6,"none","maic_means",-0.1,1,1000,0.236252201681145,-0.0306933529149548,0.38,0.38,0.0153569474777976
49,"anchored",0.25,2,0.6,"none","maic_means",-0.1,2,1000,0.236252201681145,-0.0306933529149548,0.225,0.45,0.0264234403172295
49,"anchored",0.25,2,0.6,"none","maic_means",-0.1,5,1000,0.236252201681145,-0.0306933529149548,0.097,0.485,0.0468184468662398
49,"anchored",0.25,2,0.6,"none","maic_means",0.1,1,1000,0.236252201681145,-0.0306933529149548,0.276,0.276,0.0141429849757407
49,"anchored",0.25,2,0.6,"none","maic_means",0.1,2,1000,0.236252201681145,-0.0306933529149548,0.441,0.441,0.0157087798942427
49,"anchored",0.25,2,0.6,"none","maic_means",0.1,5,1000,0.236252201681145,-0.0306933529149548,0.664,0.664,0.014944140233795
49,"anchored",0.25,2,0.6,"none","maic_means",0.3,1,1000,0.236252201681145,-0.0306933529149548,0.084,0.084,0.00877616208949114
49,"anchored",0.25,2,0.6,"none","maic_means",0.3,2,1000,0.236252201681145,-0.0306933529149548,0.165,0.165,0.0117436328669161
49,"anchored",0.25,2,0.6,"none","maic_means",0.3,5,1000,0.236252201681145,-0.0306933529149548,0.313,0.313,0.0146712728229779
49,"anchored",0.25,2,0.6,"none","maic_meanvar",-0.3,1,1000,0.245901655475849,0.0057032942544079,0.103,0.103,0.0096168333396958
49,"anchored",0.25,2,0.6,"none","maic_meanvar",-0.3,2,1000,0.245901655475849,0.0057032942544079,0.045,0.0900000000000001,0.0131176244828123
49,"anchored",0.25,2,0.6,"none","maic_meanvar",-0.3,5,1000,0.245901655475849,0.0057032942544079,0.006,0.03,0.0122167609966493
49,"anchored",0.25,2,0.6,"none","maic_meanvar",-0.1,1,1000,0.245901655475849,0.0057032942544079,0.346,0.346,0.0150502661275645
49,"anchored",0.25,2,0.6,"none","maic_meanvar",-0.1,2,1000,0.245901655475849,0.0057032942544079,0.194,0.387999999999999,0.0250216322825287
49,"anchored",0.25,2,0.6,"none","maic_meanvar",-0.1,5,1000,0.245901655475849,0.0057032942544079,0.078,0.39,0.0424228676505928
49,"anchored",0.25,2,0.6,"none","maic_meanvar",0.1,1,1000,0.245901655475849,0.0057032942544079,0.34,0.34,0.0149874822643639
49,"anchored",0.25,2,0.6,"none","maic_meanvar",0.1,2,1000,0.245901655475849,0.0057032942544079,0.515,0.515,0.0158121796418149
49,"anchored",0.25,2,0.6,"none","maic_meanvar",0.1,5,1000,0.245901655475849,0.0057032942544079,0.707,0.706999999999999,0.0143999429984413
49,"anchored",0.25,2,0.6,"none","maic_meanvar",0.3,1,1000,0.245901655475849,0.0057032942544079,0.126,0.126,0.010499249222408
49,"anchored",0.25,2,0.6,"none","maic_meanvar",0.3,2,1000,0.245901655475849,0.0057032942544079,0.223,0.223,0.0131698308434257
49,"anchored",0.25,2,0.6,"none","maic_meanvar",0.3,5,1000,0.245901655475849,0.0057032942544079,0.396,0.396,0.0154733132658594
49,"anchored",0.25,2,0.6,"none","unadjusted",-0.3,1,1000,0.206120753926341,-0.0201806105355219,0.081,0.0810000000000001,0.00863212103214005
49,"anchored",0.25,2,0.6,"none","unadjusted",-0.3,2,1000,0.206120753926341,-0.0201806105355219,0.036,0.0720000000000003,0.0117879156323312
49,"anchored",0.25,2,0.6,"none","unadjusted",-0.3,5,1000,0.206120753926341,-0.0201806105355219,0.015,0.0750000000000004,0.019228747872515
49,"anchored",0.25,2,0.6,"none","unadjusted",-0.1,1,1000,0.206120753926341,-0.0201806105355219,0.346,0.346,0.0150502661275644
49,"anchored",0.25,2,0.6,"none","unadjusted",-0.1,2,1000,0.206120753926341,-0.0201806105355219,0.198,0.396,0.0252154678683507
49,"anchored",0.25,2,0.6,"none","unadjusted",-0.1,5,1000,0.206120753926341,-0.0201806105355219,0.084,0.419999999999999,0.0438808104474557
49,"anchored",0.25,2,0.6,"none","unadjusted",0.1,1,1000,0.206120753926341,-0.0201806105355219,0.269,0.269,0.0140298195225682
49,"anchored",0.25,2,0.6,"none","unadjusted",0.1,2,1000,0.206120753926341,-0.0201806105355219,0.414,0.414,0.0155835441041775
49,"anchored",0.25,2,0.6,"none","unadjusted",0.1,5,1000,0.206120753926341,-0.0201806105355219,0.638,0.638,0.0152048409129195
49,"anchored",0.25,2,0.6,"none","unadjusted",0.3,1,1000,0.206120753926341,-0.0201806105355219,0.065,0.065,0.00779973306183202
49,"anchored",0.25,2,0.6,"none","unadjusted",0.3,2,1000,0.206120753926341,-0.0201806105355219,0.118,0.118,0.0102068692643818
49,"anchored",0.25,2,0.6,"none","unadjusted",0.3,5,1000,0.206120753926341,-0.0201806105355219,0.261,0.261,0.0138950376779651
50,"unanchored",0.25,2,0.6,"none","gcomp",-0.3,1,1000,0.171181562682887,0.0108942782462025,0.03,0.03,0.00539714082909919
50,"unanchored",0.25,2,0.6,"none","gcomp",-0.3,2,1000,0.171181562682887,0.0108942782462025,0.012,0.024,0.00688995438819967
50,"unanchored",0.25,2,0.6,"none","gcomp",-0.3,5,1000,0.171181562682887,0.0108942782462025,0.004,0.0200000000000003,0.00998497369549358
50,"unanchored",0.25,2,0.6,"none","gcomp",-0.1,1,1000,0.171181562682887,0.0108942782462025,0.265,0.265,0.01396316475481
50,"unanchored",0.25,2,0.6,"none","gcomp",-0.1,2,1000,0.171181562682887,0.0108942782462025,0.144,0.288,0.0222159750978783
50,"unanchored",0.25,2,0.6,"none","gcomp",-0.1,5,1000,0.171181562682887,0.0108942782462025,0.051,0.255,0.0348021003128576
50,"unanchored",0.25,2,0.6,"none","gcomp",0.1,1,1000,0.171181562682887,0.0108942782462025,0.299,0.299,0.0144847785212205
50,"unanchored",0.25,2,0.6,"none","gcomp",0.1,2,1000,0.171181562682887,0.0108942782462025,0.444,0.444,0.0157197681634021
50,"unanchored",0.25,2,0.6,"none","gcomp",0.1,5,1000,0.171181562682887,0.0108942782462025,0.651,0.651,0.0150806639915631
50,"unanchored",0.25,2,0.6,"none","gcomp",0.3,1,1000,0.171181562682887,0.0108942782462025,0.05,0.0500000000000001,0.00689547297489789
50,"unanchored",0.25,2,0.6,"none","gcomp",0.3,2,1000,0.171181562682887,0.0108942782462025,0.094,0.094,0.00923305200078772
50,"unanchored",0.25,2,0.6,"none","gcomp",0.3,5,1000,0.171181562682887,0.0108942782462025,0.229,0.229,0.0132941993266136
50,"unanchored",0.25,2,0.6,"none","maic_index",-0.3,1,1000,0.176453998954898,0.012352550856095,0.03,0.03,0.00539714082909919
50,"unanchored",0.25,2,0.6,"none","maic_index",-0.3,2,1000,0.176453998954898,0.012352550856095,0.016,0.032,0.00793971278063883
50,"unanchored",0.25,2,0.6,"none","maic_index",-0.3,5,1000,0.176453998954898,0.012352550856095,0.004,0.0200000000000003,0.00998497369549358
50,"unanchored",0.25,2,0.6,"none","maic_index",-0.1,1,1000,0.176453998954898,0.012352550856095,0.272,0.272,0.0140788569924626
50,"unanchored",0.25,2,0.6,"none","maic_index",-0.1,2,1000,0.176453998954898,0.012352550856095,0.143,0.286,0.0221516296171341
50,"unanchored",0.25,2,0.6,"none","maic_index",-0.1,5,1000,0.176453998954898,0.012352550856095,0.055,0.275,0.0360648814731955
50,"unanchored",0.25,2,0.6,"none","maic_index",0.1,1,1000,0.176453998954898,0.012352550856095,0.308,0.308,0.0146064831273428
50,"unanchored",0.25,2,0.6,"none","maic_index",0.1,2,1000,0.176453998954898,0.012352550856095,0.454,0.454,0.0157522103887718
50,"unanchored",0.25,2,0.6,"none","maic_index",0.1,5,1000,0.176453998954898,0.012352550856095,0.654,0.654,0.0150502661275644
50,"unanchored",0.25,2,0.6,"none","maic_index",0.3,1,1000,0.176453998954898,0.012352550856095,0.055,0.055,0.00721297629463923
50,"unanchored",0.25,2,0.6,"none","maic_index",0.3,2,1000,0.176453998954898,0.012352550856095,0.105,0.105,0.00969892102602497
50,"unanchored",0.25,2,0.6,"none","maic_index",0.3,5,1000,0.176453998954898,0.012352550856095,0.24,0.24,0.0135123122589208
50,"unanchored",0.25,2,0.6,"none","maic_means",-0.3,1,1000,0.179666675711682,-0.039166400488451,0.054,0.054,0.00715088352129544
50,"unanchored",0.25,2,0.6,"none","maic_means",-0.3,2,1000,0.179666675711682,-0.039166400488451,0.024,0.048,0.00968451288345414
50,"unanchored",0.25,2,0.6,"none","maic_means",-0.3,5,1000,0.179666675711682,-0.039166400488451,0.006,0.03,0.0122167609966493
50,"unanchored",0.25,2,0.6,"none","maic_means",-0.1,1,1000,0.179666675711682,-0.039166400488451,0.377,0.377,0.0153331701257799
50,"unanchored",0.25,2,0.6,"none","maic_means",-0.1,2,1000,0.179666675711682,-0.039166400488451,0.218,0.436,0.0261263580811906
50,"unanchored",0.25,2,0.6,"none","maic_means",-0.1,5,1000,0.179666675711682,-0.039166400488451,0.089,0.445,0.0450444669632573
50,"unanchored",0.25,2,0.6,"none","maic_means",0.1,1,1000,0.179666675711682,-0.039166400488451,0.214,0.214,0.0129758380219688
50,"unanchored",0.25,2,0.6,"none","maic_means",0.1,2,1000,0.179666675711682,-0.039166400488451,0.343,0.343,0.015019206922357
50,"unanchored",0.25,2,0.6,"none","maic_means",0.1,5,1000,0.179666675711682,-0.039166400488451,0.571,0.571,0.0156589975478703
50,"unanchored",0.25,2,0.6,"none","maic_means",0.3,1,1000,0.179666675711682,-0.039166400488451,0.031,0.031,0.0054835270646792
50,"unanchored",0.25,2,0.6,"none","maic_means",0.3,2,1000,0.179666675711682,-0.039166400488451,0.071,0.0710000000000001,0.00812557844248792
50,"unanchored",0.25,2,0.6,"none","maic_means",0.3,5,1000,0.179666675711682,-0.039166400488451,0.176,0.176,0.0120486168985975
50,"unanchored",0.25,2,0.6,"none","maic_meanvar",-0.3,1,1000,0.192681619562438,0.0127894851736299,0.045,0.045,0.0065588122414061
50,"unanchored",0.25,2,0.6,"none","maic_meanvar",-0.3,2,1000,0.192681619562438,0.0127894851736299,0.019,0.0380000000000001,0.00863890216582121
50,"unanchored",0.25,2,0.6,"none","maic_meanvar",-0.3,5,1000,0.192681619562438,0.0127894851736299,0.005,0.0249999999999998,0.0111579343742244
50,"unanchored",0.25,2,0.6,"none","maic_meanvar",-0.1,1,1000,0.192681619562438,0.0127894851736299,0.29,0.29,0.0143563959999057
50,"unanchored",0.25,2,0.6,"none","maic_meanvar",-0.1,2,1000,0.192681619562438,0.0127894851736299,0.152,0.304,0.0227178366069506
50,"unanchored",0.25,2,0.6,"none","maic_meanvar",-0.1,5,1000,0.192681619562438,0.0127894851736299,0.058,0.29,0.0369765772789652
50,"unanchored",0.25,2,0.6,"none","maic_meanvar",0.1,1,1000,0.192681619562438,0.0127894851736299,0.323,0.323,0.0147949278433486
50,"unanchored",0.25,2,0.6,"none","maic_meanvar",0.1,2,1000,0.192681619562438,0.0127894851736299,0.487,0.487,0.0158139521018966
50,"unanchored",0.25,2,0.6,"none","maic_meanvar",0.1,5,1000,0.192681619562438,0.0127894851736299,0.677,0.677,0.0147949278433486
50,"unanchored",0.25,2,0.6,"none","maic_meanvar",0.3,1,1000,0.192681619562438,0.0127894851736299,0.067,0.0669999999999999,0.00791034598317755
50,"unanchored",0.25,2,0.6,"none","maic_meanvar",0.3,2,1000,0.192681619562438,0.0127894851736299,0.132,0.132,0.010709373963528
50,"unanchored",0.25,2,0.6,"none","maic_meanvar",0.3,5,1000,0.192681619562438,0.0127894851736299,0.29,0.29,0.0143563959999057
50,"unanchored",0.25,2,0.6,"none","unadjusted",-0.3,1,1000,0.461933149667912,0.434436129607356,0,0,0
50,"unanchored",0.25,2,0.6,"none","unadjusted",-0.3,2,1000,0.461933149667912,0.434436129607356,0,0,0
50,"unanchored",0.25,2,0.6,"none","unadjusted",-0.3,5,1000,0.461933149667912,0.434436129607356,0,0,0
50,"unanchored",0.25,2,0.6,"none","unadjusted",-0.1,1,1000,0.461933149667912,0.434436129607356,0.001,0.000999999999999999,0.00100000000000001
50,"unanchored",0.25,2,0.6,"none","unadjusted",-0.1,2,1000,0.461933149667912,0.434436129607356,0,0,0
50,"unanchored",0.25,2,0.6,"none","unadjusted",-0.1,5,1000,0.461933149667912,0.434436129607356,0,0,0
50,"unanchored",0.25,2,0.6,"none","unadjusted",0.1,1,1000,0.461933149667912,0.434436129607356,0.987,0.987,0.00358383088940363
50,"unanchored",0.25,2,0.6,"none","unadjusted",0.1,2,1000,0.461933149667912,0.434436129607356,0.993,0.993,0.00263779414624377
50,"unanchored",0.25,2,0.6,"none","unadjusted",0.1,5,1000,0.461933149667912,0.434436129607356,0.998,0.998,0.00141350557055779
50,"unanchored",0.25,2,0.6,"none","unadjusted",0.3,1,1000,0.461933149667912,0.434436129607356,0.799,0.799,0.0126791072146173
50,"unanchored",0.25,2,0.6,"none","unadjusted",0.3,2,1000,0.461933149667912,0.434436129607356,0.901,0.901,0.00944924802766276
50,"unanchored",0.25,2,0.6,"none","unadjusted",0.3,5,1000,0.461933149667912,0.434436129607356,0.968,0.968,0.00556839357508133
51,"anchored",1,2,0.6,"none","gcomp",-0.3,1,1000,0.190702214827488,0.00349674914191117,0.05,0.05,0.0068954729748979
51,"anchored",1,2,0.6,"none","gcomp",-0.3,2,1000,0.190702214827488,0.00349674914191117,0.02,0.04,0.00885880796035671
51,"anchored",1,2,0.6,"none","gcomp",-0.3,5,1000,0.190702214827488,0.00349674914191117,0.002,0.0100000000000002,0.00706752785278934
51,"anchored",1,2,0.6,"none","gcomp",-0.1,1,1000,0.190702214827488,0.00349674914191117,0.305,0.305,0.0145666463946644
51,"anchored",1,2,0.6,"none","gcomp",-0.1,2,1000,0.190702214827488,0.00349674914191117,0.169,0.338,0.0237132519557802
51,"anchored",1,2,0.6,"none","gcomp",-0.1,5,1000,0.190702214827488,0.00349674914191117,0.061,0.305,0.037860380457787
51,"anchored",1,2,0.6,"none","gcomp",0.1,1,1000,0.190702214827488,0.00349674914191117,0.29,0.29,0.0143563959999057
51,"anchored",1,2,0.6,"none","gcomp",0.1,2,1000,0.190702214827488,0.00349674914191117,0.456,0.456,0.0157579285539792
51,"anchored",1,2,0.6,"none","gcomp",0.1,5,1000,0.190702214827488,0.00349674914191117,0.667,0.667,0.0149108461642299
51,"anchored",1,2,0.6,"none","gcomp",0.3,1,1000,0.190702214827488,0.00349674914191117,0.066,0.066,0.00785529793869758
51,"anchored",1,2,0.6,"none","gcomp",0.3,2,1000,0.190702214827488,0.00349674914191117,0.127,0.127,0.0105347986208558
51,"anchored",1,2,0.6,"none","gcomp",0.3,5,1000,0.190702214827488,0.00349674914191117,0.264,0.264,0.0139462718494405
51,"anchored",1,2,0.6,"none","maic_index",-0.3,1,1000,0.215476702292049,0.00553692854148851,0.075,0.075,0.00833333333333335
51,"anchored",1,2,0.6,"none","maic_index",-0.3,2,1000,0.215476702292049,0.00553692854148851,0.03,0.0600000000000001,0.0107942816581984
51,"anchored",1,2,0.6,"none","maic_index",-0.3,5,1000,0.215476702292049,0.00553692854148851,0.008,0.04,0.0140925015025224
51,"anchored",1,2,0.6,"none","maic_index",-0.1,1,1000,0.215476702292049,0.00553692854148851,0.321,0.321,0.0147708218179346
51,"anchored",1,2,0.6,"none","maic_index",-0.1,2,1000,0.215476702292049,0.00553692854148851,0.177,0.354,0.0241509268407501
51,"anchored",1,2,0.6,"none","maic_index",-0.1,5,1000,0.215476702292049,0.00553692854148851,0.071,0.355,0.0406278922124401
51,"anchored",1,2,0.6,"none","maic_index",0.1,1,1000,0.215476702292049,0.00553692854148851,0.333,0.333,0.0149108461642299
51,"anchored",1,2,0.6,"none","maic_index",0.1,2,1000,0.215476702292049,0.00553692854148851,0.489,0.489,0.0158154711952927
51,"anchored",1,2,0.6,"none","maic_index",0.1,5,1000,0.215476702292049,0.00553692854148851,0.688,0.688,0.014658474370509
51,"anchored",1,2,0.6,"none","maic_index",0.3,1,1000,0.215476702292049,0.00553692854148851,0.089,0.0889999999999999,0.00900889339265151
51,"anchored",1,2,0.6,"none","maic_index",0.3,2,1000,0.215476702292049,0.00553692854148851,0.171,0.171,0.0119122164562646
51,"anchored",1,2,0.6,"none","maic_index",0.3,5,1000,0.215476702292049,0.00553692854148851,0.337,0.337,0.0149550879186536
51,"anchored",1,2,0.6,"none","maic_means",-0.3,1,1000,0.230029961910464,-0.0736553672470607,0.153,0.153,0.0113895004596655
51,"anchored",1,2,0.6,"none","maic_means",-0.3,2,1000,0.230029961910464,-0.0736553672470607,0.073,0.146,0.0164607094304881
51,"anchored",1,2,0.6,"none","maic_means",-0.3,5,1000,0.230029961910464,-0.0736553672470607,0.026,0.13,0.0251740686765914
51,"anchored",1,2,0.6,"none","maic_means",-0.1,1,1000,0.230029961910464,-0.0736553672470607,0.465,0.465,0.0157804950500302
51,"anchored",1,2,0.6,"none","maic_means",-0.1,2,1000,0.230029961910464,-0.0736553672470607,0.287,0.574,0.0286241741076199
51,"anchored",1,2,0.6,"none","maic_means",-0.1,5,1000,0.230029961910464,-0.0736553672470607,0.143,0.715,0.0553790740428358
51,"anchored",1,2,0.6,"none","maic_means",0.1,1,1000,0.230029961910464,-0.0736553672470607,0.21,0.21,0.0128866623322745
51,"anchored",1,2,0.6,"none","maic_means",0.1,2,1000,0.230029961910464,-0.0736553672470607,0.347,0.347,0.0150604720317066
51,"anchored",1,2,0.6,"none","maic_means",0.1,5,1000,0.230029961910464,-0.0736553672470607,0.553,0.553,0.0157301760460091
51,"anchored",1,2,0.6,"none","maic_means",0.3,1,1000,0.230029961910464,-0.0736553672470607,0.044,0.044,0.00648892179842742
51,"anchored",1,2,0.6,"none","maic_means",0.3,2,1000,0.230029961910464,-0.0736553672470607,0.101,0.101,0.00953361892934099
51,"anchored",1,2,0.6,"none","maic_means",0.3,5,1000,0.230029961910464,-0.0736553672470607,0.223,0.223,0.0131698308434257
51,"anchored",1,2,0.6,"none","maic_meanvar",-0.3,1,1000,0.2373727467435,0.00164460718056331,0.109,0.109,0.00985982840703719
51,"anchored",1,2,0.6,"none","maic_meanvar",-0.3,2,1000,0.2373727467435,0.00164460718056331,0.04,0.08,0.0123997481326741
51,"anchored",1,2,0.6,"none","maic_meanvar",-0.3,5,1000,0.2373727467435,0.00164460718056331,0.011,0.0550000000000001,0.0164999165830391
51,"anchored",1,2,0.6,"none","maic_meanvar",-0.1,1,1000,0.2373727467435,0.00164460718056331,0.321,0.321,0.0147708218179346
51,"anchored",1,2,0.6,"none","maic_meanvar",-0.1,2,1000,0.2373727467435,0.00164460718056331,0.195,0.39,0.0250704712466387
51,"anchored",1,2,0.6,"none","maic_meanvar",-0.1,5,1000,0.2373727467435,0.00164460718056331,0.089,0.445,0.0450444669632572
51,"anchored",1,2,0.6,"none","maic_meanvar",0.1,1,1000,0.2373727467435,0.00164460718056331,0.336,0.336,0.014944140233795
51,"anchored",1,2,0.6,"none","maic_meanvar",0.1,2,1000,0.2373727467435,0.00164460718056331,0.525,0.525,0.015799513429996
51,"anchored",1,2,0.6,"none","maic_meanvar",0.1,5,1000,0.2373727467435,0.00164460718056331,0.707,0.707,0.0143999429984413
51,"anchored",1,2,0.6,"none","maic_meanvar",0.3,1,1000,0.2373727467435,0.00164460718056331,0.099,0.0989999999999999,0.00944924802766275
51,"anchored",1,2,0.6,"none","maic_meanvar",0.3,2,1000,0.2373727467435,0.00164460718056331,0.187,0.187,0.0123362548280741
51,"anchored",1,2,0.6,"none","maic_meanvar",0.3,5,1000,0.2373727467435,0.00164460718056331,0.373,0.373,0.0153004936229228
51,"anchored",1,2,0.6,"none","unadjusted",-0.3,1,1000,0.204741889602968,-0.0585593580356176,0.109,0.109,0.00985982840703719
51,"anchored",1,2,0.6,"none","unadjusted",-0.3,2,1000,0.204741889602968,-0.0585593580356176,0.052,0.104,0.0140492484276343
51,"anchored",1,2,0.6,"none","unadjusted",-0.3,5,1000,0.204741889602968,-0.0585593580356176,0.014,0.0699999999999999,0.0185861627412828
51,"anchored",1,2,0.6,"none","unadjusted",-0.1,1,1000,0.204741889602968,-0.0585593580356176,0.417,0.417,0.0155998190487696
51,"anchored",1,2,0.6,"none","unadjusted",-0.1,2,1000,0.204741889602968,-0.0585593580356176,0.263,0.526,0.0278585731885195
51,"anchored",1,2,0.6,"none","unadjusted",-0.1,5,1000,0.204741889602968,-0.0585593580356176,0.129,0.645,0.0530262839239823
51,"anchored",1,2,0.6,"none","unadjusted",0.1,1,1000,0.204741889602968,-0.0585593580356176,0.2,0.2,0.0126554399433667
51,"anchored",1,2,0.6,"none","unadjusted",0.1,2,1000,0.204741889602968,-0.0585593580356176,0.341,0.341,0.0149981313484027
51,"anchored",1,2,0.6,"none","unadjusted",0.1,5,1000,0.204741889602968,-0.0585593580356176,0.557,0.557,0.0157161699532041
51,"anchored",1,2,0.6,"none","unadjusted",0.3,1,1000,0.204741889602968,-0.0585593580356176,0.033,0.033,0.00565180882045237
51,"anchored",1,2,0.6,"none","unadjusted",0.3,2,1000,0.204741889602968,-0.0585593580356176,0.081,0.0809999999999999,0.00863212103213997
51,"anchored",1,2,0.6,"none","unadjusted",0.3,5,1000,0.204741889602968,-0.0585593580356176,0.187,0.187,0.0123362548280741
52,"unanchored",1,2,0.6,"none","gcomp",-0.3,1,1000,0.148048389628886,0.00847389664828112,0.02,0.02,0.00442940398017832
52,"unanchored",1,2,0.6,"none","gcomp",-0.3,2,1000,0.148048389628886,0.00847389664828112,0.005,0.0100000000000001,0.00446317374968977
52,"unanchored",1,2,0.6,"none","gcomp",-0.3,5,1000,0.148048389628886,0.00847389664828112,0.001,0.00500000000000008,0.005
52,"unanchored",1,2,0.6,"none","gcomp",-0.1,1,1000,0.148048389628886,0.00847389664828112,0.23,0.23,0.013314551335936
52,"unanchored",1,2,0.6,"none","gcomp",-0.1,2,1000,0.148048389628886,0.00847389664828112,0.114,0.228,0.0201102068716467
52,"unanchored",1,2,0.6,"none","gcomp",-0.1,5,1000,0.148048389628886,0.00847389664828112,0.054,0.27,0.0357544176064771
52,"unanchored",1,2,0.6,"none","gcomp",0.1,1,1000,0.148048389628886,0.00847389664828112,0.28,0.28,0.0142056961040915
52,"unanchored",1,2,0.6,"none","gcomp",0.1,2,1000,0.148048389628886,0.00847389664828112,0.419,0.419,0.0156103389675778
52,"unanchored",1,2,0.6,"none","gcomp",0.1,5,1000,0.148048389628886,0.00847389664828112,0.607,0.607,0.0154528246540815
52,"unanchored",1,2,0.6,"none","gcomp",0.3,1,1000,0.148048389628886,0.00847389664828112,0.021,0.021,0.00453647215130648
52,"unanchored",1,2,0.6,"none","gcomp",0.3,2,1000,0.148048389628886,0.00847389664828112,0.057,0.0569999999999999,0.00733517585370682
52,"unanchored",1,2,0.6,"none","gcomp",0.3,5,1000,0.148048389628886,0.00847389664828112,0.157,0.157,0.0115101469792302
52,"unanchored",1,2,0.6,"none","maic_index",-0.3,1,1000,0.148845909477093,0.00900205023276451,0.018,0.018,0.00420638724961146
52,"unanchored",1,2,0.6,"none","maic_index",-0.3,2,1000,0.148845909477093,0.00900205023276451,0.009,0.0180000000000001,0.00597592768628533
52,"unanchored",1,2,0.6,"none","maic_index",-0.3,5,1000,0.148845909477093,0.00900205023276451,0.001,0.00500000000000008,0.005
52,"unanchored",1,2,0.6,"none","maic_index",-0.1,1,1000,0.148845909477093,0.00900205023276451,0.231,0.231,0.0133347972169364
52,"unanchored",1,2,0.6,"none","maic_index",-0.1,2,1000,0.148845909477093,0.00900205023276451,0.112,0.224,0.0199555060627945
52,"unanchored",1,2,0.6,"none","maic_index",-0.1,5,1000,0.148845909477093,0.00900205023276451,0.042,0.21,0.0317317964651686
52,"unanchored",1,2,0.6,"none","maic_index",0.1,1,1000,0.148845909477093,0.00900205023276451,0.285,0.285,0.0142821209552005
52,"unanchored",1,2,0.6,"none","maic_index",0.1,2,1000,0.148845909477093,0.00900205023276451,0.439,0.439,0.0157011313454008
52,"unanchored",1,2,0.6,"none","maic_index",0.1,5,1000,0.148845909477093,0.00900205023276451,0.633,0.633,0.0152493784641718
52,"unanchored",1,2,0.6,"none","maic_index",0.3,1,1000,0.148845909477093,0.00900205023276451,0.017,0.017,0.00408995448968906
52,"unanchored",1,2,0.6,"none","maic_index",0.3,2,1000,0.148845909477093,0.00900205023276451,0.065,0.065,0.00779973306183202
52,"unanchored",1,2,0.6,"none","maic_index",0.3,5,1000,0.148845909477093,0.00900205023276451,0.178,0.178,0.0121021676761836
52,"unanchored",1,2,0.6,"none","maic_means",-0.3,1,1000,0.151257989183821,-0.0543404067272055,0.043,0.043,0.00641811437979974
52,"unanchored",1,2,0.6,"none","maic_means",-0.3,2,1000,0.151257989183821,-0.0543404067272055,0.016,0.032,0.00793971278063883
52,"unanchored",1,2,0.6,"none","maic_means",-0.3,5,1000,0.151257989183821,-0.0543404067272055,0.004,0.0200000000000001,0.0099849736954936
52,"unanchored",1,2,0.6,"none","maic_means",-0.1,1,1000,0.151257989183821,-0.0543404067272055,0.386,0.386,0.0154026374767844
52,"unanchored",1,2,0.6,"none","maic_means",-0.1,2,1000,0.151257989183821,-0.0543404067272055,0.211,0.422,0.0258182606420842
52,"unanchored",1,2,0.6,"none","maic_means",-0.1,5,1000,0.151257989183821,-0.0543404067272055,0.079,0.395,0.0426707838666668
52,"unanchored",1,2,0.6,"none","maic_means",0.1,1,1000,0.151257989183821,-0.0543404067272055,0.132,0.132,0.010709373963528
52,"unanchored",1,2,0.6,"none","maic_means",0.1,2,1000,0.151257989183821,-0.0543404067272055,0.285,0.285,0.0142821209552005
52,"unanchored",1,2,0.6,"none","maic_means",0.1,5,1000,0.151257989183821,-0.0543404067272055,0.498,0.498,0.0158191733743027
52,"unanchored",1,2,0.6,"none","maic_means",0.3,1,1000,0.151257989183821,-0.0543404067272055,0.005,0.00500000000000003,0.00223158687484488
52,"unanchored",1,2,0.6,"none","maic_means",0.3,2,1000,0.151257989183821,-0.0543404067272055,0.019,0.019,0.00431945108291064
52,"unanchored",1,2,0.6,"none","maic_means",0.3,5,1000,0.151257989183821,-0.0543404067272055,0.081,0.081,0.00863212103214
52,"unanchored",1,2,0.6,"none","maic_meanvar",-0.3,1,1000,0.157898679329373,0.00661461059653763,0.026,0.026,0.0050348137353182
52,"unanchored",1,2,0.6,"none","maic_meanvar",-0.3,2,1000,0.157898679329373,0.00661461059653763,0.007,0.014,0.00527558829248755
52,"unanchored",1,2,0.6,"none","maic_meanvar",-0.3,5,1000,0.157898679329373,0.00661461059653763,0.002,0.0100000000000001,0.00706752785278912
52,"unanchored",1,2,0.6,"none","maic_meanvar",-0.1,1,1000,0.157898679329373,0.00661461059653763,0.256,0.256,0.0138077751522342
52,"unanchored",1,2,0.6,"none","maic_meanvar",-0.1,2,1000,0.157898679329373,0.00661461059653763,0.13,0.26,0.0212803395849987
52,"unanchored",1,2,0.6,"none","maic_meanvar",-0.1,5,1000,0.157898679329373,0.00661461059653763,0.045,0.225,0.0327940612070302
52,"unanchored",1,2,0.6,"none","maic_meanvar",0.1,1,1000,0.157898679329373,0.00661461059653763,0.283,0.283,0.0142518109064817
52,"unanchored",1,2,0.6,"none","maic_meanvar",0.1,2,1000,0.157898679329373,0.00661461059653763,0.459,0.459,0.0157660257378822
52,"unanchored",1,2,0.6,"none","maic_meanvar",0.1,5,1000,0.157898679329373,0.00661461059653763,0.669,0.669,0.0148882725882039
52,"unanchored",1,2,0.6,"none","maic_meanvar",0.3,1,1000,0.157898679329373,0.00661461059653763,0.029,0.0290000000000001,0.005309160685757
52,"unanchored",1,2,0.6,"none","maic_meanvar",0.3,2,1000,0.157898679329373,0.00661461059653763,0.08,0.08,0.00858333697775365
52,"unanchored",1,2,0.6,"none","maic_meanvar",0.3,5,1000,0.157898679329373,0.00661461059653763,0.218,0.218,0.0130631790405953
52,"unanchored",1,2,0.6,"none","unadjusted",-0.3,1,1000,0.735811328339208,0.722172899665175,0,0,0
52,"unanchored",1,2,0.6,"none","unadjusted",-0.3,2,1000,0.735811328339208,0.722172899665175,0,0,0
52,"unanchored",1,2,0.6,"none","unadjusted",-0.3,5,1000,0.735811328339208,0.722172899665175,0,0,0
52,"unanchored",1,2,0.6,"none","unadjusted",-0.1,1,1000,0.735811328339208,0.722172899665175,0,0,0
52,"unanchored",1,2,0.6,"none","unadjusted",-0.1,2,1000,0.735811328339208,0.722172899665175,0,0,0
52,"unanchored",1,2,0.6,"none","unadjusted",-0.1,5,1000,0.735811328339208,0.722172899665175,0,0,0
52,"unanchored",1,2,0.6,"none","unadjusted",0.1,1,1000,0.735811328339208,0.722172899665175,1,1,0
52,"unanchored",1,2,0.6,"none","unadjusted",0.1,2,1000,0.735811328339208,0.722172899665175,1,1,0
52,"unanchored",1,2,0.6,"none","unadjusted",0.1,5,1000,0.735811328339208,0.722172899665175,1,1,0
52,"unanchored",1,2,0.6,"none","unadjusted",0.3,1,1000,0.735811328339208,0.722172899665175,0.997,0.997,0.00173031615434694
52,"unanchored",1,2,0.6,"none","unadjusted",0.3,2,1000,0.735811328339208,0.722172899665175,0.998,0.998,0.00141350557055782
52,"unanchored",1,2,0.6,"none","unadjusted",0.3,5,1000,0.735811328339208,0.722172899665175,1,1,0
53,"anchored",4,2,0.6,"none","gcomp",-0.3,1,1000,0.170074655531566,0.00475694615838905,0.035,0.035,0.00581453427273498
53,"anchored",4,2,0.6,"none","gcomp",-0.3,2,1000,0.170074655531566,0.00475694615838905,0.011,0.022,0.00659996663321563
53,"anchored",4,2,0.6,"none","gcomp",-0.3,5,1000,0.170074655531566,0.00475694615838905,0.003,0.015,0.00865158077173473
53,"anchored",4,2,0.6,"none","gcomp",-0.1,1,1000,0.170074655531566,0.00475694615838905,0.257,0.257,0.013825416526895
53,"anchored",4,2,0.6,"none","gcomp",-0.1,2,1000,0.170074655531566,0.00475694615838905,0.142,0.284,0.0220869153987565
53,"anchored",4,2,0.6,"none","gcomp",-0.1,5,1000,0.170074655531566,0.00475694615838905,0.056,0.28,0.0363720074084857
53,"anchored",4,2,0.6,"none","gcomp",0.1,1,1000,0.170074655531566,0.00475694615838905,0.291,0.291,0.0143709959823779
53,"anchored",4,2,0.6,"none","gcomp",0.1,2,1000,0.170074655531566,0.00475694615838905,0.438,0.438,0.0156972100196947
53,"anchored",4,2,0.6,"none","gcomp",0.1,5,1000,0.170074655531566,0.00475694615838905,0.669,0.669,0.0148882725882039
53,"anchored",4,2,0.6,"none","gcomp",0.3,1,1000,0.170074655531566,0.00475694615838905,0.041,0.041,0.00627362402111876
53,"anchored",4,2,0.6,"none","gcomp",0.3,2,1000,0.170074655531566,0.00475694615838905,0.099,0.0989999999999999,0.00944924802766274
53,"anchored",4,2,0.6,"none","gcomp",0.3,5,1000,0.170074655531566,0.00475694615838905,0.24,0.24,0.0135123122589208
53,"anchored",4,2,0.6,"none","maic_index",-0.3,1,1000,0.210459523981048,0.00850955979035558,0.069,0.069,0.00801893405031516
53,"anchored",4,2,0.6,"none","maic_index",-0.3,2,1000,0.210459523981048,0.00850955979035558,0.028,0.056,0.0104390120688201
53,"anchored",4,2,0.6,"none","maic_index",-0.3,5,1000,0.210459523981048,0.00850955979035558,0.007,0.0349999999999999,0.013188970731219
53,"anchored",4,2,0.6,"none","maic_index",-0.1,1,1000,0.210459523981048,0.00850955979035558,0.322,0.322,0.0147829136009967
53,"anchored",4,2,0.6,"none","maic_index",-0.1,2,1000,0.210459523981048,0.00850955979035558,0.164,0.328,0.0234300013863627
53,"anchored",4,2,0.6,"none","maic_index",-0.1,5,1000,0.210459523981048,0.00850955979035558,0.069,0.345,0.0400946702515753
53,"anchored",4,2,0.6,"none","maic_index",0.1,1,1000,0.210459523981048,0.00850955979035558,0.343,0.343,0.015019206922357
53,"anchored",4,2,0.6,"none","maic_index",0.1,2,1000,0.210459523981048,0.00850955979035558,0.478,0.478,0.0158039794281619
53,"anchored",4,2,0.6,"none","maic_index",0.1,5,1000,0.210459523981048,0.00850955979035558,0.679,0.679,0.0147708218179346
53,"anchored",4,2,0.6,"none","maic_index",0.3,1,1000,0.210459523981048,0.00850955979035558,0.097,0.0969999999999999,0.00936368937324811
53,"anchored",4,2,0.6,"none","maic_index",0.3,2,1000,0.210459523981048,0.00850955979035558,0.173,0.173,0.0119672141375599
53,"anchored",4,2,0.6,"none","maic_index",0.3,5,1000,0.210459523981048,0.00850955979035558,0.344,0.344,0.0150296337244089
53,"anchored",4,2,0.6,"none","maic_means",-0.3,1,1000,0.231962966738302,-0.095037854964536,0.158,0.158,0.0115398946775596
53,"anchored",4,2,0.6,"none","maic_means",-0.3,2,1000,0.231962966738302,-0.095037854964536,0.078,0.156,0.0169691470602372
53,"anchored",4,2,0.6,"none","maic_means",-0.3,5,1000,0.231962966738302,-0.095037854964536,0.033,0.165,0.0282590441022619
53,"anchored",4,2,0.6,"none","maic_means",-0.1,1,1000,0.231962966738302,-0.095037854964536,0.502,0.502,0.0158191733743027
53,"anchored",4,2,0.6,"none","maic_means",-0.1,2,1000,0.231962966738302,-0.095037854964536,0.333,0.666,0.0298216923284597
53,"anchored",4,2,0.6,"none","maic_means",-0.1,5,1000,0.231962966738302,-0.095037854964536,0.163,0.815,0.0584310635637344
53,"anchored",4,2,0.6,"none","maic_means",0.1,1,1000,0.231962966738302,-0.095037854964536,0.185,0.185,0.0122851913263867
53,"anchored",4,2,0.6,"none","maic_means",0.1,2,1000,0.231962966738302,-0.095037854964536,0.306,0.306,0.014580006055437
53,"anchored",4,2,0.6,"none","maic_means",0.1,5,1000,0.231962966738302,-0.095037854964536,0.491,0.491,0.0158167369950054
53,"anchored",4,2,0.6,"none","maic_means",0.3,1,1000,0.231962966738302,-0.095037854964536,0.028,0.0280000000000001,0.00521950603441005
53,"anchored",4,2,0.6,"none","maic_means",0.3,2,1000,0.231962966738302,-0.095037854964536,0.075,0.075,0.00833333333333336
53,"anchored",4,2,0.6,"none","maic_means",0.3,5,1000,0.231962966738302,-0.095037854964536,0.184,0.184,0.0122594573409386
53,"anchored",4,2,0.6,"none","maic_meanvar",-0.3,1,1000,0.229286600265752,0.0126426387578004,0.079,0.079,0.00853415677333346
53,"anchored",4,2,0.6,"none","maic_meanvar",-0.3,2,1000,0.229286600265752,0.0126426387578004,0.036,0.072,0.0117879156323311
53,"anchored",4,2,0.6,"none","maic_meanvar",-0.3,5,1000,0.229286600265752,0.0126426387578004,0.01,0.0499999999999999,0.0157400046933839
53,"anchored",4,2,0.6,"none","maic_meanvar",-0.1,1,1000,0.229286600265752,0.0126426387578004,0.318,0.318,0.0147340793093119
53,"anchored",4,2,0.6,"none","maic_meanvar",-0.1,2,1000,0.229286600265752,0.0126426387578004,0.182,0.364,0.0244151612753244
53,"anchored",4,2,0.6,"none","maic_meanvar",-0.1,5,1000,0.229286600265752,0.0126426387578004,0.065,0.325,0.03899866530916
53,"anchored",4,2,0.6,"none","maic_meanvar",0.1,1,1000,0.229286600265752,0.0126426387578004,0.354,0.354,0.0151298682384518
53,"anchored",4,2,0.6,"none","maic_meanvar",0.1,2,1000,0.229286600265752,0.0126426387578004,0.52,0.52,0.0158066394230352
53,"anchored",4,2,0.6,"none","maic_meanvar",0.1,5,1000,0.229286600265752,0.0126426387578004,0.713,0.713,0.01431208705381
53,"anchored",4,2,0.6,"none","maic_meanvar",0.3,1,1000,0.229286600265752,0.0126426387578004,0.107,0.107,0.00977991035984717
53,"anchored",4,2,0.6,"none","maic_meanvar",0.3,2,1000,0.229286600265752,0.0126426387578004,0.206,0.206,0.0127956136127866
53,"anchored",4,2,0.6,"none","maic_meanvar",0.3,5,1000,0.229286600265752,0.0126426387578004,0.383,0.383,0.0153801023256527
53,"anchored",4,2,0.6,"none","unadjusted",-0.3,1,1000,0.211063799315991,-0.0949319737032093,0.129,0.129,0.0106052567847966
53,"anchored",4,2,0.6,"none","unadjusted",-0.3,2,1000,0.211063799315991,-0.0949319737032093,0.058,0.116,0.0147906309115859
53,"anchored",4,2,0.6,"none","unadjusted",-0.3,5,1000,0.211063799315991,-0.0949319737032093,0.016,0.08,0.019849281951597
53,"anchored",4,2,0.6,"none","unadjusted",-0.1,1,1000,0.211063799315991,-0.0949319737032093,0.512,0.512,0.0158147433145818
53,"anchored",4,2,0.6,"none","unadjusted",-0.1,2,1000,0.211063799315991,-0.0949319737032093,0.349,0.698,0.0301613279831262
53,"anchored",4,2,0.6,"none","unadjusted",-0.1,5,1000,0.211063799315991,-0.0949319737032093,0.154,0.77,0.0570995653254944
53,"anchored",4,2,0.6,"none","unadjusted",0.1,1,1000,0.211063799315991,-0.0949319737032093,0.148,0.148,0.0112348663642352
53,"anchored",4,2,0.6,"none","unadjusted",0.1,2,1000,0.211063799315991,-0.0949319737032093,0.281,0.281,0.0142211547084349
53,"anchored",4,2,0.6,"none","unadjusted",0.1,5,1000,0.211063799315991,-0.0949319737032093,0.459,0.459,0.0157660257378822
53,"anchored",4,2,0.6,"none","unadjusted",0.3,1,1000,0.211063799315991,-0.0949319737032093,0.022,0.022,0.0046408552592747
53,"anchored",4,2,0.6,"none","unadjusted",0.3,2,1000,0.211063799315991,-0.0949319737032093,0.049,0.049,0.00682976175614092
53,"anchored",4,2,0.6,"none","unadjusted",0.3,5,1000,0.211063799315991,-0.0949319737032093,0.125,0.125,0.0104634833819567
54,"unanchored",4,2,0.6,"none","gcomp",-0.3,1,1000,0.127723653525024,0.00759918911265544,0.007,0.00700000000000003,0.00263779414624378
54,"unanchored",4,2,0.6,"none","gcomp",-0.3,2,1000,0.127723653525024,0.00759918911265544,0.002,0.004,0.00282701114111562
54,"unanchored",4,2,0.6,"none","gcomp",-0.3,5,1000,0.127723653525024,0.00759918911265544,0.001,0.00500000000000008,0.00500000000000008
54,"unanchored",4,2,0.6,"none","gcomp",-0.1,1,1000,0.127723653525024,0.00759918911265544,0.194,0.194,0.0125108161412644
54,"unanchored",4,2,0.6,"none","gcomp",-0.1,2,1000,0.127723653525024,0.00759918911265544,0.102,0.204,0.0191507376033078
54,"unanchored",4,2,0.6,"none","gcomp",-0.1,5,1000,0.127723653525024,0.00759918911265544,0.033,0.165,0.0282590441022618
54,"unanchored",4,2,0.6,"none","gcomp",0.1,1,1000,0.127723653525024,0.00759918911265544,0.241,0.241,0.0135315225345154
54,"unanchored",4,2,0.6,"none","gcomp",0.1,2,1000,0.127723653525024,0.00759918911265544,0.377,0.377,0.0153331701257799
54,"unanchored",4,2,0.6,"none","gcomp",0.1,5,1000,0.127723653525024,0.00759918911265544,0.604,0.604,0.0154733132658594
54,"unanchored",4,2,0.6,"none","gcomp",0.3,1,1000,0.127723653525024,0.00759918911265544,0.013,0.013,0.00358383088940364
54,"unanchored",4,2,0.6,"none","gcomp",0.3,2,1000,0.127723653525024,0.00759918911265544,0.029,0.0290000000000001,0.00530916068575698
54,"unanchored",4,2,0.6,"none","gcomp",0.3,5,1000,0.127723653525024,0.00759918911265544,0.099,0.0989999999999999,0.00944924802766274
54,"unanchored",4,2,0.6,"none","maic_index",-0.3,1,1000,0.126979607590649,0.00680730080364568,0.006,0.006,0.00244335219932983
54,"unanchored",4,2,0.6,"none","maic_index",-0.3,2,1000,0.126979607590649,0.00680730080364568,0.003,0.006,0.00346063230869388
54,"unanchored",4,2,0.6,"none","maic_index",-0.3,5,1000,0.126979607590649,0.00680730080364568,0,0,0
54,"unanchored",4,2,0.6,"none","maic_index",-0.1,1,1000,0.126979607590649,0.00680730080364568,0.197,0.197,0.0125836937879681
54,"unanchored",4,2,0.6,"none","maic_index",-0.1,2,1000,0.126979607590649,0.00680730080364568,0.097,0.194,0.0187273787464962
54,"unanchored",4,2,0.6,"none","maic_index",-0.1,5,1000,0.126979607590649,0.00680730080364568,0.024,0.12,0.0242112822086356
54,"unanchored",4,2,0.6,"none","maic_index",0.1,1,1000,0.126979607590649,0.00680730080364568,0.234,0.234,0.01339490288966
54,"unanchored",4,2,0.6,"none","maic_index",0.1,2,1000,0.126979607590649,0.00680730080364568,0.399,0.399,0.0154931933131629
54,"unanchored",4,2,0.6,"none","maic_index",0.1,5,1000,0.126979607590649,0.00680730080364568,0.636,0.636,0.015222868840522
54,"unanchored",4,2,0.6,"none","maic_index",0.3,1,1000,0.126979607590649,0.00680730080364568,0.01,0.01,0.00314800093867678
54,"unanchored",4,2,0.6,"none","maic_index",0.3,2,1000,0.126979607590649,0.00680730080364568,0.031,0.031,0.0054835270646792
54,"unanchored",4,2,0.6,"none","maic_index",0.3,5,1000,0.126979607590649,0.00680730080364568,0.124,0.124,0.010427498872344
54,"unanchored",4,2,0.6,"none","maic_means",-0.3,1,1000,0.131026005821845,0.0564636439144207,0,0,0
54,"unanchored",4,2,0.6,"none","maic_means",-0.3,2,1000,0.131026005821845,0.0564636439144207,0,0,0
54,"unanchored",4,2,0.6,"none","maic_means",-0.3,5,1000,0.131026005821845,0.0564636439144207,0,0,0
54,"unanchored",4,2,0.6,"none","maic_means",-0.1,1,1000,0.131026005821845,0.0564636439144207,0.095,0.095,0.00927691010310332
54,"unanchored",4,2,0.6,"none","maic_means",-0.1,2,1000,0.131026005821845,0.0564636439144207,0.032,0.064,0.0111367871501627
54,"unanchored",4,2,0.6,"none","maic_means",-0.1,5,1000,0.131026005821845,0.0564636439144207,0.007,0.0349999999999999,0.013188970731219
54,"unanchored",4,2,0.6,"none","maic_means",0.1,1,1000,0.131026005821845,0.0564636439144207,0.355,0.355,0.0151394915437805
54,"unanchored",4,2,0.6,"none","maic_means",0.1,2,1000,0.131026005821845,0.0564636439144207,0.567,0.567,0.0156766309121813
54,"unanchored",4,2,0.6,"none","maic_means",0.1,5,1000,0.131026005821845,0.0564636439144207,0.789,0.789,0.0129091303210421
54,"unanchored",4,2,0.6,"none","maic_means",0.3,1,1000,0.131026005821845,0.0564636439144207,0.017,0.017,0.0040899544896891
54,"unanchored",4,2,0.6,"none","maic_means",0.3,2,1000,0.131026005821845,0.0564636439144207,0.064,0.064,0.00774364022691928
54,"unanchored",4,2,0.6,"none","maic_means",0.3,5,1000,0.131026005821845,0.0564636439144207,0.194,0.194,0.0125108161412644
54,"unanchored",4,2,0.6,"none","maic_meanvar",-0.3,1,1000,0.138325941766758,0.00451034881353898,0.01,0.00999999999999999,0.00314800093867677
54,"unanchored",4,2,0.6,"none","maic_meanvar",-0.3,2,1000,0.138325941766758,0.00451034881353898,0.003,0.006,0.00346063230869388
54,"unanchored",4,2,0.6,"none","maic_meanvar",-0.3,5,1000,0.138325941766758,0.00451034881353898,0.001,0.00500000000000006,0.00500000000000003
54,"unanchored",4,2,0.6,"none","maic_meanvar",-0.1,1,1000,0.138325941766758,0.00451034881353898,0.221,0.221,0.0131275028596962
54,"unanchored",4,2,0.6,"none","maic_meanvar",-0.1,2,1000,0.138325941766758,0.00451034881353898,0.119,0.238,0.0204884302906733
54,"unanchored",4,2,0.6,"none","maic_meanvar",-0.1,5,1000,0.138325941766758,0.00451034881353898,0.029,0.145,0.0265458034287848
54,"unanchored",4,2,0.6,"none","maic_meanvar",0.1,1,1000,0.138325941766758,0.00451034881353898,0.258,0.258,0.0138429631086566
54,"unanchored",4,2,0.6,"none","maic_meanvar",0.1,2,1000,0.138325941766758,0.00451034881353898,0.423,0.423,0.0156305890904764
54,"unanchored",4,2,0.6,"none","maic_meanvar",0.1,5,1000,0.138325941766758,0.00451034881353898,0.665,0.665,0.0149331174909326
54,"unanchored",4,2,0.6,"none","maic_meanvar",0.3,1,1000,0.138325941766758,0.00451034881353898,0.013,0.013,0.00358383088940362
54,"unanchored",4,2,0.6,"none","maic_meanvar",0.3,2,1000,0.138325941766758,0.00451034881353898,0.054,0.054,0.00715088352129544
54,"unanchored",4,2,0.6,"none","maic_meanvar",0.3,5,1000,0.138325941766758,0.00451034881353898,0.156,0.156,0.0114802350061224
54,"unanchored",4,2,0.6,"none","unadjusted",-0.3,1,1000,1.07942764350347,1.07078638035402,0,0,0
54,"unanchored",4,2,0.6,"none","unadjusted",-0.3,2,1000,1.07942764350347,1.07078638035402,0,0,0
54,"unanchored",4,2,0.6,"none","unadjusted",-0.3,5,1000,1.07942764350347,1.07078638035402,0,0,0
54,"unanchored",4,2,0.6,"none","unadjusted",-0.1,1,1000,1.07942764350347,1.07078638035402,0,0,0
54,"unanchored",4,2,0.6,"none","unadjusted",-0.1,2,1000,1.07942764350347,1.07078638035402,0,0,0
54,"unanchored",4,2,0.6,"none","unadjusted",-0.1,5,1000,1.07942764350347,1.07078638035402,0,0,0
54,"unanchored",4,2,0.6,"none","unadjusted",0.1,1,1000,1.07942764350347,1.07078638035402,1,1,0
54,"unanchored",4,2,0.6,"none","unadjusted",0.1,2,1000,1.07942764350347,1.07078638035402,1,1,0
54,"unanchored",4,2,0.6,"none","unadjusted",0.1,5,1000,1.07942764350347,1.07078638035402,1,1,0
54,"unanchored",4,2,0.6,"none","unadjusted",0.3,1,1000,1.07942764350347,1.07078638035402,1,1,0
54,"unanchored",4,2,0.6,"none","unadjusted",0.3,2,1000,1.07942764350347,1.07078638035402,1,1,0
54,"unanchored",4,2,0.6,"none","unadjusted",0.3,5,1000,1.07942764350347,1.07078638035402,1,1,0
55,"anchored",0.25,0.5,0,"present","gcomp",-0.3,1,1000,0.210913175339467,0.00288218292189043,0.068,0.0680000000000002,0.0079648879112916
55,"anchored",0.25,0.5,0,"present","gcomp",-0.3,2,1000,0.210913175339467,0.00288218292189043,0.032,0.064,0.0111367871501627
55,"anchored",0.25,0.5,0,"present","gcomp",-0.3,5,1000,0.210913175339467,0.00288218292189043,0.01,0.0499999999999999,0.0157400046933839
55,"anchored",0.25,0.5,0,"present","gcomp",-0.1,1,1000,0.210913175339467,0.00288218292189043,0.328,0.328,0.0148538424872703
55,"anchored",0.25,0.5,0,"present","gcomp",-0.1,2,1000,0.210913175339467,0.00288218292189043,0.184,0.368,0.0245189146818771
55,"anchored",0.25,0.5,0,"present","gcomp",-0.1,5,1000,0.210913175339467,0.00288218292189043,0.067,0.334999999999999,0.0395517299158882
55,"anchored",0.25,0.5,0,"present","gcomp",0.1,1,1000,0.210913175339467,0.00288218292189043,0.322,0.322,0.0147829136009967
55,"anchored",0.25,0.5,0,"present","gcomp",0.1,2,1000,0.210913175339467,0.00288218292189043,0.493,0.493,0.0158177495618436
55,"anchored",0.25,0.5,0,"present","gcomp",0.1,5,1000,0.210913175339467,0.00288218292189043,0.671,0.671,0.0148653953859283
55,"anchored",0.25,0.5,0,"present","gcomp",0.3,1,1000,0.210913175339467,0.00288218292189043,0.083,0.0829999999999999,0.00872852720607479
55,"anchored",0.25,0.5,0,"present","gcomp",0.3,2,1000,0.210913175339467,0.00288218292189043,0.171,0.171,0.0119122164562646
55,"anchored",0.25,0.5,0,"present","gcomp",0.3,5,1000,0.210913175339467,0.00288218292189043,0.32,0.32,0.0147586523035749
55,"anchored",0.25,0.5,0,"present","maic_index",-0.3,1,1000,0.257861906337517,0.0241250569547078,0.108,0.108,0.00982000165134569
55,"anchored",0.25,0.5,0,"present","maic_index",-0.3,2,1000,0.257861906337517,0.0241250569547078,0.035,0.0699999999999999,0.0116290685454699
55,"anchored",0.25,0.5,0,"present","maic_index",-0.3,5,1000,0.257861906337517,0.0241250569547078,0.013,0.065,0.0179191544470184
55,"anchored",0.25,0.5,0,"present","maic_index",-0.1,1,1000,0.257861906337517,0.0241250569547078,0.318,0.318,0.0147340793093119
55,"anchored",0.25,0.5,0,"present","maic_index",-0.1,2,1000,0.257861906337517,0.0241250569547078,0.2,0.4,0.0253108798867333
55,"anchored",0.25,0.5,0,"present","maic_index",-0.1,5,1000,0.257861906337517,0.0241250569547078,0.066,0.330000000000001,0.0392764896934873
55,"anchored",0.25,0.5,0,"present","maic_index",0.1,1,1000,0.257861906337517,0.0241250569547078,0.403,0.403,0.0155187574190665
55,"anchored",0.25,0.5,0,"present","maic_index",0.1,2,1000,0.257861906337517,0.0241250569547078,0.549,0.549,0.0157431523795855
55,"anchored",0.25,0.5,0,"present","maic_index",0.1,5,1000,0.257861906337517,0.0241250569547078,0.73,0.73,0.0140462556326339
55,"anchored",0.25,0.5,0,"present","maic_index",0.3,1,1000,0.257861906337517,0.0241250569547078,0.142,0.142,0.0110434576993782
55,"anchored",0.25,0.5,0,"present","maic_index",0.3,2,1000,0.257861906337517,0.0241250569547078,0.265,0.265,0.0139631647548099
55,"anchored",0.25,0.5,0,"present","maic_index",0.3,5,1000,0.257861906337517,0.0241250569547078,0.462,0.462,0.0157735476290151
55,"anchored",0.25,0.5,0,"present","maic_means",-0.3,1,1000,0.227278540499803,0.0688777996499281,0.043,0.0429999999999999,0.00641811437979974
55,"anchored",0.25,0.5,0,"present","maic_means",-0.3,2,1000,0.227278540499803,0.0688777996499281,0.021,0.0420000000000001,0.00907294430261294
55,"anchored",0.25,0.5,0,"present","maic_means",-0.3,5,1000,0.227278540499803,0.0688777996499281,0.004,0.02,0.0099849736954936
55,"anchored",0.25,0.5,0,"present","maic_means",-0.1,1,1000,0.227278540499803,0.0688777996499281,0.219,0.219,0.013084731950262
55,"anchored",0.25,0.5,0,"present","maic_means",-0.1,2,1000,0.227278540499803,0.0688777996499281,0.108,0.216,0.0196400033026914
55,"anchored",0.25,0.5,0,"present","maic_means",-0.1,5,1000,0.227278540499803,0.0688777996499281,0.042,0.209999999999999,0.0317317964651686
55,"anchored",0.25,0.5,0,"present","maic_means",0.1,1,1000,0.227278540499803,0.0688777996499281,0.443,0.443,0.0157161699532041
55,"anchored",0.25,0.5,0,"present","maic_means",0.1,2,1000,0.227278540499803,0.0688777996499281,0.592,0.592,0.0155492050529207
55,"anchored",0.25,0.5,0,"present","maic_means",0.1,5,1000,0.227278540499803,0.0688777996499281,0.789,0.789,0.0129091303210421
55,"anchored",0.25,0.5,0,"present","maic_means",0.3,1,1000,0.227278540499803,0.0688777996499281,0.146,0.146,0.0111717862854965
55,"anchored",0.25,0.5,0,"present","maic_means",0.3,2,1000,0.227278540499803,0.0688777996499281,0.259,0.259,0.0138604152575279
55,"anchored",0.25,0.5,0,"present","maic_means",0.3,5,1000,0.227278540499803,0.0688777996499281,0.452,0.452,0.0157462358658807
55,"anchored",0.25,0.5,0,"present","maic_meanvar",-0.3,1,1000,0.34037741495787,0.002928886214238,0.188,0.188,0.0123615860151038
55,"anchored",0.25,0.5,0,"present","maic_meanvar",-0.3,2,1000,0.34037741495787,0.002928886214238,0.093,0.186,0.0183777512699934
55,"anchored",0.25,0.5,0,"present","maic_meanvar",-0.3,5,1000,0.34037741495787,0.002928886214238,0.031,0.155,0.0274176353233961
55,"anchored",0.25,0.5,0,"present","maic_meanvar",-0.1,1,1000,0.34037741495787,0.002928886214238,0.395,0.395,0.0154665514648293
55,"anchored",0.25,0.5,0,"present","maic_meanvar",-0.1,2,1000,0.34037741495787,0.002928886214238,0.236,0.472,0.0268689028048774
55,"anchored",0.25,0.5,0,"present","maic_meanvar",-0.1,5,1000,0.34037741495787,0.002928886214238,0.109,0.545,0.0492991420351856
55,"anchored",0.25,0.5,0,"present","maic_meanvar",0.1,1,1000,0.34037741495787,0.002928886214238,0.398,0.398,0.0154866341028589
55,"anchored",0.25,0.5,0,"present","maic_meanvar",0.1,2,1000,0.34037741495787,0.002928886214238,0.536,0.536,0.0157782430249046
55,"anchored",0.25,0.5,0,"present","maic_meanvar",0.1,5,1000,0.34037741495787,0.002928886214238,0.732,0.732,0.0140132927027295
55,"anchored",0.25,0.5,0,"present","maic_meanvar",0.3,1,1000,0.34037741495787,0.002928886214238,0.202,0.202,0.0127026515876551
55,"anchored",0.25,0.5,0,"present","maic_meanvar",0.3,2,1000,0.34037741495787,0.002928886214238,0.321,0.321,0.0147708218179346
55,"anchored",0.25,0.5,0,"present","maic_meanvar",0.3,5,1000,0.34037741495787,0.002928886214238,0.502,0.502,0.0158191733743027
55,"anchored",0.25,0.5,0,"present","unadjusted",-0.3,1,1000,0.225579540085636,0.0676205536164757,0.041,0.0409999999999999,0.00627362402111875
55,"anchored",0.25,0.5,0,"present","unadjusted",-0.3,2,1000,0.225579540085636,0.0676205536164757,0.021,0.0420000000000001,0.00907294430261294
55,"anchored",0.25,0.5,0,"present","unadjusted",-0.3,5,1000,0.225579540085636,0.0676205536164757,0.005,0.0249999999999999,0.0111579343742244
55,"anchored",0.25,0.5,0,"present","unadjusted",-0.1,1,1000,0.225579540085636,0.0676205536164757,0.216,0.216,0.0130197355393079
55,"anchored",0.25,0.5,0,"present","unadjusted",-0.1,2,1000,0.225579540085636,0.0676205536164757,0.105,0.21,0.01939784205205
55,"anchored",0.25,0.5,0,"present","unadjusted",-0.1,5,1000,0.225579540085636,0.0676205536164757,0.04,0.2,0.0309993703316848
55,"anchored",0.25,0.5,0,"present","unadjusted",0.1,1,1000,0.225579540085636,0.0676205536164757,0.443,0.443,0.0157161699532041
55,"anchored",0.25,0.5,0,"present","unadjusted",0.1,2,1000,0.225579540085636,0.0676205536164757,0.592,0.592,0.0155492050529207
55,"anchored",0.25,0.5,0,"present","unadjusted",0.1,5,1000,0.225579540085636,0.0676205536164757,0.789,0.789,0.0129091303210421
55,"anchored",0.25,0.5,0,"present","unadjusted",0.3,1,1000,0.225579540085636,0.0676205536164757,0.14,0.14,0.0109781838443578
55,"anchored",0.25,0.5,0,"present","unadjusted",0.3,2,1000,0.225579540085636,0.0676205536164757,0.254,0.254,0.0137722065651685
55,"anchored",0.25,0.5,0,"present","unadjusted",0.3,5,1000,0.225579540085636,0.0676205536164757,0.449,0.449,0.015736792768752
56,"unanchored",0.25,0.5,0,"present","gcomp",-0.3,1,1000,0.159658939372201,-0.00474423640466209,0.035,0.035,0.00581453427273495
56,"unanchored",0.25,0.5,0,"present","gcomp",-0.3,2,1000,0.159658939372201,-0.00474423640466209,0.017,0.034,0.00817990897937818
56,"unanchored",0.25,0.5,0,"present","gcomp",-0.3,5,1000,0.159658939372201,-0.00474423640466209,0.004,0.0200000000000002,0.00998497369549359
56,"unanchored",0.25,0.5,0,"present","gcomp",-0.1,1,1000,0.159658939372201,-0.00474423640466209,0.267,0.267,0.0139966748517963
56,"unanchored",0.25,0.5,0,"present","gcomp",-0.1,2,1000,0.159658939372201,-0.00474423640466209,0.132,0.264,0.0214187479270561
56,"unanchored",0.25,0.5,0,"present","gcomp",-0.1,5,1000,0.159658939372201,-0.00474423640466209,0.058,0.29,0.0369765772789652
56,"unanchored",0.25,0.5,0,"present","gcomp",0.1,1,1000,0.159658939372201,-0.00474423640466209,0.24,0.24,0.0135123122589208
56,"unanchored",0.25,0.5,0,"present","gcomp",0.1,2,1000,0.159658939372201,-0.00474423640466209,0.387,0.387,0.0154100119554939
56,"unanchored",0.25,0.5,0,"present","gcomp",0.1,5,1000,0.159658939372201,-0.00474423640466209,0.604,0.604,0.0154733132658594
56,"unanchored",0.25,0.5,0,"present","gcomp",0.3,1,1000,0.159658939372201,-0.00474423640466209,0.033,0.033,0.00565180882045237
56,"unanchored",0.25,0.5,0,"present","gcomp",0.3,2,1000,0.159658939372201,-0.00474423640466209,0.072,0.072,0.00817819557621868
56,"unanchored",0.25,0.5,0,"present","gcomp",0.3,5,1000,0.159658939372201,-0.00474423640466209,0.172,0.172,0.0119397888824953
56,"unanchored",0.25,0.5,0,"present","maic_index",-0.3,1,1000,0.178467563703897,-0.00824535818521789,0.05,0.0500000000000001,0.0068954729748979
56,"unanchored",0.25,0.5,0,"present","maic_index",-0.3,2,1000,0.178467563703897,-0.00824535818521789,0.02,0.04,0.00885880796035669
56,"unanchored",0.25,0.5,0,"present","maic_index",-0.3,5,1000,0.178467563703897,-0.00824535818521789,0.003,0.015,0.00865158077173473
56,"unanchored",0.25,0.5,0,"present","maic_index",-0.1,1,1000,0.178467563703897,-0.00824535818521789,0.302,0.302,0.0145260802354595
56,"unanchored",0.25,0.5,0,"present","maic_index",-0.1,2,1000,0.178467563703897,-0.00824535818521789,0.151,0.302,0.0226563304466834
56,"unanchored",0.25,0.5,0,"present","maic_index",-0.1,5,1000,0.178467563703897,-0.00824535818521789,0.053,0.265,0.0354405280862326
56,"unanchored",0.25,0.5,0,"present","maic_index",0.1,1,1000,0.178467563703897,-0.00824535818521789,0.268,0.268,0.0140132927027295
56,"unanchored",0.25,0.5,0,"present","maic_index",0.1,2,1000,0.178467563703897,-0.00824535818521789,0.446,0.446,0.0157267711667504
56,"unanchored",0.25,0.5,0,"present","maic_index",0.1,5,1000,0.178467563703897,-0.00824535818521789,0.662,0.662,0.0149659607102245
56,"unanchored",0.25,0.5,0,"present","maic_index",0.3,1,1000,0.178467563703897,-0.00824535818521789,0.044,0.044,0.00648892179842743
56,"unanchored",0.25,0.5,0,"present","maic_index",0.3,2,1000,0.178467563703897,-0.00824535818521789,0.096,0.096,0.00932045443478324
56,"unanchored",0.25,0.5,0,"present","maic_index",0.3,5,1000,0.178467563703897,-0.00824535818521789,0.231,0.231,0.0133347972169364
56,"unanchored",0.25,0.5,0,"present","maic_means",-0.3,1,1000,0.183698567556351,0.0884976272993156,0.011,0.011,0.00329998331660782
56,"unanchored",0.25,0.5,0,"present","maic_means",-0.3,2,1000,0.183698567556351,0.0884976272993156,0.004,0.00799999999999999,0.00399398947819746
56,"unanchored",0.25,0.5,0,"present","maic_means",-0.3,5,1000,0.183698567556351,0.0884976272993156,0,0,0
56,"unanchored",0.25,0.5,0,"present","maic_means",-0.1,1,1000,0.183698567556351,0.0884976272993156,0.104,0.104,0.00965801621852429
56,"unanchored",0.25,0.5,0,"present","maic_means",-0.1,2,1000,0.183698567556351,0.0884976272993156,0.049,0.098,0.0136595235122818
56,"unanchored",0.25,0.5,0,"present","maic_means",-0.1,5,1000,0.183698567556351,0.0884976272993156,0.025,0.125,0.0246978740984925
56,"unanchored",0.25,0.5,0,"present","maic_means",0.1,1,1000,0.183698567556351,0.0884976272993156,0.462,0.462,0.0157735476290151
56,"unanchored",0.25,0.5,0,"present","maic_means",0.1,2,1000,0.183698567556351,0.0884976272993156,0.645,0.645,0.0151394915437805
56,"unanchored",0.25,0.5,0,"present","maic_means",0.1,5,1000,0.183698567556351,0.0884976272993156,0.83,0.83,0.0118844958345417
56,"unanchored",0.25,0.5,0,"present","maic_means",0.3,1,1000,0.183698567556351,0.0884976272993156,0.095,0.095,0.00927691010310332
56,"unanchored",0.25,0.5,0,"present","maic_means",0.3,2,1000,0.183698567556351,0.0884976272993156,0.186,0.186,0.0123107902084128
56,"unanchored",0.25,0.5,0,"present","maic_means",0.3,5,1000,0.183698567556351,0.0884976272993156,0.343,0.343,0.015019206922357
56,"unanchored",0.25,0.5,0,"present","maic_meanvar",-0.3,1,1000,0.236047352286178,0.0145326805137563,0.095,0.095,0.00927691010310333
56,"unanchored",0.25,0.5,0,"present","maic_meanvar",-0.3,2,1000,0.236047352286178,0.0145326805137563,0.037,0.0740000000000001,0.0119443152447793
56,"unanchored",0.25,0.5,0,"present","maic_meanvar",-0.3,5,1000,0.236047352286178,0.0145326805137563,0.012,0.06,0.0172248859704992
56,"unanchored",0.25,0.5,0,"present","maic_meanvar",-0.1,1,1000,0.236047352286178,0.0145326805137563,0.301,0.301,0.0145123950335432
56,"unanchored",0.25,0.5,0,"present","maic_meanvar",-0.1,2,1000,0.236047352286178,0.0145326805137563,0.16,0.32,0.023197804597378
56,"unanchored",0.25,0.5,0,"present","maic_meanvar",-0.1,5,1000,0.236047352286178,0.0145326805137563,0.066,0.330000000000001,0.0392764896934872
56,"unanchored",0.25,0.5,0,"present","maic_meanvar",0.1,1,1000,0.236047352286178,0.0145326805137563,0.347,0.347,0.0150604720317066
56,"unanchored",0.25,0.5,0,"present","maic_meanvar",0.1,2,1000,0.236047352286178,0.0145326805137563,0.523,0.523,0.0158025542467261
56,"unanchored",0.25,0.5,0,"present","maic_meanvar",0.1,5,1000,0.236047352286178,0.0145326805137563,0.75,0.75,0.0136999156087798
56,"unanchored",0.25,0.5,0,"present","maic_meanvar",0.3,1,1000,0.236047352286178,0.0145326805137563,0.114,0.114,0.0100551034358233
56,"unanchored",0.25,0.5,0,"present","maic_meanvar",0.3,2,1000,0.236047352286178,0.0145326805137563,0.209,0.209,0.0128640772884993
56,"unanchored",0.25,0.5,0,"present","maic_meanvar",0.3,5,1000,0.236047352286178,0.0145326805137563,0.393,0.393,0.0154528246540815
56,"unanchored",0.25,0.5,0,"present","unadjusted",-0.3,1,1000,0.184311234228232,0.0869841910662839,0.011,0.011,0.00329998331660782
56,"unanchored",0.25,0.5,0,"present","unadjusted",-0.3,2,1000,0.184311234228232,0.0869841910662839,0.003,0.00600000000000012,0.00346063230869387
56,"unanchored",0.25,0.5,0,"present","unadjusted",-0.3,5,1000,0.184311234228232,0.0869841910662839,0.001,0.00500000000000008,0.005
56,"unanchored",0.25,0.5,0,"present","unadjusted",-0.1,1,1000,0.184311234228232,0.0869841910662839,0.109,0.109,0.00985982840703718
56,"unanchored",0.25,0.5,0,"present","unadjusted",-0.1,2,1000,0.184311234228232,0.0869841910662839,0.057,0.114,0.0146703517074137
56,"unanchored",0.25,0.5,0,"present","unadjusted",-0.1,5,1000,0.184311234228232,0.0869841910662839,0.023,0.115,0.0237136529732838
56,"unanchored",0.25,0.5,0,"present","unadjusted",0.1,1,1000,0.184311234228232,0.0869841910662839,0.456,0.456,0.0157579285539792
56,"unanchored",0.25,0.5,0,"present","unadjusted",0.1,2,1000,0.184311234228232,0.0869841910662839,0.624,0.624,0.0153251055088981
56,"unanchored",0.25,0.5,0,"present","unadjusted",0.1,5,1000,0.184311234228232,0.0869841910662839,0.833,0.833,0.0118004343246446
56,"unanchored",0.25,0.5,0,"present","unadjusted",0.3,1,1000,0.184311234228232,0.0869841910662839,0.094,0.094,0.00923305200078774
56,"unanchored",0.25,0.5,0,"present","unadjusted",0.3,2,1000,0.184311234228232,0.0869841910662839,0.185,0.185,0.0122851913263867
56,"unanchored",0.25,0.5,0,"present","unadjusted",0.3,5,1000,0.184311234228232,0.0869841910662839,0.336,0.336,0.014944140233795
57,"anchored",1,0.5,0,"present","gcomp",-0.3,1,1000,0.193368708043648,-0.0106232170955788,0.071,0.071,0.00812557844248792
57,"anchored",1,0.5,0,"present","gcomp",-0.3,2,1000,0.193368708043648,-0.0106232170955788,0.025,0.0500000000000001,0.00987914963939693
57,"anchored",1,0.5,0,"present","gcomp",-0.3,5,1000,0.193368708043648,-0.0106232170955788,0.005,0.025,0.0111579343742244
57,"anchored",1,0.5,0,"present","gcomp",-0.1,1,1000,0.193368708043648,-0.0106232170955788,0.32,0.32,0.0147586523035749
57,"anchored",1,0.5,0,"present","gcomp",-0.1,2,1000,0.193368708043648,-0.0106232170955788,0.187,0.374,0.0246725096561482
57,"anchored",1,0.5,0,"present","gcomp",-0.1,5,1000,0.193368708043648,-0.0106232170955788,0.081,0.405,0.0431606051607002
57,"anchored",1,0.5,0,"present","gcomp",0.1,1,1000,0.193368708043648,-0.0106232170955788,0.293,0.293,0.0143999429984413
57,"anchored",1,0.5,0,"present","gcomp",0.1,2,1000,0.193368708043648,-0.0106232170955788,0.431,0.431,0.0156679444881735
57,"anchored",1,0.5,0,"present","gcomp",0.1,5,1000,0.193368708043648,-0.0106232170955788,0.658,0.658,0.0150087061821217
57,"anchored",1,0.5,0,"present","gcomp",0.3,1,1000,0.193368708043648,-0.0106232170955788,0.054,0.0539999999999999,0.00715088352129544
57,"anchored",1,0.5,0,"present","gcomp",0.3,2,1000,0.193368708043648,-0.0106232170955788,0.126,0.126,0.010499249222408
57,"anchored",1,0.5,0,"present","gcomp",0.3,5,1000,0.193368708043648,-0.0106232170955788,0.272,0.272,0.0140788569924626
57,"anchored",1,0.5,0,"present","maic_index",-0.3,1,1000,0.249631856108967,-0.00265661433784531,0.113,0.113,0.0100165528666969
57,"anchored",1,0.5,0,"present","maic_index",-0.3,2,1000,0.249631856108967,-0.00265661433784531,0.054,0.108,0.0143017670425909
57,"anchored",1,0.5,0,"present","maic_index",-0.3,5,1000,0.249631856108967,-0.00265661433784531,0.018,0.0900000000000001,0.0210319362480574
57,"anchored",1,0.5,0,"present","maic_index",-0.1,1,1000,0.249631856108967,-0.00265661433784531,0.347,0.347,0.0150604720317066
57,"anchored",1,0.5,0,"present","maic_index",-0.1,2,1000,0.249631856108967,-0.00265661433784531,0.209,0.418,0.0257281545769987
57,"anchored",1,0.5,0,"present","maic_index",-0.1,5,1000,0.249631856108967,-0.00265661433784531,0.082,0.41,0.043402578077619
57,"anchored",1,0.5,0,"present","maic_index",0.1,1,1000,0.249631856108967,-0.00265661433784531,0.342,0.342,0.0150087061821217
57,"anchored",1,0.5,0,"present","maic_index",0.1,2,1000,0.249631856108967,-0.00265661433784531,0.491,0.491,0.0158167369950054
57,"anchored",1,0.5,0,"present","maic_index",0.1,5,1000,0.249631856108967,-0.00265661433784531,0.702,0.702,0.0144708467411347
57,"anchored",1,0.5,0,"present","maic_index",0.3,1,1000,0.249631856108967,-0.00265661433784531,0.113,0.113,0.0100165528666968
57,"anchored",1,0.5,0,"present","maic_index",0.3,2,1000,0.249631856108967,-0.00265661433784531,0.213,0.213,0.0129537175667372
57,"anchored",1,0.5,0,"present","maic_index",0.3,5,1000,0.249631856108967,-0.00265661433784531,0.401,0.401,0.0155061097454983
57,"anchored",1,0.5,0,"present","maic_means",-0.3,1,1000,0.222037392294208,0.0798940785962582,0.033,0.033,0.00565180882045237
57,"anchored",1,0.5,0,"present","maic_means",-0.3,2,1000,0.222037392294208,0.0798940785962582,0.007,0.014,0.00527558829248758
57,"anchored",1,0.5,0,"present","maic_means",-0.3,5,1000,0.222037392294208,0.0798940785962582,0.002,0.0100000000000001,0.00706752785278918
57,"anchored",1,0.5,0,"present","maic_means",-0.1,1,1000,0.222037392294208,0.0798940785962582,0.185,0.185,0.0122851913263867
57,"anchored",1,0.5,0,"present","maic_means",-0.1,2,1000,0.222037392294208,0.0798940785962582,0.104,0.208,0.0193160324370486
57,"anchored",1,0.5,0,"present","maic_means",-0.1,5,1000,0.222037392294208,0.0798940785962582,0.033,0.165,0.0282590441022619
57,"anchored",1,0.5,0,"present","maic_means",0.1,1,1000,0.222037392294208,0.0798940785962582,0.443,0.443,0.0157161699532041
57,"anchored",1,0.5,0,"present","maic_means",0.1,2,1000,0.222037392294208,0.0798940785962582,0.634,0.634,0.0152406127264058
57,"anchored",1,0.5,0,"present","maic_means",0.1,5,1000,0.222037392294208,0.0798940785962582,0.813,0.813,0.0123362548280741
57,"anchored",1,0.5,0,"present","maic_means",0.3,1,1000,0.222037392294208,0.0798940785962582,0.145,0.145,0.0111399775178901
57,"anchored",1,0.5,0,"present","maic_means",0.3,2,1000,0.222037392294208,0.0798940785962582,0.274,0.274,0.0141110992882596
57,"anchored",1,0.5,0,"present","maic_means",0.3,5,1000,0.222037392294208,0.0798940785962582,0.441,0.441,0.0157087798942427
57,"anchored",1,0.5,0,"present","maic_meanvar",-0.3,1,1000,0.319072821340958,-0.00405071133127509,0.187,0.187,0.0123362548280741
57,"anchored",1,0.5,0,"present","maic_meanvar",-0.3,2,1000,0.319072821340958,-0.00405071133127509,0.09,0.18,0.0181087804097329
57,"anchored",1,0.5,0,"present","maic_meanvar",-0.3,5,1000,0.319072821340958,-0.00405071133127509,0.026,0.13,0.0251740686765912
57,"anchored",1,0.5,0,"present","maic_meanvar",-0.1,1,1000,0.319072821340958,-0.00405071133127509,0.375,0.375,0.015316971293621
57,"anchored",1,0.5,0,"present","maic_meanvar",-0.1,2,1000,0.319072821340958,-0.00405071133127509,0.244,0.488,0.0271770968757629
57,"anchored",1,0.5,0,"present","maic_meanvar",-0.1,5,1000,0.319072821340958,-0.00405071133127509,0.112,0.559999999999999,0.0498887651569856
57,"anchored",1,0.5,0,"present","maic_meanvar",0.1,1,1000,0.319072821340958,-0.00405071133127509,0.389,0.389,0.0154245556473085
57,"anchored",1,0.5,0,"present","maic_meanvar",0.1,2,1000,0.319072821340958,-0.00405071133127509,0.551,0.551,0.015736792768752
57,"anchored",1,0.5,0,"present","maic_meanvar",0.1,5,1000,0.319072821340958,-0.00405071133127509,0.724,0.724,0.0141429849757407
57,"anchored",1,0.5,0,"present","maic_meanvar",0.3,1,1000,0.319072821340958,-0.00405071133127509,0.173,0.173,0.0119672141375599
57,"anchored",1,0.5,0,"present","maic_meanvar",0.3,2,1000,0.319072821340958,-0.00405071133127509,0.31,0.31,0.0146326386586329
57,"anchored",1,0.5,0,"present","maic_meanvar",0.3,5,1000,0.319072821340958,-0.00405071133127509,0.509,0.509,0.0158167369950054
57,"anchored",1,0.5,0,"present","unadjusted",-0.3,1,1000,0.22003912193088,0.0788357072864625,0.028,0.028,0.00521950603441004
57,"anchored",1,0.5,0,"present","unadjusted",-0.3,2,1000,0.22003912193088,0.0788357072864625,0.008,0.016,0.00563700060100901
57,"anchored",1,0.5,0,"present","unadjusted",-0.3,5,1000,0.22003912193088,0.0788357072864625,0.002,0.0100000000000001,0.00706752785278918
57,"anchored",1,0.5,0,"present","unadjusted",-0.1,1,1000,0.22003912193088,0.0788357072864625,0.192,0.192,0.01246159264666
57,"anchored",1,0.5,0,"present","unadjusted",-0.1,2,1000,0.22003912193088,0.0788357072864625,0.107,0.214,0.0195598207196943
57,"anchored",1,0.5,0,"present","unadjusted",-0.1,5,1000,0.22003912193088,0.0788357072864625,0.03,0.15,0.0269857041454959
57,"anchored",1,0.5,0,"present","unadjusted",0.1,1,1000,0.22003912193088,0.0788357072864625,0.451,0.451,0.0157431523795855
57,"anchored",1,0.5,0,"present","unadjusted",0.1,2,1000,0.22003912193088,0.0788357072864625,0.626,0.626,0.0153087673690064
57,"anchored",1,0.5,0,"present","unadjusted",0.1,5,1000,0.22003912193088,0.0788357072864625,0.807,0.807,0.0124862687343701
57,"anchored",1,0.5,0,"present","unadjusted",0.3,1,1000,0.22003912193088,0.0788357072864625,0.141,0.141,0.0110109145959924
57,"anchored",1,0.5,0,"present","unadjusted",0.3,2,1000,0.22003912193088,0.0788357072864625,0.267,0.267,0.0139966748517963
57,"anchored",1,0.5,0,"present","unadjusted",0.3,5,1000,0.22003912193088,0.0788357072864625,0.443,0.443,0.0157161699532041
58,"unanchored",1,0.5,0,"present","gcomp",-0.3,1,1000,0.14673667530946,-0.00842004062103093,0.03,0.0300000000000001,0.00539714082909921
58,"unanchored",1,0.5,0,"present","gcomp",-0.3,2,1000,0.14673667530946,-0.00842004062103093,0.014,0.028,0.00743446509651318
58,"unanchored",1,0.5,0,"present","gcomp",-0.3,5,1000,0.14673667530946,-0.00842004062103093,0.003,0.015,0.00865158077173473
58,"unanchored",1,0.5,0,"present","gcomp",-0.1,1,1000,0.14673667530946,-0.00842004062103093,0.264,0.264,0.0139462718494405
58,"unanchored",1,0.5,0,"present","gcomp",-0.1,2,1000,0.14673667530946,-0.00842004062103093,0.139,0.278,0.0218905275220859
58,"unanchored",1,0.5,0,"present","gcomp",-0.1,5,1000,0.14673667530946,-0.00842004062103093,0.061,0.305,0.037860380457787
58,"unanchored",1,0.5,0,"present","gcomp",0.1,1,1000,0.14673667530946,-0.00842004062103093,0.218,0.218,0.0130631790405953
58,"unanchored",1,0.5,0,"present","gcomp",0.1,2,1000,0.14673667530946,-0.00842004062103093,0.385,0.385,0.0153951944454108
58,"unanchored",1,0.5,0,"present","gcomp",0.1,5,1000,0.14673667530946,-0.00842004062103093,0.597,0.597,0.0155187574190665
58,"unanchored",1,0.5,0,"present","gcomp",0.3,1,1000,0.14673667530946,-0.00842004062103093,0.024,0.024,0.00484225644172708
58,"unanchored",1,0.5,0,"present","gcomp",0.3,2,1000,0.14673667530946,-0.00842004062103093,0.044,0.044,0.00648892179842742
58,"unanchored",1,0.5,0,"present","gcomp",0.3,5,1000,0.14673667530946,-0.00842004062103093,0.114,0.114,0.0100551034358233
58,"unanchored",1,0.5,0,"present","maic_index",-0.3,1,1000,0.157484989335053,-0.0191762058929,0.038,0.038,0.00604918115058493
58,"unanchored",1,0.5,0,"present","maic_index",-0.3,2,1000,0.157484989335053,-0.0191762058929,0.01,0.02,0.00629600187735352
58,"unanchored",1,0.5,0,"present","maic_index",-0.3,5,1000,0.157484989335053,-0.0191762058929,0.002,0.01,0.00706752785278918
58,"unanchored",1,0.5,0,"present","maic_index",-0.1,1,1000,0.157484989335053,-0.0191762058929,0.31,0.31,0.0146326386586329
58,"unanchored",1,0.5,0,"present","maic_index",-0.1,2,1000,0.157484989335053,-0.0191762058929,0.153,0.306,0.0227790009193311
58,"unanchored",1,0.5,0,"present","maic_index",-0.1,5,1000,0.157484989335053,-0.0191762058929,0.045,0.225,0.0327940612070303
58,"unanchored",1,0.5,0,"present","maic_index",0.1,1,1000,0.157484989335053,-0.0191762058929,0.214,0.214,0.0129758380219688
58,"unanchored",1,0.5,0,"present","maic_index",0.1,2,1000,0.157484989335053,-0.0191762058929,0.399,0.399,0.0154931933131629
58,"unanchored",1,0.5,0,"present","maic_index",0.1,5,1000,0.157484989335053,-0.0191762058929,0.654,0.654,0.0150502661275644
58,"unanchored",1,0.5,0,"present","maic_index",0.3,1,1000,0.157484989335053,-0.0191762058929,0.024,0.024,0.00484225644172708
58,"unanchored",1,0.5,0,"present","maic_index",0.3,2,1000,0.157484989335053,-0.0191762058929,0.067,0.0669999999999999,0.00791034598317755
58,"unanchored",1,0.5,0,"present","maic_index",0.3,5,1000,0.157484989335053,-0.0191762058929,0.176,0.176,0.0120486168985975
58,"unanchored",1,0.5,0,"present","maic_means",-0.3,1,1000,0.212376954906014,0.149202172132562,0.003,0.003,0.00173031615434694
58,"unanchored",1,0.5,0,"present","maic_means",-0.3,2,1000,0.212376954906014,0.149202172132562,0.002,0.004,0.00282701114111564
58,"unanchored",1,0.5,0,"present","maic_means",-0.3,5,1000,0.212376954906014,0.149202172132562,0,0,0
58,"unanchored",1,0.5,0,"present","maic_means",-0.1,1,1000,0.212376954906014,0.149202172132562,0.047,0.047,0.00669595667816304
58,"unanchored",1,0.5,0,"present","maic_means",-0.1,2,1000,0.212376954906014,0.149202172132562,0.03,0.06,0.0107942816581984
58,"unanchored",1,0.5,0,"present","maic_means",-0.1,5,1000,0.212376954906014,0.149202172132562,0.006,0.03,0.0122167609966492
58,"unanchored",1,0.5,0,"present","maic_means",0.1,1,1000,0.212376954906014,0.149202172132562,0.641,0.641,0.0151772642247986
58,"unanchored",1,0.5,0,"present","maic_means",0.1,2,1000,0.212376954906014,0.149202172132562,0.789,0.789,0.0129091303210421
58,"unanchored",1,0.5,0,"present","maic_means",0.1,5,1000,0.212376954906014,0.149202172132562,0.909,0.909,0.00909954953840023
58,"unanchored",1,0.5,0,"present","maic_means",0.3,1,1000,0.212376954906014,0.149202172132562,0.142,0.142,0.0110434576993782
58,"unanchored",1,0.5,0,"present","maic_means",0.3,2,1000,0.212376954906014,0.149202172132562,0.276,0.276,0.0141429849757407
58,"unanchored",1,0.5,0,"present","maic_means",0.3,5,1000,0.212376954906014,0.149202172132562,0.508,0.508000000000001,0.015817274929209
58,"unanchored",1,0.5,0,"present","maic_meanvar",-0.3,1,1000,0.198816012484729,-0.00441209509342962,0.074,0.0740000000000001,0.00828206451270416
58,"unanchored",1,0.5,0,"present","maic_meanvar",-0.3,2,1000,0.198816012484729,-0.00441209509342962,0.021,0.0420000000000001,0.00907294430261299
58,"unanchored",1,0.5,0,"present","maic_meanvar",-0.3,5,1000,0.198816012484729,-0.00441209509342962,0.007,0.0349999999999999,0.013188970731219
58,"unanchored",1,0.5,0,"present","maic_meanvar",-0.1,1,1000,0.198816012484729,-0.00441209509342962,0.292,0.292,0.0143855115634773
58,"unanchored",1,0.5,0,"present","maic_meanvar",-0.1,2,1000,0.198816012484729,-0.00441209509342962,0.161,0.322,0.0232563293934544
58,"unanchored",1,0.5,0,"present","maic_meanvar",-0.1,5,1000,0.198816012484729,-0.00441209509342962,0.056,0.28,0.0363720074084857
58,"unanchored",1,0.5,0,"present","maic_meanvar",0.1,1,1000,0.198816012484729,-0.00441209509342962,0.29,0.29,0.0143563959999057
58,"unanchored",1,0.5,0,"present","maic_meanvar",0.1,2,1000,0.198816012484729,-0.00441209509342962,0.481,0.481,0.0158078742685058
58,"unanchored",1,0.5,0,"present","maic_meanvar",0.1,5,1000,0.198816012484729,-0.00441209509342962,0.75,0.75,0.0136999156087798
58,"unanchored",1,0.5,0,"present","maic_meanvar",0.3,1,1000,0.198816012484729,-0.00441209509342962,0.064,0.064,0.0077436402269193
58,"unanchored",1,0.5,0,"present","maic_meanvar",0.3,2,1000,0.198816012484729,-0.00441209509342962,0.147,0.147,0.0112034153951603
58,"unanchored",1,0.5,0,"present","maic_meanvar",0.3,5,1000,0.198816012484729,-0.00441209509342962,0.339,0.339,0.0149767587716203
58,"unanchored",1,0.5,0,"present","unadjusted",-0.3,1,1000,0.214964710174239,0.148666740112062,0.003,0.00300000000000002,0.00173031615434694
58,"unanchored",1,0.5,0,"present","unadjusted",-0.3,2,1000,0.214964710174239,0.148666740112062,0.001,0.002,0.00200000000000002
58,"unanchored",1,0.5,0,"present","unadjusted",-0.3,5,1000,0.214964710174239,0.148666740112062,0,0,0
58,"unanchored",1,0.5,0,"present","unadjusted",-0.1,1,1000,0.214964710174239,0.148666740112062,0.053,0.053,0.00708810561724644
58,"unanchored",1,0.5,0,"present","unadjusted",-0.1,2,1000,0.214964710174239,0.148666740112062,0.028,0.056,0.0104390120688201
58,"unanchored",1,0.5,0,"present","unadjusted",-0.1,5,1000,0.214964710174239,0.148666740112062,0.011,0.0550000000000001,0.0164999165830391
58,"unanchored",1,0.5,0,"present","unadjusted",0.1,1,1000,0.214964710174239,0.148666740112062,0.636,0.636,0.015222868840522
58,"unanchored",1,0.5,0,"present","unadjusted",0.1,2,1000,0.214964710174239,0.148666740112062,0.768,0.768,0.0133549374522816
58,"unanchored",1,0.5,0,"present","unadjusted",0.1,5,1000,0.214964710174239,0.148666740112062,0.902,0.902,0.00940661918462123
58,"unanchored",1,0.5,0,"present","unadjusted",0.3,1,1000,0.214964710174239,0.148666740112062,0.15,0.15,0.0112972398234093
58,"unanchored",1,0.5,0,"present","unadjusted",0.3,2,1000,0.214964710174239,0.148666740112062,0.292,0.292,0.0143855115634773
58,"unanchored",1,0.5,0,"present","unadjusted",0.3,5,1000,0.214964710174239,0.148666740112062,0.515,0.515,0.0158121796418149
59,"anchored",4,0.5,0,"present","gcomp",-0.3,1,1000,0.162838238007264,0.00899643807172553,0.022,0.022,0.0046408552592747
59,"anchored",4,0.5,0,"present","gcomp",-0.3,2,1000,0.162838238007264,0.00899643807172553,0.007,0.0140000000000001,0.00527558829248752
59,"anchored",4,0.5,0,"present","gcomp",-0.3,5,1000,0.162838238007264,0.00899643807172553,0.001,0.00500000000000008,0.00500000000000008
59,"anchored",4,0.5,0,"present","gcomp",-0.1,1,1000,0.162838238007264,0.00899643807172553,0.246,0.246,0.0136260658177506
59,"anchored",4,0.5,0,"present","gcomp",-0.1,2,1000,0.162838238007264,0.00899643807172553,0.129,0.258,0.0212105135695932
59,"anchored",4,0.5,0,"present","gcomp",-0.1,5,1000,0.162838238007264,0.00899643807172553,0.044,0.22,0.032444608992137
59,"anchored",4,0.5,0,"present","gcomp",0.1,1,1000,0.162838238007264,0.00899643807172553,0.29,0.29,0.0143563959999057
59,"anchored",4,0.5,0,"present","gcomp",0.1,2,1000,0.162838238007264,0.00899643807172553,0.433,0.433,0.0156766309121813
59,"anchored",4,0.5,0,"present","gcomp",0.1,5,1000,0.162838238007264,0.00899643807172553,0.652,0.652,0.0150706046037684
59,"anchored",4,0.5,0,"present","gcomp",0.3,1,1000,0.162838238007264,0.00899643807172553,0.046,0.046,0.00662781471738069
59,"anchored",4,0.5,0,"present","gcomp",0.3,2,1000,0.162838238007264,0.00899643807172553,0.096,0.0959999999999999,0.00932045443478324
59,"anchored",4,0.5,0,"present","gcomp",0.3,5,1000,0.162838238007264,0.00899643807172553,0.212,0.212,0.0129314818649381
59,"anchored",4,0.5,0,"present","maic_index",-0.3,1,1000,0.229539718144974,0.00862995641176813,0.088,0.088,0.00896305396259207
59,"anchored",4,0.5,0,"present","maic_index",-0.3,2,1000,0.229539718144974,0.00862995641176813,0.042,0.084,0.0126927185860677
59,"anchored",4,0.5,0,"present","maic_index",-0.3,5,1000,0.229539718144974,0.00862995641176813,0.013,0.065,0.0179191544470184
59,"anchored",4,0.5,0,"present","maic_index",-0.1,1,1000,0.229539718144974,0.00862995641176813,0.318,0.318,0.0147340793093119
59,"anchored",4,0.5,0,"present","maic_index",-0.1,2,1000,0.229539718144974,0.00862995641176813,0.181,0.362,0.0243628723583558
59,"anchored",4,0.5,0,"present","maic_index",-0.1,5,1000,0.229539718144974,0.00862995641176813,0.074,0.37,0.0414103225635203
59,"anchored",4,0.5,0,"present","maic_index",0.1,1,1000,0.229539718144974,0.00862995641176813,0.347,0.347,0.0150604720317066
59,"anchored",4,0.5,0,"present","maic_index",0.1,2,1000,0.229539718144974,0.00862995641176813,0.51,0.51,0.0158161357527732
59,"anchored",4,0.5,0,"present","maic_index",0.1,5,1000,0.229539718144974,0.00862995641176813,0.726,0.726,0.0141110992882596
59,"anchored",4,0.5,0,"present","maic_index",0.3,1,1000,0.229539718144974,0.00862995641176813,0.098,0.0980000000000001,0.00940661918462124
59,"anchored",4,0.5,0,"present","maic_index",0.3,2,1000,0.229539718144974,0.00862995641176813,0.211,0.211,0.0129091303210421
59,"anchored",4,0.5,0,"present","maic_index",0.3,5,1000,0.229539718144974,0.00862995641176813,0.39,0.39,0.0154317250538666
59,"anchored",4,0.5,0,"present","maic_means",-0.3,1,1000,0.221795232109828,0.117670420441653,0.011,0.011,0.00329998331660782
59,"anchored",4,0.5,0,"present","maic_means",-0.3,2,1000,0.221795232109828,0.117670420441653,0.003,0.00600000000000005,0.00346063230869387
59,"anchored",4,0.5,0,"present","maic_means",-0.3,5,1000,0.221795232109828,0.117670420441653,0.001,0.00500000000000008,0.00500000000000008
59,"anchored",4,0.5,0,"present","maic_means",-0.1,1,1000,0.221795232109828,0.117670420441653,0.128,0.128,0.0105701337611087
59,"anchored",4,0.5,0,"present","maic_means",-0.1,2,1000,0.221795232109828,0.117670420441653,0.045,0.09,0.0131176244828122
59,"anchored",4,0.5,0,"present","maic_means",-0.1,5,1000,0.221795232109828,0.117670420441653,0.014,0.0699999999999999,0.018586162741283
59,"anchored",4,0.5,0,"present","maic_means",0.1,1,1000,0.221795232109828,0.117670420441653,0.533,0.533,0.0157848078911388
59,"anchored",4,0.5,0,"present","maic_means",0.1,2,1000,0.221795232109828,0.117670420441653,0.701,0.701,0.0144847785212205
59,"anchored",4,0.5,0,"present","maic_means",0.1,5,1000,0.221795232109828,0.117670420441653,0.857,0.857,0.011075814808567
59,"anchored",4,0.5,0,"present","maic_means",0.3,1,1000,0.221795232109828,0.117670420441653,0.166,0.166,0.0117721103708122
59,"anchored",4,0.5,0,"present","maic_means",0.3,2,1000,0.221795232109828,0.117670420441653,0.295,0.295,0.0144285544384455
59,"anchored",4,0.5,0,"present","maic_means",0.3,5,1000,0.221795232109828,0.117670420441653,0.509,0.509,0.0158167369950054
59,"anchored",4,0.5,0,"present","maic_meanvar",-0.3,1,1000,0.308602546895865,0.00506192959938689,0.161,0.161,0.0116281646967272
59,"anchored",4,0.5,0,"present","maic_meanvar",-0.3,2,1000,0.308602546895865,0.00506192959938689,0.077,0.154,0.0168691602804813
59,"anchored",4,0.5,0,"present","maic_meanvar",-0.3,5,1000,0.308602546895865,0.00506192959938689,0.023,0.115,0.0237136529732839
59,"anchored",4,0.5,0,"present","maic_meanvar",-0.1,1,1000,0.308602546895865,0.00506192959938689,0.376,0.376,0.0153251055088981
59,"anchored",4,0.5,0,"present","maic_meanvar",-0.1,2,1000,0.308602546895865,0.00506192959938689,0.225,0.45,0.0264234403172295
59,"anchored",4,0.5,0,"present","maic_meanvar",-0.1,5,1000,0.308602546895865,0.00506192959938689,0.095,0.475,0.046384550515517
59,"anchored",4,0.5,0,"present","maic_meanvar",0.1,1,1000,0.308602546895865,0.00506192959938689,0.369,0.369,0.0152666981391546
59,"anchored",4,0.5,0,"present","maic_meanvar",0.1,2,1000,0.308602546895865,0.00506192959938689,0.534,0.534,0.0157826833299376
59,"anchored",4,0.5,0,"present","maic_meanvar",0.1,5,1000,0.308602546895865,0.00506192959938689,0.725,0.725,0.0141270865564905
59,"anchored",4,0.5,0,"present","maic_meanvar",0.3,1,1000,0.308602546895865,0.00506192959938689,0.175,0.175,0.012021627157732
59,"anchored",4,0.5,0,"present","maic_meanvar",0.3,2,1000,0.308602546895865,0.00506192959938689,0.289,0.289,0.0143417113582962
59,"anchored",4,0.5,0,"present","maic_meanvar",0.3,5,1000,0.308602546895865,0.00506192959938689,0.474,0.474,0.0157978977580428
59,"anchored",4,0.5,0,"present","unadjusted",-0.3,1,1000,0.221597365890982,0.118340723593796,0.011,0.011,0.00329998331660782
59,"anchored",4,0.5,0,"present","unadjusted",-0.3,2,1000,0.221597365890982,0.118340723593796,0.001,0.002,0.00200000000000003
59,"anchored",4,0.5,0,"present","unadjusted",-0.3,5,1000,0.221597365890982,0.118340723593796,0.001,0.00500000000000008,0.00500000000000008
59,"anchored",4,0.5,0,"present","unadjusted",-0.1,1,1000,0.221597365890982,0.118340723593796,0.128,0.128,0.0105701337611087
59,"anchored",4,0.5,0,"present","unadjusted",-0.1,2,1000,0.221597365890982,0.118340723593796,0.044,0.0880000000000001,0.0129778435968548
59,"anchored",4,0.5,0,"present","unadjusted",-0.1,5,1000,0.221597365890982,0.118340723593796,0.011,0.0550000000000001,0.016499916583039
59,"anchored",4,0.5,0,"present","unadjusted",0.1,1,1000,0.221597365890982,0.118340723593796,0.529,0.529,0.0157926694516289
59,"anchored",4,0.5,0,"present","unadjusted",0.1,2,1000,0.221597365890982,0.118340723593796,0.712,0.712,0.0143269417972316
59,"anchored",4,0.5,0,"present","unadjusted",0.1,5,1000,0.221597365890982,0.118340723593796,0.854,0.854,0.0111717862854965
59,"anchored",4,0.5,0,"present","unadjusted",0.3,1,1000,0.221597365890982,0.118340723593796,0.166,0.166,0.0117721103708122
59,"anchored",4,0.5,0,"present","unadjusted",0.3,2,1000,0.221597365890982,0.118340723593796,0.295,0.295,0.0144285544384455
59,"anchored",4,0.5,0,"present","unadjusted",0.3,5,1000,0.221597365890982,0.118340723593796,0.512,0.512,0.0158147433145818
60,"unanchored",4,0.5,0,"present","gcomp",-0.3,1,1000,0.120067593052621,0.0063523624419601,0.009,0.009,0.00298796384314265
60,"unanchored",4,0.5,0,"present","gcomp",-0.3,2,1000,0.120067593052621,0.0063523624419601,0.001,0.002,0.00200000000000002
60,"unanchored",4,0.5,0,"present","gcomp",-0.3,5,1000,0.120067593052621,0.0063523624419601,0,0,0
60,"unanchored",4,0.5,0,"present","gcomp",-0.1,1,1000,0.120067593052621,0.0063523624419601,0.187,0.187,0.0123362548280741
60,"unanchored",4,0.5,0,"present","gcomp",-0.1,2,1000,0.120067593052621,0.0063523624419601,0.098,0.196,0.0188132383692425
60,"unanchored",4,0.5,0,"present","gcomp",-0.1,5,1000,0.120067593052621,0.0063523624419601,0.03,0.15,0.0269857041454959
60,"unanchored",4,0.5,0,"present","gcomp",0.1,1,1000,0.120067593052621,0.0063523624419601,0.23,0.23,0.013314551335936
60,"unanchored",4,0.5,0,"present","gcomp",0.1,2,1000,0.120067593052621,0.0063523624419601,0.363,0.363,0.0152138904446713
60,"unanchored",4,0.5,0,"present","gcomp",0.1,5,1000,0.120067593052621,0.0063523624419601,0.585,0.585,0.0155890351856046
60,"unanchored",4,0.5,0,"present","gcomp",0.3,1,1000,0.120067593052621,0.0063523624419601,0.006,0.006,0.00244335219932982
60,"unanchored",4,0.5,0,"present","gcomp",0.3,2,1000,0.120067593052621,0.0063523624419601,0.02,0.02,0.00442940398017836
60,"unanchored",4,0.5,0,"present","gcomp",0.3,5,1000,0.120067593052621,0.0063523624419601,0.063,0.063,0.00768700787628641
60,"unanchored",4,0.5,0,"present","maic_index",-0.3,1,1000,0.126709962131896,-0.0172301083083972,0.016,0.016,0.00396985639031942
60,"unanchored",4,0.5,0,"present","maic_index",-0.3,2,1000,0.126709962131896,-0.0172301083083972,0.004,0.00799999999999999,0.00399398947819746
60,"unanchored",4,0.5,0,"present","maic_index",-0.3,5,1000,0.126709962131896,-0.0172301083083972,0,0,0
60,"unanchored",4,0.5,0,"present","maic_index",-0.1,1,1000,0.126709962131896,-0.0172301083083972,0.243,0.243,0.0135696401991775
60,"unanchored",4,0.5,0,"present","maic_index",-0.1,2,1000,0.126709962131896,-0.0172301083083972,0.102,0.204,0.0191507376033078
60,"unanchored",4,0.5,0,"present","maic_index",-0.1,5,1000,0.126709962131896,-0.0172301083083972,0.029,0.145,0.0265458034287849
60,"unanchored",4,0.5,0,"present","maic_index",0.1,1,1000,0.126709962131896,-0.0172301083083972,0.187,0.187,0.0123362548280741
60,"unanchored",4,0.5,0,"present","maic_index",0.1,2,1000,0.126709962131896,-0.0172301083083972,0.378,0.378,0.0153411652540266
60,"unanchored",4,0.5,0,"present","maic_index",0.1,5,1000,0.126709962131896,-0.0172301083083972,0.64,0.64,0.0151865279320401
60,"unanchored",4,0.5,0,"present","maic_index",0.3,1,1000,0.126709962131896,-0.0172301083083972,0.006,0.006,0.00244335219932982
60,"unanchored",4,0.5,0,"present","maic_index",0.3,2,1000,0.126709962131896,-0.0172301083083972,0.024,0.024,0.00484225644172705
60,"unanchored",4,0.5,0,"present","maic_index",0.3,5,1000,0.126709962131896,-0.0172301083083972,0.104,0.104,0.00965801621852431
60,"unanchored",4,0.5,0,"present","maic_means",-0.3,1,1000,0.2574745191182,0.221656956316591,0,0,0
60,"unanchored",4,0.5,0,"present","maic_means",-0.3,2,1000,0.2574745191182,0.221656956316591,0,0,0
60,"unanchored",4,0.5,0,"present","maic_means",-0.3,5,1000,0.2574745191182,0.221656956316591,0,0,0
60,"unanchored",4,0.5,0,"present","maic_means",-0.1,1,1000,0.2574745191182,0.221656956316591,0.009,0.009,0.00298796384314266
60,"unanchored",4,0.5,0,"present","maic_means",-0.1,2,1000,0.2574745191182,0.221656956316591,0.003,0.0060000000000001,0.00346063230869385
60,"unanchored",4,0.5,0,"present","maic_means",-0.1,5,1000,0.2574745191182,0.221656956316591,0.001,0.00500000000000007,0.00500000000000007
60,"unanchored",4,0.5,0,"present","maic_means",0.1,1,1000,0.2574745191182,0.221656956316591,0.828,0.828,0.0119397888824953
60,"unanchored",4,0.5,0,"present","maic_means",0.1,2,1000,0.2574745191182,0.221656956316591,0.915,0.915,0.00882342636694232
60,"unanchored",4,0.5,0,"present","maic_means",0.1,5,1000,0.2574745191182,0.221656956316591,0.97,0.97,0.00539714082909921
60,"unanchored",4,0.5,0,"present","maic_means",0.3,1,1000,0.2574745191182,0.221656956316591,0.287,0.287,0.01431208705381
60,"unanchored",4,0.5,0,"present","maic_means",0.3,2,1000,0.2574745191182,0.221656956316591,0.453,0.453,0.0157492551899776
60,"unanchored",4,0.5,0,"present","maic_means",0.3,5,1000,0.2574745191182,0.221656956316591,0.683,0.683,0.0147216754388802
60,"unanchored",4,0.5,0,"present","maic_meanvar",-0.3,1,1000,0.165346487496428,-0.0122482406106366,0.046,0.0460000000000001,0.00662781471738073
60,"unanchored",4,0.5,0,"present","maic_meanvar",-0.3,2,1000,0.165346487496428,-0.0122482406106366,0.009,0.0180000000000001,0.0059759276862853
60,"unanchored",4,0.5,0,"present","maic_meanvar",-0.3,5,1000,0.165346487496428,-0.0122482406106366,0,0,0
60,"unanchored",4,0.5,0,"present","maic_meanvar",-0.1,1,1000,0.165346487496428,-0.0122482406106366,0.294,0.294,0.0144142905400082
60,"unanchored",4,0.5,0,"present","maic_meanvar",-0.1,2,1000,0.165346487496428,-0.0122482406106366,0.128,0.256,0.0211402675222173
60,"unanchored",4,0.5,0,"present","maic_meanvar",-0.1,5,1000,0.165346487496428,-0.0122482406106366,0.038,0.19,0.030245905752925
60,"unanchored",4,0.5,0,"present","maic_meanvar",0.1,1,1000,0.165346487496428,-0.0122482406106366,0.243,0.243,0.0135696401991774
60,"unanchored",4,0.5,0,"present","maic_meanvar",0.1,2,1000,0.165346487496428,-0.0122482406106366,0.459,0.459,0.0157660257378822
60,"unanchored",4,0.5,0,"present","maic_meanvar",0.1,5,1000,0.165346487496428,-0.0122482406106366,0.725,0.725,0.0141270865564905
60,"unanchored",4,0.5,0,"present","maic_meanvar",0.3,1,1000,0.165346487496428,-0.0122482406106366,0.035,0.035,0.00581453427273496
60,"unanchored",4,0.5,0,"present","maic_meanvar",0.3,2,1000,0.165346487496428,-0.0122482406106366,0.087,0.087,0.00891686663074588
60,"unanchored",4,0.5,0,"present","maic_meanvar",0.3,5,1000,0.165346487496428,-0.0122482406106366,0.272,0.272,0.0140788569924626
60,"unanchored",4,0.5,0,"present","unadjusted",-0.3,1,1000,0.265196163242273,0.222000310441834,0.001,0.000999999999999999,0.00100000000000001
60,"unanchored",4,0.5,0,"present","unadjusted",-0.3,2,1000,0.265196163242273,0.222000310441834,0,0,0
60,"unanchored",4,0.5,0,"present","unadjusted",-0.3,5,1000,0.265196163242273,0.222000310441834,0,0,0
60,"unanchored",4,0.5,0,"present","unadjusted",-0.1,1,1000,0.265196163242273,0.222000310441834,0.015,0.015,0.003845749574503
60,"unanchored",4,0.5,0,"present","unadjusted",-0.1,2,1000,0.265196163242273,0.222000310441834,0.004,0.00799999999999999,0.00399398947819746
60,"unanchored",4,0.5,0,"present","unadjusted",-0.1,5,1000,0.265196163242273,0.222000310441834,0.001,0.00500000000000007,0.00500000000000007
60,"unanchored",4,0.5,0,"present","unadjusted",0.1,1,1000,0.265196163242273,0.222000310441834,0.804,0.804,0.0125595279267074
60,"unanchored",4,0.5,0,"present","unadjusted",0.1,2,1000,0.265196163242273,0.222000310441834,0.895,0.895,0.00969892102602495
60,"unanchored",4,0.5,0,"present","unadjusted",0.1,5,1000,0.265196163242273,0.222000310441834,0.958,0.958,0.00634635929303385
60,"unanchored",4,0.5,0,"present","unadjusted",0.3,1,1000,0.265196163242273,0.222000310441834,0.302,0.302,0.0145260802354595
60,"unanchored",4,0.5,0,"present","unadjusted",0.3,2,1000,0.265196163242273,0.222000310441834,0.462,0.462,0.0157735476290151
60,"unanchored",4,0.5,0,"present","unadjusted",0.3,5,1000,0.265196163242273,0.222000310441834,0.67,0.67,0.0148768720274567
61,"anchored",0.25,1,0,"present","gcomp",-0.3,1,1000,0.198936969182945,0.010368275443256,0.06,0.06,0.00751375115747492
61,"anchored",0.25,1,0,"present","gcomp",-0.3,2,1000,0.198936969182945,0.010368275443256,0.03,0.06,0.0107942816581984
61,"anchored",0.25,1,0,"present","gcomp",-0.3,5,1000,0.198936969182945,0.010368275443256,0.006,0.0300000000000001,0.0122167609966492
61,"anchored",0.25,1,0,"present","gcomp",-0.1,1,1000,0.198936969182945,0.010368275443256,0.284,0.284,0.0142670090610313
61,"anchored",0.25,1,0,"present","gcomp",-0.1,2,1000,0.198936969182945,0.010368275443256,0.151,0.302,0.0226563304466834
61,"anchored",0.25,1,0,"present","gcomp",-0.1,5,1000,0.198936969182945,0.010368275443256,0.061,0.305,0.0378603804577871
61,"anchored",0.25,1,0,"present","gcomp",0.1,1,1000,0.198936969182945,0.010368275443256,0.321,0.321,0.0147708218179346
61,"anchored",0.25,1,0,"present","gcomp",0.1,2,1000,0.198936969182945,0.010368275443256,0.498,0.498,0.0158191733743027
61,"anchored",0.25,1,0,"present","gcomp",0.1,5,1000,0.198936969182945,0.010368275443256,0.712,0.712,0.0143269417972316
61,"anchored",0.25,1,0,"present","gcomp",0.3,1,1000,0.198936969182945,0.010368275443256,0.08,0.08,0.00858333697775365
61,"anchored",0.25,1,0,"present","gcomp",0.3,2,1000,0.198936969182945,0.010368275443256,0.149,0.149,0.0112661406846322
61,"anchored",0.25,1,0,"present","gcomp",0.3,5,1000,0.198936969182945,0.010368275443256,0.312,0.312,0.014658474370509
61,"anchored",0.25,1,0,"present","maic_index",-0.3,1,1000,0.200271112922236,0.0112516098316637,0.055,0.055,0.00721297629463923
61,"anchored",0.25,1,0,"present","maic_index",-0.3,2,1000,0.200271112922236,0.0112516098316637,0.023,0.0460000000000001,0.00948546118931359
61,"anchored",0.25,1,0,"present","maic_index",-0.3,5,1000,0.200271112922236,0.0112516098316637,0.007,0.0349999999999999,0.013188970731219
61,"anchored",0.25,1,0,"present","maic_index",-0.1,1,1000,0.200271112922236,0.0112516098316637,0.291,0.291,0.0143709959823779
61,"anchored",0.25,1,0,"present","maic_index",-0.1,2,1000,0.200271112922236,0.0112516098316637,0.157,0.314,0.0230202939584604
61,"anchored",0.25,1,0,"present","maic_index",-0.1,5,1000,0.200271112922236,0.0112516098316637,0.053,0.265,0.0354405280862325
61,"anchored",0.25,1,0,"present","maic_index",0.1,1,1000,0.200271112922236,0.0112516098316637,0.318,0.318,0.0147340793093119
61,"anchored",0.25,1,0,"present","maic_index",0.1,2,1000,0.200271112922236,0.0112516098316637,0.51,0.51,0.0158161357527732
61,"anchored",0.25,1,0,"present","maic_index",0.1,5,1000,0.200271112922236,0.0112516098316637,0.714,0.714,0.0142971468625179
61,"anchored",0.25,1,0,"present","maic_index",0.3,1,1000,0.200271112922236,0.0112516098316637,0.08,0.08,0.00858333697775365
61,"anchored",0.25,1,0,"present","maic_index",0.3,2,1000,0.200271112922236,0.0112516098316637,0.151,0.151,0.0113281652233417
61,"anchored",0.25,1,0,"present","maic_index",0.3,5,1000,0.200271112922236,0.0112516098316637,0.326,0.326,0.014830507204541
61,"anchored",0.25,1,0,"present","maic_means",-0.3,1,1000,0.200452461709884,0.0112140831540849,0.058,0.0580000000000001,0.00739531545579295
61,"anchored",0.25,1,0,"present","maic_means",-0.3,2,1000,0.200452461709884,0.0112140831540849,0.024,0.048,0.00968451288345414
61,"anchored",0.25,1,0,"present","maic_means",-0.3,5,1000,0.200452461709884,0.0112140831540849,0.008,0.0400000000000001,0.0140925015025224
61,"anchored",0.25,1,0,"present","maic_means",-0.1,1,1000,0.200452461709884,0.0112140831540849,0.292,0.292,0.0143855115634773
61,"anchored",0.25,1,0,"present","maic_means",-0.1,2,1000,0.200452461709884,0.0112140831540849,0.158,0.316,0.0230797893551191
61,"anchored",0.25,1,0,"present","maic_means",-0.1,5,1000,0.200452461709884,0.0112140831540849,0.055,0.275,0.0360648814731956
61,"anchored",0.25,1,0,"present","maic_means",0.1,1,1000,0.200452461709884,0.0112140831540849,0.322,0.322,0.0147829136009967
61,"anchored",0.25,1,0,"present","maic_means",0.1,2,1000,0.200452461709884,0.0112140831540849,0.513,0.513,0.0158139521018966
61,"anchored",0.25,1,0,"present","maic_means",0.1,5,1000,0.200452461709884,0.0112140831540849,0.715,0.715,0.0142821209552005
61,"anchored",0.25,1,0,"present","maic_means",0.3,1,1000,0.200452461709884,0.0112140831540849,0.08,0.08,0.00858333697775365
61,"anchored",0.25,1,0,"present","maic_means",0.3,2,1000,0.200452461709884,0.0112140831540849,0.152,0.152,0.0113589183034753
61,"anchored",0.25,1,0,"present","maic_means",0.3,5,1000,0.200452461709884,0.0112140831540849,0.331,0.331,0.0148882725882039
61,"anchored",0.25,1,0,"present","maic_meanvar",-0.3,1,1000,0.200943659423722,0.0107127376845359,0.056,0.056,0.00727440148169707
61,"anchored",0.25,1,0,"present","maic_meanvar",-0.3,2,1000,0.200943659423722,0.0107127376845359,0.025,0.0499999999999999,0.00987914963939694
61,"anchored",0.25,1,0,"present","maic_meanvar",-0.3,5,1000,0.200943659423722,0.0107127376845359,0.007,0.0349999999999999,0.013188970731219
61,"anchored",0.25,1,0,"present","maic_meanvar",-0.1,1,1000,0.200943659423722,0.0107127376845359,0.293,0.293,0.0143999429984413
61,"anchored",0.25,1,0,"present","maic_meanvar",-0.1,2,1000,0.200943659423722,0.0107127376845359,0.157,0.314,0.0230202939584604
61,"anchored",0.25,1,0,"present","maic_meanvar",-0.1,5,1000,0.200943659423722,0.0107127376845359,0.054,0.27,0.0357544176064771
61,"anchored",0.25,1,0,"present","maic_meanvar",0.1,1,1000,0.200943659423722,0.0107127376845359,0.32,0.32,0.0147586523035749
61,"anchored",0.25,1,0,"present","maic_meanvar",0.1,2,1000,0.200943659423722,0.0107127376845359,0.512,0.512,0.0158147433145818
61,"anchored",0.25,1,0,"present","maic_meanvar",0.1,5,1000,0.200943659423722,0.0107127376845359,0.715,0.715,0.0142821209552005
61,"anchored",0.25,1,0,"present","maic_meanvar",0.3,1,1000,0.200943659423722,0.0107127376845359,0.081,0.081,0.00863212103213996
61,"anchored",0.25,1,0,"present","maic_meanvar",0.3,2,1000,0.200943659423722,0.0107127376845359,0.149,0.149,0.0112661406846322
61,"anchored",0.25,1,0,"present","maic_meanvar",0.3,5,1000,0.200943659423722,0.0107127376845359,0.329,0.329,0.0148653953859284
61,"anchored",0.25,1,0,"present","unadjusted",-0.3,1,1000,0.198899486133445,0.011183955907943,0.057,0.0569999999999999,0.00733517585370685
61,"anchored",0.25,1,0,"present","unadjusted",-0.3,2,1000,0.198899486133445,0.011183955907943,0.025,0.0499999999999999,0.00987914963939694
61,"anchored",0.25,1,0,"present","unadjusted",-0.3,5,1000,0.198899486133445,0.011183955907943,0.006,0.03,0.0122167609966493
61,"anchored",0.25,1,0,"present","unadjusted",-0.1,1,1000,0.198899486133445,0.011183955907943,0.29,0.29,0.0143563959999057
61,"anchored",0.25,1,0,"present","unadjusted",-0.1,2,1000,0.198899486133445,0.011183955907943,0.154,0.308,0.0228398261301974
61,"anchored",0.25,1,0,"present","unadjusted",-0.1,5,1000,0.198899486133445,0.011183955907943,0.055,0.275000000000001,0.0360648814731956
61,"anchored",0.25,1,0,"present","unadjusted",0.1,1,1000,0.198899486133445,0.011183955907943,0.325,0.325,0.0148187244590955
61,"anchored",0.25,1,0,"present","unadjusted",0.1,2,1000,0.198899486133445,0.011183955907943,0.518,0.518,0.0158090456994067
61,"anchored",0.25,1,0,"present","unadjusted",0.1,5,1000,0.198899486133445,0.011183955907943,0.716,0.716,0.0142670090610313
61,"anchored",0.25,1,0,"present","unadjusted",0.3,1,1000,0.198899486133445,0.011183955907943,0.077,0.077,0.00843458014024067
61,"anchored",0.25,1,0,"present","unadjusted",0.3,2,1000,0.198899486133445,0.011183955907943,0.156,0.156,0.0114802350061224
61,"anchored",0.25,1,0,"present","unadjusted",0.3,5,1000,0.198899486133445,0.011183955907943,0.337,0.337,0.0149550879186536
62,"unanchored",0.25,1,0,"present","gcomp",-0.3,1,1000,0.155593241695351,-0.00357138403621798,0.032,0.032,0.00556839357508136
62,"unanchored",0.25,1,0,"present","gcomp",-0.3,2,1000,0.155593241695351,-0.00357138403621798,0.008,0.016,0.00563700060100901
62,"unanchored",0.25,1,0,"present","gcomp",-0.3,5,1000,0.155593241695351,-0.00357138403621798,0.002,0.0100000000000001,0.00706752785278914
62,"unanchored",0.25,1,0,"present","gcomp",-0.1,1,1000,0.155593241695351,-0.00357138403621798,0.276,0.276,0.0141429849757407
62,"unanchored",0.25,1,0,"present","gcomp",-0.1,2,1000,0.155593241695351,-0.00357138403621798,0.149,0.298,0.0225322813692643
62,"unanchored",0.25,1,0,"present","gcomp",-0.1,5,1000,0.155593241695351,-0.00357138403621798,0.057,0.285,0.0366758792685343
62,"unanchored",0.25,1,0,"present","gcomp",0.1,1,1000,0.155593241695351,-0.00357138403621798,0.261,0.261,0.0138950376779651
62,"unanchored",0.25,1,0,"present","gcomp",0.1,2,1000,0.155593241695351,-0.00357138403621798,0.413,0.413,0.0155779868299365
62,"unanchored",0.25,1,0,"present","gcomp",0.1,5,1000,0.155593241695351,-0.00357138403621798,0.602,0.602,0.0154866341028589
62,"unanchored",0.25,1,0,"present","gcomp",0.3,1,1000,0.155593241695351,-0.00357138403621798,0.023,0.023,0.0047427305946568
62,"unanchored",0.25,1,0,"present","gcomp",0.3,2,1000,0.155593241695351,-0.00357138403621798,0.065,0.065,0.00779973306183201
62,"unanchored",0.25,1,0,"present","gcomp",0.3,5,1000,0.155593241695351,-0.00357138403621798,0.181,0.181,0.0121814361791779
62,"unanchored",0.25,1,0,"present","maic_index",-0.3,1,1000,0.15466324033763,-0.00416381474363991,0.032,0.032,0.00556839357508136
62,"unanchored",0.25,1,0,"present","maic_index",-0.3,2,1000,0.15466324033763,-0.00416381474363991,0.009,0.0180000000000001,0.00597592768628534
62,"unanchored",0.25,1,0,"present","maic_index",-0.3,5,1000,0.15466324033763,-0.00416381474363991,0.001,0.00500000000000006,0.00500000000000003
62,"unanchored",0.25,1,0,"present","maic_index",-0.1,1,1000,0.15466324033763,-0.00416381474363991,0.271,0.271,0.0140626013509862
62,"unanchored",0.25,1,0,"present","maic_index",-0.1,2,1000,0.15466324033763,-0.00416381474363991,0.144,0.288,0.0222159750978783
62,"unanchored",0.25,1,0,"present","maic_index",-0.1,5,1000,0.15466324033763,-0.00416381474363991,0.053,0.265,0.0354405280862325
62,"unanchored",0.25,1,0,"present","maic_index",0.1,1,1000,0.15466324033763,-0.00416381474363991,0.259,0.259,0.0138604152575279
62,"unanchored",0.25,1,0,"present","maic_index",0.1,2,1000,0.15466324033763,-0.00416381474363991,0.409,0.409,0.0155550943732579
62,"unanchored",0.25,1,0,"present","maic_index",0.1,5,1000,0.15466324033763,-0.00416381474363991,0.607,0.607,0.0154528246540815
62,"unanchored",0.25,1,0,"present","maic_index",0.3,1,1000,0.15466324033763,-0.00416381474363991,0.025,0.025,0.00493957481969845
62,"unanchored",0.25,1,0,"present","maic_index",0.3,2,1000,0.15466324033763,-0.00416381474363991,0.062,0.062,0.0076298239962803
62,"unanchored",0.25,1,0,"present","maic_index",0.3,5,1000,0.15466324033763,-0.00416381474363991,0.186,0.186,0.0123107902084128
62,"unanchored",0.25,1,0,"present","maic_means",-0.3,1,1000,0.154763279289544,-0.00416363685985143,0.032,0.032,0.00556839357508136
62,"unanchored",0.25,1,0,"present","maic_means",-0.3,2,1000,0.154763279289544,-0.00416363685985143,0.009,0.0180000000000001,0.00597592768628534
62,"unanchored",0.25,1,0,"present","maic_means",-0.3,5,1000,0.154763279289544,-0.00416363685985143,0.001,0.00500000000000006,0.00500000000000003
62,"unanchored",0.25,1,0,"present","maic_means",-0.1,1,1000,0.154763279289544,-0.00416363685985143,0.272,0.272,0.0140788569924626
62,"unanchored",0.25,1,0,"present","maic_means",-0.1,2,1000,0.154763279289544,-0.00416363685985143,0.144,0.288,0.0222159750978783
62,"unanchored",0.25,1,0,"present","maic_means",-0.1,5,1000,0.154763279289544,-0.00416363685985143,0.056,0.28,0.0363720074084857
62,"unanchored",0.25,1,0,"present","maic_means",0.1,1,1000,0.154763279289544,-0.00416363685985143,0.253,0.253,0.0137542786135871
62,"unanchored",0.25,1,0,"present","maic_means",0.1,2,1000,0.154763279289544,-0.00416363685985143,0.417,0.417,0.0155998190487696
62,"unanchored",0.25,1,0,"present","maic_means",0.1,5,1000,0.154763279289544,-0.00416363685985143,0.615,0.615,0.0153951944454108
62,"unanchored",0.25,1,0,"present","maic_means",0.3,1,1000,0.154763279289544,-0.00416363685985143,0.023,0.023,0.0047427305946568
62,"unanchored",0.25,1,0,"present","maic_means",0.3,2,1000,0.154763279289544,-0.00416363685985143,0.06,0.06,0.00751375115747492
62,"unanchored",0.25,1,0,"present","maic_means",0.3,5,1000,0.154763279289544,-0.00416363685985143,0.188,0.188,0.0123615860151037
62,"unanchored",0.25,1,0,"present","maic_meanvar",-0.3,1,1000,0.154350599715751,-0.0033228017106982,0.035,0.0349999999999999,0.00581453427273494
62,"unanchored",0.25,1,0,"present","maic_meanvar",-0.3,2,1000,0.154350599715751,-0.0033228017106982,0.007,0.0140000000000001,0.00527558829248755
62,"unanchored",0.25,1,0,"present","maic_meanvar",-0.3,5,1000,0.154350599715751,-0.0033228017106982,0.001,0.00500000000000006,0.00500000000000003
62,"unanchored",0.25,1,0,"present","maic_meanvar",-0.1,1,1000,0.154350599715751,-0.0033228017106982,0.268,0.268,0.0140132927027295
62,"unanchored",0.25,1,0,"present","maic_meanvar",-0.1,2,1000,0.154350599715751,-0.0033228017106982,0.138,0.276,0.0218243052650088
62,"unanchored",0.25,1,0,"present","maic_meanvar",-0.1,5,1000,0.154350599715751,-0.0033228017106982,0.053,0.265,0.0354405280862325
62,"unanchored",0.25,1,0,"present","maic_meanvar",0.1,1,1000,0.154350599715751,-0.0033228017106982,0.259,0.259,0.0138604152575279
62,"unanchored",0.25,1,0,"present","maic_meanvar",0.1,2,1000,0.154350599715751,-0.0033228017106982,0.41,0.41,0.0155609171369217
62,"unanchored",0.25,1,0,"present","maic_meanvar",0.1,5,1000,0.154350599715751,-0.0033228017106982,0.613,0.613,0.0154100119554939
62,"unanchored",0.25,1,0,"present","maic_meanvar",0.3,1,1000,0.154350599715751,-0.0033228017106982,0.022,0.022,0.0046408552592747
62,"unanchored",0.25,1,0,"present","maic_meanvar",0.3,2,1000,0.154350599715751,-0.0033228017106982,0.064,0.064,0.0077436402269193
62,"unanchored",0.25,1,0,"present","maic_meanvar",0.3,5,1000,0.154350599715751,-0.0033228017106982,0.185,0.185,0.0122851913263867
62,"unanchored",0.25,1,0,"present","unadjusted",-0.3,1,1000,0.15739559716418,-0.00569098971708882,0.026,0.026,0.0050348137353182
62,"unanchored",0.25,1,0,"present","unadjusted",-0.3,2,1000,0.15739559716418,-0.00569098971708882,0.009,0.0180000000000001,0.00597592768628534
62,"unanchored",0.25,1,0,"present","unadjusted",-0.3,5,1000,0.15739559716418,-0.00569098971708882,0.002,0.0100000000000001,0.00706752785278914
62,"unanchored",0.25,1,0,"present","unadjusted",-0.1,1,1000,0.15739559716418,-0.00569098971708882,0.283,0.283,0.0142518109064818
62,"unanchored",0.25,1,0,"present","unadjusted",-0.1,2,1000,0.15739559716418,-0.00569098971708882,0.15,0.3,0.0225944796468186
62,"unanchored",0.25,1,0,"present","unadjusted",-0.1,5,1000,0.15739559716418,-0.00569098971708882,0.059,0.295,0.0372741782520338
62,"unanchored",0.25,1,0,"present","unadjusted",0.1,1,1000,0.15739559716418,-0.00569098971708882,0.26,0.26,0.0138777733297742
62,"unanchored",0.25,1,0,"present","unadjusted",0.1,2,1000,0.15739559716418,-0.00569098971708882,0.398,0.398,0.0154866341028589
62,"unanchored",0.25,1,0,"present","unadjusted",0.1,5,1000,0.15739559716418,-0.00569098971708882,0.601,0.601,0.0154931933131629
62,"unanchored",0.25,1,0,"present","unadjusted",0.3,1,1000,0.15739559716418,-0.00569098971708882,0.027,0.0269999999999999,0.00512808904927529
62,"unanchored",0.25,1,0,"present","unadjusted",0.3,2,1000,0.15739559716418,-0.00569098971708882,0.069,0.069,0.00801893405031518
62,"unanchored",0.25,1,0,"present","unadjusted",0.3,5,1000,0.15739559716418,-0.00569098971708882,0.18,0.18,0.012155153135512
63,"anchored",1,1,0,"present","gcomp",-0.3,1,1000,0.200195545423246,0.00508403633637383,0.074,0.074,0.00828206451270416
63,"anchored",1,1,0,"present","gcomp",-0.3,2,1000,0.200195545423246,0.00508403633637383,0.032,0.064,0.0111367871501627
63,"anchored",1,1,0,"present","gcomp",-0.3,5,1000,0.200195545423246,0.00508403633637383,0.006,0.03,0.0122167609966492
63,"anchored",1,1,0,"present","gcomp",-0.1,1,1000,0.200195545423246,0.00508403633637383,0.298,0.298,0.0144708467411347
63,"anchored",1,1,0,"present","gcomp",-0.1,2,1000,0.200195545423246,0.00508403633637383,0.177,0.354,0.0241509268407501
63,"anchored",1,1,0,"present","gcomp",-0.1,5,1000,0.200195545423246,0.00508403633637383,0.081,0.405,0.0431606051607002
63,"anchored",1,1,0,"present","gcomp",0.1,1,1000,0.200195545423246,0.00508403633637383,0.323,0.323,0.0147949278433485
63,"anchored",1,1,0,"present","gcomp",0.1,2,1000,0.200195545423246,0.00508403633637383,0.49,0.49,0.0158161357527732
63,"anchored",1,1,0,"present","gcomp",0.1,5,1000,0.200195545423246,0.00508403633637383,0.683,0.683,0.0147216754388802
63,"anchored",1,1,0,"present","gcomp",0.3,1,1000,0.200195545423246,0.00508403633637383,0.069,0.069,0.00801893405031517
63,"anchored",1,1,0,"present","gcomp",0.3,2,1000,0.200195545423246,0.00508403633637383,0.141,0.141,0.0110109145959924
63,"anchored",1,1,0,"present","gcomp",0.3,5,1000,0.200195545423246,0.00508403633637383,0.293,0.293,0.0143999429984413
63,"anchored",1,1,0,"present","maic_index",-0.3,1,1000,0.210198326589197,0.00409410799937694,0.08,0.08,0.00858333697775365
63,"anchored",1,1,0,"present","maic_index",-0.3,2,1000,0.210198326589197,0.00409410799937694,0.035,0.07,0.0116290685454699
63,"anchored",1,1,0,"present","maic_index",-0.3,5,1000,0.210198326589197,0.00409410799937694,0.01,0.0500000000000001,0.0157400046933839
63,"anchored",1,1,0,"present","maic_index",-0.1,1,1000,0.210198326589197,0.00409410799937694,0.305,0.305,0.0145666463946644
63,"anchored",1,1,0,"present","maic_index",-0.1,2,1000,0.210198326589197,0.00409410799937694,0.176,0.352,0.024097233797195
63,"anchored",1,1,0,"present","maic_index",-0.1,5,1000,0.210198326589197,0.00409410799937694,0.083,0.415,0.043642636030374
63,"anchored",1,1,0,"present","maic_index",0.1,1,1000,0.210198326589197,0.00409410799937694,0.327,0.327,0.0148422131534112
63,"anchored",1,1,0,"present","maic_index",0.1,2,1000,0.210198326589197,0.00409410799937694,0.486,0.486,0.015813097547731
63,"anchored",1,1,0,"present","maic_index",0.1,5,1000,0.210198326589197,0.00409410799937694,0.69,0.69,0.0146326386586328
63,"anchored",1,1,0,"present","maic_index",0.3,1,1000,0.210198326589197,0.00409410799937694,0.078,0.078,0.00848457353011859
63,"anchored",1,1,0,"present","maic_index",0.3,2,1000,0.210198326589197,0.00409410799937694,0.161,0.161,0.0116281646967272
63,"anchored",1,1,0,"present","maic_index",0.3,5,1000,0.210198326589197,0.00409410799937694,0.323,0.323,0.0147949278433485
63,"anchored",1,1,0,"present","maic_means",-0.3,1,1000,0.209702426233927,0.00437976213178736,0.08,0.08,0.00858333697775365
63,"anchored",1,1,0,"present","maic_means",-0.3,2,1000,0.209702426233927,0.00437976213178736,0.035,0.07,0.0116290685454699
63,"anchored",1,1,0,"present","maic_means",-0.3,5,1000,0.209702426233927,0.00437976213178736,0.01,0.0500000000000001,0.0157400046933838
63,"anchored",1,1,0,"present","maic_means",-0.1,1,1000,0.209702426233927,0.00437976213178736,0.304,0.304,0.0145532056879504
63,"anchored",1,1,0,"present","maic_means",-0.1,2,1000,0.209702426233927,0.00437976213178736,0.176,0.352,0.024097233797195
63,"anchored",1,1,0,"present","maic_means",-0.1,5,1000,0.209702426233927,0.00437976213178736,0.084,0.42,0.0438808104474557
63,"anchored",1,1,0,"present","maic_means",0.1,1,1000,0.209702426233927,0.00437976213178736,0.329,0.329,0.0148653953859284
63,"anchored",1,1,0,"present","maic_means",0.1,2,1000,0.209702426233927,0.00437976213178736,0.492,0.492,0.015817274929209
63,"anchored",1,1,0,"present","maic_means",0.1,5,1000,0.209702426233927,0.00437976213178736,0.685,0.685,0.0146966319607925
63,"anchored",1,1,0,"present","maic_means",0.3,1,1000,0.209702426233927,0.00437976213178736,0.079,0.079,0.00853415677333345
63,"anchored",1,1,0,"present","maic_means",0.3,2,1000,0.209702426233927,0.00437976213178736,0.16,0.16,0.011598902298689
63,"anchored",1,1,0,"present","maic_means",0.3,5,1000,0.209702426233927,0.00437976213178736,0.318,0.318,0.0147340793093119
63,"anchored",1,1,0,"present","maic_meanvar",-0.3,1,1000,0.209547582452959,0.00369055565466574,0.081,0.081,0.00863212103213999
63,"anchored",1,1,0,"present","maic_meanvar",-0.3,2,1000,0.209547582452959,0.00369055565466574,0.035,0.07,0.0116290685454699
63,"anchored",1,1,0,"present","maic_meanvar",-0.3,5,1000,0.209547582452959,0.00369055565466574,0.01,0.0500000000000001,0.0157400046933839
63,"anchored",1,1,0,"present","maic_meanvar",-0.1,1,1000,0.209547582452959,0.00369055565466574,0.305,0.305,0.0145666463946644
63,"anchored",1,1,0,"present","maic_meanvar",-0.1,2,1000,0.209547582452959,0.00369055565466574,0.173,0.346,0.0239344282751199
63,"anchored",1,1,0,"present","maic_meanvar",-0.1,5,1000,0.209547582452959,0.00369055565466574,0.084,0.42,0.0438808104474557
63,"anchored",1,1,0,"present","maic_meanvar",0.1,1,1000,0.209547582452959,0.00369055565466574,0.332,0.332,0.0148995972428115
63,"anchored",1,1,0,"present","maic_meanvar",0.1,2,1000,0.209547582452959,0.00369055565466574,0.489,0.489,0.0158154711952927
63,"anchored",1,1,0,"present","maic_meanvar",0.1,5,1000,0.209547582452959,0.00369055565466574,0.687,0.687,0.0146712728229779
63,"anchored",1,1,0,"present","maic_meanvar",0.3,1,1000,0.209547582452959,0.00369055565466574,0.075,0.0749999999999999,0.00833333333333335
63,"anchored",1,1,0,"present","maic_meanvar",0.3,2,1000,0.209547582452959,0.00369055565466574,0.158,0.158,0.0115398946775596
63,"anchored",1,1,0,"present","maic_meanvar",0.3,5,1000,0.209547582452959,0.00369055565466574,0.32,0.32,0.0147586523035749
63,"anchored",1,1,0,"present","unadjusted",-0.3,1,1000,0.209352699867415,0.00413525162861773,0.08,0.08,0.00858333697775365
63,"anchored",1,1,0,"present","unadjusted",-0.3,2,1000,0.209352699867415,0.00413525162861773,0.035,0.07,0.0116290685454699
63,"anchored",1,1,0,"present","unadjusted",-0.3,5,1000,0.209352699867415,0.00413525162861773,0.009,0.0450000000000001,0.0149398192157135
63,"anchored",1,1,0,"present","unadjusted",-0.1,1,1000,0.209352699867415,0.00413525162861773,0.294,0.294,0.0144142905400082
63,"anchored",1,1,0,"present","unadjusted",-0.1,2,1000,0.209352699867415,0.00413525162861773,0.17,0.34,0.0237689916690834
63,"anchored",1,1,0,"present","unadjusted",-0.1,5,1000,0.209352699867415,0.00413525162861773,0.082,0.41,0.043402578077619
63,"anchored",1,1,0,"present","unadjusted",0.1,1,1000,0.209352699867415,0.00413525162861773,0.328,0.328,0.0148538424872703
63,"anchored",1,1,0,"present","unadjusted",0.1,2,1000,0.209352699867415,0.00413525162861773,0.484,0.484,0.0158111983731149
63,"anchored",1,1,0,"present","unadjusted",0.1,5,1000,0.209352699867415,0.00413525162861773,0.695,0.695,0.0145666463946644
63,"anchored",1,1,0,"present","unadjusted",0.3,1,1000,0.209352699867415,0.00413525162861773,0.073,0.0729999999999999,0.00823035471524408
63,"anchored",1,1,0,"present","unadjusted",0.3,2,1000,0.209352699867415,0.00413525162861773,0.158,0.158,0.0115398946775596
63,"anchored",1,1,0,"present","unadjusted",0.3,5,1000,0.209352699867415,0.00413525162861773,0.321,0.321,0.0147708218179346
64,"unanchored",1,1,0,"present","gcomp",-0.3,1,1000,0.13844329909693,-0.00388339379466064,0.015,0.015,0.003845749574503
64,"unanchored",1,1,0,"present","gcomp",-0.3,2,1000,0.13844329909693,-0.00388339379466064,0.003,0.006,0.00346063230869388
64,"unanchored",1,1,0,"present","gcomp",-0.3,5,1000,0.13844329909693,-0.00388339379466064,0.001,0.00500000000000006,0.00500000000000006
64,"unanchored",1,1,0,"present","gcomp",-0.1,1,1000,0.13844329909693,-0.00388339379466064,0.246,0.246,0.0136260658177506
64,"unanchored",1,1,0,"present","gcomp",-0.1,2,1000,0.13844329909693,-0.00388339379466064,0.129,0.258,0.0212105135695932
64,"unanchored",1,1,0,"present","gcomp",-0.1,5,1000,0.13844329909693,-0.00388339379466064,0.053,0.265,0.0354405280862324
64,"unanchored",1,1,0,"present","gcomp",0.1,1,1000,0.13844329909693,-0.00388339379466064,0.219,0.219,0.013084731950262
64,"unanchored",1,1,0,"present","gcomp",0.1,2,1000,0.13844329909693,-0.00388339379466064,0.386,0.386,0.0154026374767844
64,"unanchored",1,1,0,"present","gcomp",0.1,5,1000,0.13844329909693,-0.00388339379466064,0.601,0.601,0.0154931933131629
64,"unanchored",1,1,0,"present","gcomp",0.3,1,1000,0.13844329909693,-0.00388339379466064,0.014,0.014,0.00371723254825658
64,"unanchored",1,1,0,"present","gcomp",0.3,2,1000,0.13844329909693,-0.00388339379466064,0.036,0.036,0.00589395781616557
64,"unanchored",1,1,0,"present","gcomp",0.3,5,1000,0.13844329909693,-0.00388339379466064,0.107,0.107,0.00977991035984717
64,"unanchored",1,1,0,"present","maic_index",-0.3,1,1000,0.137373481658039,-0.00338038382530564,0.017,0.017,0.0040899544896891
64,"unanchored",1,1,0,"present","maic_index",-0.3,2,1000,0.137373481658039,-0.00338038382530564,0.002,0.004,0.00282701114111562
64,"unanchored",1,1,0,"present","maic_index",-0.3,5,1000,0.137373481658039,-0.00338038382530564,0.001,0.00500000000000006,0.00500000000000006
64,"unanchored",1,1,0,"present","maic_index",-0.1,1,1000,0.137373481658039,-0.00338038382530564,0.239,0.239,0.0134930004469376
64,"unanchored",1,1,0,"present","maic_index",-0.1,2,1000,0.137373481658039,-0.00338038382530564,0.119,0.238,0.0204884302906733
64,"unanchored",1,1,0,"present","maic_index",-0.1,5,1000,0.137373481658039,-0.00338038382530564,0.045,0.225,0.0327940612070302
64,"unanchored",1,1,0,"present","maic_index",0.1,1,1000,0.137373481658039,-0.00338038382530564,0.222,0.222,0.0131487219488774
64,"unanchored",1,1,0,"present","maic_index",0.1,2,1000,0.137373481658039,-0.00338038382530564,0.387,0.387,0.0154100119554939
64,"unanchored",1,1,0,"present","maic_index",0.1,5,1000,0.137373481658039,-0.00338038382530564,0.625,0.625,0.015316971293621
64,"unanchored",1,1,0,"present","maic_index",0.3,1,1000,0.137373481658039,-0.00338038382530564,0.014,0.014,0.00371723254825657
64,"unanchored",1,1,0,"present","maic_index",0.3,2,1000,0.137373481658039,-0.00338038382530564,0.042,0.0420000000000001,0.00634635929303385
64,"unanchored",1,1,0,"present","maic_index",0.3,5,1000,0.137373481658039,-0.00338038382530564,0.124,0.124,0.010427498872344
64,"unanchored",1,1,0,"present","maic_means",-0.3,1,1000,0.138215913448181,-0.00341846189538027,0.019,0.019,0.00431945108291062
64,"unanchored",1,1,0,"present","maic_means",-0.3,2,1000,0.138215913448181,-0.00341846189538027,0.004,0.00799999999999999,0.00399398947819746
64,"unanchored",1,1,0,"present","maic_means",-0.3,5,1000,0.138215913448181,-0.00341846189538027,0.001,0.00500000000000006,0.00500000000000006
64,"unanchored",1,1,0,"present","maic_means",-0.1,1,1000,0.138215913448181,-0.00341846189538027,0.241,0.241,0.0135315225345154
64,"unanchored",1,1,0,"present","maic_means",-0.1,2,1000,0.138215913448181,-0.00341846189538027,0.118,0.236,0.0204137385287636
64,"unanchored",1,1,0,"present","maic_means",-0.1,5,1000,0.138215913448181,-0.00341846189538027,0.046,0.23,0.0331390735869034
64,"unanchored",1,1,0,"present","maic_means",0.1,1,1000,0.138215913448181,-0.00341846189538027,0.218,0.218,0.0130631790405953
64,"unanchored",1,1,0,"present","maic_means",0.1,2,1000,0.138215913448181,-0.00341846189538027,0.389,0.389,0.0154245556473085
64,"unanchored",1,1,0,"present","maic_means",0.1,5,1000,0.138215913448181,-0.00341846189538027,0.633,0.633,0.0152493784641718
64,"unanchored",1,1,0,"present","maic_means",0.3,1,1000,0.138215913448181,-0.00341846189538027,0.014,0.014,0.00371723254825658
64,"unanchored",1,1,0,"present","maic_means",0.3,2,1000,0.138215913448181,-0.00341846189538027,0.045,0.045,0.00655881224140612
64,"unanchored",1,1,0,"present","maic_means",0.3,5,1000,0.138215913448181,-0.00341846189538027,0.123,0.123,0.0103912934218499
64,"unanchored",1,1,0,"present","maic_meanvar",-0.3,1,1000,0.138240838110413,-0.00420440751256532,0.02,0.02,0.00442940398017833
64,"unanchored",1,1,0,"present","maic_meanvar",-0.3,2,1000,0.138240838110413,-0.00420440751256532,0.004,0.00799999999999999,0.00399398947819746
64,"unanchored",1,1,0,"present","maic_meanvar",-0.3,5,1000,0.138240838110413,-0.00420440751256532,0.001,0.00500000000000006,0.00500000000000006
64,"unanchored",1,1,0,"present","maic_meanvar",-0.1,1,1000,0.138240838110413,-0.00420440751256532,0.24,0.24,0.0135123122589208
64,"unanchored",1,1,0,"present","maic_meanvar",-0.1,2,1000,0.138240838110413,-0.00420440751256532,0.118,0.236,0.0204137385287636
64,"unanchored",1,1,0,"present","maic_meanvar",-0.1,5,1000,0.138240838110413,-0.00420440751256532,0.047,0.235,0.0334797833908148
64,"unanchored",1,1,0,"present","maic_meanvar",0.1,1,1000,0.138240838110413,-0.00420440751256532,0.223,0.223,0.0131698308434257
64,"unanchored",1,1,0,"present","maic_meanvar",0.1,2,1000,0.138240838110413,-0.00420440751256532,0.391,0.391,0.0154388262946818
64,"unanchored",1,1,0,"present","maic_meanvar",0.1,5,1000,0.138240838110413,-0.00420440751256532,0.625,0.625,0.015316971293621
64,"unanchored",1,1,0,"present","maic_meanvar",0.3,1,1000,0.138240838110413,-0.00420440751256532,0.011,0.011,0.00329998331660782
64,"unanchored",1,1,0,"present","maic_meanvar",0.3,2,1000,0.138240838110413,-0.00420440751256532,0.045,0.045,0.00655881224140612
64,"unanchored",1,1,0,"present","maic_meanvar",0.3,5,1000,0.138240838110413,-0.00420440751256532,0.125,0.125,0.0104634833819567
64,"unanchored",1,1,0,"present","unadjusted",-0.3,1,1000,0.147479427442414,-0.00486533639717996,0.024,0.024,0.00484225644172706
64,"unanchored",1,1,0,"present","unadjusted",-0.3,2,1000,0.147479427442414,-0.00486533639717996,0.008,0.016,0.00563700060100901
64,"unanchored",1,1,0,"present","unadjusted",-0.3,5,1000,0.147479427442414,-0.00486533639717996,0.001,0.00500000000000006,0.00500000000000006
64,"unanchored",1,1,0,"present","unadjusted",-0.1,1,1000,0.147479427442414,-0.00486533639717996,0.252,0.252,0.0137362543906511
64,"unanchored",1,1,0,"present","unadjusted",-0.1,2,1000,0.147479427442414,-0.00486533639717996,0.14,0.28,0.0219563676887156
64,"unanchored",1,1,0,"present","unadjusted",-0.1,5,1000,0.147479427442414,-0.00486533639717996,0.058,0.290000000000001,0.0369765772789652
64,"unanchored",1,1,0,"present","unadjusted",0.1,1,1000,0.147479427442414,-0.00486533639717996,0.236,0.236,0.0134344514024387
64,"unanchored",1,1,0,"present","unadjusted",0.1,2,1000,0.147479427442414,-0.00486533639717996,0.384,0.384,0.0153876827618971
64,"unanchored",1,1,0,"present","unadjusted",0.1,5,1000,0.147479427442414,-0.00486533639717996,0.614,0.614,0.0154026374767844
64,"unanchored",1,1,0,"present","unadjusted",0.3,1,1000,0.147479427442414,-0.00486533639717996,0.018,0.018,0.00420638724961146
64,"unanchored",1,1,0,"present","unadjusted",0.3,2,1000,0.147479427442414,-0.00486533639717996,0.047,0.047,0.00669595667816304
64,"unanchored",1,1,0,"present","unadjusted",0.3,5,1000,0.147479427442414,-0.00486533639717996,0.144,0.144,0.0111079875489392
65,"anchored",4,1,0,"present","gcomp",-0.3,1,1000,0.174800828960292,-0.00248832452864018,0.041,0.0409999999999999,0.00627362402111874
65,"anchored",4,1,0,"present","gcomp",-0.3,2,1000,0.174800828960292,-0.00248832452864018,0.019,0.038,0.00863890216582129
65,"anchored",4,1,0,"present","gcomp",-0.3,5,1000,0.174800828960292,-0.00248832452864018,0.003,0.015,0.00865158077173473
65,"anchored",4,1,0,"present","gcomp",-0.1,1,1000,0.174800828960292,-0.00248832452864018,0.289,0.289,0.0143417113582962
65,"anchored",4,1,0,"present","gcomp",-0.1,2,1000,0.174800828960292,-0.00248832452864018,0.165,0.33,0.0234872657338323
65,"anchored",4,1,0,"present","gcomp",-0.1,5,1000,0.174800828960292,-0.00248832452864018,0.058,0.29,0.0369765772789652
65,"anchored",4,1,0,"present","gcomp",0.1,1,1000,0.174800828960292,-0.00248832452864018,0.283,0.283,0.0142518109064817
65,"anchored",4,1,0,"present","gcomp",0.1,2,1000,0.174800828960292,-0.00248832452864018,0.432,0.432,0.0156723202373362
65,"anchored",4,1,0,"present","gcomp",0.1,5,1000,0.174800828960292,-0.00248832452864018,0.636,0.636,0.015222868840522
65,"anchored",4,1,0,"present","gcomp",0.3,1,1000,0.174800828960292,-0.00248832452864018,0.042,0.042,0.00634635929303384
65,"anchored",4,1,0,"present","gcomp",0.3,2,1000,0.174800828960292,-0.00248832452864018,0.092,0.092,0.00914437639315111
65,"anchored",4,1,0,"present","gcomp",0.3,5,1000,0.174800828960292,-0.00248832452864018,0.229,0.229,0.0132941993266136
65,"anchored",4,1,0,"present","maic_index",-0.3,1,1000,0.197204936849891,-0.00341555894614512,0.063,0.0630000000000001,0.00768700787628641
65,"anchored",4,1,0,"present","maic_index",-0.3,2,1000,0.197204936849891,-0.00341555894614512,0.027,0.054,0.0102561780985506
65,"anchored",4,1,0,"present","maic_index",-0.3,5,1000,0.197204936849891,-0.00341555894614512,0.009,0.0450000000000001,0.0149398192157135
65,"anchored",4,1,0,"present","maic_index",-0.1,1,1000,0.197204936849891,-0.00341555894614512,0.314,0.314,0.014683991951088
65,"anchored",4,1,0,"present","maic_index",-0.1,2,1000,0.197204936849891,-0.00341555894614512,0.178,0.356,0.0242043353523672
65,"anchored",4,1,0,"present","maic_index",-0.1,5,1000,0.197204936849891,-0.00341555894614512,0.07,0.349999999999999,0.0403624717916172
65,"anchored",4,1,0,"present","maic_index",0.1,1,1000,0.197204936849891,-0.00341555894614512,0.3,0.3,0.0144986278733614
65,"anchored",4,1,0,"present","maic_index",0.1,2,1000,0.197204936849891,-0.00341555894614512,0.449,0.449,0.015736792768752
65,"anchored",4,1,0,"present","maic_index",0.1,5,1000,0.197204936849891,-0.00341555894614512,0.658,0.658,0.0150087061821217
65,"anchored",4,1,0,"present","maic_index",0.3,1,1000,0.197204936849891,-0.00341555894614512,0.061,0.061,0.00757207609155742
65,"anchored",4,1,0,"present","maic_index",0.3,2,1000,0.197204936849891,-0.00341555894614512,0.132,0.132,0.010709373963528
65,"anchored",4,1,0,"present","maic_index",0.3,5,1000,0.197204936849891,-0.00341555894614512,0.281,0.281,0.0142211547084349
65,"anchored",4,1,0,"present","maic_means",-0.3,1,1000,0.197296238671659,-0.00345715731902865,0.065,0.0649999999999999,0.00779973306183201
65,"anchored",4,1,0,"present","maic_means",-0.3,2,1000,0.197296238671659,-0.00345715731902865,0.027,0.054,0.0102561780985506
65,"anchored",4,1,0,"present","maic_means",-0.3,5,1000,0.197296238671659,-0.00345715731902865,0.008,0.0400000000000001,0.0140925015025224
65,"anchored",4,1,0,"present","maic_means",-0.1,1,1000,0.197296238671659,-0.00345715731902865,0.314,0.314,0.014683991951088
65,"anchored",4,1,0,"present","maic_means",-0.1,2,1000,0.197296238671659,-0.00345715731902865,0.178,0.356,0.0242043353523672
65,"anchored",4,1,0,"present","maic_means",-0.1,5,1000,0.197296238671659,-0.00345715731902865,0.071,0.355000000000001,0.0406278922124401
65,"anchored",4,1,0,"present","maic_means",0.1,1,1000,0.197296238671659,-0.00345715731902865,0.303,0.303,0.0145396837105353
65,"anchored",4,1,0,"present","maic_means",0.1,2,1000,0.197296238671659,-0.00345715731902865,0.452,0.452,0.0157462358658807
65,"anchored",4,1,0,"present","maic_means",0.1,5,1000,0.197296238671659,-0.00345715731902865,0.657,0.657,0.015019206922357
65,"anchored",4,1,0,"present","maic_means",0.3,1,1000,0.197296238671659,-0.00345715731902865,0.062,0.062,0.00762982399628031
65,"anchored",4,1,0,"present","maic_means",0.3,2,1000,0.197296238671659,-0.00345715731902865,0.134,0.134,0.0107777622983697
65,"anchored",4,1,0,"present","maic_means",0.3,5,1000,0.197296238671659,-0.00345715731902865,0.275,0.275,0.0141270865564905
65,"anchored",4,1,0,"present","maic_meanvar",-0.3,1,1000,0.197761061264028,-0.00385521850717504,0.066,0.066,0.00785529793869758
65,"anchored",4,1,0,"present","maic_meanvar",-0.3,2,1000,0.197761061264028,-0.00385521850717504,0.03,0.0600000000000001,0.0107942816581984
65,"anchored",4,1,0,"present","maic_meanvar",-0.3,5,1000,0.197761061264028,-0.00385521850717504,0.007,0.0349999999999999,0.013188970731219
65,"anchored",4,1,0,"present","maic_meanvar",-0.1,1,1000,0.197761061264028,-0.00385521850717504,0.314,0.314,0.014683991951088
65,"anchored",4,1,0,"present","maic_meanvar",-0.1,2,1000,0.197761061264028,-0.00385521850717504,0.178,0.356,0.0242043353523672
65,"anchored",4,1,0,"present","maic_meanvar",-0.1,5,1000,0.197761061264028,-0.00385521850717504,0.072,0.36,0.0408909778810933
65,"anchored",4,1,0,"present","maic_meanvar",0.1,1,1000,0.197761061264028,-0.00385521850717504,0.301,0.301,0.0145123950335431
65,"anchored",4,1,0,"present","maic_meanvar",0.1,2,1000,0.197761061264028,-0.00385521850717504,0.456,0.456,0.0157579285539792
65,"anchored",4,1,0,"present","maic_meanvar",0.1,5,1000,0.197761061264028,-0.00385521850717504,0.656,0.656,0.0150296337244089
65,"anchored",4,1,0,"present","maic_meanvar",0.3,1,1000,0.197761061264028,-0.00385521850717504,0.061,0.061,0.00757207609155742
65,"anchored",4,1,0,"present","maic_meanvar",0.3,2,1000,0.197761061264028,-0.00385521850717504,0.133,0.133,0.0107436691323973
65,"anchored",4,1,0,"present","maic_meanvar",0.3,5,1000,0.197761061264028,-0.00385521850717504,0.281,0.281,0.0142211547084349
65,"anchored",4,1,0,"present","unadjusted",-0.3,1,1000,0.197258982386489,-0.00246411273106075,0.066,0.066,0.00785529793869758
65,"anchored",4,1,0,"present","unadjusted",-0.3,2,1000,0.197258982386489,-0.00246411273106075,0.026,0.0520000000000001,0.0100696274706364
65,"anchored",4,1,0,"present","unadjusted",-0.3,5,1000,0.197258982386489,-0.00246411273106075,0.007,0.0349999999999999,0.013188970731219
65,"anchored",4,1,0,"present","unadjusted",-0.1,1,1000,0.197258982386489,-0.00246411273106075,0.314,0.314,0.014683991951088
65,"anchored",4,1,0,"present","unadjusted",-0.1,2,1000,0.197258982386489,-0.00246411273106075,0.173,0.346,0.0239344282751198
65,"anchored",4,1,0,"present","unadjusted",-0.1,5,1000,0.197258982386489,-0.00246411273106075,0.069,0.345,0.0400946702515753
65,"anchored",4,1,0,"present","unadjusted",0.1,1,1000,0.197258982386489,-0.00246411273106075,0.302,0.302,0.0145260802354595
65,"anchored",4,1,0,"present","unadjusted",0.1,2,1000,0.197258982386489,-0.00246411273106075,0.456,0.456,0.0157579285539792
65,"anchored",4,1,0,"present","unadjusted",0.1,5,1000,0.197258982386489,-0.00246411273106075,0.654,0.654,0.0150502661275644
65,"anchored",4,1,0,"present","unadjusted",0.3,1,1000,0.197258982386489,-0.00246411273106075,0.061,0.061,0.00757207609155742
65,"anchored",4,1,0,"present","unadjusted",0.3,2,1000,0.197258982386489,-0.00246411273106075,0.135,0.135,0.0108116553724161
65,"anchored",4,1,0,"present","unadjusted",0.3,5,1000,0.197258982386489,-0.00246411273106075,0.276,0.276,0.0141429849757407
66,"unanchored",4,1,0,"present","gcomp",-0.3,1,1000,0.116195683001545,-0.00893747389069589,0.005,0.00500000000000002,0.00223158687484488
66,"unanchored",4,1,0,"present","gcomp",-0.3,2,1000,0.116195683001545,-0.00893747389069589,0,0,0
66,"unanchored",4,1,0,"present","gcomp",-0.3,5,1000,0.116195683001545,-0.00893747389069589,0,0,0
66,"unanchored",4,1,0,"present","gcomp",-0.1,1,1000,0.116195683001545,-0.00893747389069589,0.216,0.216,0.0130197355393078
66,"unanchored",4,1,0,"present","gcomp",-0.1,2,1000,0.116195683001545,-0.00893747389069589,0.104,0.208,0.0193160324370486
66,"unanchored",4,1,0,"present","gcomp",-0.1,5,1000,0.116195683001545,-0.00893747389069589,0.032,0.16,0.0278419678754069
66,"unanchored",4,1,0,"present","gcomp",0.1,1,1000,0.116195683001545,-0.00893747389069589,0.169,0.169,0.0118566259778901
66,"unanchored",4,1,0,"present","gcomp",0.1,2,1000,0.116195683001545,-0.00893747389069589,0.313,0.313,0.0146712728229779
66,"unanchored",4,1,0,"present","gcomp",0.1,5,1000,0.116195683001545,-0.00893747389069589,0.526,0.526,0.0157978977580428
66,"unanchored",4,1,0,"present","gcomp",0.3,1,1000,0.116195683001545,-0.00893747389069589,0.006,0.006,0.00244335219932983
66,"unanchored",4,1,0,"present","gcomp",0.3,2,1000,0.116195683001545,-0.00893747389069589,0.019,0.019,0.00431945108291063
66,"unanchored",4,1,0,"present","gcomp",0.3,5,1000,0.116195683001545,-0.00893747389069589,0.045,0.045,0.0065588122414061
66,"unanchored",4,1,0,"present","maic_index",-0.3,1,1000,0.115228305451435,-0.00964037255035683,0.006,0.006,0.00244335219932984
66,"unanchored",4,1,0,"present","maic_index",-0.3,2,1000,0.115228305451435,-0.00964037255035683,0,0,0
66,"unanchored",4,1,0,"present","maic_index",-0.3,5,1000,0.115228305451435,-0.00964037255035683,0,0,0
66,"unanchored",4,1,0,"present","maic_index",-0.1,1,1000,0.115228305451435,-0.00964037255035683,0.22,0.22,0.0131061730406618
66,"unanchored",4,1,0,"present","maic_index",-0.1,2,1000,0.115228305451435,-0.00964037255035683,0.089,0.178,0.018017786785303
66,"unanchored",4,1,0,"present","maic_index",-0.1,5,1000,0.115228305451435,-0.00964037255035683,0.021,0.105,0.0226823607565327
66,"unanchored",4,1,0,"present","maic_index",0.1,1,1000,0.115228305451435,-0.00964037255035683,0.172,0.172,0.0119397888824953
66,"unanchored",4,1,0,"present","maic_index",0.1,2,1000,0.115228305451435,-0.00964037255035683,0.321,0.321,0.0147708218179346
66,"unanchored",4,1,0,"present","maic_index",0.1,5,1000,0.115228305451435,-0.00964037255035683,0.571,0.571,0.0156589975478703
66,"unanchored",4,1,0,"present","maic_index",0.3,1,1000,0.115228305451435,-0.00964037255035683,0.003,0.003,0.00173031615434694
66,"unanchored",4,1,0,"present","maic_index",0.3,2,1000,0.115228305451435,-0.00964037255035683,0.02,0.02,0.00442940398017833
66,"unanchored",4,1,0,"present","maic_index",0.3,5,1000,0.115228305451435,-0.00964037255035683,0.068,0.068,0.0079648879112916
66,"unanchored",4,1,0,"present","maic_means",-0.3,1,1000,0.116772533668762,-0.00913688462892499,0.006,0.00600000000000002,0.00244335219932983
66,"unanchored",4,1,0,"present","maic_means",-0.3,2,1000,0.116772533668762,-0.00913688462892499,0.001,0.002,0.002
66,"unanchored",4,1,0,"present","maic_means",-0.3,5,1000,0.116772533668762,-0.00913688462892499,0,0,0
66,"unanchored",4,1,0,"present","maic_means",-0.1,1,1000,0.116772533668762,-0.00913688462892499,0.219,0.219,0.013084731950262
66,"unanchored",4,1,0,"present","maic_means",-0.1,2,1000,0.116772533668762,-0.00913688462892499,0.095,0.19,0.0185538202062066
66,"unanchored",4,1,0,"present","maic_means",-0.1,5,1000,0.116772533668762,-0.00913688462892499,0.023,0.115,0.0237136529732839
66,"unanchored",4,1,0,"present","maic_means",0.1,1,1000,0.116772533668762,-0.00913688462892499,0.177,0.177,0.0120754634203751
66,"unanchored",4,1,0,"present","maic_means",0.1,2,1000,0.116772533668762,-0.00913688462892499,0.339,0.339,0.0149767587716203
66,"unanchored",4,1,0,"present","maic_means",0.1,5,1000,0.116772533668762,-0.00913688462892499,0.579,0.579,0.0156205954753013
66,"unanchored",4,1,0,"present","maic_means",0.3,1,1000,0.116772533668762,-0.00913688462892499,0.007,0.00700000000000002,0.00263779414624377
66,"unanchored",4,1,0,"present","maic_means",0.3,2,1000,0.116772533668762,-0.00913688462892499,0.019,0.019,0.00431945108291064
66,"unanchored",4,1,0,"present","maic_means",0.3,5,1000,0.116772533668762,-0.00913688462892499,0.07,0.07,0.0080724943583235
66,"unanchored",4,1,0,"present","maic_meanvar",-0.3,1,1000,0.116850142641238,-0.00880383661610378,0.007,0.00700000000000004,0.00263779414624378
66,"unanchored",4,1,0,"present","maic_meanvar",-0.3,2,1000,0.116850142641238,-0.00880383661610378,0,0,0
66,"unanchored",4,1,0,"present","maic_meanvar",-0.3,5,1000,0.116850142641238,-0.00880383661610378,0,0,0
66,"unanchored",4,1,0,"present","maic_meanvar",-0.1,1,1000,0.116850142641238,-0.00880383661610378,0.216,0.216,0.0130197355393078
66,"unanchored",4,1,0,"present","maic_meanvar",-0.1,2,1000,0.116850142641238,-0.00880383661610378,0.093,0.186,0.0183777512699934
66,"unanchored",4,1,0,"present","maic_meanvar",-0.1,5,1000,0.116850142641238,-0.00880383661610378,0.023,0.115,0.0237136529732839
66,"unanchored",4,1,0,"present","maic_meanvar",0.1,1,1000,0.116850142641238,-0.00880383661610378,0.175,0.175,0.012021627157732
66,"unanchored",4,1,0,"present","maic_meanvar",0.1,2,1000,0.116850142641238,-0.00880383661610378,0.324,0.324,0.0148068647337389
66,"unanchored",4,1,0,"present","maic_meanvar",0.1,5,1000,0.116850142641238,-0.00880383661610378,0.579,0.579,0.0156205954753013
66,"unanchored",4,1,0,"present","maic_meanvar",0.3,1,1000,0.116850142641238,-0.00880383661610378,0.005,0.005,0.00223158687484488
66,"unanchored",4,1,0,"present","maic_meanvar",0.3,2,1000,0.116850142641238,-0.00880383661610378,0.02,0.0200000000000001,0.00442940398017833
66,"unanchored",4,1,0,"present","maic_meanvar",0.3,5,1000,0.116850142641238,-0.00880383661610378,0.071,0.071,0.00812557844248792
66,"unanchored",4,1,0,"present","unadjusted",-0.3,1,1000,0.134169868064929,-0.00961956712860234,0.015,0.015,0.003845749574503
66,"unanchored",4,1,0,"present","unadjusted",-0.3,2,1000,0.134169868064929,-0.00961956712860234,0.007,0.0140000000000001,0.00527558829248759
66,"unanchored",4,1,0,"present","unadjusted",-0.3,5,1000,0.134169868064929,-0.00961956712860234,0.002,0.0100000000000001,0.00706752785278913
66,"unanchored",4,1,0,"present","unadjusted",-0.1,1,1000,0.134169868064929,-0.00961956712860234,0.248,0.248,0.0136631871348777
66,"unanchored",4,1,0,"present","unadjusted",-0.1,2,1000,0.134169868064929,-0.00961956712860234,0.137,0.274,0.0217576974286666
66,"unanchored",4,1,0,"present","unadjusted",-0.1,5,1000,0.134169868064929,-0.00961956712860234,0.045,0.225,0.0327940612070302
66,"unanchored",4,1,0,"present","unadjusted",0.1,1,1000,0.134169868064929,-0.00961956712860234,0.213,0.213,0.0129537175667372
66,"unanchored",4,1,0,"present","unadjusted",0.1,2,1000,0.134169868064929,-0.00961956712860234,0.345,0.345,0.0150399867420552
66,"unanchored",4,1,0,"present","unadjusted",0.1,5,1000,0.134169868064929,-0.00961956712860234,0.576,0.576,0.0156354874714052
66,"unanchored",4,1,0,"present","unadjusted",0.3,1,1000,0.134169868064929,-0.00961956712860234,0.01,0.0100000000000001,0.00314800093867679
66,"unanchored",4,1,0,"present","unadjusted",0.3,2,1000,0.134169868064929,-0.00961956712860234,0.024,0.024,0.00484225644172709
66,"unanchored",4,1,0,"present","unadjusted",0.3,5,1000,0.134169868064929,-0.00961956712860234,0.089,0.089,0.00900889339265154
67,"anchored",0.25,2,0,"present","gcomp",-0.3,1,1000,0.213013970252174,0.00667829409430408,0.079,0.0790000000000001,0.00853415677333346
67,"anchored",0.25,2,0,"present","gcomp",-0.3,2,1000,0.213013970252174,0.00667829409430408,0.028,0.0560000000000001,0.0104390120688201
67,"anchored",0.25,2,0,"present","gcomp",-0.3,5,1000,0.213013970252174,0.00667829409430408,0.005,0.025,0.0111579343742244
67,"anchored",0.25,2,0,"present","gcomp",-0.1,1,1000,0.213013970252174,0.00667829409430408,0.315,0.315,0.0146966319607925
67,"anchored",0.25,2,0,"present","gcomp",-0.1,2,1000,0.213013970252174,0.00667829409430408,0.18,0.36,0.0243103062710239
67,"anchored",0.25,2,0,"present","gcomp",-0.1,5,1000,0.213013970252174,0.00667829409430408,0.079,0.395,0.0426707838666668
67,"anchored",0.25,2,0,"present","gcomp",0.1,1,1000,0.213013970252174,0.00667829409430408,0.336,0.336,0.014944140233795
67,"anchored",0.25,2,0,"present","gcomp",0.1,2,1000,0.213013970252174,0.00667829409430408,0.489,0.489,0.0158154711952927
67,"anchored",0.25,2,0,"present","gcomp",0.1,5,1000,0.213013970252174,0.00667829409430408,0.686,0.686,0.0146839919510879
67,"anchored",0.25,2,0,"present","gcomp",0.3,1,1000,0.213013970252174,0.00667829409430408,0.088,0.088,0.00896305396259206
67,"anchored",0.25,2,0,"present","gcomp",0.3,2,1000,0.213013970252174,0.00667829409430408,0.163,0.163,0.0116862127127468
67,"anchored",0.25,2,0,"present","gcomp",0.3,5,1000,0.213013970252174,0.00667829409430408,0.335,0.335,0.0149331174909326
67,"anchored",0.25,2,0,"present","maic_index",-0.3,1,1000,0.220046619550004,-0.0228068375822341,0.104,0.104,0.00965801621852428
67,"anchored",0.25,2,0,"present","maic_index",-0.3,2,1000,0.220046619550004,-0.0228068375822341,0.05,0.1,0.0137909459497957
67,"anchored",0.25,2,0,"present","maic_index",-0.3,5,1000,0.220046619550004,-0.0228068375822341,0.008,0.04,0.0140925015025224
67,"anchored",0.25,2,0,"present","maic_index",-0.1,1,1000,0.220046619550004,-0.0228068375822341,0.373,0.373,0.0153004936229228
67,"anchored",0.25,2,0,"present","maic_index",-0.1,2,1000,0.220046619550004,-0.0228068375822341,0.226,0.451999999999999,0.0264650032381707
67,"anchored",0.25,2,0,"present","maic_index",-0.1,5,1000,0.220046619550004,-0.0228068375822341,0.102,0.51,0.0478768440082695
67,"anchored",0.25,2,0,"present","maic_index",0.1,1,1000,0.220046619550004,-0.0228068375822341,0.286,0.286,0.0142971468625179
67,"anchored",0.25,2,0,"present","maic_index",0.1,2,1000,0.220046619550004,-0.0228068375822341,0.452,0.452,0.0157462358658807
67,"anchored",0.25,2,0,"present","maic_index",0.1,5,1000,0.220046619550004,-0.0228068375822341,0.647,0.647,0.0151201726054837
67,"anchored",0.25,2,0,"present","maic_index",0.3,1,1000,0.220046619550004,-0.0228068375822341,0.079,0.0790000000000001,0.00853415677333343
67,"anchored",0.25,2,0,"present","maic_index",0.3,2,1000,0.220046619550004,-0.0228068375822341,0.153,0.153,0.0113895004596655
67,"anchored",0.25,2,0,"present","maic_index",0.3,5,1000,0.220046619550004,-0.0228068375822341,0.297,0.297,0.0144568322948011
67,"anchored",0.25,2,0,"present","maic_means",-0.3,1,1000,0.229171477835416,-0.0919084611084201,0.161,0.161,0.0116281646967272
67,"anchored",0.25,2,0,"present","maic_means",-0.3,2,1000,0.229171477835416,-0.0919084611084201,0.083,0.166,0.0174570544121496
67,"anchored",0.25,2,0,"present","maic_means",-0.3,5,1000,0.229171477835416,-0.0919084611084201,0.023,0.115,0.0237136529732838
67,"anchored",0.25,2,0,"present","maic_means",-0.1,1,1000,0.229171477835416,-0.0919084611084201,0.486,0.486,0.015813097547731
67,"anchored",0.25,2,0,"present","maic_means",-0.1,2,1000,0.229171477835416,-0.0919084611084201,0.333,0.666,0.0298216923284597
67,"anchored",0.25,2,0,"present","maic_means",-0.1,5,1000,0.229171477835416,-0.0919084611084201,0.161,0.804999999999999,0.058140823483636
67,"anchored",0.25,2,0,"present","maic_means",0.1,1,1000,0.229171477835416,-0.0919084611084201,0.187,0.187,0.0123362548280741
67,"anchored",0.25,2,0,"present","maic_means",0.1,2,1000,0.229171477835416,-0.0919084611084201,0.308,0.308,0.0146064831273428
67,"anchored",0.25,2,0,"present","maic_means",0.1,5,1000,0.229171477835416,-0.0919084611084201,0.515,0.515,0.0158121796418149
67,"anchored",0.25,2,0,"present","maic_means",0.3,1,1000,0.229171477835416,-0.0919084611084201,0.034,0.0340000000000001,0.00573383613969543
67,"anchored",0.25,2,0,"present","maic_means",0.3,2,1000,0.229171477835416,-0.0919084611084201,0.078,0.078,0.00848457353011858
67,"anchored",0.25,2,0,"present","maic_means",0.3,5,1000,0.229171477835416,-0.0919084611084201,0.187,0.187,0.0123362548280741
67,"anchored",0.25,2,0,"present","maic_meanvar",-0.3,1,1000,0.237903085992757,0.00805078268503092,0.109,0.109,0.0098598284070372
67,"anchored",0.25,2,0,"present","maic_meanvar",-0.3,2,1000,0.237903085992757,0.00805078268503092,0.04,0.08,0.0123997481326741
67,"anchored",0.25,2,0,"present","maic_meanvar",-0.3,5,1000,0.237903085992757,0.00805078268503092,0.009,0.045,0.0149398192157135
67,"anchored",0.25,2,0,"present","maic_meanvar",-0.1,1,1000,0.237903085992757,0.00805078268503092,0.318,0.318,0.0147340793093119
67,"anchored",0.25,2,0,"present","maic_meanvar",-0.1,2,1000,0.237903085992757,0.00805078268503092,0.202,0.404,0.0254053031753103
67,"anchored",0.25,2,0,"present","maic_meanvar",-0.1,5,1000,0.237903085992757,0.00805078268503092,0.088,0.44,0.0448152698129602
67,"anchored",0.25,2,0,"present","maic_meanvar",0.1,1,1000,0.237903085992757,0.00805078268503092,0.361,0.361,0.0151957201181751
67,"anchored",0.25,2,0,"present","maic_meanvar",0.1,2,1000,0.237903085992757,0.00805078268503092,0.522,0.522,0.015803979428162
67,"anchored",0.25,2,0,"present","maic_meanvar",0.1,5,1000,0.237903085992757,0.00805078268503092,0.717,0.717,0.0142518109064817
67,"anchored",0.25,2,0,"present","maic_meanvar",0.3,1,1000,0.237903085992757,0.00805078268503092,0.103,0.103,0.00961683333969579
67,"anchored",0.25,2,0,"present","maic_meanvar",0.3,2,1000,0.237903085992757,0.00805078268503092,0.2,0.2,0.0126554399433666
67,"anchored",0.25,2,0,"present","maic_meanvar",0.3,5,1000,0.237903085992757,0.00805078268503092,0.408,0.408,0.0155492050529207
67,"anchored",0.25,2,0,"present","unadjusted",-0.3,1,1000,0.229654591536634,-0.0914900508022794,0.163,0.163,0.0116862127127468
67,"anchored",0.25,2,0,"present","unadjusted",-0.3,2,1000,0.229654591536634,-0.0914900508022794,0.082,0.164,0.0173610312310475
67,"anchored",0.25,2,0,"present","unadjusted",-0.3,5,1000,0.229654591536634,-0.0914900508022794,0.025,0.125,0.0246978740984925
67,"anchored",0.25,2,0,"present","unadjusted",-0.1,1,1000,0.229654591536634,-0.0914900508022794,0.486,0.486,0.015813097547731
67,"anchored",0.25,2,0,"present","unadjusted",-0.1,2,1000,0.229654591536634,-0.0914900508022794,0.34,0.68,0.0299749645287279
67,"anchored",0.25,2,0,"present","unadjusted",-0.1,5,1000,0.229654591536634,-0.0914900508022794,0.163,0.815000000000001,0.0584310635637344
67,"anchored",0.25,2,0,"present","unadjusted",0.1,1,1000,0.229654591536634,-0.0914900508022794,0.194,0.194,0.0125108161412644
67,"anchored",0.25,2,0,"present","unadjusted",0.1,2,1000,0.229654591536634,-0.0914900508022794,0.304,0.304,0.0145532056879504
67,"anchored",0.25,2,0,"present","unadjusted",0.1,5,1000,0.229654591536634,-0.0914900508022794,0.515,0.515,0.0158121796418149
67,"anchored",0.25,2,0,"present","unadjusted",0.3,1,1000,0.229654591536634,-0.0914900508022794,0.034,0.0340000000000001,0.00573383613969543
67,"anchored",0.25,2,0,"present","unadjusted",0.3,2,1000,0.229654591536634,-0.0914900508022794,0.078,0.078,0.00848457353011858
67,"anchored",0.25,2,0,"present","unadjusted",0.3,5,1000,0.229654591536634,-0.0914900508022794,0.19,0.19,0.0124118513548163
68,"unanchored",0.25,2,0,"present","gcomp",-0.3,1,1000,0.163321352281972,-0.00158787373910772,0.039,0.0390000000000001,0.00612507277642608
68,"unanchored",0.25,2,0,"present","gcomp",-0.3,2,1000,0.163321352281972,-0.00158787373910772,0.013,0.026,0.00716766177880726
68,"unanchored",0.25,2,0,"present","gcomp",-0.3,5,1000,0.163321352281972,-0.00158787373910772,0.004,0.0200000000000001,0.0099849736954936
68,"unanchored",0.25,2,0,"present","gcomp",-0.1,1,1000,0.163321352281972,-0.00158787373910772,0.267,0.267,0.0139966748517964
68,"unanchored",0.25,2,0,"present","gcomp",-0.1,2,1000,0.163321352281972,-0.00158787373910772,0.16,0.32,0.023197804597378
68,"unanchored",0.25,2,0,"present","gcomp",-0.1,5,1000,0.163321352281972,-0.00158787373910772,0.07,0.349999999999999,0.0403624717916171
68,"unanchored",0.25,2,0,"present","gcomp",0.1,1,1000,0.163321352281972,-0.00158787373910772,0.267,0.267,0.0139966748517963
68,"unanchored",0.25,2,0,"present","gcomp",0.1,2,1000,0.163321352281972,-0.00158787373910772,0.438,0.438,0.0156972100196947
68,"unanchored",0.25,2,0,"present","gcomp",0.1,5,1000,0.163321352281972,-0.00158787373910772,0.628,0.628,0.0152921499420406
68,"unanchored",0.25,2,0,"present","gcomp",0.3,1,1000,0.163321352281972,-0.00158787373910772,0.029,0.0290000000000001,0.00530916068575696
68,"unanchored",0.25,2,0,"present","gcomp",0.3,2,1000,0.163321352281972,-0.00158787373910772,0.068,0.0680000000000002,0.0079648879112916
68,"unanchored",0.25,2,0,"present","gcomp",0.3,5,1000,0.163321352281972,-0.00158787373910772,0.176,0.176,0.0120486168985975
68,"unanchored",0.25,2,0,"present","maic_index",-0.3,1,1000,0.167141549331935,-0.00186172893020315,0.04,0.04,0.00619987406633708
68,"unanchored",0.25,2,0,"present","maic_index",-0.3,2,1000,0.167141549331935,-0.00186172893020315,0.016,0.032,0.00793971278063884
68,"unanchored",0.25,2,0,"present","maic_index",-0.3,5,1000,0.167141549331935,-0.00186172893020315,0.004,0.0200000000000001,0.00998497369549359
68,"unanchored",0.25,2,0,"present","maic_index",-0.1,1,1000,0.167141549331935,-0.00186172893020315,0.275,0.275,0.0141270865564905
68,"unanchored",0.25,2,0,"present","maic_index",-0.1,2,1000,0.167141549331935,-0.00186172893020315,0.17,0.34,0.0237689916690833
68,"unanchored",0.25,2,0,"present","maic_index",-0.1,5,1000,0.167141549331935,-0.00186172893020315,0.065,0.325,0.0389986653091598
68,"unanchored",0.25,2,0,"present","maic_index",0.1,1,1000,0.167141549331935,-0.00186172893020315,0.271,0.271,0.0140626013509862
68,"unanchored",0.25,2,0,"present","maic_index",0.1,2,1000,0.167141549331935,-0.00186172893020315,0.441,0.441,0.0157087798942427
68,"unanchored",0.25,2,0,"present","maic_index",0.1,5,1000,0.167141549331935,-0.00186172893020315,0.642,0.642,0.0151679288654076
68,"unanchored",0.25,2,0,"present","maic_index",0.3,1,1000,0.167141549331935,-0.00186172893020315,0.033,0.033,0.00565180882045237
68,"unanchored",0.25,2,0,"present","maic_index",0.3,2,1000,0.167141549331935,-0.00186172893020315,0.078,0.0780000000000001,0.00848457353011858
68,"unanchored",0.25,2,0,"present","maic_index",0.3,5,1000,0.167141549331935,-0.00186172893020315,0.195,0.195,0.0125352356233193
68,"unanchored",0.25,2,0,"present","maic_means",-0.3,1,1000,0.20893593567596,-0.140413306455381,0.157,0.157,0.0115101469792302
68,"unanchored",0.25,2,0,"present","maic_means",-0.3,2,1000,0.20893593567596,-0.140413306455381,0.073,0.146,0.0164607094304882
68,"unanchored",0.25,2,0,"present","maic_means",-0.3,5,1000,0.20893593567596,-0.140413306455381,0.025,0.125,0.0246978740984925
68,"unanchored",0.25,2,0,"present","maic_means",-0.1,1,1000,0.20893593567596,-0.140413306455381,0.577,0.577,0.0156305890904764
68,"unanchored",0.25,2,0,"present","maic_means",-0.1,2,1000,0.20893593567596,-0.140413306455381,0.425,0.849999999999999,0.0312806406340802
68,"unanchored",0.25,2,0,"present","maic_means",-0.1,5,1000,0.20893593567596,-0.140413306455381,0.24,1.2,0.0675615612946042
68,"unanchored",0.25,2,0,"present","maic_means",0.1,1,1000,0.20893593567596,-0.140413306455381,0.053,0.053,0.00708810561724645
68,"unanchored",0.25,2,0,"present","maic_means",0.1,2,1000,0.20893593567596,-0.140413306455381,0.129,0.129,0.0106052567847966
68,"unanchored",0.25,2,0,"present","maic_means",0.1,5,1000,0.20893593567596,-0.140413306455381,0.289,0.289,0.0143417113582962
68,"unanchored",0.25,2,0,"present","maic_means",0.3,1,1000,0.20893593567596,-0.140413306455381,0.002,0.002,0.00141350557055781
68,"unanchored",0.25,2,0,"present","maic_means",0.3,2,1000,0.20893593567596,-0.140413306455381,0.005,0.00500000000000001,0.00223158687484488
68,"unanchored",0.25,2,0,"present","maic_means",0.3,5,1000,0.20893593567596,-0.140413306455381,0.023,0.023,0.0047427305946568
68,"unanchored",0.25,2,0,"present","maic_meanvar",-0.3,1,1000,0.181854571024954,-0.00417675203214322,0.051,0.0509999999999999,0.00696042006257141
68,"unanchored",0.25,2,0,"present","maic_meanvar",-0.3,2,1000,0.181854571024954,-0.00417675203214322,0.024,0.048,0.00968451288345409
68,"unanchored",0.25,2,0,"present","maic_meanvar",-0.3,5,1000,0.181854571024954,-0.00417675203214322,0.004,0.0200000000000002,0.00998497369549359
68,"unanchored",0.25,2,0,"present","maic_meanvar",-0.1,1,1000,0.181854571024954,-0.00417675203214322,0.295,0.295,0.0144285544384455
68,"unanchored",0.25,2,0,"present","maic_meanvar",-0.1,2,1000,0.181854571024954,-0.00417675203214322,0.169,0.338,0.0237132519557802
68,"unanchored",0.25,2,0,"present","maic_meanvar",-0.1,5,1000,0.181854571024954,-0.00417675203214322,0.077,0.385,0.0421729007012028
68,"unanchored",0.25,2,0,"present","maic_meanvar",0.1,1,1000,0.181854571024954,-0.00417675203214322,0.291,0.291,0.0143709959823779
68,"unanchored",0.25,2,0,"present","maic_meanvar",0.1,2,1000,0.181854571024954,-0.00417675203214322,0.452,0.452,0.0157462358658807
68,"unanchored",0.25,2,0,"present","maic_meanvar",0.1,5,1000,0.181854571024954,-0.00417675203214322,0.643,0.643,0.0151585217214866
68,"unanchored",0.25,2,0,"present","maic_meanvar",0.3,1,1000,0.181854571024954,-0.00417675203214322,0.046,0.046,0.0066278147173807
68,"unanchored",0.25,2,0,"present","maic_meanvar",0.3,2,1000,0.181854571024954,-0.00417675203214322,0.102,0.102,0.00957536880165391
68,"unanchored",0.25,2,0,"present","maic_meanvar",0.3,5,1000,0.181854571024954,-0.00417675203214322,0.236,0.236,0.0134344514024387
68,"unanchored",0.25,2,0,"present","unadjusted",-0.3,1,1000,0.21383300705915,-0.140066318774912,0.169,0.169,0.0118566259778901
68,"unanchored",0.25,2,0,"present","unadjusted",-0.3,2,1000,0.21383300705915,-0.140066318774912,0.084,0.168,0.0175523241789823
68,"unanchored",0.25,2,0,"present","unadjusted",-0.3,5,1000,0.21383300705915,-0.140066318774912,0.034,0.17,0.0286691806984772
68,"unanchored",0.25,2,0,"present","unadjusted",-0.1,1,1000,0.21383300705915,-0.140066318774912,0.587,0.587,0.0155779868299365
68,"unanchored",0.25,2,0,"present","unadjusted",-0.1,2,1000,0.21383300705915,-0.140066318774912,0.422,0.843999999999999,0.0312512502252414
68,"unanchored",0.25,2,0,"present","unadjusted",-0.1,5,1000,0.21383300705915,-0.140066318774912,0.252,1.26,0.0686812719532555
68,"unanchored",0.25,2,0,"present","unadjusted",0.1,1,1000,0.21383300705915,-0.140066318774912,0.062,0.062,0.00762982399628031
68,"unanchored",0.25,2,0,"present","unadjusted",0.1,2,1000,0.21383300705915,-0.140066318774912,0.145,0.145,0.0111399775178902
68,"unanchored",0.25,2,0,"present","unadjusted",0.1,5,1000,0.21383300705915,-0.140066318774912,0.305,0.305,0.0145666463946644
68,"unanchored",0.25,2,0,"present","unadjusted",0.3,1,1000,0.21383300705915,-0.140066318774912,0.003,0.00300000000000001,0.00173031615434693
68,"unanchored",0.25,2,0,"present","unadjusted",0.3,2,1000,0.21383300705915,-0.140066318774912,0.005,0.00500000000000004,0.00223158687484488
68,"unanchored",0.25,2,0,"present","unadjusted",0.3,5,1000,0.21383300705915,-0.140066318774912,0.031,0.031,0.0054835270646792
69,"anchored",1,2,0,"present","gcomp",-0.3,1,1000,0.201695696580019,0.00031558684106115,0.067,0.0669999999999999,0.00791034598317755
69,"anchored",1,2,0,"present","gcomp",-0.3,2,1000,0.201695696580019,0.00031558684106115,0.026,0.0520000000000001,0.0100696274706364
69,"anchored",1,2,0,"present","gcomp",-0.3,5,1000,0.201695696580019,0.00031558684106115,0.007,0.0349999999999999,0.013188970731219
69,"anchored",1,2,0,"present","gcomp",-0.1,1,1000,0.201695696580019,0.00031558684106115,0.315,0.315,0.0146966319607925
69,"anchored",1,2,0,"present","gcomp",-0.1,2,1000,0.201695696580019,0.00031558684106115,0.181,0.362,0.0243628723583558
69,"anchored",1,2,0,"present","gcomp",-0.1,5,1000,0.201695696580019,0.00031558684106115,0.076,0.38,0.0419208463339818
69,"anchored",1,2,0,"present","gcomp",0.1,1,1000,0.201695696580019,0.00031558684106115,0.314,0.314,0.014683991951088
69,"anchored",1,2,0,"present","gcomp",0.1,2,1000,0.201695696580019,0.00031558684106115,0.474,0.474,0.0157978977580428
69,"anchored",1,2,0,"present","gcomp",0.1,5,1000,0.201695696580019,0.00031558684106115,0.665,0.665,0.0149331174909326
69,"anchored",1,2,0,"present","gcomp",0.3,1,1000,0.201695696580019,0.00031558684106115,0.073,0.0729999999999999,0.00823035471524405
69,"anchored",1,2,0,"present","gcomp",0.3,2,1000,0.201695696580019,0.00031558684106115,0.129,0.129,0.0106052567847966
69,"anchored",1,2,0,"present","gcomp",0.3,5,1000,0.201695696580019,0.00031558684106115,0.296,0.296,0.014442734941575
69,"anchored",1,2,0,"present","maic_index",-0.3,1,1000,0.214209329150191,-0.0210237013043684,0.085,0.085,0.00882342636694233
69,"anchored",1,2,0,"present","maic_index",-0.3,2,1000,0.214209329150191,-0.0210237013043684,0.036,0.072,0.0117879156323311
69,"anchored",1,2,0,"present","maic_index",-0.3,5,1000,0.214209329150191,-0.0210237013043684,0.014,0.0699999999999999,0.0185861627412828
69,"anchored",1,2,0,"present","maic_index",-0.1,1,1000,0.214209329150191,-0.0210237013043684,0.352,0.352,0.0151104045056487
69,"anchored",1,2,0,"present","maic_index",-0.1,2,1000,0.214209329150191,-0.0210237013043684,0.212,0.424,0.025862963729876
69,"anchored",1,2,0,"present","maic_index",-0.1,5,1000,0.214209329150191,-0.0210237013043684,0.083,0.415000000000001,0.043642636030374
69,"anchored",1,2,0,"present","maic_index",0.1,1,1000,0.214209329150191,-0.0210237013043684,0.279,0.279,0.014190150117612
69,"anchored",1,2,0,"present","maic_index",0.1,2,1000,0.214209329150191,-0.0210237013043684,0.437,0.437,0.0156932239287304
69,"anchored",1,2,0,"present","maic_index",0.1,5,1000,0.214209329150191,-0.0210237013043684,0.647,0.647,0.0151201726054837
69,"anchored",1,2,0,"present","maic_index",0.3,1,1000,0.214209329150191,-0.0210237013043684,0.07,0.07,0.00807249435832349
69,"anchored",1,2,0,"present","maic_index",0.3,2,1000,0.214209329150191,-0.0210237013043684,0.139,0.139,0.010945263761043
69,"anchored",1,2,0,"present","maic_index",0.3,5,1000,0.214209329150191,-0.0210237013043684,0.28,0.28,0.0142056961040915
69,"anchored",1,2,0,"present","maic_means",-0.3,1,1000,0.231088896391456,-0.114788909813355,0.179,0.179,0.0121287306057191
69,"anchored",1,2,0,"present","maic_means",-0.3,2,1000,0.231088896391456,-0.114788909813355,0.085,0.17,0.0176468527338846
69,"anchored",1,2,0,"present","maic_means",-0.3,5,1000,0.231088896391456,-0.114788909813355,0.03,0.15,0.0269857041454958
69,"anchored",1,2,0,"present","maic_means",-0.1,1,1000,0.231088896391456,-0.114788909813355,0.523,0.523,0.0158025542467261
69,"anchored",1,2,0,"present","maic_means",-0.1,2,1000,0.231088896391456,-0.114788909813355,0.37,0.74,0.0305505046330387
69,"anchored",1,2,0,"present","maic_means",-0.1,5,1000,0.231088896391456,-0.114788909813355,0.189,0.945,0.0619339229405886
69,"anchored",1,2,0,"present","maic_means",0.1,1,1000,0.231088896391456,-0.114788909813355,0.136,0.136,0.010845350230473
69,"anchored",1,2,0,"present","maic_means",0.1,2,1000,0.231088896391456,-0.114788909813355,0.244,0.244,0.0135885484378814
69,"anchored",1,2,0,"present","maic_means",0.1,5,1000,0.231088896391456,-0.114788909813355,0.453,0.453,0.0157492551899776
69,"anchored",1,2,0,"present","maic_means",0.3,1,1000,0.231088896391456,-0.114788909813355,0.026,0.026,0.00503481373531822
69,"anchored",1,2,0,"present","maic_means",0.3,2,1000,0.231088896391456,-0.114788909813355,0.051,0.0509999999999999,0.00696042006257142
69,"anchored",1,2,0,"present","maic_means",0.3,5,1000,0.231088896391456,-0.114788909813355,0.124,0.124,0.010427498872344
69,"anchored",1,2,0,"present","maic_meanvar",-0.3,1,1000,0.235956266928248,-0.00530006382133241,0.097,0.097,0.00936368937324812
69,"anchored",1,2,0,"present","maic_meanvar",-0.3,2,1000,0.235956266928248,-0.00530006382133241,0.043,0.0859999999999999,0.0128362287595995
69,"anchored",1,2,0,"present","maic_meanvar",-0.3,5,1000,0.235956266928248,-0.00530006382133241,0.016,0.0800000000000003,0.0198492819515971
69,"anchored",1,2,0,"present","maic_meanvar",-0.1,1,1000,0.235956266928248,-0.00530006382133241,0.347,0.347,0.0150604720317066
69,"anchored",1,2,0,"present","maic_meanvar",-0.1,2,1000,0.235956266928248,-0.00530006382133241,0.191,0.382,0.024873574224359
69,"anchored",1,2,0,"present","maic_meanvar",-0.1,5,1000,0.235956266928248,-0.00530006382133241,0.083,0.415,0.043642636030374
69,"anchored",1,2,0,"present","maic_meanvar",0.1,1,1000,0.235956266928248,-0.00530006382133241,0.315,0.315,0.0146966319607925
69,"anchored",1,2,0,"present","maic_meanvar",0.1,2,1000,0.235956266928248,-0.00530006382133241,0.469,0.469,0.015788865959539
69,"anchored",1,2,0,"present","maic_meanvar",0.1,5,1000,0.235956266928248,-0.00530006382133241,0.684,0.684,0.0147091930560571
69,"anchored",1,2,0,"present","maic_meanvar",0.3,1,1000,0.235956266928248,-0.00530006382133241,0.099,0.0989999999999999,0.00944924802766275
69,"anchored",1,2,0,"present","maic_meanvar",0.3,2,1000,0.235956266928248,-0.00530006382133241,0.203,0.203,0.0127260737445983
69,"anchored",1,2,0,"present","maic_meanvar",0.3,5,1000,0.235956266928248,-0.00530006382133241,0.338,0.338,0.0149659607102245
69,"anchored",1,2,0,"present","unadjusted",-0.3,1,1000,0.231286935141376,-0.11543747789054,0.178,0.178,0.0121021676761836
69,"anchored",1,2,0,"present","unadjusted",-0.3,2,1000,0.231286935141376,-0.11543747789054,0.085,0.17,0.0176468527338846
69,"anchored",1,2,0,"present","unadjusted",-0.3,5,1000,0.231286935141376,-0.11543747789054,0.032,0.16,0.027841967875407
69,"anchored",1,2,0,"present","unadjusted",-0.1,1,1000,0.231286935141376,-0.11543747789054,0.53,0.53,0.0157907995158368
69,"anchored",1,2,0,"present","unadjusted",-0.1,2,1000,0.231286935141376,-0.11543747789054,0.361,0.722,0.0303914402363503
69,"anchored",1,2,0,"present","unadjusted",-0.1,5,1000,0.231286935141376,-0.11543747789054,0.191,0.955000000000001,0.0621839355608977
69,"anchored",1,2,0,"present","unadjusted",0.1,1,1000,0.231286935141376,-0.11543747789054,0.136,0.136,0.010845350230473
69,"anchored",1,2,0,"present","unadjusted",0.1,2,1000,0.231286935141376,-0.11543747789054,0.249,0.249,0.0136816002787023
69,"anchored",1,2,0,"present","unadjusted",0.1,5,1000,0.231286935141376,-0.11543747789054,0.454,0.454,0.0157522103887719
69,"anchored",1,2,0,"present","unadjusted",0.3,1,1000,0.231286935141376,-0.11543747789054,0.024,0.024,0.00484225644172706
69,"anchored",1,2,0,"present","unadjusted",0.3,2,1000,0.231286935141376,-0.11543747789054,0.048,0.048,0.00676326413366667
69,"anchored",1,2,0,"present","unadjusted",0.3,5,1000,0.231286935141376,-0.11543747789054,0.126,0.126,0.010499249222408
70,"unanchored",1,2,0,"present","gcomp",-0.3,1,1000,0.145981102876717,0.00022587006761665,0.015,0.015,0.00384574957450301
70,"unanchored",1,2,0,"present","gcomp",-0.3,2,1000,0.145981102876717,0.00022587006761665,0.006,0.012,0.00488670439865968
70,"unanchored",1,2,0,"present","gcomp",-0.3,5,1000,0.145981102876717,0.00022587006761665,0,0,0
70,"unanchored",1,2,0,"present","gcomp",-0.1,1,1000,0.145981102876717,0.00022587006761665,0.261,0.261,0.0138950376779651
70,"unanchored",1,2,0,"present","gcomp",-0.1,2,1000,0.145981102876717,0.00022587006761665,0.138,0.276,0.0218243052650088
70,"unanchored",1,2,0,"present","gcomp",-0.1,5,1000,0.145981102876717,0.00022587006761665,0.049,0.245,0.0341488087807047
70,"unanchored",1,2,0,"present","gcomp",0.1,1,1000,0.145981102876717,0.00022587006761665,0.259,0.259,0.0138604152575279
70,"unanchored",1,2,0,"present","gcomp",0.1,2,1000,0.145981102876717,0.00022587006761665,0.411,0.411,0.0155666734185993
70,"unanchored",1,2,0,"present","gcomp",0.1,5,1000,0.145981102876717,0.00022587006761665,0.601,0.601,0.0154931933131629
70,"unanchored",1,2,0,"present","gcomp",0.3,1,1000,0.145981102876717,0.00022587006761665,0.016,0.016,0.00396985639031942
70,"unanchored",1,2,0,"present","gcomp",0.3,2,1000,0.145981102876717,0.00022587006761665,0.054,0.054,0.00715088352129543
70,"unanchored",1,2,0,"present","gcomp",0.3,5,1000,0.145981102876717,0.00022587006761665,0.148,0.148,0.0112348663642352
70,"unanchored",1,2,0,"present","maic_index",-0.3,1,1000,0.147427792064703,7.8596144002963e-05,0.015,0.015,0.00384574957450301
70,"unanchored",1,2,0,"present","maic_index",-0.3,2,1000,0.147427792064703,7.8596144002963e-05,0.006,0.012,0.00488670439865967
70,"unanchored",1,2,0,"present","maic_index",-0.3,5,1000,0.147427792064703,7.8596144002963e-05,0.001,0.00500000000000006,0.00500000000000002
70,"unanchored",1,2,0,"present","maic_index",-0.1,1,1000,0.147427792064703,7.8596144002963e-05,0.26,0.26,0.0138777733297742
70,"unanchored",1,2,0,"present","maic_index",-0.1,2,1000,0.147427792064703,7.8596144002963e-05,0.135,0.27,0.0216233107448321
70,"unanchored",1,2,0,"present","maic_index",-0.1,5,1000,0.147427792064703,7.8596144002963e-05,0.045,0.225,0.0327940612070302
70,"unanchored",1,2,0,"present","maic_index",0.1,1,1000,0.147427792064703,7.8596144002963e-05,0.271,0.271,0.0140626013509862
70,"unanchored",1,2,0,"present","maic_index",0.1,2,1000,0.147427792064703,7.8596144002963e-05,0.416,0.416,0.0155944601441406
70,"unanchored",1,2,0,"present","maic_index",0.1,5,1000,0.147427792064703,7.8596144002963e-05,0.624,0.624,0.0153251055088981
70,"unanchored",1,2,0,"present","maic_index",0.3,1,1000,0.147427792064703,7.8596144002963e-05,0.02,0.02,0.00442940398017834
70,"unanchored",1,2,0,"present","maic_index",0.3,2,1000,0.147427792064703,7.8596144002963e-05,0.056,0.056,0.00727440148169706
70,"unanchored",1,2,0,"present","maic_index",0.3,5,1000,0.147427792064703,7.8596144002963e-05,0.165,0.165,0.0117436328669162
70,"unanchored",1,2,0,"present","maic_means",-0.3,1,1000,0.239328371803569,-0.198258048212302,0.241,0.241,0.0135315225345154
70,"unanchored",1,2,0,"present","maic_means",-0.3,2,1000,0.239328371803569,-0.198258048212302,0.111,0.222,0.0198774020211675
70,"unanchored",1,2,0,"present","maic_means",-0.3,5,1000,0.239328371803569,-0.198258048212302,0.032,0.16,0.027841967875407
70,"unanchored",1,2,0,"present","maic_means",-0.1,1,1000,0.239328371803569,-0.198258048212302,0.752,0.752,0.0136631871348776
70,"unanchored",1,2,0,"present","maic_means",-0.1,2,1000,0.239328371803569,-0.198258048212302,0.6,1.2,0.0309993703316852
70,"unanchored",1,2,0,"present","maic_means",-0.1,5,1000,0.239328371803569,-0.198258048212302,0.388,1.94,0.0770865898995565
70,"unanchored",1,2,0,"present","maic_means",0.1,1,1000,0.239328371803569,-0.198258048212302,0.009,0.00900000000000001,0.00298796384314266
70,"unanchored",1,2,0,"present","maic_means",0.1,2,1000,0.239328371803569,-0.198258048212302,0.041,0.041,0.00627362402111874
70,"unanchored",1,2,0,"present","maic_means",0.1,5,1000,0.239328371803569,-0.198258048212302,0.124,0.124,0.010427498872344
70,"unanchored",1,2,0,"present","maic_means",0.3,1,1000,0.239328371803569,-0.198258048212302,0,0,0
70,"unanchored",1,2,0,"present","maic_means",0.3,2,1000,0.239328371803569,-0.198258048212302,0,0,0
70,"unanchored",1,2,0,"present","maic_means",0.3,5,1000,0.239328371803569,-0.198258048212302,0.001,0.000999999999999999,0.00100000000000001
70,"unanchored",1,2,0,"present","maic_meanvar",-0.3,1,1000,0.15893554119513,-0.00249579516915909,0.026,0.026,0.00503481373531822
70,"unanchored",1,2,0,"present","maic_meanvar",-0.3,2,1000,0.15893554119513,-0.00249579516915909,0.007,0.0140000000000001,0.0052755882924875
70,"unanchored",1,2,0,"present","maic_meanvar",-0.3,5,1000,0.15893554119513,-0.00249579516915909,0.002,0.0100000000000001,0.00706752785278918
70,"unanchored",1,2,0,"present","maic_meanvar",-0.1,1,1000,0.15893554119513,-0.00249579516915909,0.275,0.275,0.0141270865564905
70,"unanchored",1,2,0,"present","maic_meanvar",-0.1,2,1000,0.15893554119513,-0.00249579516915909,0.151,0.302,0.0226563304466834
70,"unanchored",1,2,0,"present","maic_meanvar",-0.1,5,1000,0.15893554119513,-0.00249579516915909,0.052,0.26,0.0351231210690855
70,"unanchored",1,2,0,"present","maic_meanvar",0.1,1,1000,0.15893554119513,-0.00249579516915909,0.259,0.259,0.0138604152575279
70,"unanchored",1,2,0,"present","maic_meanvar",0.1,2,1000,0.15893554119513,-0.00249579516915909,0.422,0.422,0.0156256251126207
70,"unanchored",1,2,0,"present","maic_meanvar",0.1,5,1000,0.15893554119513,-0.00249579516915909,0.642,0.642,0.0151679288654076
70,"unanchored",1,2,0,"present","maic_meanvar",0.3,1,1000,0.15893554119513,-0.00249579516915909,0.026,0.026,0.00503481373531821
70,"unanchored",1,2,0,"present","maic_meanvar",0.3,2,1000,0.15893554119513,-0.00249579516915909,0.08,0.08,0.00858333697775365
70,"unanchored",1,2,0,"present","maic_meanvar",0.3,5,1000,0.15893554119513,-0.00249579516915909,0.196,0.196,0.0125595279267074
70,"unanchored",1,2,0,"present","unadjusted",-0.3,1,1000,0.247734699836667,-0.199800003355128,0.248,0.248,0.0136631871348777
70,"unanchored",1,2,0,"present","unadjusted",-0.3,2,1000,0.247734699836667,-0.199800003355128,0.119,0.238,0.0204884302906733
70,"unanchored",1,2,0,"present","unadjusted",-0.3,5,1000,0.247734699836667,-0.199800003355128,0.048,0.24,0.0338163206683332
70,"unanchored",1,2,0,"present","unadjusted",-0.1,1,1000,0.247734699836667,-0.199800003355128,0.742,0.742,0.0138429631086566
70,"unanchored",1,2,0,"present","unadjusted",-0.1,2,1000,0.247734699836667,-0.199800003355128,0.607,1.214,0.030905649308163
70,"unanchored",1,2,0,"present","unadjusted",-0.1,5,1000,0.247734699836667,-0.199800003355128,0.408,2.04,0.077746025264604
70,"unanchored",1,2,0,"present","unadjusted",0.1,1,1000,0.247734699836667,-0.199800003355128,0.017,0.0170000000000001,0.0040899544896891
70,"unanchored",1,2,0,"present","unadjusted",0.1,2,1000,0.247734699836667,-0.199800003355128,0.054,0.054,0.00715088352129543
70,"unanchored",1,2,0,"present","unadjusted",0.1,5,1000,0.247734699836667,-0.199800003355128,0.144,0.144,0.0111079875489392
70,"unanchored",1,2,0,"present","unadjusted",0.3,1,1000,0.247734699836667,-0.199800003355128,0,0,0
70,"unanchored",1,2,0,"present","unadjusted",0.3,2,1000,0.247734699836667,-0.199800003355128,0.001,0.000999999999999999,0.001
70,"unanchored",1,2,0,"present","unadjusted",0.3,5,1000,0.247734699836667,-0.199800003355128,0.005,0.005,0.00223158687484488
71,"anchored",4,2,0,"present","gcomp",-0.3,1,1000,0.176984694224407,0.00340237584880162,0.042,0.0420000000000001,0.00634635929303383
71,"anchored",4,2,0,"present","gcomp",-0.3,2,1000,0.176984694224407,0.00340237584880162,0.016,0.032,0.00793971278063882
71,"anchored",4,2,0,"present","gcomp",-0.3,5,1000,0.176984694224407,0.00340237584880162,0.007,0.0349999999999999,0.013188970731219
71,"anchored",4,2,0,"present","gcomp",-0.1,1,1000,0.176984694224407,0.00340237584880162,0.275,0.275,0.0141270865564905
71,"anchored",4,2,0,"present","gcomp",-0.1,2,1000,0.176984694224407,0.00340237584880162,0.158,0.316,0.0230797893551192
71,"anchored",4,2,0,"present","gcomp",-0.1,5,1000,0.176984694224407,0.00340237584880162,0.057,0.285,0.0366758792685343
71,"anchored",4,2,0,"present","gcomp",0.1,1,1000,0.176984694224407,0.00340237584880162,0.311,0.311,0.0146455963857227
71,"anchored",4,2,0,"present","gcomp",0.1,2,1000,0.176984694224407,0.00340237584880162,0.459,0.459,0.0157660257378822
71,"anchored",4,2,0,"present","gcomp",0.1,5,1000,0.176984694224407,0.00340237584880162,0.666,0.666,0.014922019523733
71,"anchored",4,2,0,"present","gcomp",0.3,1,1000,0.176984694224407,0.00340237584880162,0.041,0.041,0.00627362402111878
71,"anchored",4,2,0,"present","gcomp",0.3,2,1000,0.176984694224407,0.00340237584880162,0.113,0.113,0.0100165528666968
71,"anchored",4,2,0,"present","gcomp",0.3,5,1000,0.176984694224407,0.00340237584880162,0.25,0.25,0.0136999156087798
71,"anchored",4,2,0,"present","maic_index",-0.3,1,1000,0.197234495483413,-0.00177934933127524,0.067,0.067,0.00791034598317755
71,"anchored",4,2,0,"present","maic_index",-0.3,2,1000,0.197234495483413,-0.00177934933127524,0.028,0.056,0.0104390120688201
71,"anchored",4,2,0,"present","maic_index",-0.3,5,1000,0.197234495483413,-0.00177934933127524,0.004,0.0200000000000002,0.00998497369549358
71,"anchored",4,2,0,"present","maic_index",-0.1,1,1000,0.197234495483413,-0.00177934933127524,0.315,0.315,0.0146966319607925
71,"anchored",4,2,0,"present","maic_index",-0.1,2,1000,0.197234495483413,-0.00177934933127524,0.185,0.37,0.0245703826527734
71,"anchored",4,2,0,"present","maic_index",-0.1,5,1000,0.197234495483413,-0.00177934933127524,0.074,0.37,0.0414103225635202
71,"anchored",4,2,0,"present","maic_index",0.1,1,1000,0.197234495483413,-0.00177934933127524,0.303,0.303,0.0145396837105352
71,"anchored",4,2,0,"present","maic_index",0.1,2,1000,0.197234495483413,-0.00177934933127524,0.46,0.46,0.0157685969143944
71,"anchored",4,2,0,"present","maic_index",0.1,5,1000,0.197234495483413,-0.00177934933127524,0.67,0.67,0.0148768720274567
71,"anchored",4,2,0,"present","maic_index",0.3,1,1000,0.197234495483413,-0.00177934933127524,0.06,0.0600000000000001,0.00751375115747493
71,"anchored",4,2,0,"present","maic_index",0.3,2,1000,0.197234495483413,-0.00177934933127524,0.141,0.141,0.0110109145959924
71,"anchored",4,2,0,"present","maic_index",0.3,5,1000,0.197234495483413,-0.00177934933127524,0.29,0.29,0.0143563959999057
71,"anchored",4,2,0,"present","maic_means",-0.3,1,1000,0.217543859580156,-0.101991106300589,0.148,0.148,0.0112348663642353
71,"anchored",4,2,0,"present","maic_means",-0.3,2,1000,0.217543859580156,-0.101991106300589,0.07,0.14,0.016144988716647
71,"anchored",4,2,0,"present","maic_means",-0.3,5,1000,0.217543859580156,-0.101991106300589,0.025,0.125,0.0246978740984925
71,"anchored",4,2,0,"present","maic_means",-0.1,1,1000,0.217543859580156,-0.101991106300589,0.511,0.511,0.0158154711952927
71,"anchored",4,2,0,"present","maic_means",-0.1,2,1000,0.217543859580156,-0.101991106300589,0.344,0.688,0.0300592674488179
71,"anchored",4,2,0,"present","maic_means",-0.1,5,1000,0.217543859580156,-0.101991106300589,0.171,0.855,0.0595610822813232
71,"anchored",4,2,0,"present","maic_means",0.1,1,1000,0.217543859580156,-0.101991106300589,0.147,0.147,0.0112034153951603
71,"anchored",4,2,0,"present","maic_means",0.1,2,1000,0.217543859580156,-0.101991106300589,0.263,0.263,0.0139292865942597
71,"anchored",4,2,0,"present","maic_means",0.1,5,1000,0.217543859580156,-0.101991106300589,0.447,0.447,0.0157301760460091
71,"anchored",4,2,0,"present","maic_means",0.3,1,1000,0.217543859580156,-0.101991106300589,0.022,0.022,0.0046408552592747
71,"anchored",4,2,0,"present","maic_means",0.3,2,1000,0.217543859580156,-0.101991106300589,0.054,0.054,0.00715088352129545
71,"anchored",4,2,0,"present","maic_means",0.3,5,1000,0.217543859580156,-0.101991106300589,0.128,0.128,0.0105701337611087
71,"anchored",4,2,0,"present","maic_meanvar",-0.3,1,1000,0.21346458200107,0.00439217504388119,0.084,0.084,0.0087761620894911
71,"anchored",4,2,0,"present","maic_meanvar",-0.3,2,1000,0.21346458200107,0.00439217504388119,0.033,0.0660000000000001,0.0113036176409048
71,"anchored",4,2,0,"present","maic_meanvar",-0.3,5,1000,0.21346458200107,0.00439217504388119,0.008,0.04,0.0140925015025224
71,"anchored",4,2,0,"present","maic_meanvar",-0.1,1,1000,0.21346458200107,0.00439217504388119,0.301,0.301,0.0145123950335432
71,"anchored",4,2,0,"present","maic_meanvar",-0.1,2,1000,0.21346458200107,0.00439217504388119,0.177,0.354,0.0241509268407501
71,"anchored",4,2,0,"present","maic_meanvar",-0.1,5,1000,0.21346458200107,0.00439217504388119,0.077,0.385,0.042172900701203
71,"anchored",4,2,0,"present","maic_meanvar",0.1,1,1000,0.21346458200107,0.00439217504388119,0.315,0.315,0.0146966319607925
71,"anchored",4,2,0,"present","maic_meanvar",0.1,2,1000,0.21346458200107,0.00439217504388119,0.491,0.491,0.0158167369950054
71,"anchored",4,2,0,"present","maic_meanvar",0.1,5,1000,0.21346458200107,0.00439217504388119,0.708,0.708,0.0143855115634773
71,"anchored",4,2,0,"present","maic_meanvar",0.3,1,1000,0.21346458200107,0.00439217504388119,0.079,0.079,0.00853415677333343
71,"anchored",4,2,0,"present","maic_meanvar",0.3,2,1000,0.21346458200107,0.00439217504388119,0.176,0.176,0.0120486168985975
71,"anchored",4,2,0,"present","maic_meanvar",0.3,5,1000,0.21346458200107,0.00439217504388119,0.329,0.329,0.0148653953859284
71,"anchored",4,2,0,"present","unadjusted",-0.3,1,1000,0.218138620420994,-0.102250544304169,0.146,0.146,0.0111717862854965
71,"anchored",4,2,0,"present","unadjusted",-0.3,2,1000,0.218138620420994,-0.102250544304169,0.071,0.142,0.0162511568849758
71,"anchored",4,2,0,"present","unadjusted",-0.3,5,1000,0.218138620420994,-0.102250544304169,0.026,0.13,0.0251740686765912
71,"anchored",4,2,0,"present","unadjusted",-0.1,1,1000,0.218138620420994,-0.102250544304169,0.504,0.504,0.0158187937035109
71,"anchored",4,2,0,"present","unadjusted",-0.1,2,1000,0.218138620420994,-0.102250544304169,0.355,0.71,0.0302789830875611
71,"anchored",4,2,0,"present","unadjusted",-0.1,5,1000,0.218138620420994,-0.102250544304169,0.17,0.85,0.0594224791727087
71,"anchored",4,2,0,"present","unadjusted",0.1,1,1000,0.218138620420994,-0.102250544304169,0.145,0.145,0.0111399775178901
71,"anchored",4,2,0,"present","unadjusted",0.1,2,1000,0.218138620420994,-0.102250544304169,0.27,0.27,0.0140462556326339
71,"anchored",4,2,0,"present","unadjusted",0.1,5,1000,0.218138620420994,-0.102250544304169,0.446,0.446,0.0157267711667504
71,"anchored",4,2,0,"present","unadjusted",0.3,1,1000,0.218138620420994,-0.102250544304169,0.021,0.0210000000000001,0.00453647215130651
71,"anchored",4,2,0,"present","unadjusted",0.3,2,1000,0.218138620420994,-0.102250544304169,0.054,0.054,0.00715088352129544
71,"anchored",4,2,0,"present","unadjusted",0.3,5,1000,0.218138620420994,-0.102250544304169,0.126,0.126,0.010499249222408
72,"unanchored",4,2,0,"present","gcomp",-0.3,1,1000,0.123956134539241,-0.00394620492224333,0.005,0.00500000000000004,0.00223158687484488
72,"unanchored",4,2,0,"present","gcomp",-0.3,2,1000,0.123956134539241,-0.00394620492224333,0.001,0.002,0.00200000000000001
72,"unanchored",4,2,0,"present","gcomp",-0.3,5,1000,0.123956134539241,-0.00394620492224333,0,0,0
72,"unanchored",4,2,0,"present","gcomp",-0.1,1,1000,0.123956134539241,-0.00394620492224333,0.223,0.223,0.0131698308434257
72,"unanchored",4,2,0,"present","gcomp",-0.1,2,1000,0.123956134539241,-0.00394620492224333,0.111,0.222,0.0198774020211675
72,"unanchored",4,2,0,"present","gcomp",-0.1,5,1000,0.123956134539241,-0.00394620492224333,0.03,0.15,0.0269857041454959
72,"unanchored",4,2,0,"present","gcomp",0.1,1,1000,0.123956134539241,-0.00394620492224333,0.202,0.202,0.0127026515876551
72,"unanchored",4,2,0,"present","gcomp",0.1,2,1000,0.123956134539241,-0.00394620492224333,0.332,0.332,0.0148995972428115
72,"unanchored",4,2,0,"present","gcomp",0.1,5,1000,0.123956134539241,-0.00394620492224333,0.557,0.557,0.0157161699532041
72,"unanchored",4,2,0,"present","gcomp",0.3,1,1000,0.123956134539241,-0.00394620492224333,0.009,0.00900000000000001,0.00298796384314266
72,"unanchored",4,2,0,"present","gcomp",0.3,2,1000,0.123956134539241,-0.00394620492224333,0.026,0.026,0.00503481373531821
72,"unanchored",4,2,0,"present","gcomp",0.3,5,1000,0.123956134539241,-0.00394620492224333,0.08,0.08,0.00858333697775365
72,"unanchored",4,2,0,"present","maic_index",-0.3,1,1000,0.121474708680496,-0.0032706177189786,0.005,0.00500000000000005,0.00223158687484488
72,"unanchored",4,2,0,"present","maic_index",-0.3,2,1000,0.121474708680496,-0.0032706177189786,0,0,0
72,"unanchored",4,2,0,"present","maic_index",-0.3,5,1000,0.121474708680496,-0.0032706177189786,0,0,0
72,"unanchored",4,2,0,"present","maic_index",-0.1,1,1000,0.121474708680496,-0.0032706177189786,0.209,0.209,0.0128640772884993
72,"unanchored",4,2,0,"present","maic_index",-0.1,2,1000,0.121474708680496,-0.0032706177189786,0.096,0.192,0.0186409088695665
72,"unanchored",4,2,0,"present","maic_index",-0.1,5,1000,0.121474708680496,-0.0032706177189786,0.021,0.105,0.0226823607565327
72,"unanchored",4,2,0,"present","maic_index",0.1,1,1000,0.121474708680496,-0.0032706177189786,0.189,0.189,0.0123867845881177
72,"unanchored",4,2,0,"present","maic_index",0.1,2,1000,0.121474708680496,-0.0032706177189786,0.344,0.344,0.0150296337244089
72,"unanchored",4,2,0,"present","maic_index",0.1,5,1000,0.121474708680496,-0.0032706177189786,0.604,0.604,0.0154733132658594
72,"unanchored",4,2,0,"present","maic_index",0.3,1,1000,0.121474708680496,-0.0032706177189786,0.01,0.01,0.00314800093867677
72,"unanchored",4,2,0,"present","maic_index",0.3,2,1000,0.121474708680496,-0.0032706177189786,0.033,0.033,0.00565180882045237
72,"unanchored",4,2,0,"present","maic_index",0.3,5,1000,0.121474708680496,-0.0032706177189786,0.092,0.092,0.0091443763931511
72,"unanchored",4,2,0,"present","maic_means",-0.3,1,1000,0.239999959830334,-0.213236024707422,0.217,0.217,0.0130415137572707
72,"unanchored",4,2,0,"present","maic_means",-0.3,2,1000,0.239999959830334,-0.213236024707422,0.086,0.172,0.0177406519251895
72,"unanchored",4,2,0,"present","maic_means",-0.3,5,1000,0.239999959830334,-0.213236024707422,0.02,0.0999999999999994,0.0221470199008915
72,"unanchored",4,2,0,"present","maic_means",-0.1,1,1000,0.239999959830334,-0.213236024707422,0.852,0.852,0.0112348663642353
72,"unanchored",4,2,0,"present","maic_means",-0.1,2,1000,0.239999959830334,-0.213236024707422,0.698,1.396,0.0290521604709191
72,"unanchored",4,2,0,"present","maic_means",-0.1,5,1000,0.239999959830334,-0.213236024707422,0.443,2.215,0.0785808497660209
72,"unanchored",4,2,0,"present","maic_means",0.1,1,1000,0.239999959830334,-0.213236024707422,0.005,0.00500000000000002,0.00223158687484488
72,"unanchored",4,2,0,"present","maic_means",0.1,2,1000,0.239999959830334,-0.213236024707422,0.012,0.012,0.00344497719409983
72,"unanchored",4,2,0,"present","maic_means",0.1,5,1000,0.239999959830334,-0.213236024707422,0.056,0.056,0.00727440148169706
72,"unanchored",4,2,0,"present","maic_means",0.3,1,1000,0.239999959830334,-0.213236024707422,0,0,0
72,"unanchored",4,2,0,"present","maic_means",0.3,2,1000,0.239999959830334,-0.213236024707422,0,0,0
72,"unanchored",4,2,0,"present","maic_means",0.3,5,1000,0.239999959830334,-0.213236024707422,0,0,0
72,"unanchored",4,2,0,"present","maic_meanvar",-0.3,1,1000,0.132128688312601,-0.00271766717332744,0.012,0.012,0.00344497719409985
72,"unanchored",4,2,0,"present","maic_meanvar",-0.3,2,1000,0.132128688312601,-0.00271766717332744,0.002,0.004,0.00282701114111561
72,"unanchored",4,2,0,"present","maic_meanvar",-0.3,5,1000,0.132128688312601,-0.00271766717332744,0.001,0.00500000000000006,0.00500000000000004
72,"unanchored",4,2,0,"present","maic_meanvar",-0.1,1,1000,0.132128688312601,-0.00271766717332744,0.225,0.225,0.0132117201586148
72,"unanchored",4,2,0,"present","maic_meanvar",-0.1,2,1000,0.132128688312601,-0.00271766717332744,0.106,0.212,0.0194791025315703
72,"unanchored",4,2,0,"present","maic_meanvar",-0.1,5,1000,0.132128688312601,-0.00271766717332744,0.028,0.14,0.0260975301720504
72,"unanchored",4,2,0,"present","maic_meanvar",0.1,1,1000,0.132128688312601,-0.00271766717332744,0.206,0.206,0.0127956136127866
72,"unanchored",4,2,0,"present","maic_meanvar",0.1,2,1000,0.132128688312601,-0.00271766717332744,0.376,0.376,0.0153251055088981
72,"unanchored",4,2,0,"present","maic_meanvar",0.1,5,1000,0.132128688312601,-0.00271766717332744,0.641,0.641,0.0151772642247986
72,"unanchored",4,2,0,"present","maic_meanvar",0.3,1,1000,0.132128688312601,-0.00271766717332744,0.015,0.015,0.00384574957450301
72,"unanchored",4,2,0,"present","maic_meanvar",0.3,2,1000,0.132128688312601,-0.00271766717332744,0.046,0.046,0.0066278147173807
72,"unanchored",4,2,0,"present","maic_meanvar",0.3,5,1000,0.132128688312601,-0.00271766717332744,0.126,0.126,0.010499249222408
72,"unanchored",4,2,0,"present","unadjusted",-0.3,1,1000,0.251965792905979,-0.214320779886694,0.25,0.25,0.0136999156087798
72,"unanchored",4,2,0,"present","unadjusted",-0.3,2,1000,0.251965792905979,-0.214320779886694,0.13,0.26,0.0212803395849987
72,"unanchored",4,2,0,"present","unadjusted",-0.3,5,1000,0.251965792905979,-0.214320779886694,0.054,0.269999999999999,0.0357544176064772
72,"unanchored",4,2,0,"present","unadjusted",-0.1,1,1000,0.251965792905979,-0.214320779886694,0.81,0.81,0.0124118513548163
72,"unanchored",4,2,0,"present","unadjusted",-0.1,2,1000,0.251965792905979,-0.214320779886694,0.689,1.378,0.0292911927714454
72,"unanchored",4,2,0,"present","unadjusted",-0.1,5,1000,0.251965792905979,-0.214320779886694,0.47,2.35,0.0789539975791838
72,"unanchored",4,2,0,"present","unadjusted",0.1,1,1000,0.251965792905979,-0.214320779886694,0.016,0.016,0.00396985639031942
72,"unanchored",4,2,0,"present","unadjusted",0.1,2,1000,0.251965792905979,-0.214320779886694,0.029,0.029,0.00530916068575699
72,"unanchored",4,2,0,"present","unadjusted",0.1,5,1000,0.251965792905979,-0.214320779886694,0.081,0.081,0.00863212103213999
72,"unanchored",4,2,0,"present","unadjusted",0.3,1,1000,0.251965792905979,-0.214320779886694,0,0,0
72,"unanchored",4,2,0,"present","unadjusted",0.3,2,1000,0.251965792905979,-0.214320779886694,0,0,0
72,"unanchored",4,2,0,"present","unadjusted",0.3,5,1000,0.251965792905979,-0.214320779886694,0.004,0.004,0.00199699473909873
73,"anchored",0.25,0.5,0.3,"present","gcomp",-0.3,1,1000,0.21701802511707,-0.00944146807175581,0.088,0.0879999999999999,0.00896305396259209
73,"anchored",0.25,0.5,0.3,"present","gcomp",-0.3,2,1000,0.21701802511707,-0.00944146807175581,0.037,0.0740000000000001,0.0119443152447793
73,"anchored",0.25,0.5,0.3,"present","gcomp",-0.3,5,1000,0.21701802511707,-0.00944146807175581,0.01,0.05,0.0157400046933839
73,"anchored",0.25,0.5,0.3,"present","gcomp",-0.1,1,1000,0.21701802511707,-0.00944146807175581,0.347,0.347,0.0150604720317066
73,"anchored",0.25,0.5,0.3,"present","gcomp",-0.1,2,1000,0.21701802511707,-0.00944146807175581,0.195,0.39,0.0250704712466387
73,"anchored",0.25,0.5,0.3,"present","gcomp",-0.1,5,1000,0.21701802511707,-0.00944146807175581,0.087,0.435,0.04458433315373
73,"anchored",0.25,0.5,0.3,"present","gcomp",0.1,1,1000,0.21701802511707,-0.00944146807175581,0.31,0.31,0.0146326386586329
73,"anchored",0.25,0.5,0.3,"present","gcomp",0.1,2,1000,0.21701802511707,-0.00944146807175581,0.45,0.45,0.0157400046933838
73,"anchored",0.25,0.5,0.3,"present","gcomp",0.1,5,1000,0.21701802511707,-0.00944146807175581,0.661,0.661,0.0149767587716203
73,"anchored",0.25,0.5,0.3,"present","gcomp",0.3,1,1000,0.21701802511707,-0.00944146807175581,0.079,0.079,0.00853415677333346
73,"anchored",0.25,0.5,0.3,"present","gcomp",0.3,2,1000,0.21701802511707,-0.00944146807175581,0.157,0.157,0.0115101469792302
73,"anchored",0.25,0.5,0.3,"present","gcomp",0.3,5,1000,0.21701802511707,-0.00944146807175581,0.316,0.316,0.0147091930560571
73,"anchored",0.25,0.5,0.3,"present","maic_index",-0.3,1,1000,0.358453037596056,0.0102270642528035,0.205,0.205,0.0127725540961131
73,"anchored",0.25,0.5,0.3,"present","maic_index",-0.3,2,1000,0.358453037596056,0.0102270642528035,0.106,0.212,0.0194791025315703
73,"anchored",0.25,0.5,0.3,"present","maic_index",-0.3,5,1000,0.358453037596056,0.0102270642528035,0.036,0.18,0.0294697890808281
73,"anchored",0.25,0.5,0.3,"present","maic_index",-0.1,1,1000,0.358453037596056,0.0102270642528035,0.375,0.375,0.015316971293621
73,"anchored",0.25,0.5,0.3,"present","maic_index",-0.1,2,1000,0.358453037596056,0.0102270642528035,0.239,0.478,0.0269860008938752
73,"anchored",0.25,0.5,0.3,"present","maic_index",-0.1,5,1000,0.358453037596056,0.0102270642528035,0.114,0.57,0.0502755171791167
73,"anchored",0.25,0.5,0.3,"present","maic_index",0.1,1,1000,0.358453037596056,0.0102270642528035,0.406,0.406,0.0155372264386346
73,"anchored",0.25,0.5,0.3,"present","maic_index",0.1,2,1000,0.358453037596056,0.0102270642528035,0.555,0.555,0.0157233018867609
73,"anchored",0.25,0.5,0.3,"present","maic_index",0.1,5,1000,0.358453037596056,0.0102270642528035,0.742,0.742,0.0138429631086566
73,"anchored",0.25,0.5,0.3,"present","maic_index",0.3,1,1000,0.358453037596056,0.0102270642528035,0.216,0.216,0.0130197355393078
73,"anchored",0.25,0.5,0.3,"present","maic_index",0.3,2,1000,0.358453037596056,0.0102270642528035,0.347,0.347,0.0150604720317066
73,"anchored",0.25,0.5,0.3,"present","maic_index",0.3,5,1000,0.358453037596056,0.0102270642528035,0.529,0.529,0.0157926694516289
73,"anchored",0.25,0.5,0.3,"present","maic_means",-0.3,1,1000,0.254878558968491,0.0442192514636546,0.085,0.085,0.0088234263669423
73,"anchored",0.25,0.5,0.3,"present","maic_means",-0.3,2,1000,0.254878558968491,0.0442192514636546,0.032,0.064,0.0111367871501627
73,"anchored",0.25,0.5,0.3,"present","maic_means",-0.3,5,1000,0.254878558968491,0.0442192514636546,0.01,0.0500000000000001,0.0157400046933839
73,"anchored",0.25,0.5,0.3,"present","maic_means",-0.1,1,1000,0.254878558968491,0.0442192514636546,0.285,0.285,0.0142821209552005
73,"anchored",0.25,0.5,0.3,"present","maic_means",-0.1,2,1000,0.254878558968491,0.0442192514636546,0.171,0.342,0.0238244329125292
73,"anchored",0.25,0.5,0.3,"present","maic_means",-0.1,5,1000,0.254878558968491,0.0442192514636546,0.056,0.28,0.0363720074084856
73,"anchored",0.25,0.5,0.3,"present","maic_means",0.1,1,1000,0.254878558968491,0.0442192514636546,0.408,0.408,0.0155492050529207
73,"anchored",0.25,0.5,0.3,"present","maic_means",0.1,2,1000,0.254878558968491,0.0442192514636546,0.574,0.574,0.0156450876881138
73,"anchored",0.25,0.5,0.3,"present","maic_means",0.1,5,1000,0.254878558968491,0.0442192514636546,0.757,0.757,0.0135696401991775
73,"anchored",0.25,0.5,0.3,"present","maic_means",0.3,1,1000,0.254878558968491,0.0442192514636546,0.151,0.151,0.0113281652233417
73,"anchored",0.25,0.5,0.3,"present","maic_means",0.3,2,1000,0.254878558968491,0.0442192514636546,0.267,0.267,0.0139966748517963
73,"anchored",0.25,0.5,0.3,"present","maic_means",0.3,5,1000,0.254878558968491,0.0442192514636546,0.458,0.458,0.0157633906404837
73,"anchored",0.25,0.5,0.3,"present","maic_meanvar",-0.3,1,1000,0.434809075342742,-0.00341267271580542,0.252,0.252,0.0137362543906512
73,"anchored",0.25,0.5,0.3,"present","maic_meanvar",-0.3,2,1000,0.434809075342742,-0.00341267271580542,0.142,0.284,0.0220869153987564
73,"anchored",0.25,0.5,0.3,"present","maic_meanvar",-0.3,5,1000,0.434809075342742,-0.00341267271580542,0.055,0.275,0.0360648814731955
73,"anchored",0.25,0.5,0.3,"present","maic_meanvar",-0.1,1,1000,0.434809075342742,-0.00341267271580542,0.415,0.415,0.0155890351856046
73,"anchored",0.25,0.5,0.3,"present","maic_meanvar",-0.1,2,1000,0.434809075342742,-0.00341267271580542,0.277,0.554,0.0283175896906125
73,"anchored",0.25,0.5,0.3,"present","maic_meanvar",-0.1,5,1000,0.434809075342742,-0.00341267271580542,0.13,0.65,0.0532008489624962
73,"anchored",0.25,0.5,0.3,"present","maic_meanvar",0.1,1,1000,0.434809075342742,-0.00341267271580542,0.418,0.418,0.0156051119675419
73,"anchored",0.25,0.5,0.3,"present","maic_meanvar",0.1,2,1000,0.434809075342742,-0.00341267271580542,0.552,0.552,0.0157335165663478
73,"anchored",0.25,0.5,0.3,"present","maic_meanvar",0.1,5,1000,0.434809075342742,-0.00341267271580542,0.734,0.734,0.0139799656451451
73,"anchored",0.25,0.5,0.3,"present","maic_meanvar",0.3,1,1000,0.434809075342742,-0.00341267271580542,0.246,0.246,0.0136260658177506
73,"anchored",0.25,0.5,0.3,"present","maic_meanvar",0.3,2,1000,0.434809075342742,-0.00341267271580542,0.39,0.39,0.0154317250538666
73,"anchored",0.25,0.5,0.3,"present","maic_meanvar",0.3,5,1000,0.434809075342742,-0.00341267271580542,0.572,0.572,0.0156544262450293
73,"anchored",0.25,0.5,0.3,"present","unadjusted",-0.3,1,1000,0.259911142219731,0.150401507289784,0.02,0.02,0.00442940398017836
73,"anchored",0.25,0.5,0.3,"present","unadjusted",-0.3,2,1000,0.259911142219731,0.150401507289784,0.009,0.018,0.0059759276862853
73,"anchored",0.25,0.5,0.3,"present","unadjusted",-0.3,5,1000,0.259911142219731,0.150401507289784,0.002,0.0100000000000001,0.00706752785278913
73,"anchored",0.25,0.5,0.3,"present","unadjusted",-0.1,1,1000,0.259911142219731,0.150401507289784,0.106,0.106,0.00973955126578514
73,"anchored",0.25,0.5,0.3,"present","unadjusted",-0.1,2,1000,0.259911142219731,0.150401507289784,0.054,0.108,0.0143017670425909
73,"anchored",0.25,0.5,0.3,"present","unadjusted",-0.1,5,1000,0.259911142219731,0.150401507289784,0.02,0.1,0.0221470199008915
73,"anchored",0.25,0.5,0.3,"present","unadjusted",0.1,1,1000,0.259911142219731,0.150401507289784,0.589,0.589,0.0155666734185993
73,"anchored",0.25,0.5,0.3,"present","unadjusted",0.1,2,1000,0.259911142219731,0.150401507289784,0.755,0.755,0.0136073568395981
73,"anchored",0.25,0.5,0.3,"present","unadjusted",0.1,5,1000,0.259911142219731,0.150401507289784,0.893,0.893,0.00977991035984717
73,"anchored",0.25,0.5,0.3,"present","unadjusted",0.3,1,1000,0.259911142219731,0.150401507289784,0.236,0.236,0.0134344514024387
73,"anchored",0.25,0.5,0.3,"present","unadjusted",0.3,2,1000,0.259911142219731,0.150401507289784,0.376,0.376,0.0153251055088981
73,"anchored",0.25,0.5,0.3,"present","unadjusted",0.3,5,1000,0.259911142219731,0.150401507289784,0.588,0.588,0.0155723632920151
74,"unanchored",0.25,0.5,0.3,"present","gcomp",-0.3,1,1000,0.179918725058125,-0.00694653271721674,0.049,0.049,0.00682976175614091
74,"unanchored",0.25,0.5,0.3,"present","gcomp",-0.3,2,1000,0.179918725058125,-0.00694653271721674,0.02,0.0400000000000001,0.00885880796035672
74,"unanchored",0.25,0.5,0.3,"present","gcomp",-0.3,5,1000,0.179918725058125,-0.00694653271721674,0.006,0.03,0.0122167609966492
74,"unanchored",0.25,0.5,0.3,"present","gcomp",-0.1,1,1000,0.179918725058125,-0.00694653271721674,0.3,0.3,0.0144986278733614
74,"unanchored",0.25,0.5,0.3,"present","gcomp",-0.1,2,1000,0.179918725058125,-0.00694653271721674,0.171,0.342,0.0238244329125292
74,"unanchored",0.25,0.5,0.3,"present","gcomp",-0.1,5,1000,0.179918725058125,-0.00694653271721674,0.077,0.385,0.0421729007012029
74,"unanchored",0.25,0.5,0.3,"present","gcomp",0.1,1,1000,0.179918725058125,-0.00694653271721674,0.272,0.272,0.0140788569924626
74,"unanchored",0.25,0.5,0.3,"present","gcomp",0.1,2,1000,0.179918725058125,-0.00694653271721674,0.421,0.421,0.0156205954753013
74,"unanchored",0.25,0.5,0.3,"present","gcomp",0.1,5,1000,0.179918725058125,-0.00694653271721674,0.638,0.638,0.0152048409129195
74,"unanchored",0.25,0.5,0.3,"present","gcomp",0.3,1,1000,0.179918725058125,-0.00694653271721674,0.052,0.0520000000000001,0.00702462421381715
74,"unanchored",0.25,0.5,0.3,"present","gcomp",0.3,2,1000,0.179918725058125,-0.00694653271721674,0.107,0.107,0.00977991035984716
74,"unanchored",0.25,0.5,0.3,"present","gcomp",0.3,5,1000,0.179918725058125,-0.00694653271721674,0.226,0.226,0.0132325016190853
74,"unanchored",0.25,0.5,0.3,"present","maic_index",-0.3,1,1000,0.243736667961042,-0.00727030404745325,0.101,0.101,0.00953361892934101
74,"unanchored",0.25,0.5,0.3,"present","maic_index",-0.3,2,1000,0.243736667961042,-0.00727030404745325,0.046,0.092,0.0132556294347614
74,"unanchored",0.25,0.5,0.3,"present","maic_index",-0.3,5,1000,0.243736667961042,-0.00727030404745325,0.008,0.04,0.0140925015025224
74,"unanchored",0.25,0.5,0.3,"present","maic_index",-0.1,1,1000,0.243736667961042,-0.00727030404745325,0.367,0.367,0.0152493784641718
74,"unanchored",0.25,0.5,0.3,"present","maic_index",-0.1,2,1000,0.243736667961042,-0.00727030404745325,0.194,0.388,0.0250216322825287
74,"unanchored",0.25,0.5,0.3,"present","maic_index",-0.1,5,1000,0.243736667961042,-0.00727030404745325,0.074,0.37,0.0414103225635202
74,"unanchored",0.25,0.5,0.3,"present","maic_index",0.1,1,1000,0.243736667961042,-0.00727030404745325,0.327,0.327,0.0148422131534112
74,"unanchored",0.25,0.5,0.3,"present","maic_index",0.1,2,1000,0.243736667961042,-0.00727030404745325,0.488,0.488,0.0158147433145818
74,"unanchored",0.25,0.5,0.3,"present","maic_index",0.1,5,1000,0.243736667961042,-0.00727030404745325,0.723,0.723,0.0141587948453063
74,"unanchored",0.25,0.5,0.3,"present","maic_index",0.3,1,1000,0.243736667961042,-0.00727030404745325,0.11,0.11,0.00989939381972443
74,"unanchored",0.25,0.5,0.3,"present","maic_index",0.3,2,1000,0.243736667961042,-0.00727030404745325,0.207,0.207,0.012818553557844
74,"unanchored",0.25,0.5,0.3,"present","maic_index",0.3,5,1000,0.243736667961042,-0.00727030404745325,0.376,0.376,0.0153251055088981
74,"unanchored",0.25,0.5,0.3,"present","maic_means",-0.3,1,1000,0.192325485066904,0.0671059153094881,0.024,0.024,0.00484225644172705
74,"unanchored",0.25,0.5,0.3,"present","maic_means",-0.3,2,1000,0.192325485066904,0.0671059153094881,0.008,0.016,0.00563700060100901
74,"unanchored",0.25,0.5,0.3,"present","maic_means",-0.3,5,1000,0.192325485066904,0.0671059153094881,0.001,0.00500000000000006,0.00500000000000004
74,"unanchored",0.25,0.5,0.3,"present","maic_means",-0.1,1,1000,0.192325485066904,0.0671059153094881,0.175,0.175,0.012021627157732
74,"unanchored",0.25,0.5,0.3,"present","maic_means",-0.1,2,1000,0.192325485066904,0.0671059153094881,0.088,0.176,0.0179261079251841
74,"unanchored",0.25,0.5,0.3,"present","maic_means",-0.1,5,1000,0.192325485066904,0.0671059153094881,0.033,0.165000000000001,0.028259044102262
74,"unanchored",0.25,0.5,0.3,"present","maic_means",0.1,1,1000,0.192325485066904,0.0671059153094881,0.425,0.425,0.0156403203170401
74,"unanchored",0.25,0.5,0.3,"present","maic_means",0.1,2,1000,0.192325485066904,0.0671059153094881,0.598,0.598,0.0155124671357151
74,"unanchored",0.25,0.5,0.3,"present","maic_means",0.1,5,1000,0.192325485066904,0.0671059153094881,0.788,0.788,0.012931481864938
74,"unanchored",0.25,0.5,0.3,"present","maic_means",0.3,1,1000,0.192325485066904,0.0671059153094881,0.094,0.0940000000000001,0.00923305200078775
74,"unanchored",0.25,0.5,0.3,"present","maic_means",0.3,2,1000,0.192325485066904,0.0671059153094881,0.19,0.19,0.0124118513548163
74,"unanchored",0.25,0.5,0.3,"present","maic_means",0.3,5,1000,0.192325485066904,0.0671059153094881,0.37,0.37,0.0152752523165194
74,"unanchored",0.25,0.5,0.3,"present","maic_meanvar",-0.3,1,1000,0.303507006014433,0.00993637102499261,0.149,0.149,0.0112661406846322
74,"unanchored",0.25,0.5,0.3,"present","maic_meanvar",-0.3,2,1000,0.303507006014433,0.00993637102499261,0.058,0.116,0.0147906309115859
74,"unanchored",0.25,0.5,0.3,"present","maic_meanvar",-0.3,5,1000,0.303507006014433,0.00993637102499261,0.016,0.08,0.0198492819515969
74,"unanchored",0.25,0.5,0.3,"present","maic_meanvar",-0.1,1,1000,0.303507006014433,0.00993637102499261,0.376,0.376,0.0153251055088981
74,"unanchored",0.25,0.5,0.3,"present","maic_meanvar",-0.1,2,1000,0.303507006014433,0.00993637102499261,0.22,0.44,0.0262123460813236
74,"unanchored",0.25,0.5,0.3,"present","maic_meanvar",-0.1,5,1000,0.303507006014433,0.00993637102499261,0.075,0.375,0.0416666666666667
74,"unanchored",0.25,0.5,0.3,"present","maic_meanvar",0.1,1,1000,0.303507006014433,0.00993637102499261,0.362,0.362,0.0152048409129195
74,"unanchored",0.25,0.5,0.3,"present","maic_meanvar",0.1,2,1000,0.303507006014433,0.00993637102499261,0.542,0.542,0.0157633906404837
74,"unanchored",0.25,0.5,0.3,"present","maic_meanvar",0.1,5,1000,0.303507006014433,0.00993637102499261,0.75,0.75,0.0136999156087798
74,"unanchored",0.25,0.5,0.3,"present","maic_meanvar",0.3,1,1000,0.303507006014433,0.00993637102499261,0.176,0.176,0.0120486168985975
74,"unanchored",0.25,0.5,0.3,"present","maic_meanvar",0.3,2,1000,0.303507006014433,0.00993637102499261,0.282,0.282,0.0142365262152913
74,"unanchored",0.25,0.5,0.3,"present","maic_meanvar",0.3,5,1000,0.303507006014433,0.00993637102499261,0.486,0.486,0.015813097547731
74,"unanchored",0.25,0.5,0.3,"present","unadjusted",-0.3,1,1000,0.452706395287476,0.426429445817729,0,0,0
74,"unanchored",0.25,0.5,0.3,"present","unadjusted",-0.3,2,1000,0.452706395287476,0.426429445817729,0,0,0
74,"unanchored",0.25,0.5,0.3,"present","unadjusted",-0.3,5,1000,0.452706395287476,0.426429445817729,0,0,0
74,"unanchored",0.25,0.5,0.3,"present","unadjusted",-0.1,1,1000,0.452706395287476,0.426429445817729,0,0,0
74,"unanchored",0.25,0.5,0.3,"present","unadjusted",-0.1,2,1000,0.452706395287476,0.426429445817729,0,0,0
74,"unanchored",0.25,0.5,0.3,"present","unadjusted",-0.1,5,1000,0.452706395287476,0.426429445817729,0,0,0
74,"unanchored",0.25,0.5,0.3,"present","unadjusted",0.1,1,1000,0.452706395287476,0.426429445817729,0.979,0.979,0.00453647215130651
74,"unanchored",0.25,0.5,0.3,"present","unadjusted",0.1,2,1000,0.452706395287476,0.426429445817729,0.994,0.994,0.00244335219932985
74,"unanchored",0.25,0.5,0.3,"present","unadjusted",0.1,5,1000,0.452706395287476,0.426429445817729,1,1,0
74,"unanchored",0.25,0.5,0.3,"present","unadjusted",0.3,1,1000,0.452706395287476,0.426429445817729,0.794,0.794,0.0127956136127866
74,"unanchored",0.25,0.5,0.3,"present","unadjusted",0.3,2,1000,0.452706395287476,0.426429445817729,0.9,0.9,0.00949157995752503
74,"unanchored",0.25,0.5,0.3,"present","unadjusted",0.3,5,1000,0.452706395287476,0.426429445817729,0.967,0.967,0.00565180882045237
75,"anchored",1,0.5,0.3,"present","gcomp",-0.3,1,1000,0.186187331885931,0.0026468199989116,0.052,0.052,0.00702462421381715
75,"anchored",1,0.5,0.3,"present","gcomp",-0.3,2,1000,0.186187331885931,0.0026468199989116,0.013,0.026,0.00716766177880727
75,"anchored",1,0.5,0.3,"present","gcomp",-0.3,5,1000,0.186187331885931,0.0026468199989116,0.003,0.015,0.00865158077173473
75,"anchored",1,0.5,0.3,"present","gcomp",-0.1,1,1000,0.186187331885931,0.0026468199989116,0.297,0.297,0.0144568322948011
75,"anchored",1,0.5,0.3,"present","gcomp",-0.1,2,1000,0.186187331885931,0.0026468199989116,0.169,0.338,0.0237132519557803
75,"anchored",1,0.5,0.3,"present","gcomp",-0.1,5,1000,0.186187331885931,0.0026468199989116,0.061,0.305,0.037860380457787
75,"anchored",1,0.5,0.3,"present","gcomp",0.1,1,1000,0.186187331885931,0.0026468199989116,0.306,0.306,0.014580006055437
75,"anchored",1,0.5,0.3,"present","gcomp",0.1,2,1000,0.186187331885931,0.0026468199989116,0.46,0.46,0.0157685969143944
75,"anchored",1,0.5,0.3,"present","gcomp",0.1,5,1000,0.186187331885931,0.0026468199989116,0.668,0.668,0.0148995972428115
75,"anchored",1,0.5,0.3,"present","gcomp",0.3,1,1000,0.186187331885931,0.0026468199989116,0.06,0.0600000000000001,0.00751375115747491
75,"anchored",1,0.5,0.3,"present","gcomp",0.3,2,1000,0.186187331885931,0.0026468199989116,0.125,0.125,0.0104634833819567
75,"anchored",1,0.5,0.3,"present","gcomp",0.3,5,1000,0.186187331885931,0.0026468199989116,0.27,0.27,0.0140462556326339
75,"anchored",1,0.5,0.3,"present","maic_index",-0.3,1,1000,0.3329434122912,0.0074006182205322,0.19,0.19,0.0124118513548163
75,"anchored",1,0.5,0.3,"present","maic_index",-0.3,2,1000,0.3329434122912,0.0074006182205322,0.089,0.178,0.018017786785303
75,"anchored",1,0.5,0.3,"present","maic_index",-0.3,5,1000,0.3329434122912,0.0074006182205322,0.021,0.105,0.0226823607565327
75,"anchored",1,0.5,0.3,"present","maic_index",-0.1,1,1000,0.3329434122912,0.0074006182205322,0.378,0.378,0.0153411652540266
75,"anchored",1,0.5,0.3,"present","maic_index",-0.1,2,1000,0.3329434122912,0.0074006182205322,0.238,0.476000000000001,0.0269471733239344
75,"anchored",1,0.5,0.3,"present","maic_index",-0.1,5,1000,0.3329434122912,0.0074006182205322,0.108,0.54,0.0491000082567286
75,"anchored",1,0.5,0.3,"present","maic_index",0.1,1,1000,0.3329434122912,0.0074006182205322,0.386,0.386,0.0154026374767844
75,"anchored",1,0.5,0.3,"present","maic_index",0.1,2,1000,0.3329434122912,0.0074006182205322,0.548,0.548,0.0157462358658807
75,"anchored",1,0.5,0.3,"present","maic_index",0.1,5,1000,0.3329434122912,0.0074006182205322,0.74,0.74,0.0138777733297742
75,"anchored",1,0.5,0.3,"present","maic_index",0.3,1,1000,0.3329434122912,0.0074006182205322,0.197,0.197,0.0125836937879681
75,"anchored",1,0.5,0.3,"present","maic_index",0.3,2,1000,0.3329434122912,0.0074006182205322,0.328,0.328,0.0148538424872703
75,"anchored",1,0.5,0.3,"present","maic_index",0.3,5,1000,0.3329434122912,0.0074006182205322,0.512,0.512,0.0158147433145818
75,"anchored",1,0.5,0.3,"present","maic_means",-0.3,1,1000,0.23846920384348,0.0739784299193605,0.047,0.047,0.00669595667816304
75,"anchored",1,0.5,0.3,"present","maic_means",-0.3,2,1000,0.23846920384348,0.0739784299193605,0.016,0.032,0.00793971278063882
75,"anchored",1,0.5,0.3,"present","maic_means",-0.3,5,1000,0.23846920384348,0.0739784299193605,0.004,0.02,0.00998497369549358
75,"anchored",1,0.5,0.3,"present","maic_means",-0.1,1,1000,0.23846920384348,0.0739784299193605,0.226,0.226,0.0132325016190853
75,"anchored",1,0.5,0.3,"present","maic_means",-0.1,2,1000,0.23846920384348,0.0739784299193605,0.116,0.232,0.020262936277514
75,"anchored",1,0.5,0.3,"present","maic_means",-0.1,5,1000,0.23846920384348,0.0739784299193605,0.035,0.175,0.0290726713636743
75,"anchored",1,0.5,0.3,"present","maic_means",0.1,1,1000,0.23846920384348,0.0739784299193605,0.464,0.464,0.0157782430249046
75,"anchored",1,0.5,0.3,"present","maic_means",0.1,2,1000,0.23846920384348,0.0739784299193605,0.635,0.635,0.0152317762262649
75,"anchored",1,0.5,0.3,"present","maic_means",0.1,5,1000,0.23846920384348,0.0739784299193605,0.797,0.797,0.0127260737445983
75,"anchored",1,0.5,0.3,"present","maic_means",0.3,1,1000,0.23846920384348,0.0739784299193605,0.168,0.168,0.0118286058314543
75,"anchored",1,0.5,0.3,"present","maic_means",0.3,2,1000,0.23846920384348,0.0739784299193605,0.283,0.283,0.0142518109064817
75,"anchored",1,0.5,0.3,"present","maic_means",0.3,5,1000,0.23846920384348,0.0739784299193605,0.495,0.495,0.0158185089444366
75,"anchored",1,0.5,0.3,"present","maic_meanvar",-0.3,1,1000,0.396760054089957,0.0113377424405864,0.217,0.217,0.0130415137572707
75,"anchored",1,0.5,0.3,"present","maic_meanvar",-0.3,2,1000,0.396760054089957,0.0113377424405864,0.107,0.214,0.0195598207196943
75,"anchored",1,0.5,0.3,"present","maic_meanvar",-0.3,5,1000,0.396760054089957,0.0113377424405864,0.041,0.205,0.0313681201055937
75,"anchored",1,0.5,0.3,"present","maic_meanvar",-0.1,1,1000,0.396760054089957,0.0113377424405864,0.407,0.407,0.0155432491002555
75,"anchored",1,0.5,0.3,"present","maic_meanvar",-0.1,2,1000,0.396760054089957,0.0113377424405864,0.249,0.498,0.0273632005574046
75,"anchored",1,0.5,0.3,"present","maic_meanvar",-0.1,5,1000,0.396760054089957,0.0113377424405864,0.106,0.53,0.0486977563289264
75,"anchored",1,0.5,0.3,"present","maic_meanvar",0.1,1,1000,0.396760054089957,0.0113377424405864,0.417,0.417,0.0155998190487696
75,"anchored",1,0.5,0.3,"present","maic_meanvar",0.1,2,1000,0.396760054089957,0.0113377424405864,0.558,0.558,0.0157125072118642
75,"anchored",1,0.5,0.3,"present","maic_meanvar",0.1,5,1000,0.396760054089957,0.0113377424405864,0.757,0.757,0.0135696401991774
75,"anchored",1,0.5,0.3,"present","maic_meanvar",0.3,1,1000,0.396760054089957,0.0113377424405864,0.246,0.246,0.0136260658177506
75,"anchored",1,0.5,0.3,"present","maic_meanvar",0.3,2,1000,0.396760054089957,0.0113377424405864,0.385,0.385,0.0153951944454108
75,"anchored",1,0.5,0.3,"present","maic_meanvar",0.3,5,1000,0.396760054089957,0.0113377424405864,0.559,0.559,0.0157087798942427
75,"anchored",1,0.5,0.3,"present","unadjusted",-0.3,1,1000,0.255686488261984,0.163904237210765,0.006,0.00600000000000003,0.00244335219932983
75,"anchored",1,0.5,0.3,"present","unadjusted",-0.3,2,1000,0.255686488261984,0.163904237210765,0.004,0.00799999999999999,0.00399398947819746
75,"anchored",1,0.5,0.3,"present","unadjusted",-0.3,5,1000,0.255686488261984,0.163904237210765,0,0,0
75,"anchored",1,0.5,0.3,"present","unadjusted",-0.1,1,1000,0.255686488261984,0.163904237210765,0.1,0.1,0.00949157995752503
75,"anchored",1,0.5,0.3,"present","unadjusted",-0.1,2,1000,0.255686488261984,0.163904237210765,0.042,0.0840000000000001,0.0126927185860677
75,"anchored",1,0.5,0.3,"present","unadjusted",-0.1,5,1000,0.255686488261984,0.163904237210765,0.008,0.04,0.0140925015025225
75,"anchored",1,0.5,0.3,"present","unadjusted",0.1,1,1000,0.255686488261984,0.163904237210765,0.638,0.638,0.0152048409129195
75,"anchored",1,0.5,0.3,"present","unadjusted",0.1,2,1000,0.255686488261984,0.163904237210765,0.781,0.781,0.013084731950262
75,"anchored",1,0.5,0.3,"present","unadjusted",0.1,5,1000,0.255686488261984,0.163904237210765,0.888,0.888,0.00997775303139723
75,"anchored",1,0.5,0.3,"present","unadjusted",0.3,1,1000,0.255686488261984,0.163904237210765,0.241,0.241,0.0135315225345154
75,"anchored",1,0.5,0.3,"present","unadjusted",0.3,2,1000,0.255686488261984,0.163904237210765,0.398,0.398,0.0154866341028589
75,"anchored",1,0.5,0.3,"present","unadjusted",0.3,5,1000,0.255686488261984,0.163904237210765,0.618,0.618,0.0153724530349685
76,"unanchored",1,0.5,0.3,"present","gcomp",-0.3,1,1000,0.146372868092386,0.00138355120736366,0.015,0.015,0.003845749574503
76,"unanchored",1,0.5,0.3,"present","gcomp",-0.3,2,1000,0.146372868092386,0.00138355120736366,0.003,0.00600000000000002,0.00346063230869387
76,"unanchored",1,0.5,0.3,"present","gcomp",-0.3,5,1000,0.146372868092386,0.00138355120736366,0.002,0.0100000000000001,0.00706752785278918
76,"unanchored",1,0.5,0.3,"present","gcomp",-0.1,1,1000,0.146372868092386,0.00138355120736366,0.242,0.242,0.013550631705556
76,"unanchored",1,0.5,0.3,"present","gcomp",-0.1,2,1000,0.146372868092386,0.00138355120736366,0.126,0.252,0.020998498444816
76,"unanchored",1,0.5,0.3,"present","gcomp",-0.1,5,1000,0.146372868092386,0.00138355120736366,0.046,0.23,0.0331390735869035
76,"unanchored",1,0.5,0.3,"present","gcomp",0.1,1,1000,0.146372868092386,0.00138355120736366,0.242,0.242,0.013550631705556
76,"unanchored",1,0.5,0.3,"present","gcomp",0.1,2,1000,0.146372868092386,0.00138355120736366,0.393,0.393,0.0154528246540815
76,"unanchored",1,0.5,0.3,"present","gcomp",0.1,5,1000,0.146372868092386,0.00138355120736366,0.616,0.616,0.0153876827618971
76,"unanchored",1,0.5,0.3,"present","gcomp",0.3,1,1000,0.146372868092386,0.00138355120736366,0.027,0.027,0.0051280890492753
76,"unanchored",1,0.5,0.3,"present","gcomp",0.3,2,1000,0.146372868092386,0.00138355120736366,0.068,0.068,0.0079648879112916
76,"unanchored",1,0.5,0.3,"present","gcomp",0.3,5,1000,0.146372868092386,0.00138355120736366,0.157,0.157,0.0115101469792302
76,"unanchored",1,0.5,0.3,"present","maic_index",-0.3,1,1000,0.204410466748276,-0.0162617995320118,0.065,0.0649999999999999,0.00779973306183203
76,"unanchored",1,0.5,0.3,"present","maic_index",-0.3,2,1000,0.204410466748276,-0.0162617995320118,0.014,0.0280000000000001,0.00743446509651315
76,"unanchored",1,0.5,0.3,"present","maic_index",-0.3,5,1000,0.204410466748276,-0.0162617995320118,0.002,0.0100000000000001,0.00706752785278926
76,"unanchored",1,0.5,0.3,"present","maic_index",-0.1,1,1000,0.204410466748276,-0.0162617995320118,0.363,0.363,0.0152138904446713
76,"unanchored",1,0.5,0.3,"present","maic_index",-0.1,2,1000,0.204410466748276,-0.0162617995320118,0.18,0.36,0.0243103062710239
76,"unanchored",1,0.5,0.3,"present","maic_index",-0.1,5,1000,0.204410466748276,-0.0162617995320118,0.047,0.235,0.0334797833908149
76,"unanchored",1,0.5,0.3,"present","maic_index",0.1,1,1000,0.204410466748276,-0.0162617995320118,0.269,0.269,0.0140298195225682
76,"unanchored",1,0.5,0.3,"present","maic_index",0.1,2,1000,0.204410466748276,-0.0162617995320118,0.44,0.44,0.0157049879543618
76,"unanchored",1,0.5,0.3,"present","maic_index",0.1,5,1000,0.204410466748276,-0.0162617995320118,0.705,0.705,0.0144285544384455
76,"unanchored",1,0.5,0.3,"present","maic_index",0.3,1,1000,0.204410466748276,-0.0162617995320118,0.079,0.079,0.00853415677333346
76,"unanchored",1,0.5,0.3,"present","maic_index",0.3,2,1000,0.204410466748276,-0.0162617995320118,0.147,0.147,0.0112034153951603
76,"unanchored",1,0.5,0.3,"present","maic_index",0.3,5,1000,0.204410466748276,-0.0162617995320118,0.323,0.323,0.0147949278433486
76,"unanchored",1,0.5,0.3,"present","maic_means",-0.3,1,1000,0.182394117033287,0.098669363037817,0.004,0.004,0.00199699473909873
76,"unanchored",1,0.5,0.3,"present","maic_means",-0.3,2,1000,0.182394117033287,0.098669363037817,0.001,0.002,0.00200000000000001
76,"unanchored",1,0.5,0.3,"present","maic_means",-0.3,5,1000,0.182394117033287,0.098669363037817,0,0,0
76,"unanchored",1,0.5,0.3,"present","maic_means",-0.1,1,1000,0.182394117033287,0.098669363037817,0.093,0.093,0.00918887563499666
76,"unanchored",1,0.5,0.3,"present","maic_means",-0.1,2,1000,0.182394117033287,0.098669363037817,0.029,0.0580000000000001,0.010618321371514
76,"unanchored",1,0.5,0.3,"present","maic_means",-0.1,5,1000,0.182394117033287,0.098669363037817,0.008,0.0400000000000001,0.0140925015025224
76,"unanchored",1,0.5,0.3,"present","maic_means",0.1,1,1000,0.182394117033287,0.098669363037817,0.493,0.493,0.0158177495618436
76,"unanchored",1,0.5,0.3,"present","maic_means",0.1,2,1000,0.182394117033287,0.098669363037817,0.673,0.673,0.0148422131534112
76,"unanchored",1,0.5,0.3,"present","maic_means",0.1,5,1000,0.182394117033287,0.098669363037817,0.859,0.859,0.0110109145959924
76,"unanchored",1,0.5,0.3,"present","maic_means",0.3,1,1000,0.182394117033287,0.098669363037817,0.1,0.1,0.00949157995752505
76,"unanchored",1,0.5,0.3,"present","maic_means",0.3,2,1000,0.182394117033287,0.098669363037817,0.197,0.197,0.0125836937879681
76,"unanchored",1,0.5,0.3,"present","maic_means",0.3,5,1000,0.182394117033287,0.098669363037817,0.414,0.414,0.0155835441041775
76,"unanchored",1,0.5,0.3,"present","maic_meanvar",-0.3,1,1000,0.248132357372945,-0.00148750452578493,0.114,0.114,0.0100551034358233
76,"unanchored",1,0.5,0.3,"present","maic_meanvar",-0.3,2,1000,0.248132357372945,-0.00148750452578493,0.027,0.054,0.0102561780985506
76,"unanchored",1,0.5,0.3,"present","maic_meanvar",-0.3,5,1000,0.248132357372945,-0.00148750452578493,0.005,0.0249999999999999,0.0111579343742244
76,"unanchored",1,0.5,0.3,"present","maic_meanvar",-0.1,1,1000,0.248132357372945,-0.00148750452578493,0.369,0.369,0.0152666981391546
76,"unanchored",1,0.5,0.3,"present","maic_meanvar",-0.1,2,1000,0.248132357372945,-0.00148750452578493,0.192,0.384,0.02492318529332
76,"unanchored",1,0.5,0.3,"present","maic_meanvar",-0.1,5,1000,0.248132357372945,-0.00148750452578493,0.054,0.27,0.0357544176064772
76,"unanchored",1,0.5,0.3,"present","maic_meanvar",0.1,1,1000,0.248132357372945,-0.00148750452578493,0.337,0.337,0.0149550879186536
76,"unanchored",1,0.5,0.3,"present","maic_meanvar",0.1,2,1000,0.248132357372945,-0.00148750452578493,0.498,0.498,0.0158191733743027
76,"unanchored",1,0.5,0.3,"present","maic_meanvar",0.1,5,1000,0.248132357372945,-0.00148750452578493,0.742,0.742,0.0138429631086566
76,"unanchored",1,0.5,0.3,"present","maic_meanvar",0.3,1,1000,0.248132357372945,-0.00148750452578493,0.132,0.132,0.010709373963528
76,"unanchored",1,0.5,0.3,"present","maic_meanvar",0.3,2,1000,0.248132357372945,-0.00148750452578493,0.237,0.237,0.0134540704625779
76,"unanchored",1,0.5,0.3,"present","maic_meanvar",0.3,5,1000,0.248132357372945,-0.00148750452578493,0.432,0.432,0.0156723202373362
76,"unanchored",1,0.5,0.3,"present","unadjusted",-0.3,1,1000,0.674766172349686,0.65947377976337,0,0,0
76,"unanchored",1,0.5,0.3,"present","unadjusted",-0.3,2,1000,0.674766172349686,0.65947377976337,0,0,0
76,"unanchored",1,0.5,0.3,"present","unadjusted",-0.3,5,1000,0.674766172349686,0.65947377976337,0,0,0
76,"unanchored",1,0.5,0.3,"present","unadjusted",-0.1,1,1000,0.674766172349686,0.65947377976337,0,0,0
76,"unanchored",1,0.5,0.3,"present","unadjusted",-0.1,2,1000,0.674766172349686,0.65947377976337,0,0,0
76,"unanchored",1,0.5,0.3,"present","unadjusted",-0.1,5,1000,0.674766172349686,0.65947377976337,0,0,0
76,"unanchored",1,0.5,0.3,"present","unadjusted",0.1,1,1000,0.674766172349686,0.65947377976337,1,1,0
76,"unanchored",1,0.5,0.3,"present","unadjusted",0.1,2,1000,0.674766172349686,0.65947377976337,1,1,0
76,"unanchored",1,0.5,0.3,"present","unadjusted",0.1,5,1000,0.674766172349686,0.65947377976337,1,1,0
76,"unanchored",1,0.5,0.3,"present","unadjusted",0.3,1,1000,0.674766172349686,0.65947377976337,0.994,0.994,0.00244335219932983
76,"unanchored",1,0.5,0.3,"present","unadjusted",0.3,2,1000,0.674766172349686,0.65947377976337,0.998,0.998,0.00141350557055781
76,"unanchored",1,0.5,0.3,"present","unadjusted",0.3,5,1000,0.674766172349686,0.65947377976337,1,1,0
77,"anchored",4,0.5,0.3,"present","gcomp",-0.3,1,1000,0.155758511937503,-0.0041305228974033,0.023,0.023,0.0047427305946568
77,"anchored",4,0.5,0.3,"present","gcomp",-0.3,2,1000,0.155758511937503,-0.0041305228974033,0.009,0.0180000000000001,0.00597592768628536
77,"anchored",4,0.5,0.3,"present","gcomp",-0.3,5,1000,0.155758511937503,-0.0041305228974033,0.006,0.0300000000000001,0.0122167609966492
77,"anchored",4,0.5,0.3,"present","gcomp",-0.1,1,1000,0.155758511937503,-0.0041305228974033,0.268,0.268,0.0140132927027295
77,"anchored",4,0.5,0.3,"present","gcomp",-0.1,2,1000,0.155758511937503,-0.0041305228974033,0.14,0.28,0.0219563676887156
77,"anchored",4,0.5,0.3,"present","gcomp",-0.1,5,1000,0.155758511937503,-0.0041305228974033,0.056,0.28,0.0363720074084857
77,"anchored",4,0.5,0.3,"present","gcomp",0.1,1,1000,0.155758511937503,-0.0041305228974033,0.27,0.27,0.0140462556326339
77,"anchored",4,0.5,0.3,"present","gcomp",0.1,2,1000,0.155758511937503,-0.0041305228974033,0.408,0.408,0.0155492050529207
77,"anchored",4,0.5,0.3,"present","gcomp",0.1,5,1000,0.155758511937503,-0.0041305228974033,0.636,0.636,0.015222868840522
77,"anchored",4,0.5,0.3,"present","gcomp",0.3,1,1000,0.155758511937503,-0.0041305228974033,0.024,0.024,0.00484225644172707
77,"anchored",4,0.5,0.3,"present","gcomp",0.3,2,1000,0.155758511937503,-0.0041305228974033,0.063,0.063,0.00768700787628643
77,"anchored",4,0.5,0.3,"present","gcomp",0.3,5,1000,0.155758511937503,-0.0041305228974033,0.179,0.179,0.0121287306057191
77,"anchored",4,0.5,0.3,"present","maic_index",-0.3,1,1000,0.291065813231016,-0.0170290539084517,0.171,0.171,0.0119122164562646
77,"anchored",4,0.5,0.3,"present","maic_index",-0.3,2,1000,0.291065813231016,-0.0170290539084517,0.087,0.174,0.0178337332614918
77,"anchored",4,0.5,0.3,"present","maic_index",-0.3,5,1000,0.291065813231016,-0.0170290539084517,0.024,0.12,0.0242112822086357
77,"anchored",4,0.5,0.3,"present","maic_index",-0.1,1,1000,0.291065813231016,-0.0170290539084517,0.379,0.379,0.0153490910022253
77,"anchored",4,0.5,0.3,"present","maic_index",-0.1,2,1000,0.291065813231016,-0.0170290539084517,0.239,0.478,0.0269860008938752
77,"anchored",4,0.5,0.3,"present","maic_index",-0.1,5,1000,0.291065813231016,-0.0170290539084517,0.11,0.550000000000001,0.0494969690986218
77,"anchored",4,0.5,0.3,"present","maic_index",0.1,1,1000,0.291065813231016,-0.0170290539084517,0.343,0.343,0.015019206922357
77,"anchored",4,0.5,0.3,"present","maic_index",0.1,2,1000,0.291065813231016,-0.0170290539084517,0.502,0.502,0.0158191733743027
77,"anchored",4,0.5,0.3,"present","maic_index",0.1,5,1000,0.291065813231016,-0.0170290539084517,0.711,0.711,0.0143417113582962
77,"anchored",4,0.5,0.3,"present","maic_index",0.3,1,1000,0.291065813231016,-0.0170290539084517,0.137,0.137,0.0108788487143333
77,"anchored",4,0.5,0.3,"present","maic_index",0.3,2,1000,0.291065813231016,-0.0170290539084517,0.263,0.263,0.0139292865942597
77,"anchored",4,0.5,0.3,"present","maic_index",0.3,5,1000,0.291065813231016,-0.0170290539084517,0.444,0.444,0.0157197681634021
77,"anchored",4,0.5,0.3,"present","maic_means",-0.3,1,1000,0.220147649473057,0.0784187153375195,0.038,0.038,0.00604918115058494
77,"anchored",4,0.5,0.3,"present","maic_means",-0.3,2,1000,0.220147649473057,0.0784187153375195,0.015,0.03,0.00769149914900601
77,"anchored",4,0.5,0.3,"present","maic_means",-0.3,5,1000,0.220147649473057,0.0784187153375195,0.001,0.00500000000000006,0.00500000000000002
77,"anchored",4,0.5,0.3,"present","maic_means",-0.1,1,1000,0.220147649473057,0.0784187153375195,0.198,0.198,0.0126077339341753
77,"anchored",4,0.5,0.3,"present","maic_means",-0.1,2,1000,0.220147649473057,0.0784187153375195,0.095,0.19,0.0185538202062066
77,"anchored",4,0.5,0.3,"present","maic_means",-0.1,5,1000,0.220147649473057,0.0784187153375195,0.038,0.19,0.0302459057529251
77,"anchored",4,0.5,0.3,"present","maic_means",0.1,1,1000,0.220147649473057,0.0784187153375195,0.469,0.469,0.015788865959539
77,"anchored",4,0.5,0.3,"present","maic_means",0.1,2,1000,0.220147649473057,0.0784187153375195,0.647,0.647,0.0151201726054837
77,"anchored",4,0.5,0.3,"present","maic_means",0.1,5,1000,0.220147649473057,0.0784187153375195,0.809,0.809,0.0124367871121795
77,"anchored",4,0.5,0.3,"present","maic_means",0.3,1,1000,0.220147649473057,0.0784187153375195,0.135,0.135,0.0108116553724161
77,"anchored",4,0.5,0.3,"present","maic_means",0.3,2,1000,0.220147649473057,0.0784187153375195,0.264,0.264,0.0139462718494405
77,"anchored",4,0.5,0.3,"present","maic_means",0.3,5,1000,0.220147649473057,0.0784187153375195,0.483,0.483,0.0158101537298334
77,"anchored",4,0.5,0.3,"present","maic_meanvar",-0.3,1,1000,0.345805726372261,-0.00754722940300386,0.199,0.199,0.0126316490830992
77,"anchored",4,0.5,0.3,"present","maic_meanvar",-0.3,2,1000,0.345805726372261,-0.00754722940300386,0.114,0.228,0.0201102068716467
77,"anchored",4,0.5,0.3,"present","maic_meanvar",-0.3,5,1000,0.345805726372261,-0.00754722940300386,0.037,0.185,0.0298607881119481
77,"anchored",4,0.5,0.3,"present","maic_meanvar",-0.1,1,1000,0.345805726372261,-0.00754722940300386,0.385,0.385,0.0153951944454108
77,"anchored",4,0.5,0.3,"present","maic_meanvar",-0.1,2,1000,0.345805726372261,-0.00754722940300386,0.239,0.478,0.0269860008938752
77,"anchored",4,0.5,0.3,"present","maic_meanvar",-0.1,5,1000,0.345805726372261,-0.00754722940300386,0.117,0.585,0.0508464390135668
77,"anchored",4,0.5,0.3,"present","maic_meanvar",0.1,1,1000,0.345805726372261,-0.00754722940300386,0.374,0.374,0.0153087673690064
77,"anchored",4,0.5,0.3,"present","maic_meanvar",0.1,2,1000,0.345805726372261,-0.00754722940300386,0.558,0.558,0.0157125072118642
77,"anchored",4,0.5,0.3,"present","maic_meanvar",0.1,5,1000,0.345805726372261,-0.00754722940300386,0.75,0.75,0.0136999156087798
77,"anchored",4,0.5,0.3,"present","maic_meanvar",0.3,1,1000,0.345805726372261,-0.00754722940300386,0.192,0.192,0.01246159264666
77,"anchored",4,0.5,0.3,"present","maic_meanvar",0.3,2,1000,0.345805726372261,-0.00754722940300386,0.32,0.32,0.0147586523035749
77,"anchored",4,0.5,0.3,"present","maic_meanvar",0.3,5,1000,0.345805726372261,-0.00754722940300386,0.548,0.548,0.0157462358658807
77,"anchored",4,0.5,0.3,"present","unadjusted",-0.3,1,1000,0.225679097762138,0.134894272752456,0.009,0.009,0.00298796384314266
77,"anchored",4,0.5,0.3,"present","unadjusted",-0.3,2,1000,0.225679097762138,0.134894272752456,0.002,0.004,0.00282701114111565
77,"anchored",4,0.5,0.3,"present","unadjusted",-0.3,5,1000,0.225679097762138,0.134894272752456,0.002,0.0100000000000001,0.00706752785278911
77,"anchored",4,0.5,0.3,"present","unadjusted",-0.1,1,1000,0.225679097762138,0.134894272752456,0.094,0.094,0.00923305200078773
77,"anchored",4,0.5,0.3,"present","unadjusted",-0.1,2,1000,0.225679097762138,0.134894272752456,0.039,0.078,0.0122501455528523
77,"anchored",4,0.5,0.3,"present","unadjusted",-0.1,5,1000,0.225679097762138,0.134894272752456,0.01,0.0500000000000001,0.0157400046933839
77,"anchored",4,0.5,0.3,"present","unadjusted",0.1,1,1000,0.225679097762138,0.134894272752456,0.572,0.572,0.0156544262450293
77,"anchored",4,0.5,0.3,"present","unadjusted",0.1,2,1000,0.225679097762138,0.134894272752456,0.736,0.736,0.0139462718494405
77,"anchored",4,0.5,0.3,"present","unadjusted",0.1,5,1000,0.225679097762138,0.134894272752456,0.894,0.894,0.00973955126578514
77,"anchored",4,0.5,0.3,"present","unadjusted",0.3,1,1000,0.225679097762138,0.134894272752456,0.182,0.182,0.0122075806376621
77,"anchored",4,0.5,0.3,"present","unadjusted",0.3,2,1000,0.225679097762138,0.134894272752456,0.331,0.331,0.0148882725882039
77,"anchored",4,0.5,0.3,"present","unadjusted",0.3,5,1000,0.225679097762138,0.134894272752456,0.545,0.545,0.0157551014983471
78,"unanchored",4,0.5,0.3,"present","gcomp",-0.3,1,1000,0.114860295178096,-0.000213124548934715,0.002,0.002,0.0014135055705578
78,"unanchored",4,0.5,0.3,"present","gcomp",-0.3,2,1000,0.114860295178096,-0.000213124548934715,0,0,0
78,"unanchored",4,0.5,0.3,"present","gcomp",-0.3,5,1000,0.114860295178096,-0.000213124548934715,0,0,0
78,"unanchored",4,0.5,0.3,"present","gcomp",-0.1,1,1000,0.114860295178096,-0.000213124548934715,0.198,0.198,0.0126077339341753
78,"unanchored",4,0.5,0.3,"present","gcomp",-0.1,2,1000,0.114860295178096,-0.000213124548934715,0.094,0.188,0.0184661040015755
78,"unanchored",4,0.5,0.3,"present","gcomp",-0.1,5,1000,0.114860295178096,-0.000213124548934715,0.03,0.15,0.0269857041454959
78,"unanchored",4,0.5,0.3,"present","gcomp",0.1,1,1000,0.114860295178096,-0.000213124548934715,0.189,0.189,0.0123867845881177
78,"unanchored",4,0.5,0.3,"present","gcomp",0.1,2,1000,0.114860295178096,-0.000213124548934715,0.337,0.337,0.0149550879186536
78,"unanchored",4,0.5,0.3,"present","gcomp",0.1,5,1000,0.114860295178096,-0.000213124548934715,0.558,0.558,0.0157125072118642
78,"unanchored",4,0.5,0.3,"present","gcomp",0.3,1,1000,0.114860295178096,-0.000213124548934715,0.007,0.00700000000000001,0.00263779414624376
78,"unanchored",4,0.5,0.3,"present","gcomp",0.3,2,1000,0.114860295178096,-0.000213124548934715,0.018,0.018,0.00420638724961148
78,"unanchored",4,0.5,0.3,"present","gcomp",0.3,5,1000,0.114860295178096,-0.000213124548934715,0.061,0.061,0.00757207609155743
78,"unanchored",4,0.5,0.3,"present","maic_index",-0.3,1,1000,0.158751947646567,-0.0589413773231133,0.056,0.056,0.00727440148169705
78,"unanchored",4,0.5,0.3,"present","maic_index",-0.3,2,1000,0.158751947646567,-0.0589413773231133,0.009,0.018,0.0059759276862853
78,"unanchored",4,0.5,0.3,"present","maic_index",-0.3,5,1000,0.158751947646567,-0.0589413773231133,0.001,0.00500000000000006,0.00500000000000006
78,"unanchored",4,0.5,0.3,"present","maic_index",-0.1,1,1000,0.158751947646567,-0.0589413773231133,0.397,0.397,0.015480007449308
78,"unanchored",4,0.5,0.3,"present","maic_index",-0.1,2,1000,0.158751947646567,-0.0589413773231133,0.183,0.366,0.0244671747989556
78,"unanchored",4,0.5,0.3,"present","maic_index",-0.1,5,1000,0.158751947646567,-0.0589413773231133,0.052,0.26,0.0351231210690856
78,"unanchored",4,0.5,0.3,"present","maic_index",0.1,1,1000,0.158751947646567,-0.0589413773231133,0.142,0.142,0.0110434576993782
78,"unanchored",4,0.5,0.3,"present","maic_index",0.1,2,1000,0.158751947646567,-0.0589413773231133,0.327,0.327,0.0148422131534112
78,"unanchored",4,0.5,0.3,"present","maic_index",0.1,5,1000,0.158751947646567,-0.0589413773231133,0.611,0.611,0.0154245556473085
78,"unanchored",4,0.5,0.3,"present","maic_index",0.3,1,1000,0.158751947646567,-0.0589413773231133,0.005,0.00500000000000001,0.00223158687484489
78,"unanchored",4,0.5,0.3,"present","maic_index",0.3,2,1000,0.158751947646567,-0.0589413773231133,0.033,0.033,0.00565180882045237
78,"unanchored",4,0.5,0.3,"present","maic_index",0.3,5,1000,0.158751947646567,-0.0589413773231133,0.154,0.154,0.0114199130650987
78,"unanchored",4,0.5,0.3,"present","maic_means",-0.3,1,1000,0.142141118362061,0.0594657026942969,0.001,0.000999999999999999,0.00100000000000001
78,"unanchored",4,0.5,0.3,"present","maic_means",-0.3,2,1000,0.142141118362061,0.0594657026942969,0,0,0
78,"unanchored",4,0.5,0.3,"present","maic_means",-0.3,5,1000,0.142141118362061,0.0594657026942969,0,0,0
78,"unanchored",4,0.5,0.3,"present","maic_means",-0.1,1,1000,0.142141118362061,0.0594657026942969,0.109,0.109,0.00985982840703718
78,"unanchored",4,0.5,0.3,"present","maic_means",-0.1,2,1000,0.142141118362061,0.0594657026942969,0.042,0.0840000000000002,0.0126927185860677
78,"unanchored",4,0.5,0.3,"present","maic_means",-0.1,5,1000,0.142141118362061,0.0594657026942969,0.006,0.0300000000000003,0.0122167609966493
78,"unanchored",4,0.5,0.3,"present","maic_means",0.1,1,1000,0.142141118362061,0.0594657026942969,0.368,0.368,0.0152580735615218
78,"unanchored",4,0.5,0.3,"present","maic_means",0.1,2,1000,0.142141118362061,0.0594657026942969,0.577,0.577,0.0156305890904763
78,"unanchored",4,0.5,0.3,"present","maic_means",0.1,5,1000,0.142141118362061,0.0594657026942969,0.797,0.797,0.0127260737445983
78,"unanchored",4,0.5,0.3,"present","maic_means",0.3,1,1000,0.142141118362061,0.0594657026942969,0.033,0.033,0.00565180882045237
78,"unanchored",4,0.5,0.3,"present","maic_means",0.3,2,1000,0.142141118362061,0.0594657026942969,0.089,0.089,0.00900889339265153
78,"unanchored",4,0.5,0.3,"present","maic_means",0.3,5,1000,0.142141118362061,0.0594657026942969,0.247,0.247,0.0136446757813141
78,"unanchored",4,0.5,0.3,"present","maic_meanvar",-0.3,1,1000,0.190378802907894,-0.0443415799941752,0.073,0.073,0.00823035471524407
78,"unanchored",4,0.5,0.3,"present","maic_meanvar",-0.3,2,1000,0.190378802907894,-0.0443415799941752,0.016,0.032,0.00793971278063885
78,"unanchored",4,0.5,0.3,"present","maic_meanvar",-0.3,5,1000,0.190378802907894,-0.0443415799941752,0.002,0.0100000000000001,0.00706752785278915
78,"unanchored",4,0.5,0.3,"present","maic_meanvar",-0.1,1,1000,0.190378802907894,-0.0443415799941752,0.393,0.393,0.0154528246540815
78,"unanchored",4,0.5,0.3,"present","maic_meanvar",-0.1,2,1000,0.190378802907894,-0.0443415799941752,0.188,0.376,0.0247231720302075
78,"unanchored",4,0.5,0.3,"present","maic_meanvar",-0.1,5,1000,0.190378802907894,-0.0443415799941752,0.056,0.28,0.0363720074084856
78,"unanchored",4,0.5,0.3,"present","maic_meanvar",0.1,1,1000,0.190378802907894,-0.0443415799941752,0.198,0.198,0.0126077339341753
78,"unanchored",4,0.5,0.3,"present","maic_meanvar",0.1,2,1000,0.190378802907894,-0.0443415799941752,0.417,0.417,0.0155998190487696
78,"unanchored",4,0.5,0.3,"present","maic_meanvar",0.1,5,1000,0.190378802907894,-0.0443415799941752,0.687,0.687,0.0146712728229779
78,"unanchored",4,0.5,0.3,"present","maic_meanvar",0.3,1,1000,0.190378802907894,-0.0443415799941752,0.037,0.037,0.00597215762238963
78,"unanchored",4,0.5,0.3,"present","maic_meanvar",0.3,2,1000,0.190378802907894,-0.0443415799941752,0.102,0.102,0.0095753688016539
78,"unanchored",4,0.5,0.3,"present","maic_meanvar",0.3,5,1000,0.190378802907894,-0.0443415799941752,0.29,0.29,0.0143563959999057
78,"unanchored",4,0.5,0.3,"present","unadjusted",-0.3,1,1000,0.886207730886493,0.875861298635882,0,0,0
78,"unanchored",4,0.5,0.3,"present","unadjusted",-0.3,2,1000,0.886207730886493,0.875861298635882,0,0,0
78,"unanchored",4,0.5,0.3,"present","unadjusted",-0.3,5,1000,0.886207730886493,0.875861298635882,0,0,0
78,"unanchored",4,0.5,0.3,"present","unadjusted",-0.1,1,1000,0.886207730886493,0.875861298635882,0,0,0
78,"unanchored",4,0.5,0.3,"present","unadjusted",-0.1,2,1000,0.886207730886493,0.875861298635882,0,0,0
78,"unanchored",4,0.5,0.3,"present","unadjusted",-0.1,5,1000,0.886207730886493,0.875861298635882,0,0,0
78,"unanchored",4,0.5,0.3,"present","unadjusted",0.1,1,1000,0.886207730886493,0.875861298635882,1,1,0
78,"unanchored",4,0.5,0.3,"present","unadjusted",0.1,2,1000,0.886207730886493,0.875861298635882,1,1,0
78,"unanchored",4,0.5,0.3,"present","unadjusted",0.1,5,1000,0.886207730886493,0.875861298635882,1,1,0
78,"unanchored",4,0.5,0.3,"present","unadjusted",0.3,1,1000,0.886207730886493,0.875861298635882,1,1,0
78,"unanchored",4,0.5,0.3,"present","unadjusted",0.3,2,1000,0.886207730886493,0.875861298635882,1,1,0
78,"unanchored",4,0.5,0.3,"present","unadjusted",0.3,5,1000,0.886207730886493,0.875861298635882,1,1,0
79,"anchored",0.25,1,0.3,"present","gcomp",-0.3,1,1000,0.198658105425143,0.00473811070878512,0.067,0.067,0.00791034598317755
79,"anchored",0.25,1,0.3,"present","gcomp",-0.3,2,1000,0.198658105425143,0.00473811070878512,0.029,0.0580000000000001,0.0106183213715139
79,"anchored",0.25,1,0.3,"present","gcomp",-0.3,5,1000,0.198658105425143,0.00473811070878512,0.009,0.045,0.0149398192157135
79,"anchored",0.25,1,0.3,"present","gcomp",-0.1,1,1000,0.198658105425143,0.00473811070878512,0.281,0.281,0.0142211547084349
79,"anchored",0.25,1,0.3,"present","gcomp",-0.1,2,1000,0.198658105425143,0.00473811070878512,0.154,0.308,0.0228398261301974
79,"anchored",0.25,1,0.3,"present","gcomp",-0.1,5,1000,0.198658105425143,0.00473811070878512,0.071,0.355,0.0406278922124401
79,"anchored",0.25,1,0.3,"present","gcomp",0.1,1,1000,0.198658105425143,0.00473811070878512,0.318,0.318,0.0147340793093119
79,"anchored",0.25,1,0.3,"present","gcomp",0.1,2,1000,0.198658105425143,0.00473811070878512,0.503,0.503,0.0158190151792467
79,"anchored",0.25,1,0.3,"present","gcomp",0.1,5,1000,0.198658105425143,0.00473811070878512,0.706,0.706,0.0144142905400082
79,"anchored",0.25,1,0.3,"present","gcomp",0.3,1,1000,0.198658105425143,0.00473811070878512,0.059,0.059,0.00745483565040673
79,"anchored",0.25,1,0.3,"present","gcomp",0.3,2,1000,0.198658105425143,0.00473811070878512,0.13,0.13,0.0106401697924993
79,"anchored",0.25,1,0.3,"present","gcomp",0.3,5,1000,0.198658105425143,0.00473811070878512,0.307,0.307,0.0145932848928526
79,"anchored",0.25,1,0.3,"present","maic_index",-0.3,1,1000,0.213565592697685,0.00382846065844451,0.09,0.0900000000000001,0.00905439020486644
79,"anchored",0.25,1,0.3,"present","maic_index",-0.3,2,1000,0.213565592697685,0.00382846065844451,0.036,0.0720000000000002,0.0117879156323311
79,"anchored",0.25,1,0.3,"present","maic_index",-0.3,5,1000,0.213565592697685,0.00382846065844451,0.009,0.0450000000000001,0.0149398192157135
79,"anchored",0.25,1,0.3,"present","maic_index",-0.1,1,1000,0.213565592697685,0.00382846065844451,0.305,0.305,0.0145666463946644
79,"anchored",0.25,1,0.3,"present","maic_index",-0.1,2,1000,0.213565592697685,0.00382846065844451,0.17,0.34,0.0237689916690833
79,"anchored",0.25,1,0.3,"present","maic_index",-0.1,5,1000,0.213565592697685,0.00382846065844451,0.079,0.395,0.0426707838666668
79,"anchored",0.25,1,0.3,"present","maic_index",0.1,1,1000,0.213565592697685,0.00382846065844451,0.33,0.33,0.0148768720274567
79,"anchored",0.25,1,0.3,"present","maic_index",0.1,2,1000,0.213565592697685,0.00382846065844451,0.499,0.499,0.0158192682905768
79,"anchored",0.25,1,0.3,"present","maic_index",0.1,5,1000,0.213565592697685,0.00382846065844451,0.717,0.717,0.0142518109064818
79,"anchored",0.25,1,0.3,"present","maic_index",0.3,1,1000,0.213565592697685,0.00382846065844451,0.08,0.08,0.00858333697775365
79,"anchored",0.25,1,0.3,"present","maic_index",0.3,2,1000,0.213565592697685,0.00382846065844451,0.168,0.168,0.0118286058314543
79,"anchored",0.25,1,0.3,"present","maic_index",0.3,5,1000,0.213565592697685,0.00382846065844451,0.355,0.355,0.0151394915437805
79,"anchored",0.25,1,0.3,"present","maic_means",-0.3,1,1000,0.21284360085445,0.00337451442607841,0.089,0.0889999999999999,0.00900889339265154
79,"anchored",0.25,1,0.3,"present","maic_means",-0.3,2,1000,0.21284360085445,0.00337451442607841,0.035,0.0699999999999999,0.01162906854547
79,"anchored",0.25,1,0.3,"present","maic_means",-0.3,5,1000,0.21284360085445,0.00337451442607841,0.008,0.0400000000000002,0.0140925015025224
79,"anchored",0.25,1,0.3,"present","maic_means",-0.1,1,1000,0.21284360085445,0.00337451442607841,0.302,0.302,0.0145260802354595
79,"anchored",0.25,1,0.3,"present","maic_means",-0.1,2,1000,0.21284360085445,0.00337451442607841,0.172,0.344,0.0238795777649906
79,"anchored",0.25,1,0.3,"present","maic_means",-0.1,5,1000,0.21284360085445,0.00337451442607841,0.078,0.39,0.0424228676505928
79,"anchored",0.25,1,0.3,"present","maic_means",0.1,1,1000,0.21284360085445,0.00337451442607841,0.326,0.326,0.014830507204541
79,"anchored",0.25,1,0.3,"present","maic_means",0.1,2,1000,0.21284360085445,0.00337451442607841,0.501,0.501,0.0158192682905768
79,"anchored",0.25,1,0.3,"present","maic_means",0.1,5,1000,0.21284360085445,0.00337451442607841,0.713,0.713,0.01431208705381
79,"anchored",0.25,1,0.3,"present","maic_means",0.3,1,1000,0.21284360085445,0.00337451442607841,0.078,0.0780000000000002,0.00848457353011858
79,"anchored",0.25,1,0.3,"present","maic_means",0.3,2,1000,0.21284360085445,0.00337451442607841,0.165,0.165,0.0117436328669162
79,"anchored",0.25,1,0.3,"present","maic_means",0.3,5,1000,0.21284360085445,0.00337451442607841,0.348,0.348,0.0150706046037684
79,"anchored",0.25,1,0.3,"present","maic_meanvar",-0.3,1,1000,0.213364976883916,0.00257942036464741,0.089,0.0889999999999999,0.00900889339265155
79,"anchored",0.25,1,0.3,"present","maic_meanvar",-0.3,2,1000,0.213364976883916,0.00257942036464741,0.036,0.072,0.0117879156323311
79,"anchored",0.25,1,0.3,"present","maic_meanvar",-0.3,5,1000,0.213364976883916,0.00257942036464741,0.008,0.0400000000000002,0.0140925015025224
79,"anchored",0.25,1,0.3,"present","maic_meanvar",-0.1,1,1000,0.213364976883916,0.00257942036464741,0.302,0.302,0.0145260802354595
79,"anchored",0.25,1,0.3,"present","maic_meanvar",-0.1,2,1000,0.213364976883916,0.00257942036464741,0.168,0.336,0.0236572116629085
79,"anchored",0.25,1,0.3,"present","maic_meanvar",-0.1,5,1000,0.213364976883916,0.00257942036464741,0.081,0.405,0.0431606051607003
79,"anchored",0.25,1,0.3,"present","maic_meanvar",0.1,1,1000,0.213364976883916,0.00257942036464741,0.329,0.329,0.0148653953859284
79,"anchored",0.25,1,0.3,"present","maic_meanvar",0.1,2,1000,0.213364976883916,0.00257942036464741,0.497,0.497,0.0158190151792467
79,"anchored",0.25,1,0.3,"present","maic_meanvar",0.1,5,1000,0.213364976883916,0.00257942036464741,0.716,0.716,0.0142670090610313
79,"anchored",0.25,1,0.3,"present","maic_meanvar",0.3,1,1000,0.213364976883916,0.00257942036464741,0.075,0.075,0.00833333333333333
79,"anchored",0.25,1,0.3,"present","maic_meanvar",0.3,2,1000,0.213364976883916,0.00257942036464741,0.168,0.168,0.0118286058314543
79,"anchored",0.25,1,0.3,"present","maic_meanvar",0.3,5,1000,0.213364976883916,0.00257942036464741,0.345,0.345,0.0150399867420552
79,"anchored",0.25,1,0.3,"present","unadjusted",-0.3,1,1000,0.225858314216977,0.102864729284284,0.025,0.025,0.00493957481969845
79,"anchored",0.25,1,0.3,"present","unadjusted",-0.3,2,1000,0.225858314216977,0.102864729284284,0.008,0.016,0.00563700060100901
79,"anchored",0.25,1,0.3,"present","unadjusted",-0.3,5,1000,0.225858314216977,0.102864729284284,0,0,0
79,"anchored",0.25,1,0.3,"present","unadjusted",-0.1,1,1000,0.225858314216977,0.102864729284284,0.148,0.148,0.0112348663642352
79,"anchored",0.25,1,0.3,"present","unadjusted",-0.1,2,1000,0.225858314216977,0.102864729284284,0.079,0.158,0.0170683135466669
79,"anchored",0.25,1,0.3,"present","unadjusted",-0.1,5,1000,0.225858314216977,0.102864729284284,0.028,0.14,0.0260975301720505
79,"anchored",0.25,1,0.3,"present","unadjusted",0.1,1,1000,0.225858314216977,0.102864729284284,0.509,0.509,0.0158167369950054
79,"anchored",0.25,1,0.3,"present","unadjusted",0.1,2,1000,0.225858314216977,0.102864729284284,0.671,0.671,0.0148653953859284
79,"anchored",0.25,1,0.3,"present","unadjusted",0.1,5,1000,0.225858314216977,0.102864729284284,0.848,0.848,0.0113589183034753
79,"anchored",0.25,1,0.3,"present","unadjusted",0.3,1,1000,0.225858314216977,0.102864729284284,0.152,0.152,0.0113589183034753
79,"anchored",0.25,1,0.3,"present","unadjusted",0.3,2,1000,0.225858314216977,0.102864729284284,0.302,0.302,0.0145260802354595
79,"anchored",0.25,1,0.3,"present","unadjusted",0.3,5,1000,0.225858314216977,0.102864729284284,0.502,0.502,0.0158191733743027
80,"unanchored",0.25,1,0.3,"present","gcomp",-0.3,1,1000,0.153063296701411,-0.00351579197721443,0.021,0.021,0.00453647215130649
80,"unanchored",0.25,1,0.3,"present","gcomp",-0.3,2,1000,0.153063296701411,-0.00351579197721443,0.007,0.0140000000000001,0.00527558829248756
80,"unanchored",0.25,1,0.3,"present","gcomp",-0.3,5,1000,0.153063296701411,-0.00351579197721443,0.001,0.00500000000000007,0.00500000000000001
80,"unanchored",0.25,1,0.3,"present","gcomp",-0.1,1,1000,0.153063296701411,-0.00351579197721443,0.276,0.276,0.0141429849757407
80,"unanchored",0.25,1,0.3,"present","gcomp",-0.1,2,1000,0.153063296701411,-0.00351579197721443,0.141,0.282,0.0220218291919849
80,"unanchored",0.25,1,0.3,"present","gcomp",-0.1,5,1000,0.153063296701411,-0.00351579197721443,0.037,0.185,0.0298607881119481
80,"unanchored",0.25,1,0.3,"present","gcomp",0.1,1,1000,0.153063296701411,-0.00351579197721443,0.242,0.242,0.013550631705556
80,"unanchored",0.25,1,0.3,"present","gcomp",0.1,2,1000,0.153063296701411,-0.00351579197721443,0.392,0.392,0.0154458594637713
80,"unanchored",0.25,1,0.3,"present","gcomp",0.1,5,1000,0.153063296701411,-0.00351579197721443,0.604,0.604,0.0154733132658594
80,"unanchored",0.25,1,0.3,"present","gcomp",0.3,1,1000,0.153063296701411,-0.00351579197721443,0.031,0.031,0.0054835270646792
80,"unanchored",0.25,1,0.3,"present","gcomp",0.3,2,1000,0.153063296701411,-0.00351579197721443,0.067,0.0669999999999999,0.00791034598317755
80,"unanchored",0.25,1,0.3,"present","gcomp",0.3,5,1000,0.153063296701411,-0.00351579197721443,0.169,0.169,0.0118566259778901
80,"unanchored",0.25,1,0.3,"present","maic_index",-0.3,1,1000,0.155517460811318,-0.00462618926693953,0.021,0.0210000000000001,0.00453647215130649
80,"unanchored",0.25,1,0.3,"present","maic_index",-0.3,2,1000,0.155517460811318,-0.00462618926693953,0.009,0.018,0.00597592768628531
80,"unanchored",0.25,1,0.3,"present","maic_index",-0.3,5,1000,0.155517460811318,-0.00462618926693953,0.002,0.0100000000000002,0.00706752785278912
80,"unanchored",0.25,1,0.3,"present","maic_index",-0.1,1,1000,0.155517460811318,-0.00462618926693953,0.282,0.282,0.0142365262152914
80,"unanchored",0.25,1,0.3,"present","maic_index",-0.1,2,1000,0.155517460811318,-0.00462618926693953,0.139,0.278,0.0218905275220859
80,"unanchored",0.25,1,0.3,"present","maic_index",-0.1,5,1000,0.155517460811318,-0.00462618926693953,0.033,0.165000000000001,0.028259044102262
80,"unanchored",0.25,1,0.3,"present","maic_index",0.1,1,1000,0.155517460811318,-0.00462618926693953,0.254,0.254,0.0137722065651685
80,"unanchored",0.25,1,0.3,"present","maic_index",0.1,2,1000,0.155517460811318,-0.00462618926693953,0.404,0.404,0.0155249806771226
80,"unanchored",0.25,1,0.3,"present","maic_index",0.1,5,1000,0.155517460811318,-0.00462618926693953,0.613,0.613,0.0154100119554939
80,"unanchored",0.25,1,0.3,"present","maic_index",0.3,1,1000,0.155517460811318,-0.00462618926693953,0.032,0.032,0.00556839357508134
80,"unanchored",0.25,1,0.3,"present","maic_index",0.3,2,1000,0.155517460811318,-0.00462618926693953,0.069,0.069,0.00801893405031514
80,"unanchored",0.25,1,0.3,"present","maic_index",0.3,5,1000,0.155517460811318,-0.00462618926693953,0.184,0.184,0.0122594573409386
80,"unanchored",0.25,1,0.3,"present","maic_means",-0.3,1,1000,0.155762211921764,-0.00274548328259472,0.021,0.0210000000000001,0.00453647215130649
80,"unanchored",0.25,1,0.3,"present","maic_means",-0.3,2,1000,0.155762211921764,-0.00274548328259472,0.007,0.014,0.00527558829248757
80,"unanchored",0.25,1,0.3,"present","maic_means",-0.3,5,1000,0.155762211921764,-0.00274548328259472,0.001,0.00500000000000007,0.00500000000000001
80,"unanchored",0.25,1,0.3,"present","maic_means",-0.1,1,1000,0.155762211921764,-0.00274548328259472,0.281,0.281,0.014221154708435
80,"unanchored",0.25,1,0.3,"present","maic_means",-0.1,2,1000,0.155762211921764,-0.00274548328259472,0.133,0.266,0.0214873382647947
80,"unanchored",0.25,1,0.3,"present","maic_means",-0.1,5,1000,0.155762211921764,-0.00274548328259472,0.036,0.18,0.0294697890808281
80,"unanchored",0.25,1,0.3,"present","maic_means",0.1,1,1000,0.155762211921764,-0.00274548328259472,0.262,0.262,0.0139122086510213
80,"unanchored",0.25,1,0.3,"present","maic_means",0.1,2,1000,0.155762211921764,-0.00274548328259472,0.403,0.403,0.0155187574190665
80,"unanchored",0.25,1,0.3,"present","maic_means",0.1,5,1000,0.155762211921764,-0.00274548328259472,0.614,0.614,0.0154026374767844
80,"unanchored",0.25,1,0.3,"present","maic_means",0.3,1,1000,0.155762211921764,-0.00274548328259472,0.033,0.0330000000000001,0.00565180882045237
80,"unanchored",0.25,1,0.3,"present","maic_means",0.3,2,1000,0.155762211921764,-0.00274548328259472,0.073,0.0729999999999999,0.00823035471524405
80,"unanchored",0.25,1,0.3,"present","maic_means",0.3,5,1000,0.155762211921764,-0.00274548328259472,0.186,0.186,0.0123107902084128
80,"unanchored",0.25,1,0.3,"present","maic_meanvar",-0.3,1,1000,0.155810444580259,-0.00436445297866373,0.022,0.0220000000000001,0.0046408552592747
80,"unanchored",0.25,1,0.3,"present","maic_meanvar",-0.3,2,1000,0.155810444580259,-0.00436445297866373,0.008,0.016,0.00563700060100901
80,"unanchored",0.25,1,0.3,"present","maic_meanvar",-0.3,5,1000,0.155810444580259,-0.00436445297866373,0.001,0.00500000000000007,0.00500000000000001
80,"unanchored",0.25,1,0.3,"present","maic_meanvar",-0.1,1,1000,0.155810444580259,-0.00436445297866373,0.277,0.277,0.0141587948453063
80,"unanchored",0.25,1,0.3,"present","maic_meanvar",-0.1,2,1000,0.155810444580259,-0.00436445297866373,0.137,0.274,0.0217576974286667
80,"unanchored",0.25,1,0.3,"present","maic_meanvar",-0.1,5,1000,0.155810444580259,-0.00436445297866373,0.034,0.17,0.0286691806984772
80,"unanchored",0.25,1,0.3,"present","maic_meanvar",0.1,1,1000,0.155810444580259,-0.00436445297866373,0.254,0.254,0.0137722065651685
80,"unanchored",0.25,1,0.3,"present","maic_meanvar",0.1,2,1000,0.155810444580259,-0.00436445297866373,0.396,0.396,0.0154733132658594
80,"unanchored",0.25,1,0.3,"present","maic_meanvar",0.1,5,1000,0.155810444580259,-0.00436445297866373,0.619,0.619,0.0153647347870074
80,"unanchored",0.25,1,0.3,"present","maic_meanvar",0.3,1,1000,0.155810444580259,-0.00436445297866373,0.031,0.0309999999999999,0.0054835270646792
80,"unanchored",0.25,1,0.3,"present","maic_meanvar",0.3,2,1000,0.155810444580259,-0.00436445297866373,0.071,0.0710000000000001,0.00812557844248791
80,"unanchored",0.25,1,0.3,"present","maic_meanvar",0.3,5,1000,0.155810444580259,-0.00436445297866373,0.181,0.181,0.0121814361791779
80,"unanchored",0.25,1,0.3,"present","unadjusted",-0.3,1,1000,0.37524862494097,0.34418576274369,0,0,0
80,"unanchored",0.25,1,0.3,"present","unadjusted",-0.3,2,1000,0.37524862494097,0.34418576274369,0,0,0
80,"unanchored",0.25,1,0.3,"present","unadjusted",-0.3,5,1000,0.37524862494097,0.34418576274369,0,0,0
80,"unanchored",0.25,1,0.3,"present","unadjusted",-0.1,1,1000,0.37524862494097,0.34418576274369,0.001,0.000999999999999999,0.001
80,"unanchored",0.25,1,0.3,"present","unadjusted",-0.1,2,1000,0.37524862494097,0.34418576274369,0.001,0.002,0.00200000000000001
80,"unanchored",0.25,1,0.3,"present","unadjusted",-0.1,5,1000,0.37524862494097,0.34418576274369,0,0,0
80,"unanchored",0.25,1,0.3,"present","unadjusted",0.1,1,1000,0.37524862494097,0.34418576274369,0.953,0.953,0.00669595667816305
80,"unanchored",0.25,1,0.3,"present","unadjusted",0.1,2,1000,0.37524862494097,0.34418576274369,0.983,0.983,0.00408995448968909
80,"unanchored",0.25,1,0.3,"present","unadjusted",0.1,5,1000,0.37524862494097,0.34418576274369,0.996,0.996,0.00199699473909873
80,"unanchored",0.25,1,0.3,"present","unadjusted",0.3,1,1000,0.37524862494097,0.34418576274369,0.612,0.612,0.0154173179799111
80,"unanchored",0.25,1,0.3,"present","unadjusted",0.3,2,1000,0.37524862494097,0.34418576274369,0.771,0.771,0.0132941993266136
80,"unanchored",0.25,1,0.3,"present","unadjusted",0.3,5,1000,0.37524862494097,0.34418576274369,0.899,0.899,0.00953361892934099
81,"anchored",1,1,0.3,"present","gcomp",-0.3,1,1000,0.194298908499561,0.000241217884923475,0.063,0.063,0.00768700787628643
81,"anchored",1,1,0.3,"present","gcomp",-0.3,2,1000,0.194298908499561,0.000241217884923475,0.026,0.052,0.0100696274706364
81,"anchored",1,1,0.3,"present","gcomp",-0.3,5,1000,0.194298908499561,0.000241217884923475,0.008,0.04,0.0140925015025224
81,"anchored",1,1,0.3,"present","gcomp",-0.1,1,1000,0.194298908499561,0.000241217884923475,0.298,0.298,0.0144708467411347
81,"anchored",1,1,0.3,"present","gcomp",-0.1,2,1000,0.194298908499561,0.000241217884923475,0.176,0.352,0.024097233797195
81,"anchored",1,1,0.3,"present","gcomp",-0.1,5,1000,0.194298908499561,0.000241217884923475,0.079,0.395,0.0426707838666668
81,"anchored",1,1,0.3,"present","gcomp",0.1,1,1000,0.194298908499561,0.000241217884923475,0.299,0.299,0.0144847785212205
81,"anchored",1,1,0.3,"present","gcomp",0.1,2,1000,0.194298908499561,0.000241217884923475,0.452,0.452,0.0157462358658807
81,"anchored",1,1,0.3,"present","gcomp",0.1,5,1000,0.194298908499561,0.000241217884923475,0.66,0.66,0.0149874822643639
81,"anchored",1,1,0.3,"present","gcomp",0.3,1,1000,0.194298908499561,0.000241217884923475,0.054,0.054,0.00715088352129544
81,"anchored",1,1,0.3,"present","gcomp",0.3,2,1000,0.194298908499561,0.000241217884923475,0.123,0.123,0.0103912934218499
81,"anchored",1,1,0.3,"present","gcomp",0.3,5,1000,0.194298908499561,0.000241217884923475,0.271,0.271,0.0140626013509862
81,"anchored",1,1,0.3,"present","maic_index",-0.3,1,1000,0.212892425692025,0.00146207245473226,0.093,0.093,0.0091888756349967
81,"anchored",1,1,0.3,"present","maic_index",-0.3,2,1000,0.212892425692025,0.00146207245473226,0.034,0.0680000000000001,0.011467672279391
81,"anchored",1,1,0.3,"present","maic_index",-0.3,5,1000,0.212892425692025,0.00146207245473226,0.008,0.0400000000000001,0.0140925015025224
81,"anchored",1,1,0.3,"present","maic_index",-0.1,1,1000,0.212892425692025,0.00146207245473226,0.325,0.325,0.0148187244590955
81,"anchored",1,1,0.3,"present","maic_index",-0.1,2,1000,0.212892425692025,0.00146207245473226,0.178,0.356,0.0242043353523672
81,"anchored",1,1,0.3,"present","maic_index",-0.1,5,1000,0.212892425692025,0.00146207245473226,0.094,0.47,0.0461652600039385
81,"anchored",1,1,0.3,"present","maic_index",0.1,1,1000,0.212892425692025,0.00146207245473226,0.324,0.324,0.0148068647337389
81,"anchored",1,1,0.3,"present","maic_index",0.1,2,1000,0.212892425692025,0.00146207245473226,0.486,0.486,0.015813097547731
81,"anchored",1,1,0.3,"present","maic_index",0.1,5,1000,0.212892425692025,0.00146207245473226,0.679,0.679,0.0147708218179346
81,"anchored",1,1,0.3,"present","maic_index",0.3,1,1000,0.212892425692025,0.00146207245473226,0.07,0.07,0.0080724943583235
81,"anchored",1,1,0.3,"present","maic_index",0.3,2,1000,0.212892425692025,0.00146207245473226,0.166,0.166,0.0117721103708122
81,"anchored",1,1,0.3,"present","maic_index",0.3,5,1000,0.212892425692025,0.00146207245473226,0.323,0.323,0.0147949278433486
81,"anchored",1,1,0.3,"present","maic_means",-0.3,1,1000,0.21356332002418,0.00236928359661328,0.09,0.09,0.00905439020486644
81,"anchored",1,1,0.3,"present","maic_means",-0.3,2,1000,0.21356332002418,0.00236928359661328,0.031,0.0620000000000002,0.0109670541293584
81,"anchored",1,1,0.3,"present","maic_means",-0.3,5,1000,0.21356332002418,0.00236928359661328,0.008,0.0400000000000001,0.0140925015025224
81,"anchored",1,1,0.3,"present","maic_means",-0.1,1,1000,0.21356332002418,0.00236928359661328,0.316,0.316,0.0147091930560571
81,"anchored",1,1,0.3,"present","maic_means",-0.1,2,1000,0.21356332002418,0.00236928359661328,0.179,0.358,0.0242574612114382
81,"anchored",1,1,0.3,"present","maic_means",-0.1,5,1000,0.21356332002418,0.00236928359661328,0.09,0.45,0.0452719510243328
81,"anchored",1,1,0.3,"present","maic_means",0.1,1,1000,0.21356332002418,0.00236928359661328,0.319,0.319,0.0147464048654735
81,"anchored",1,1,0.3,"present","maic_means",0.1,2,1000,0.21356332002418,0.00236928359661328,0.49,0.49,0.0158161357527732
81,"anchored",1,1,0.3,"present","maic_means",0.1,5,1000,0.21356332002418,0.00236928359661328,0.685,0.685,0.0146966319607925
81,"anchored",1,1,0.3,"present","maic_means",0.3,1,1000,0.21356332002418,0.00236928359661328,0.072,0.072,0.00817819557621868
81,"anchored",1,1,0.3,"present","maic_means",0.3,2,1000,0.21356332002418,0.00236928359661328,0.171,0.171,0.0119122164562646
81,"anchored",1,1,0.3,"present","maic_means",0.3,5,1000,0.21356332002418,0.00236928359661328,0.321,0.321,0.0147708218179346
81,"anchored",1,1,0.3,"present","maic_meanvar",-0.3,1,1000,0.214652877088298,0.00191916166046976,0.089,0.089,0.00900889339265151
81,"anchored",1,1,0.3,"present","maic_meanvar",-0.3,2,1000,0.214652877088298,0.00191916166046976,0.033,0.066,0.0113036176409047
81,"anchored",1,1,0.3,"present","maic_meanvar",-0.3,5,1000,0.214652877088298,0.00191916166046976,0.01,0.0499999999999999,0.0157400046933839
81,"anchored",1,1,0.3,"present","maic_meanvar",-0.1,1,1000,0.214652877088298,0.00191916166046976,0.326,0.326,0.014830507204541
81,"anchored",1,1,0.3,"present","maic_meanvar",-0.1,2,1000,0.214652877088298,0.00191916166046976,0.183,0.366,0.0244671747989556
81,"anchored",1,1,0.3,"present","maic_meanvar",-0.1,5,1000,0.214652877088298,0.00191916166046976,0.088,0.44,0.0448152698129602
81,"anchored",1,1,0.3,"present","maic_meanvar",0.1,1,1000,0.214652877088298,0.00191916166046976,0.322,0.322,0.0147829136009967
81,"anchored",1,1,0.3,"present","maic_meanvar",0.1,2,1000,0.214652877088298,0.00191916166046976,0.492,0.492,0.015817274929209
81,"anchored",1,1,0.3,"present","maic_meanvar",0.1,5,1000,0.214652877088298,0.00191916166046976,0.673,0.673,0.0148422131534112
81,"anchored",1,1,0.3,"present","maic_meanvar",0.3,1,1000,0.214652877088298,0.00191916166046976,0.078,0.0779999999999999,0.00848457353011858
81,"anchored",1,1,0.3,"present","maic_meanvar",0.3,2,1000,0.214652877088298,0.00191916166046976,0.167,0.167,0.0118004343246446
81,"anchored",1,1,0.3,"present","maic_meanvar",0.3,5,1000,0.214652877088298,0.00191916166046976,0.325,0.325,0.0148187244590955
81,"anchored",1,1,0.3,"present","unadjusted",-0.3,1,1000,0.21384400940976,0.0740442045420268,0.029,0.029,0.00530916068575698
81,"anchored",1,1,0.3,"present","unadjusted",-0.3,2,1000,0.21384400940976,0.0740442045420268,0.009,0.018,0.00597592768628532
81,"anchored",1,1,0.3,"present","unadjusted",-0.3,5,1000,0.21384400940976,0.0740442045420268,0.003,0.015,0.00865158077173473
81,"anchored",1,1,0.3,"present","unadjusted",-0.1,1,1000,0.21384400940976,0.0740442045420268,0.194,0.194,0.0125108161412644
81,"anchored",1,1,0.3,"present","unadjusted",-0.1,2,1000,0.21384400940976,0.0740442045420268,0.099,0.198,0.0188984960553255
81,"anchored",1,1,0.3,"present","unadjusted",-0.1,5,1000,0.21384400940976,0.0740442045420268,0.037,0.185,0.0298607881119481
81,"anchored",1,1,0.3,"present","unadjusted",0.1,1,1000,0.21384400940976,0.0740442045420268,0.448,0.448,0.0157335165663478
81,"anchored",1,1,0.3,"present","unadjusted",0.1,2,1000,0.21384400940976,0.0740442045420268,0.607,0.607,0.0154528246540815
81,"anchored",1,1,0.3,"present","unadjusted",0.1,5,1000,0.21384400940976,0.0740442045420268,0.792,0.792,0.0128413745720969
81,"anchored",1,1,0.3,"present","unadjusted",0.3,1,1000,0.21384400940976,0.0740442045420268,0.12,0.12,0.0102813280127474
81,"anchored",1,1,0.3,"present","unadjusted",0.3,2,1000,0.21384400940976,0.0740442045420268,0.238,0.238,0.0134735866619672
81,"anchored",1,1,0.3,"present","unadjusted",0.3,5,1000,0.21384400940976,0.0740442045420268,0.424,0.424,0.0156354874714052
82,"unanchored",1,1,0.3,"present","gcomp",-0.3,1,1000,0.143010970654519,-0.00253836734886607,0.014,0.014,0.00371723254825658
82,"unanchored",1,1,0.3,"present","gcomp",-0.3,2,1000,0.143010970654519,-0.00253836734886607,0.005,0.0100000000000001,0.00446317374968976
82,"unanchored",1,1,0.3,"present","gcomp",-0.3,5,1000,0.143010970654519,-0.00253836734886607,0,0,0
82,"unanchored",1,1,0.3,"present","gcomp",-0.1,1,1000,0.143010970654519,-0.00253836734886607,0.258,0.258,0.0138429631086566
82,"unanchored",1,1,0.3,"present","gcomp",-0.1,2,1000,0.143010970654519,-0.00253836734886607,0.149,0.298,0.0225322813692644
82,"unanchored",1,1,0.3,"present","gcomp",-0.1,5,1000,0.143010970654519,-0.00253836734886607,0.049,0.245,0.0341488087807047
82,"unanchored",1,1,0.3,"present","gcomp",0.1,1,1000,0.143010970654519,-0.00253836734886607,0.247,0.247,0.0136446757813141
82,"unanchored",1,1,0.3,"present","gcomp",0.1,2,1000,0.143010970654519,-0.00253836734886607,0.387,0.387,0.0154100119554939
82,"unanchored",1,1,0.3,"present","gcomp",0.1,5,1000,0.143010970654519,-0.00253836734886607,0.582,0.582,0.0156051119675419
82,"unanchored",1,1,0.3,"present","gcomp",0.3,1,1000,0.143010970654519,-0.00253836734886607,0.02,0.02,0.00442940398017836
82,"unanchored",1,1,0.3,"present","gcomp",0.3,2,1000,0.143010970654519,-0.00253836734886607,0.047,0.047,0.00669595667816304
82,"unanchored",1,1,0.3,"present","gcomp",0.3,5,1000,0.143010970654519,-0.00253836734886607,0.136,0.136,0.010845350230473
82,"unanchored",1,1,0.3,"present","maic_index",-0.3,1,1000,0.143547678283914,-0.00471820402820572,0.014,0.014,0.00371723254825658
82,"unanchored",1,1,0.3,"present","maic_index",-0.3,2,1000,0.143547678283914,-0.00471820402820572,0.003,0.00600000000000002,0.00346063230869386
82,"unanchored",1,1,0.3,"present","maic_index",-0.3,5,1000,0.143547678283914,-0.00471820402820572,0.001,0.00500000000000006,0.00500000000000007
82,"unanchored",1,1,0.3,"present","maic_index",-0.1,1,1000,0.143547678283914,-0.00471820402820572,0.267,0.267,0.0139966748517963
82,"unanchored",1,1,0.3,"present","maic_index",-0.1,2,1000,0.143547678283914,-0.00471820402820572,0.135,0.27,0.0216233107448321
82,"unanchored",1,1,0.3,"present","maic_index",-0.1,5,1000,0.143547678283914,-0.00471820402820572,0.041,0.205,0.0313681201055936
82,"unanchored",1,1,0.3,"present","maic_index",0.1,1,1000,0.143547678283914,-0.00471820402820572,0.239,0.239,0.0134930004469376
82,"unanchored",1,1,0.3,"present","maic_index",0.1,2,1000,0.143547678283914,-0.00471820402820572,0.394,0.394,0.0154597219574934
82,"unanchored",1,1,0.3,"present","maic_index",0.1,5,1000,0.143547678283914,-0.00471820402820572,0.602,0.602,0.0154866341028589
82,"unanchored",1,1,0.3,"present","maic_index",0.3,1,1000,0.143547678283914,-0.00471820402820572,0.016,0.016,0.00396985639031942
82,"unanchored",1,1,0.3,"present","maic_index",0.3,2,1000,0.143547678283914,-0.00471820402820572,0.051,0.051,0.00696042006257141
82,"unanchored",1,1,0.3,"present","maic_index",0.3,5,1000,0.143547678283914,-0.00471820402820572,0.15,0.15,0.0112972398234093
82,"unanchored",1,1,0.3,"present","maic_means",-0.3,1,1000,0.143449070520503,-0.00161972172125292,0.012,0.012,0.00344497719409984
82,"unanchored",1,1,0.3,"present","maic_means",-0.3,2,1000,0.143449070520503,-0.00161972172125292,0.003,0.00600000000000002,0.00346063230869386
82,"unanchored",1,1,0.3,"present","maic_means",-0.3,5,1000,0.143449070520503,-0.00161972172125292,0,0,0
82,"unanchored",1,1,0.3,"present","maic_means",-0.1,1,1000,0.143449070520503,-0.00161972172125292,0.257,0.257,0.013825416526895
82,"unanchored",1,1,0.3,"present","maic_means",-0.1,2,1000,0.143449070520503,-0.00161972172125292,0.128,0.256,0.0211402675222173
82,"unanchored",1,1,0.3,"present","maic_means",-0.1,5,1000,0.143449070520503,-0.00161972172125292,0.039,0.195,0.0306253638821303
82,"unanchored",1,1,0.3,"present","maic_means",0.1,1,1000,0.143449070520503,-0.00161972172125292,0.25,0.25,0.0136999156087798
82,"unanchored",1,1,0.3,"present","maic_means",0.1,2,1000,0.143449070520503,-0.00161972172125292,0.396,0.396,0.0154733132658594
82,"unanchored",1,1,0.3,"present","maic_means",0.1,5,1000,0.143449070520503,-0.00161972172125292,0.61,0.61,0.0154317250538666
82,"unanchored",1,1,0.3,"present","maic_means",0.3,1,1000,0.143449070520503,-0.00161972172125292,0.019,0.019,0.00431945108291061
82,"unanchored",1,1,0.3,"present","maic_means",0.3,2,1000,0.143449070520503,-0.00161972172125292,0.056,0.056,0.00727440148169708
82,"unanchored",1,1,0.3,"present","maic_means",0.3,5,1000,0.143449070520503,-0.00161972172125292,0.155,0.155,0.0114501574707995
82,"unanchored",1,1,0.3,"present","maic_meanvar",-0.3,1,1000,0.143887602087892,-0.00255280554657105,0.012,0.012,0.00344497719409984
82,"unanchored",1,1,0.3,"present","maic_meanvar",-0.3,2,1000,0.143887602087892,-0.00255280554657105,0.003,0.00600000000000002,0.00346063230869386
82,"unanchored",1,1,0.3,"present","maic_meanvar",-0.3,5,1000,0.143887602087892,-0.00255280554657105,0,0,0
82,"unanchored",1,1,0.3,"present","maic_meanvar",-0.1,1,1000,0.143887602087892,-0.00255280554657105,0.261,0.261,0.0138950376779651
82,"unanchored",1,1,0.3,"present","maic_meanvar",-0.1,2,1000,0.143887602087892,-0.00255280554657105,0.13,0.26,0.0212803395849987
82,"unanchored",1,1,0.3,"present","maic_meanvar",-0.1,5,1000,0.143887602087892,-0.00255280554657105,0.042,0.209999999999999,0.0317317964651687
82,"unanchored",1,1,0.3,"present","maic_meanvar",0.1,1,1000,0.143887602087892,-0.00255280554657105,0.249,0.249,0.0136816002787023
82,"unanchored",1,1,0.3,"present","maic_meanvar",0.1,2,1000,0.143887602087892,-0.00255280554657105,0.395,0.395,0.0154665514648293
82,"unanchored",1,1,0.3,"present","maic_meanvar",0.1,5,1000,0.143887602087892,-0.00255280554657105,0.615,0.615,0.0153951944454108
82,"unanchored",1,1,0.3,"present","maic_meanvar",0.3,1,1000,0.143887602087892,-0.00255280554657105,0.019,0.019,0.00431945108291061
82,"unanchored",1,1,0.3,"present","maic_meanvar",0.3,2,1000,0.143887602087892,-0.00255280554657105,0.06,0.06,0.00751375115747492
82,"unanchored",1,1,0.3,"present","maic_meanvar",0.3,5,1000,0.143887602087892,-0.00255280554657105,0.15,0.15,0.0112972398234093
82,"unanchored",1,1,0.3,"present","unadjusted",-0.3,1,1000,0.520984528181667,0.499308510038492,0,0,0
82,"unanchored",1,1,0.3,"present","unadjusted",-0.3,2,1000,0.520984528181667,0.499308510038492,0,0,0
82,"unanchored",1,1,0.3,"present","unadjusted",-0.3,5,1000,0.520984528181667,0.499308510038492,0,0,0
82,"unanchored",1,1,0.3,"present","unadjusted",-0.1,1,1000,0.520984528181667,0.499308510038492,0,0,0
82,"unanchored",1,1,0.3,"present","unadjusted",-0.1,2,1000,0.520984528181667,0.499308510038492,0,0,0
82,"unanchored",1,1,0.3,"present","unadjusted",-0.1,5,1000,0.520984528181667,0.499308510038492,0,0,0
82,"unanchored",1,1,0.3,"present","unadjusted",0.1,1,1000,0.520984528181667,0.499308510038492,0.996,0.996,0.00199699473909873
82,"unanchored",1,1,0.3,"present","unadjusted",0.1,2,1000,0.520984528181667,0.499308510038492,0.999,0.999,0.00100000000000001
82,"unanchored",1,1,0.3,"present","unadjusted",0.1,5,1000,0.520984528181667,0.499308510038492,1,1,0
82,"unanchored",1,1,0.3,"present","unadjusted",0.3,1,1000,0.520984528181667,0.499308510038492,0.917,0.917,0.00872852720607479
82,"unanchored",1,1,0.3,"present","unadjusted",0.3,2,1000,0.520984528181667,0.499308510038492,0.965,0.965,0.00581453427273495
82,"unanchored",1,1,0.3,"present","unadjusted",0.3,5,1000,0.520984528181667,0.499308510038492,0.988,0.988,0.00344497719409984
83,"anchored",4,1,0.3,"present","gcomp",-0.3,1,1000,0.165806820317608,-0.00714486872173646,0.033,0.033,0.00565180882045237
83,"anchored",4,1,0.3,"present","gcomp",-0.3,2,1000,0.165806820317608,-0.00714486872173646,0.014,0.0280000000000002,0.00743446509651319
83,"anchored",4,1,0.3,"present","gcomp",-0.3,5,1000,0.165806820317608,-0.00714486872173646,0.002,0.01,0.00706752785278919
83,"anchored",4,1,0.3,"present","gcomp",-0.1,1,1000,0.165806820317608,-0.00714486872173646,0.291,0.291,0.0143709959823779
83,"anchored",4,1,0.3,"present","gcomp",-0.1,2,1000,0.165806820317608,-0.00714486872173646,0.173,0.346,0.0239344282751198
83,"anchored",4,1,0.3,"present","gcomp",-0.1,5,1000,0.165806820317608,-0.00714486872173646,0.063,0.315,0.0384350393814322
83,"anchored",4,1,0.3,"present","gcomp",0.1,1,1000,0.165806820317608,-0.00714486872173646,0.262,0.262,0.0139122086510213
83,"anchored",4,1,0.3,"present","gcomp",0.1,2,1000,0.165806820317608,-0.00714486872173646,0.42,0.42,0.015615500115073
83,"anchored",4,1,0.3,"present","gcomp",0.1,5,1000,0.165806820317608,-0.00714486872173646,0.623,0.623,0.0153331701257799
83,"anchored",4,1,0.3,"present","gcomp",0.3,1,1000,0.165806820317608,-0.00714486872173646,0.033,0.033,0.00565180882045237
83,"anchored",4,1,0.3,"present","gcomp",0.3,2,1000,0.165806820317608,-0.00714486872173646,0.078,0.078,0.00848457353011859
83,"anchored",4,1,0.3,"present","gcomp",0.3,5,1000,0.165806820317608,-0.00714486872173646,0.191,0.191,0.0124367871121795
83,"anchored",4,1,0.3,"present","maic_index",-0.3,1,1000,0.197213335273048,-0.00519059065897253,0.076,0.076,0.00838416926679638
83,"anchored",4,1,0.3,"present","maic_index",-0.3,2,1000,0.197213335273048,-0.00519059065897253,0.028,0.056,0.0104390120688201
83,"anchored",4,1,0.3,"present","maic_index",-0.3,5,1000,0.197213335273048,-0.00519059065897253,0.007,0.0349999999999999,0.013188970731219
83,"anchored",4,1,0.3,"present","maic_index",-0.1,1,1000,0.197213335273048,-0.00519059065897253,0.314,0.314,0.014683991951088
83,"anchored",4,1,0.3,"present","maic_index",-0.1,2,1000,0.197213335273048,-0.00519059065897253,0.177,0.354,0.0241509268407501
83,"anchored",4,1,0.3,"present","maic_index",-0.1,5,1000,0.197213335273048,-0.00519059065897253,0.088,0.44,0.0448152698129603
83,"anchored",4,1,0.3,"present","maic_index",0.1,1,1000,0.197213335273048,-0.00519059065897253,0.292,0.292,0.0143855115634773
83,"anchored",4,1,0.3,"present","maic_index",0.1,2,1000,0.197213335273048,-0.00519059065897253,0.472,0.472,0.0157944757895115
83,"anchored",4,1,0.3,"present","maic_index",0.1,5,1000,0.197213335273048,-0.00519059065897253,0.664,0.664,0.014944140233795
83,"anchored",4,1,0.3,"present","maic_index",0.3,1,1000,0.197213335273048,-0.00519059065897253,0.065,0.0649999999999999,0.007799733061832
83,"anchored",4,1,0.3,"present","maic_index",0.3,2,1000,0.197213335273048,-0.00519059065897253,0.119,0.119,0.0102442151453367
83,"anchored",4,1,0.3,"present","maic_index",0.3,5,1000,0.197213335273048,-0.00519059065897253,0.27,0.27,0.0140462556326339
83,"anchored",4,1,0.3,"present","maic_means",-0.3,1,1000,0.197239351844506,-0.00418016066628953,0.076,0.076,0.00838416926679637
83,"anchored",4,1,0.3,"present","maic_means",-0.3,2,1000,0.197239351844506,-0.00418016066628953,0.027,0.0539999999999999,0.0102561780985506
83,"anchored",4,1,0.3,"present","maic_means",-0.3,5,1000,0.197239351844506,-0.00418016066628953,0.007,0.0349999999999999,0.013188970731219
83,"anchored",4,1,0.3,"present","maic_means",-0.1,1,1000,0.197239351844506,-0.00418016066628953,0.319,0.319,0.0147464048654735
83,"anchored",4,1,0.3,"present","maic_means",-0.1,2,1000,0.197239351844506,-0.00418016066628953,0.181,0.362,0.0243628723583558
83,"anchored",4,1,0.3,"present","maic_means",-0.1,5,1000,0.197239351844506,-0.00418016066628953,0.087,0.435,0.0445843331537301
83,"anchored",4,1,0.3,"present","maic_means",0.1,1,1000,0.197239351844506,-0.00418016066628953,0.289,0.289,0.0143417113582962
83,"anchored",4,1,0.3,"present","maic_means",0.1,2,1000,0.197239351844506,-0.00418016066628953,0.472,0.472,0.0157944757895115
83,"anchored",4,1,0.3,"present","maic_means",0.1,5,1000,0.197239351844506,-0.00418016066628953,0.66,0.66,0.0149874822643639
83,"anchored",4,1,0.3,"present","maic_means",0.3,1,1000,0.197239351844506,-0.00418016066628953,0.064,0.064,0.00774364022691928
83,"anchored",4,1,0.3,"present","maic_means",0.3,2,1000,0.197239351844506,-0.00418016066628953,0.126,0.126,0.010499249222408
83,"anchored",4,1,0.3,"present","maic_means",0.3,5,1000,0.197239351844506,-0.00418016066628953,0.274,0.274,0.0141110992882596
83,"anchored",4,1,0.3,"present","maic_meanvar",-0.3,1,1000,0.197759772649824,-0.00502809216136802,0.081,0.081,0.00863212103213997
83,"anchored",4,1,0.3,"present","maic_meanvar",-0.3,2,1000,0.197759772649824,-0.00502809216136802,0.027,0.054,0.0102561780985506
83,"anchored",4,1,0.3,"present","maic_meanvar",-0.3,5,1000,0.197759772649824,-0.00502809216136802,0.007,0.0349999999999999,0.013188970731219
83,"anchored",4,1,0.3,"present","maic_meanvar",-0.1,1,1000,0.197759772649824,-0.00502809216136802,0.32,0.32,0.0147586523035749
83,"anchored",4,1,0.3,"present","maic_meanvar",-0.1,2,1000,0.197759772649824,-0.00502809216136802,0.182,0.364,0.0244151612753243
83,"anchored",4,1,0.3,"present","maic_meanvar",-0.1,5,1000,0.197759772649824,-0.00502809216136802,0.087,0.435,0.0445843331537301
83,"anchored",4,1,0.3,"present","maic_meanvar",0.1,1,1000,0.197759772649824,-0.00502809216136802,0.285,0.285,0.0142821209552005
83,"anchored",4,1,0.3,"present","maic_meanvar",0.1,2,1000,0.197759772649824,-0.00502809216136802,0.473,0.473,0.0157962185513026
83,"anchored",4,1,0.3,"present","maic_meanvar",0.1,5,1000,0.197759772649824,-0.00502809216136802,0.662,0.662,0.0149659607102245
83,"anchored",4,1,0.3,"present","maic_meanvar",0.3,1,1000,0.197759772649824,-0.00502809216136802,0.065,0.0649999999999999,0.00779973306183201
83,"anchored",4,1,0.3,"present","maic_meanvar",0.3,2,1000,0.197759772649824,-0.00502809216136802,0.13,0.13,0.0106401697924994
83,"anchored",4,1,0.3,"present","maic_meanvar",0.3,5,1000,0.197759772649824,-0.00502809216136802,0.274,0.274,0.0141110992882596
83,"anchored",4,1,0.3,"present","unadjusted",-0.3,1,1000,0.190039871240773,0.0259526410368867,0.047,0.0470000000000001,0.00669595667816304
83,"anchored",4,1,0.3,"present","unadjusted",-0.3,2,1000,0.190039871240773,0.0259526410368867,0.018,0.0360000000000003,0.00841277449922288
83,"anchored",4,1,0.3,"present","unadjusted",-0.3,5,1000,0.190039871240773,0.0259526410368867,0.003,0.015,0.00865158077173473
83,"anchored",4,1,0.3,"present","unadjusted",-0.1,1,1000,0.190039871240773,0.0259526410368867,0.249,0.249,0.0136816002787023
83,"anchored",4,1,0.3,"present","unadjusted",-0.1,2,1000,0.190039871240773,0.0259526410368867,0.136,0.272,0.021690700460946
83,"anchored",4,1,0.3,"present","unadjusted",-0.1,5,1000,0.190039871240773,0.0259526410368867,0.053,0.265,0.0354405280862325
83,"anchored",4,1,0.3,"present","unadjusted",0.1,1,1000,0.190039871240773,0.0259526410368867,0.364,0.364,0.015222868840522
83,"anchored",4,1,0.3,"present","unadjusted",0.1,2,1000,0.190039871240773,0.0259526410368867,0.521,0.521,0.0158053411481313
83,"anchored",4,1,0.3,"present","unadjusted",0.1,5,1000,0.190039871240773,0.0259526410368867,0.711,0.711,0.0143417113582962
83,"anchored",4,1,0.3,"present","unadjusted",0.3,1,1000,0.190039871240773,0.0259526410368867,0.074,0.0740000000000001,0.00828206451270416
83,"anchored",4,1,0.3,"present","unadjusted",0.3,2,1000,0.190039871240773,0.0259526410368867,0.146,0.146,0.0111717862854965
83,"anchored",4,1,0.3,"present","unadjusted",0.3,5,1000,0.190039871240773,0.0259526410368867,0.323,0.323,0.0147949278433486
84,"unanchored",4,1,0.3,"present","gcomp",-0.3,1,1000,0.113912472348384,-0.00127338948380776,0.003,0.003,0.00173031615434693
84,"unanchored",4,1,0.3,"present","gcomp",-0.3,2,1000,0.113912472348384,-0.00127338948380776,0.002,0.004,0.00282701114111564
84,"unanchored",4,1,0.3,"present","gcomp",-0.3,5,1000,0.113912472348384,-0.00127338948380776,0,0,0
84,"unanchored",4,1,0.3,"present","gcomp",-0.1,1,1000,0.113912472348384,-0.00127338948380776,0.183,0.183,0.0122335873994778
84,"unanchored",4,1,0.3,"present","gcomp",-0.1,2,1000,0.113912472348384,-0.00127338948380776,0.082,0.164,0.0173610312310475
84,"unanchored",4,1,0.3,"present","gcomp",-0.1,5,1000,0.113912472348384,-0.00127338948380776,0.032,0.16,0.027841967875407
84,"unanchored",4,1,0.3,"present","gcomp",0.1,1,1000,0.113912472348384,-0.00127338948380776,0.176,0.176,0.0120486168985975
84,"unanchored",4,1,0.3,"present","gcomp",0.1,2,1000,0.113912472348384,-0.00127338948380776,0.308,0.308,0.0146064831273428
84,"unanchored",4,1,0.3,"present","gcomp",0.1,5,1000,0.113912472348384,-0.00127338948380776,0.547,0.547,0.0157492551899776
84,"unanchored",4,1,0.3,"present","gcomp",0.3,1,1000,0.113912472348384,-0.00127338948380776,0.01,0.01,0.00314800093867677
84,"unanchored",4,1,0.3,"present","gcomp",0.3,2,1000,0.113912472348384,-0.00127338948380776,0.019,0.019,0.00431945108291062
84,"unanchored",4,1,0.3,"present","gcomp",0.3,5,1000,0.113912472348384,-0.00127338948380776,0.047,0.047,0.00669595667816304
84,"unanchored",4,1,0.3,"present","maic_index",-0.3,1,1000,0.114471339973077,-0.00636079952102517,0.006,0.006,0.00244335219932985
84,"unanchored",4,1,0.3,"present","maic_index",-0.3,2,1000,0.114471339973077,-0.00636079952102517,0.003,0.00600000000000003,0.00346063230869385
84,"unanchored",4,1,0.3,"present","maic_index",-0.3,5,1000,0.114471339973077,-0.00636079952102517,0,0,0
84,"unanchored",4,1,0.3,"present","maic_index",-0.1,1,1000,0.114471339973077,-0.00636079952102517,0.2,0.2,0.0126554399433666
84,"unanchored",4,1,0.3,"present","maic_index",-0.1,2,1000,0.114471339973077,-0.00636079952102517,0.08,0.16,0.0171666739555073
84,"unanchored",4,1,0.3,"present","maic_index",-0.1,5,1000,0.114471339973077,-0.00636079952102517,0.023,0.115,0.0237136529732837
84,"unanchored",4,1,0.3,"present","maic_index",0.1,1,1000,0.114471339973077,-0.00636079952102517,0.166,0.166,0.0117721103708122
84,"unanchored",4,1,0.3,"present","maic_index",0.1,2,1000,0.114471339973077,-0.00636079952102517,0.327,0.327,0.0148422131534112
84,"unanchored",4,1,0.3,"present","maic_index",0.1,5,1000,0.114471339973077,-0.00636079952102517,0.597,0.597,0.0155187574190665
84,"unanchored",4,1,0.3,"present","maic_index",0.3,1,1000,0.114471339973077,-0.00636079952102517,0.008,0.00799999999999999,0.00281850030050451
84,"unanchored",4,1,0.3,"present","maic_index",0.3,2,1000,0.114471339973077,-0.00636079952102517,0.019,0.019,0.00431945108291062
84,"unanchored",4,1,0.3,"present","maic_index",0.3,5,1000,0.114471339973077,-0.00636079952102517,0.064,0.064,0.00774364022691932
84,"unanchored",4,1,0.3,"present","maic_means",-0.3,1,1000,0.113472719696113,-0.00268084136491043,0.005,0.00500000000000002,0.00223158687484488
84,"unanchored",4,1,0.3,"present","maic_means",-0.3,2,1000,0.113472719696113,-0.00268084136491043,0.002,0.004,0.00282701114111564
84,"unanchored",4,1,0.3,"present","maic_means",-0.3,5,1000,0.113472719696113,-0.00268084136491043,0,0,0
84,"unanchored",4,1,0.3,"present","maic_means",-0.1,1,1000,0.113472719696113,-0.00268084136491043,0.195,0.195,0.0125352356233193
84,"unanchored",4,1,0.3,"present","maic_means",-0.1,2,1000,0.113472719696113,-0.00268084136491043,0.072,0.144,0.0163563911524374
84,"unanchored",4,1,0.3,"present","maic_means",-0.1,5,1000,0.113472719696113,-0.00268084136491043,0.019,0.095,0.0215972554145532
84,"unanchored",4,1,0.3,"present","maic_means",0.1,1,1000,0.113472719696113,-0.00268084136491043,0.171,0.171,0.0119122164562646
84,"unanchored",4,1,0.3,"present","maic_means",0.1,2,1000,0.113472719696113,-0.00268084136491043,0.34,0.34,0.0149874822643639
84,"unanchored",4,1,0.3,"present","maic_means",0.1,5,1000,0.113472719696113,-0.00268084136491043,0.615,0.615,0.0153951944454108
84,"unanchored",4,1,0.3,"present","maic_means",0.3,1,1000,0.113472719696113,-0.00268084136491043,0.008,0.00799999999999999,0.00281850030050451
84,"unanchored",4,1,0.3,"present","maic_means",0.3,2,1000,0.113472719696113,-0.00268084136491043,0.02,0.02,0.00442940398017834
84,"unanchored",4,1,0.3,"present","maic_means",0.3,5,1000,0.113472719696113,-0.00268084136491043,0.068,0.0680000000000002,0.0079648879112916
84,"unanchored",4,1,0.3,"present","maic_meanvar",-0.3,1,1000,0.114220257976574,-0.0056730327173345,0.007,0.007,0.00263779414624377
84,"unanchored",4,1,0.3,"present","maic_meanvar",-0.3,2,1000,0.114220257976574,-0.0056730327173345,0.002,0.004,0.00282701114111564
84,"unanchored",4,1,0.3,"present","maic_meanvar",-0.3,5,1000,0.114220257976574,-0.0056730327173345,0,0,0
84,"unanchored",4,1,0.3,"present","maic_meanvar",-0.1,1,1000,0.114220257976574,-0.0056730327173345,0.201,0.201,0.0126791072146173
84,"unanchored",4,1,0.3,"present","maic_meanvar",-0.1,2,1000,0.114220257976574,-0.0056730327173345,0.077,0.154,0.0168691602804813
84,"unanchored",4,1,0.3,"present","maic_meanvar",-0.1,5,1000,0.114220257976574,-0.0056730327173345,0.024,0.12,0.0242112822086357
84,"unanchored",4,1,0.3,"present","maic_meanvar",0.1,1,1000,0.114220257976574,-0.0056730327173345,0.174,0.174,0.0119944932309734
84,"unanchored",4,1,0.3,"present","maic_meanvar",0.1,2,1000,0.114220257976574,-0.0056730327173345,0.332,0.332,0.0148995972428115
84,"unanchored",4,1,0.3,"present","maic_meanvar",0.1,5,1000,0.114220257976574,-0.0056730327173345,0.609,0.609,0.0154388262946818
84,"unanchored",4,1,0.3,"present","maic_meanvar",0.3,1,1000,0.114220257976574,-0.0056730327173345,0.009,0.00900000000000004,0.00298796384314268
84,"unanchored",4,1,0.3,"present","maic_meanvar",0.3,2,1000,0.114220257976574,-0.0056730327173345,0.02,0.02,0.00442940398017835
84,"unanchored",4,1,0.3,"present","maic_meanvar",0.3,5,1000,0.114220257976574,-0.0056730327173345,0.063,0.0630000000000001,0.00768700787628644
84,"unanchored",4,1,0.3,"present","unadjusted",-0.3,1,1000,0.672709837682318,0.658754879575992,0,0,0
84,"unanchored",4,1,0.3,"present","unadjusted",-0.3,2,1000,0.672709837682318,0.658754879575992,0,0,0
84,"unanchored",4,1,0.3,"present","unadjusted",-0.3,5,1000,0.672709837682318,0.658754879575992,0,0,0
84,"unanchored",4,1,0.3,"present","unadjusted",-0.1,1,1000,0.672709837682318,0.658754879575992,0,0,0
84,"unanchored",4,1,0.3,"present","unadjusted",-0.1,2,1000,0.672709837682318,0.658754879575992,0,0,0
84,"unanchored",4,1,0.3,"present","unadjusted",-0.1,5,1000,0.672709837682318,0.658754879575992,0,0,0
84,"unanchored",4,1,0.3,"present","unadjusted",0.1,1,1000,0.672709837682318,0.658754879575992,1,1,0
84,"unanchored",4,1,0.3,"present","unadjusted",0.1,2,1000,0.672709837682318,0.658754879575992,1,1,0
84,"unanchored",4,1,0.3,"present","unadjusted",0.1,5,1000,0.672709837682318,0.658754879575992,1,1,0
84,"unanchored",4,1,0.3,"present","unadjusted",0.3,1,1000,0.672709837682318,0.658754879575992,0.995,0.995,0.00223158687484488
84,"unanchored",4,1,0.3,"present","unadjusted",0.3,2,1000,0.672709837682318,0.658754879575992,0.998,0.998,0.0014135055705578
84,"unanchored",4,1,0.3,"present","unadjusted",0.3,5,1000,0.672709837682318,0.658754879575992,1,1,0
85,"anchored",0.25,2,0.3,"present","gcomp",-0.3,1,1000,0.19042687055893,-0.00277897824387319,0.059,0.059,0.00745483565040673
85,"anchored",0.25,2,0.3,"present","gcomp",-0.3,2,1000,0.19042687055893,-0.00277897824387319,0.021,0.0420000000000001,0.00907294430261293
85,"anchored",0.25,2,0.3,"present","gcomp",-0.3,5,1000,0.19042687055893,-0.00277897824387319,0.003,0.015,0.00865158077173474
85,"anchored",0.25,2,0.3,"present","gcomp",-0.1,1,1000,0.19042687055893,-0.00277897824387319,0.294,0.294,0.0144142905400082
85,"anchored",0.25,2,0.3,"present","gcomp",-0.1,2,1000,0.19042687055893,-0.00277897824387319,0.171,0.342,0.0238244329125292
85,"anchored",0.25,2,0.3,"present","gcomp",-0.1,5,1000,0.19042687055893,-0.00277897824387319,0.062,0.31,0.0381491199814011
85,"anchored",0.25,2,0.3,"present","gcomp",0.1,1,1000,0.19042687055893,-0.00277897824387319,0.294,0.294,0.0144142905400082
85,"anchored",0.25,2,0.3,"present","gcomp",0.1,2,1000,0.19042687055893,-0.00277897824387319,0.461,0.461,0.0157711042012832
85,"anchored",0.25,2,0.3,"present","gcomp",0.1,5,1000,0.19042687055893,-0.00277897824387319,0.696,0.696,0.0145532056879504
85,"anchored",0.25,2,0.3,"present","gcomp",0.3,1,1000,0.19042687055893,-0.00277897824387319,0.06,0.06,0.00751375115747492
85,"anchored",0.25,2,0.3,"present","gcomp",0.3,2,1000,0.19042687055893,-0.00277897824387319,0.121,0.121,0.0103182103809461
85,"anchored",0.25,2,0.3,"present","gcomp",0.3,5,1000,0.19042687055893,-0.00277897824387319,0.282,0.282,0.0142365262152914
85,"anchored",0.25,2,0.3,"present","maic_index",-0.3,1,1000,0.2007275395929,-0.0256946337728638,0.09,0.0900000000000001,0.00905439020486644
85,"anchored",0.25,2,0.3,"present","maic_index",-0.3,2,1000,0.2007275395929,-0.0256946337728638,0.028,0.056,0.0104390120688201
85,"anchored",0.25,2,0.3,"present","maic_index",-0.3,5,1000,0.2007275395929,-0.0256946337728638,0.008,0.04,0.0140925015025224
85,"anchored",0.25,2,0.3,"present","maic_index",-0.1,1,1000,0.2007275395929,-0.0256946337728638,0.359,0.359,0.0151772642247986
85,"anchored",0.25,2,0.3,"present","maic_index",-0.1,2,1000,0.2007275395929,-0.0256946337728638,0.2,0.400000000000001,0.0253108798867333
85,"anchored",0.25,2,0.3,"present","maic_index",-0.1,5,1000,0.2007275395929,-0.0256946337728638,0.087,0.435,0.0445843331537301
85,"anchored",0.25,2,0.3,"present","maic_index",0.1,1,1000,0.2007275395929,-0.0256946337728638,0.267,0.267,0.0139966748517963
85,"anchored",0.25,2,0.3,"present","maic_index",0.1,2,1000,0.2007275395929,-0.0256946337728638,0.428,0.428,0.0156544262450293
85,"anchored",0.25,2,0.3,"present","maic_index",0.1,5,1000,0.2007275395929,-0.0256946337728638,0.648,0.648,0.0151104045056487
85,"anchored",0.25,2,0.3,"present","maic_index",0.3,1,1000,0.2007275395929,-0.0256946337728638,0.05,0.0499999999999999,0.00689547297489789
85,"anchored",0.25,2,0.3,"present","maic_index",0.3,2,1000,0.2007275395929,-0.0256946337728638,0.108,0.108,0.00982000165134572
85,"anchored",0.25,2,0.3,"present","maic_index",0.3,5,1000,0.2007275395929,-0.0256946337728638,0.274,0.274,0.0141110992882596
85,"anchored",0.25,2,0.3,"present","maic_means",-0.3,1,1000,0.214389081615531,-0.0801333970760042,0.139,0.139,0.010945263761043
85,"anchored",0.25,2,0.3,"present","maic_means",-0.3,2,1000,0.214389081615531,-0.0801333970760042,0.069,0.138,0.0160378681006303
85,"anchored",0.25,2,0.3,"present","maic_means",-0.3,5,1000,0.214389081615531,-0.0801333970760042,0.013,0.065,0.0179191544470185
85,"anchored",0.25,2,0.3,"present","maic_means",-0.1,1,1000,0.214389081615531,-0.0801333970760042,0.462,0.462,0.0157735476290151
85,"anchored",0.25,2,0.3,"present","maic_means",-0.1,2,1000,0.214389081615531,-0.0801333970760042,0.28,0.56,0.028411392208183
85,"anchored",0.25,2,0.3,"present","maic_means",-0.1,5,1000,0.214389081615531,-0.0801333970760042,0.138,0.69,0.0545607631625224
85,"anchored",0.25,2,0.3,"present","maic_means",0.1,1,1000,0.214389081615531,-0.0801333970760042,0.193,0.193,0.0124862687343701
85,"anchored",0.25,2,0.3,"present","maic_means",0.1,2,1000,0.214389081615531,-0.0801333970760042,0.329,0.329,0.0148653953859284
85,"anchored",0.25,2,0.3,"present","maic_means",0.1,5,1000,0.214389081615531,-0.0801333970760042,0.541,0.541,0.0157660257378822
85,"anchored",0.25,2,0.3,"present","maic_means",0.3,1,1000,0.214389081615531,-0.0801333970760042,0.024,0.024,0.00484225644172706
85,"anchored",0.25,2,0.3,"present","maic_means",0.3,2,1000,0.214389081615531,-0.0801333970760042,0.065,0.0649999999999999,0.00779973306183204
85,"anchored",0.25,2,0.3,"present","maic_means",0.3,5,1000,0.214389081615531,-0.0801333970760042,0.189,0.189,0.0123867845881177
85,"anchored",0.25,2,0.3,"present","maic_meanvar",-0.3,1,1000,0.216660709567288,-0.00170990070264475,0.078,0.078,0.00848457353011858
85,"anchored",0.25,2,0.3,"present","maic_meanvar",-0.3,2,1000,0.216660709567288,-0.00170990070264475,0.027,0.0539999999999999,0.0102561780985506
85,"anchored",0.25,2,0.3,"present","maic_meanvar",-0.3,5,1000,0.216660709567288,-0.00170990070264475,0.008,0.0400000000000004,0.0140925015025224
85,"anchored",0.25,2,0.3,"present","maic_meanvar",-0.1,1,1000,0.216660709567288,-0.00170990070264475,0.334,0.334,0.014922019523733
85,"anchored",0.25,2,0.3,"present","maic_meanvar",-0.1,2,1000,0.216660709567288,-0.00170990070264475,0.186,0.372,0.0246215804168256
85,"anchored",0.25,2,0.3,"present","maic_meanvar",-0.1,5,1000,0.216660709567288,-0.00170990070264475,0.064,0.32,0.0387182011345968
85,"anchored",0.25,2,0.3,"present","maic_meanvar",0.1,1,1000,0.216660709567288,-0.00170990070264475,0.322,0.322,0.0147829136009967
85,"anchored",0.25,2,0.3,"present","maic_meanvar",0.1,2,1000,0.216660709567288,-0.00170990070264475,0.495,0.495,0.0158185089444366
85,"anchored",0.25,2,0.3,"present","maic_meanvar",0.1,5,1000,0.216660709567288,-0.00170990070264475,0.699,0.699,0.0145123950335431
85,"anchored",0.25,2,0.3,"present","maic_meanvar",0.3,1,1000,0.216660709567288,-0.00170990070264475,0.086,0.0859999999999999,0.00887032596259477
85,"anchored",0.25,2,0.3,"present","maic_meanvar",0.3,2,1000,0.216660709567288,-0.00170990070264475,0.18,0.18,0.012155153135512
85,"anchored",0.25,2,0.3,"present","maic_meanvar",0.3,5,1000,0.216660709567288,-0.00170990070264475,0.359,0.359,0.0151772642247986
85,"anchored",0.25,2,0.3,"present","unadjusted",-0.3,1,1000,0.189998079671611,-0.00313979129883308,0.061,0.061,0.00757207609155741
85,"anchored",0.25,2,0.3,"present","unadjusted",-0.3,2,1000,0.189998079671611,-0.00313979129883308,0.022,0.0440000000000001,0.0092817105185494
85,"anchored",0.25,2,0.3,"present","unadjusted",-0.3,5,1000,0.189998079671611,-0.00313979129883308,0.003,0.0150000000000001,0.00865158077173474
85,"anchored",0.25,2,0.3,"present","unadjusted",-0.1,1,1000,0.189998079671611,-0.00313979129883308,0.295,0.295,0.0144285544384455
85,"anchored",0.25,2,0.3,"present","unadjusted",-0.1,2,1000,0.189998079671611,-0.00313979129883308,0.168,0.336,0.0236572116629085
85,"anchored",0.25,2,0.3,"present","unadjusted",-0.1,5,1000,0.189998079671611,-0.00313979129883308,0.067,0.334999999999999,0.0395517299158882
85,"anchored",0.25,2,0.3,"present","unadjusted",0.1,1,1000,0.189998079671611,-0.00313979129883308,0.294,0.294,0.0144142905400082
85,"anchored",0.25,2,0.3,"present","unadjusted",0.1,2,1000,0.189998079671611,-0.00313979129883308,0.466,0.466,0.0157826833299376
85,"anchored",0.25,2,0.3,"present","unadjusted",0.1,5,1000,0.189998079671611,-0.00313979129883308,0.694,0.694,0.014580006055437
85,"anchored",0.25,2,0.3,"present","unadjusted",0.3,1,1000,0.189998079671611,-0.00313979129883308,0.055,0.0550000000000001,0.00721297629463924
85,"anchored",0.25,2,0.3,"present","unadjusted",0.3,2,1000,0.189998079671611,-0.00313979129883308,0.119,0.119,0.0102442151453367
85,"anchored",0.25,2,0.3,"present","unadjusted",0.3,5,1000,0.189998079671611,-0.00313979129883308,0.28,0.28,0.0142056961040915
86,"unanchored",0.25,2,0.3,"present","gcomp",-0.3,1,1000,0.148647084840139,0.0089981272349457,0.01,0.01,0.00314800093867678
86,"unanchored",0.25,2,0.3,"present","gcomp",-0.3,2,1000,0.148647084840139,0.0089981272349457,0.006,0.012,0.00488670439865966
86,"unanchored",0.25,2,0.3,"present","gcomp",-0.3,5,1000,0.148647084840139,0.0089981272349457,0.002,0.0100000000000002,0.00706752785278929
86,"unanchored",0.25,2,0.3,"present","gcomp",-0.1,1,1000,0.148647084840139,0.0089981272349457,0.231,0.231,0.0133347972169364
86,"unanchored",0.25,2,0.3,"present","gcomp",-0.1,2,1000,0.148647084840139,0.0089981272349457,0.127,0.254,0.0210695972417115
86,"unanchored",0.25,2,0.3,"present","gcomp",-0.1,5,1000,0.148647084840139,0.0089981272349457,0.036,0.18,0.0294697890808279
86,"unanchored",0.25,2,0.3,"present","gcomp",0.1,1,1000,0.148647084840139,0.0089981272349457,0.256,0.256,0.0138077751522342
86,"unanchored",0.25,2,0.3,"present","gcomp",0.1,2,1000,0.148647084840139,0.0089981272349457,0.405,0.405,0.015531136990453
86,"unanchored",0.25,2,0.3,"present","gcomp",0.1,5,1000,0.148647084840139,0.0089981272349457,0.652,0.652,0.0150706046037684
86,"unanchored",0.25,2,0.3,"present","gcomp",0.3,1,1000,0.148647084840139,0.0089981272349457,0.031,0.031,0.0054835270646792
86,"unanchored",0.25,2,0.3,"present","gcomp",0.3,2,1000,0.148647084840139,0.0089981272349457,0.066,0.0660000000000001,0.00785529793869758
86,"unanchored",0.25,2,0.3,"present","gcomp",0.3,5,1000,0.148647084840139,0.0089981272349457,0.156,0.156,0.0114802350061224
86,"unanchored",0.25,2,0.3,"present","maic_index",-0.3,1,1000,0.153405898624336,0.00937093601623713,0.017,0.017,0.0040899544896891
86,"unanchored",0.25,2,0.3,"present","maic_index",-0.3,2,1000,0.153405898624336,0.00937093601623713,0.006,0.012,0.00488670439865969
86,"unanchored",0.25,2,0.3,"present","maic_index",-0.3,5,1000,0.153405898624336,0.00937093601623713,0.002,0.0100000000000002,0.00706752785278929
86,"unanchored",0.25,2,0.3,"present","maic_index",-0.1,1,1000,0.153405898624336,0.00937093601623713,0.236,0.236,0.0134344514024387
86,"unanchored",0.25,2,0.3,"present","maic_index",-0.1,2,1000,0.153405898624336,0.00937093601623713,0.13,0.26,0.0212803395849987
86,"unanchored",0.25,2,0.3,"present","maic_index",-0.1,5,1000,0.153405898624336,0.00937093601623713,0.038,0.19,0.0302459057529249
86,"unanchored",0.25,2,0.3,"present","maic_index",0.1,1,1000,0.153405898624336,0.00937093601623713,0.266,0.266,0.0139799656451451
86,"unanchored",0.25,2,0.3,"present","maic_index",0.1,2,1000,0.153405898624336,0.00937093601623713,0.422,0.422,0.0156256251126207
86,"unanchored",0.25,2,0.3,"present","maic_index",0.1,5,1000,0.153405898624336,0.00937093601623713,0.668,0.668,0.0148995972428115
86,"unanchored",0.25,2,0.3,"present","maic_index",0.3,1,1000,0.153405898624336,0.00937093601623713,0.037,0.0370000000000001,0.00597215762238962
86,"unanchored",0.25,2,0.3,"present","maic_index",0.3,2,1000,0.153405898624336,0.00937093601623713,0.07,0.0699999999999999,0.00807249435832349
86,"unanchored",0.25,2,0.3,"present","maic_index",0.3,5,1000,0.153405898624336,0.00937093601623713,0.188,0.188,0.0123615860151038
86,"unanchored",0.25,2,0.3,"present","maic_means",-0.3,1,1000,0.174378351819521,-0.0983972453702315,0.08,0.08,0.00858333697775365
86,"unanchored",0.25,2,0.3,"present","maic_means",-0.3,2,1000,0.174378351819521,-0.0983972453702315,0.025,0.05,0.0098791496393969
86,"unanchored",0.25,2,0.3,"present","maic_means",-0.3,5,1000,0.174378351819521,-0.0983972453702315,0.005,0.0249999999999998,0.0111579343742244
86,"unanchored",0.25,2,0.3,"present","maic_means",-0.1,1,1000,0.174378351819521,-0.0983972453702315,0.509,0.509,0.0158167369950054
86,"unanchored",0.25,2,0.3,"present","maic_means",-0.1,2,1000,0.174378351819521,-0.0983972453702315,0.296,0.592,0.02888546988315
86,"unanchored",0.25,2,0.3,"present","maic_means",-0.1,5,1000,0.174378351819521,-0.0983972453702315,0.153,0.765,0.0569475022983272
86,"unanchored",0.25,2,0.3,"present","maic_means",0.1,1,1000,0.174378351819521,-0.0983972453702315,0.081,0.0809999999999998,0.00863212103214
86,"unanchored",0.25,2,0.3,"present","maic_means",0.1,2,1000,0.174378351819521,-0.0983972453702315,0.182,0.182,0.0122075806376621
86,"unanchored",0.25,2,0.3,"present","maic_means",0.1,5,1000,0.174378351819521,-0.0983972453702315,0.351,0.351,0.0151005637983164
86,"unanchored",0.25,2,0.3,"present","maic_means",0.3,1,1000,0.174378351819521,-0.0983972453702315,0.006,0.006,0.00244335219932982
86,"unanchored",0.25,2,0.3,"present","maic_means",0.3,2,1000,0.174378351819521,-0.0983972453702315,0.014,0.014,0.00371723254825658
86,"unanchored",0.25,2,0.3,"present","maic_means",0.3,5,1000,0.174378351819521,-0.0983972453702315,0.048,0.048,0.00676326413366669
86,"unanchored",0.25,2,0.3,"present","maic_meanvar",-0.3,1,1000,0.163898129261559,0.00425393133218527,0.023,0.023,0.0047427305946568
86,"unanchored",0.25,2,0.3,"present","maic_meanvar",-0.3,2,1000,0.163898129261559,0.00425393133218527,0.01,0.02,0.00629600187735354
86,"unanchored",0.25,2,0.3,"present","maic_meanvar",-0.3,5,1000,0.163898129261559,0.00425393133218527,0.003,0.0150000000000001,0.00865158077173474
86,"unanchored",0.25,2,0.3,"present","maic_meanvar",-0.1,1,1000,0.163898129261559,0.00425393133218527,0.261,0.261,0.0138950376779651
86,"unanchored",0.25,2,0.3,"present","maic_meanvar",-0.1,2,1000,0.163898129261559,0.00425393133218527,0.14,0.28,0.0219563676887156
86,"unanchored",0.25,2,0.3,"present","maic_meanvar",-0.1,5,1000,0.163898129261559,0.00425393133218527,0.049,0.245,0.0341488087807047
86,"unanchored",0.25,2,0.3,"present","maic_meanvar",0.1,1,1000,0.163898129261559,0.00425393133218527,0.277,0.277,0.0141587948453063
86,"unanchored",0.25,2,0.3,"present","maic_meanvar",0.1,2,1000,0.163898129261559,0.00425393133218527,0.43,0.43,0.0156635036101553
86,"unanchored",0.25,2,0.3,"present","maic_meanvar",0.1,5,1000,0.163898129261559,0.00425393133218527,0.658,0.658,0.0150087061821217
86,"unanchored",0.25,2,0.3,"present","maic_meanvar",0.3,1,1000,0.163898129261559,0.00425393133218527,0.039,0.0390000000000001,0.00612507277642605
86,"unanchored",0.25,2,0.3,"present","maic_meanvar",0.3,2,1000,0.163898129261559,0.00425393133218527,0.09,0.09,0.00905439020486644
86,"unanchored",0.25,2,0.3,"present","maic_meanvar",0.3,5,1000,0.163898129261559,0.00425393133218527,0.22,0.22,0.0131061730406618
86,"unanchored",0.25,2,0.3,"present","unadjusted",-0.3,1,1000,0.263705468205307,0.216657281467611,0.001,0.000999999999999999,0.00100000000000001
86,"unanchored",0.25,2,0.3,"present","unadjusted",-0.3,2,1000,0.263705468205307,0.216657281467611,0,0,0
86,"unanchored",0.25,2,0.3,"present","unadjusted",-0.3,5,1000,0.263705468205307,0.216657281467611,0,0,0
86,"unanchored",0.25,2,0.3,"present","unadjusted",-0.1,1,1000,0.263705468205307,0.216657281467611,0.016,0.016,0.00396985639031942
86,"unanchored",0.25,2,0.3,"present","unadjusted",-0.1,2,1000,0.263705468205307,0.216657281467611,0.004,0.00799999999999999,0.00399398947819746
86,"unanchored",0.25,2,0.3,"present","unadjusted",-0.1,5,1000,0.263705468205307,0.216657281467611,0.003,0.015,0.00865158077173474
86,"unanchored",0.25,2,0.3,"present","unadjusted",0.1,1,1000,0.263705468205307,0.216657281467611,0.777,0.777,0.0131698308434257
86,"unanchored",0.25,2,0.3,"present","unadjusted",0.1,2,1000,0.263705468205307,0.216657281467611,0.89,0.89,0.00989939381972443
86,"unanchored",0.25,2,0.3,"present","unadjusted",0.1,5,1000,0.263705468205307,0.216657281467611,0.964,0.964,0.00589395781616557
86,"unanchored",0.25,2,0.3,"present","unadjusted",0.3,1,1000,0.263705468205307,0.216657281467611,0.294,0.294,0.0144142905400082
86,"unanchored",0.25,2,0.3,"present","unadjusted",0.3,2,1000,0.263705468205307,0.216657281467611,0.45,0.45,0.0157400046933838
86,"unanchored",0.25,2,0.3,"present","unadjusted",0.3,5,1000,0.263705468205307,0.216657281467611,0.651,0.651,0.0150806639915631
87,"anchored",1,2,0.3,"present","gcomp",-0.3,1,1000,0.192681879346956,-0.00699924304867509,0.057,0.057,0.00733517585370683
87,"anchored",1,2,0.3,"present","gcomp",-0.3,2,1000,0.192681879346956,-0.00699924304867509,0.022,0.044,0.00928171051854941
87,"anchored",1,2,0.3,"present","gcomp",-0.3,5,1000,0.192681879346956,-0.00699924304867509,0.005,0.025,0.0111579343742244
87,"anchored",1,2,0.3,"present","gcomp",-0.1,1,1000,0.192681879346956,-0.00699924304867509,0.327,0.327,0.0148422131534113
87,"anchored",1,2,0.3,"present","gcomp",-0.1,2,1000,0.192681879346956,-0.00699924304867509,0.18,0.36,0.0243103062710239
87,"anchored",1,2,0.3,"present","gcomp",-0.1,5,1000,0.192681879346956,-0.00699924304867509,0.069,0.345,0.0400946702515754
87,"anchored",1,2,0.3,"present","gcomp",0.1,1,1000,0.192681879346956,-0.00699924304867509,0.288,0.288,0.0143269417972316
87,"anchored",1,2,0.3,"present","gcomp",0.1,2,1000,0.192681879346956,-0.00699924304867509,0.425,0.425,0.0156403203170401
87,"anchored",1,2,0.3,"present","gcomp",0.1,5,1000,0.192681879346956,-0.00699924304867509,0.629,0.629,0.0152837362118232
87,"anchored",1,2,0.3,"present","gcomp",0.3,1,1000,0.192681879346956,-0.00699924304867509,0.058,0.058,0.00739531545579293
87,"anchored",1,2,0.3,"present","gcomp",0.3,2,1000,0.192681879346956,-0.00699924304867509,0.12,0.12,0.0102813280127474
87,"anchored",1,2,0.3,"present","gcomp",0.3,5,1000,0.192681879346956,-0.00699924304867509,0.257,0.257,0.013825416526895
87,"anchored",1,2,0.3,"present","maic_index",-0.3,1,1000,0.205359668006327,-0.0185648091594891,0.08,0.08,0.00858333697775365
87,"anchored",1,2,0.3,"present","maic_index",-0.3,2,1000,0.205359668006327,-0.0185648091594891,0.028,0.056,0.0104390120688201
87,"anchored",1,2,0.3,"present","maic_index",-0.3,5,1000,0.205359668006327,-0.0185648091594891,0.007,0.035,0.013188970731219
87,"anchored",1,2,0.3,"present","maic_index",-0.1,1,1000,0.205359668006327,-0.0185648091594891,0.368,0.368,0.0152580735615218
87,"anchored",1,2,0.3,"present","maic_index",-0.1,2,1000,0.205359668006327,-0.0185648091594891,0.191,0.382,0.024873574224359
87,"anchored",1,2,0.3,"present","maic_index",-0.1,5,1000,0.205359668006327,-0.0185648091594891,0.084,0.419999999999999,0.0438808104474556
87,"anchored",1,2,0.3,"present","maic_index",0.1,1,1000,0.205359668006327,-0.0185648091594891,0.277,0.277,0.0141587948453063
87,"anchored",1,2,0.3,"present","maic_index",0.1,2,1000,0.205359668006327,-0.0185648091594891,0.422,0.422,0.0156256251126207
87,"anchored",1,2,0.3,"present","maic_index",0.1,5,1000,0.205359668006327,-0.0185648091594891,0.618,0.618,0.0153724530349685
87,"anchored",1,2,0.3,"present","maic_index",0.3,1,1000,0.205359668006327,-0.0185648091594891,0.065,0.065,0.00779973306183202
87,"anchored",1,2,0.3,"present","maic_index",0.3,2,1000,0.205359668006327,-0.0185648091594891,0.127,0.127,0.0105347986208558
87,"anchored",1,2,0.3,"present","maic_index",0.3,5,1000,0.205359668006327,-0.0185648091594891,0.265,0.265,0.01396316475481
87,"anchored",1,2,0.3,"present","maic_means",-0.3,1,1000,0.219965455486455,-0.0899108655437583,0.132,0.132,0.010709373963528
87,"anchored",1,2,0.3,"present","maic_means",-0.3,2,1000,0.219965455486455,-0.0899108655437583,0.07,0.14,0.016144988716647
87,"anchored",1,2,0.3,"present","maic_means",-0.3,5,1000,0.219965455486455,-0.0899108655437583,0.024,0.12,0.0242112822086356
87,"anchored",1,2,0.3,"present","maic_means",-0.1,1,1000,0.219965455486455,-0.0899108655437583,0.501,0.501,0.0158192682905768
87,"anchored",1,2,0.3,"present","maic_means",-0.1,2,1000,0.219965455486455,-0.0899108655437583,0.337,0.674,0.0299101758373072
87,"anchored",1,2,0.3,"present","maic_means",-0.1,5,1000,0.219965455486455,-0.0899108655437583,0.144,0.72,0.0555399377446955
87,"anchored",1,2,0.3,"present","maic_means",0.1,1,1000,0.219965455486455,-0.0899108655437583,0.172,0.172,0.0119397888824953
87,"anchored",1,2,0.3,"present","maic_means",0.1,2,1000,0.219965455486455,-0.0899108655437583,0.303,0.303,0.0145396837105352
87,"anchored",1,2,0.3,"present","maic_means",0.1,5,1000,0.219965455486455,-0.0899108655437583,0.486,0.486,0.015813097547731
87,"anchored",1,2,0.3,"present","maic_means",0.3,1,1000,0.219965455486455,-0.0899108655437583,0.033,0.033,0.00565180882045237
87,"anchored",1,2,0.3,"present","maic_means",0.3,2,1000,0.219965455486455,-0.0899108655437583,0.069,0.069,0.00801893405031515
87,"anchored",1,2,0.3,"present","maic_means",0.3,5,1000,0.219965455486455,-0.0899108655437583,0.152,0.152,0.0113589183034753
87,"anchored",1,2,0.3,"present","maic_meanvar",-0.3,1,1000,0.220988286941506,-0.0135601143469583,0.078,0.078,0.00848457353011859
87,"anchored",1,2,0.3,"present","maic_meanvar",-0.3,2,1000,0.220988286941506,-0.0135601143469583,0.035,0.07,0.0116290685454699
87,"anchored",1,2,0.3,"present","maic_meanvar",-0.3,5,1000,0.220988286941506,-0.0135601143469583,0.014,0.0699999999999999,0.0185861627412829
87,"anchored",1,2,0.3,"present","maic_meanvar",-0.1,1,1000,0.220988286941506,-0.0135601143469583,0.375,0.375,0.015316971293621
87,"anchored",1,2,0.3,"present","maic_meanvar",-0.1,2,1000,0.220988286941506,-0.0135601143469583,0.206,0.412,0.0255912272255731
87,"anchored",1,2,0.3,"present","maic_meanvar",-0.1,5,1000,0.220988286941506,-0.0135601143469583,0.07,0.35,0.0403624717916171
87,"anchored",1,2,0.3,"present","maic_meanvar",0.1,1,1000,0.220988286941506,-0.0135601143469583,0.284,0.284,0.0142670090610313
87,"anchored",1,2,0.3,"present","maic_meanvar",0.1,2,1000,0.220988286941506,-0.0135601143469583,0.435,0.435,0.0156850572527172
87,"anchored",1,2,0.3,"present","maic_meanvar",0.1,5,1000,0.220988286941506,-0.0135601143469583,0.648,0.648,0.0151104045056487
87,"anchored",1,2,0.3,"present","maic_meanvar",0.3,1,1000,0.220988286941506,-0.0135601143469583,0.093,0.093,0.00918887563499668
87,"anchored",1,2,0.3,"present","maic_meanvar",0.3,2,1000,0.220988286941506,-0.0135601143469583,0.168,0.168,0.0118286058314543
87,"anchored",1,2,0.3,"present","maic_meanvar",0.3,5,1000,0.220988286941506,-0.0135601143469583,0.301,0.301,0.0145123950335432
87,"anchored",1,2,0.3,"present","unadjusted",-0.3,1,1000,0.201399639364551,-0.0447926195037649,0.088,0.088,0.00896305396259207
87,"anchored",1,2,0.3,"present","unadjusted",-0.3,2,1000,0.201399639364551,-0.0447926195037649,0.041,0.0820000000000001,0.0125472480422375
87,"anchored",1,2,0.3,"present","unadjusted",-0.3,5,1000,0.201399639364551,-0.0447926195037649,0.008,0.0400000000000002,0.0140925015025225
87,"anchored",1,2,0.3,"present","unadjusted",-0.1,1,1000,0.201399639364551,-0.0447926195037649,0.406,0.406,0.0155372264386346
87,"anchored",1,2,0.3,"present","unadjusted",-0.1,2,1000,0.201399639364551,-0.0447926195037649,0.246,0.491999999999999,0.0272521316355013
87,"anchored",1,2,0.3,"present","unadjusted",-0.1,5,1000,0.201399639364551,-0.0447926195037649,0.099,0.495,0.0472462401383138
87,"anchored",1,2,0.3,"present","unadjusted",0.1,1,1000,0.201399639364551,-0.0447926195037649,0.236,0.236,0.0134344514024387
87,"anchored",1,2,0.3,"present","unadjusted",0.1,2,1000,0.201399639364551,-0.0447926195037649,0.365,0.365,0.0152317762262649
87,"anchored",1,2,0.3,"present","unadjusted",0.1,5,1000,0.201399639364551,-0.0447926195037649,0.556,0.556,0.0157197681634021
87,"anchored",1,2,0.3,"present","unadjusted",0.3,1,1000,0.201399639364551,-0.0447926195037649,0.043,0.043,0.00641811437979974
87,"anchored",1,2,0.3,"present","unadjusted",0.3,2,1000,0.201399639364551,-0.0447926195037649,0.093,0.093,0.00918887563499668
87,"anchored",1,2,0.3,"present","unadjusted",0.3,5,1000,0.201399639364551,-0.0447926195037649,0.205,0.205,0.0127725540961131
88,"unanchored",1,2,0.3,"present","gcomp",-0.3,1,1000,0.138010167951974,0.0013225527390952,0.012,0.012,0.00344497719409987
88,"unanchored",1,2,0.3,"present","gcomp",-0.3,2,1000,0.138010167951974,0.0013225527390952,0.003,0.00600000000000008,0.00346063230869386
88,"unanchored",1,2,0.3,"present","gcomp",-0.3,5,1000,0.138010167951974,0.0013225527390952,0.001,0.00500000000000006,0.00500000000000005
88,"unanchored",1,2,0.3,"present","gcomp",-0.1,1,1000,0.138010167951974,0.0013225527390952,0.238,0.238,0.0134735866619672
88,"unanchored",1,2,0.3,"present","gcomp",-0.1,2,1000,0.138010167951974,0.0013225527390952,0.129,0.258000000000001,0.0212105135695932
88,"unanchored",1,2,0.3,"present","gcomp",-0.1,5,1000,0.138010167951974,0.0013225527390952,0.041,0.205000000000001,0.0313681201055935
88,"unanchored",1,2,0.3,"present","gcomp",0.1,1,1000,0.138010167951974,0.0013225527390952,0.235,0.235,0.0134147290302473
88,"unanchored",1,2,0.3,"present","gcomp",0.1,2,1000,0.138010167951974,0.0013225527390952,0.387,0.387,0.0154100119554939
88,"unanchored",1,2,0.3,"present","gcomp",0.1,5,1000,0.138010167951974,0.0013225527390952,0.593,0.593,0.0155432491002555
88,"unanchored",1,2,0.3,"present","gcomp",0.3,1,1000,0.138010167951974,0.0013225527390952,0.016,0.016,0.00396985639031941
88,"unanchored",1,2,0.3,"present","gcomp",0.3,2,1000,0.138010167951974,0.0013225527390952,0.048,0.048,0.00676326413366668
88,"unanchored",1,2,0.3,"present","gcomp",0.3,5,1000,0.138010167951974,0.0013225527390952,0.116,0.116,0.010131468138757
88,"unanchored",1,2,0.3,"present","maic_index",-0.3,1,1000,0.137547510173084,0.0025708273406695,0.012,0.012,0.00344497719409981
88,"unanchored",1,2,0.3,"present","maic_index",-0.3,2,1000,0.137547510173084,0.0025708273406695,0.002,0.004,0.0028270111411156
88,"unanchored",1,2,0.3,"present","maic_index",-0.3,5,1000,0.137547510173084,0.0025708273406695,0.001,0.00500000000000006,0.00500000000000005
88,"unanchored",1,2,0.3,"present","maic_index",-0.1,1,1000,0.137547510173084,0.0025708273406695,0.224,0.224,0.0131908300723645
88,"unanchored",1,2,0.3,"present","maic_index",-0.1,2,1000,0.137547510173084,0.0025708273406695,0.119,0.238,0.0204884302906733
88,"unanchored",1,2,0.3,"present","maic_index",-0.1,5,1000,0.137547510173084,0.0025708273406695,0.037,0.185,0.0298607881119481
88,"unanchored",1,2,0.3,"present","maic_index",0.1,1,1000,0.137547510173084,0.0025708273406695,0.241,0.241,0.0135315225345154
88,"unanchored",1,2,0.3,"present","maic_index",0.1,2,1000,0.137547510173084,0.0025708273406695,0.385,0.385,0.015395194445411
88,"unanchored",1,2,0.3,"present","maic_index",0.1,5,1000,0.137547510173084,0.0025708273406695,0.634,0.634,0.0152406127264058
88,"unanchored",1,2,0.3,"present","maic_index",0.3,1,1000,0.137547510173084,0.0025708273406695,0.021,0.0210000000000001,0.00453647215130652
88,"unanchored",1,2,0.3,"present","maic_index",0.3,2,1000,0.137547510173084,0.0025708273406695,0.047,0.0469999999999998,0.00669595667816304
88,"unanchored",1,2,0.3,"present","maic_index",0.3,5,1000,0.137547510173084,0.0025708273406695,0.125,0.125,0.0104634833819567
88,"unanchored",1,2,0.3,"present","maic_means",-0.3,1,1000,0.175151445996852,-0.117700230296601,0.073,0.0729999999999999,0.00823035471524409
88,"unanchored",1,2,0.3,"present","maic_means",-0.3,2,1000,0.175151445996852,-0.117700230296601,0.028,0.0560000000000001,0.0104390120688201
88,"unanchored",1,2,0.3,"present","maic_means",-0.3,5,1000,0.175151445996852,-0.117700230296601,0.003,0.015,0.00865158077173473
88,"unanchored",1,2,0.3,"present","maic_means",-0.1,1,1000,0.175151445996852,-0.117700230296601,0.555,0.555,0.0157233018867609
88,"unanchored",1,2,0.3,"present","maic_means",-0.1,2,1000,0.175151445996852,-0.117700230296601,0.371,0.742,0.0305674724236464
88,"unanchored",1,2,0.3,"present","maic_means",-0.1,5,1000,0.175151445996852,-0.117700230296601,0.175,0.875,0.06010813578866
88,"unanchored",1,2,0.3,"present","maic_means",0.1,1,1000,0.175151445996852,-0.117700230296601,0.052,0.0520000000000001,0.00702462421381713
88,"unanchored",1,2,0.3,"present","maic_means",0.1,2,1000,0.175151445996852,-0.117700230296601,0.109,0.109,0.00985982840703718
88,"unanchored",1,2,0.3,"present","maic_means",0.1,5,1000,0.175151445996852,-0.117700230296601,0.27,0.27,0.0140462556326339
88,"unanchored",1,2,0.3,"present","maic_means",0.3,1,1000,0.175151445996852,-0.117700230296601,0.002,0.002,0.00141350557055782
88,"unanchored",1,2,0.3,"present","maic_means",0.3,2,1000,0.175151445996852,-0.117700230296601,0.004,0.004,0.00199699473909873
88,"unanchored",1,2,0.3,"present","maic_means",0.3,5,1000,0.175151445996852,-0.117700230296601,0.017,0.017,0.0040899544896891
88,"unanchored",1,2,0.3,"present","maic_meanvar",-0.3,1,1000,0.154481928112264,0.0022606762568664,0.019,0.0189999999999999,0.00431945108291063
88,"unanchored",1,2,0.3,"present","maic_meanvar",-0.3,2,1000,0.154481928112264,0.0022606762568664,0.007,0.014,0.00527558829248753
88,"unanchored",1,2,0.3,"present","maic_meanvar",-0.3,5,1000,0.154481928112264,0.0022606762568664,0.002,0.0100000000000001,0.00706752785278926
88,"unanchored",1,2,0.3,"present","maic_meanvar",-0.1,1,1000,0.154481928112264,0.0022606762568664,0.25,0.25,0.0136999156087798
88,"unanchored",1,2,0.3,"present","maic_meanvar",-0.1,2,1000,0.154481928112264,0.0022606762568664,0.145,0.29,0.0222799550357802
88,"unanchored",1,2,0.3,"present","maic_meanvar",-0.1,5,1000,0.154481928112264,0.0022606762568664,0.049,0.245,0.0341488087807047
88,"unanchored",1,2,0.3,"present","maic_meanvar",0.1,1,1000,0.154481928112264,0.0022606762568664,0.262,0.262,0.0139122086510213
88,"unanchored",1,2,0.3,"present","maic_meanvar",0.1,2,1000,0.154481928112264,0.0022606762568664,0.424,0.424,0.0156354874714052
88,"unanchored",1,2,0.3,"present","maic_meanvar",0.1,5,1000,0.154481928112264,0.0022606762568664,0.644,0.644,0.0151490426593066
88,"unanchored",1,2,0.3,"present","maic_meanvar",0.3,1,1000,0.154481928112264,0.0022606762568664,0.03,0.03,0.00539714082909919
88,"unanchored",1,2,0.3,"present","maic_meanvar",0.3,2,1000,0.154481928112264,0.0022606762568664,0.068,0.0680000000000001,0.0079648879112916
88,"unanchored",1,2,0.3,"present","maic_meanvar",0.3,5,1000,0.154481928112264,0.0022606762568664,0.171,0.171,0.0119122164562646
88,"unanchored",1,2,0.3,"present","unadjusted",-0.3,1,1000,0.339632902678311,0.309935379999268,0,0,0
88,"unanchored",1,2,0.3,"present","unadjusted",-0.3,2,1000,0.339632902678311,0.309935379999268,0,0,0
88,"unanchored",1,2,0.3,"present","unadjusted",-0.3,5,1000,0.339632902678311,0.309935379999268,0,0,0
88,"unanchored",1,2,0.3,"present","unadjusted",-0.1,1,1000,0.339632902678311,0.309935379999268,0.002,0.002,0.00141350557055781
88,"unanchored",1,2,0.3,"present","unadjusted",-0.1,2,1000,0.339632902678311,0.309935379999268,0.002,0.004,0.00282701114111563
88,"unanchored",1,2,0.3,"present","unadjusted",-0.1,5,1000,0.339632902678311,0.309935379999268,0,0,0
88,"unanchored",1,2,0.3,"present","unadjusted",0.1,1,1000,0.339632902678311,0.309935379999268,0.938,0.938,0.00762982399628031
88,"unanchored",1,2,0.3,"present","unadjusted",0.1,2,1000,0.339632902678311,0.309935379999268,0.976,0.976,0.00484225644172703
88,"unanchored",1,2,0.3,"present","unadjusted",0.1,5,1000,0.339632902678311,0.309935379999268,0.992,0.992,0.00281850030050451
88,"unanchored",1,2,0.3,"present","unadjusted",0.3,1,1000,0.339632902678311,0.309935379999268,0.531,0.531,0.015788865959539
88,"unanchored",1,2,0.3,"present","unadjusted",0.3,2,1000,0.339632902678311,0.309935379999268,0.694,0.694,0.014580006055437
88,"unanchored",1,2,0.3,"present","unadjusted",0.3,5,1000,0.339632902678311,0.309935379999268,0.854,0.854,0.0111717862854965
89,"anchored",4,2,0.3,"present","gcomp",-0.3,1,1000,0.174095220657238,-0.000795970209164883,0.043,0.043,0.00641811437979974
89,"anchored",4,2,0.3,"present","gcomp",-0.3,2,1000,0.174095220657238,-0.000795970209164883,0.019,0.038,0.00863890216582124
89,"anchored",4,2,0.3,"present","gcomp",-0.3,5,1000,0.174095220657238,-0.000795970209164883,0.003,0.0150000000000001,0.00865158077173473
89,"anchored",4,2,0.3,"present","gcomp",-0.1,1,1000,0.174095220657238,-0.000795970209164883,0.276,0.276,0.0141429849757407
89,"anchored",4,2,0.3,"present","gcomp",-0.1,2,1000,0.174095220657238,-0.000795970209164883,0.152,0.304,0.0227178366069505
89,"anchored",4,2,0.3,"present","gcomp",-0.1,5,1000,0.174095220657238,-0.000795970209164883,0.062,0.31,0.0381491199814011
89,"anchored",4,2,0.3,"present","gcomp",0.1,1,1000,0.174095220657238,-0.000795970209164883,0.273,0.273,0.0140950228687176
89,"anchored",4,2,0.3,"present","gcomp",0.1,2,1000,0.174095220657238,-0.000795970209164883,0.444,0.444,0.0157197681634021
89,"anchored",4,2,0.3,"present","gcomp",0.1,5,1000,0.174095220657238,-0.000795970209164883,0.64,0.64,0.0151865279320401
89,"anchored",4,2,0.3,"present","gcomp",0.3,1,1000,0.174095220657238,-0.000795970209164883,0.043,0.0429999999999999,0.00641811437979974
89,"anchored",4,2,0.3,"present","gcomp",0.3,2,1000,0.174095220657238,-0.000795970209164883,0.091,0.0909999999999999,0.00909954953840022
89,"anchored",4,2,0.3,"present","gcomp",0.3,5,1000,0.174095220657238,-0.000795970209164883,0.21,0.209999999999999,0.0128866623322745
89,"anchored",4,2,0.3,"present","maic_index",-0.3,1,1000,0.192755905310509,-0.00773275419844133,0.07,0.0699999999999999,0.0080724943583235
89,"anchored",4,2,0.3,"present","maic_index",-0.3,2,1000,0.192755905310509,-0.00773275419844133,0.024,0.048,0.00968451288345414
89,"anchored",4,2,0.3,"present","maic_index",-0.3,5,1000,0.192755905310509,-0.00773275419844133,0.005,0.025,0.0111579343742244
89,"anchored",4,2,0.3,"present","maic_index",-0.1,1,1000,0.192755905310509,-0.00773275419844133,0.31,0.31,0.0146326386586329
89,"anchored",4,2,0.3,"present","maic_index",-0.1,2,1000,0.192755905310509,-0.00773275419844133,0.174,0.348,0.0239889864619468
89,"anchored",4,2,0.3,"present","maic_index",-0.1,5,1000,0.192755905310509,-0.00773275419844133,0.076,0.38,0.041920846333982
89,"anchored",4,2,0.3,"present","maic_index",0.1,1,1000,0.192755905310509,-0.00773275419844133,0.276,0.276,0.0141429849757407
89,"anchored",4,2,0.3,"present","maic_index",0.1,2,1000,0.192755905310509,-0.00773275419844133,0.462,0.462,0.0157735476290151
89,"anchored",4,2,0.3,"present","maic_index",0.1,5,1000,0.192755905310509,-0.00773275419844133,0.663,0.663,0.0149550879186536
89,"anchored",4,2,0.3,"present","maic_index",0.3,1,1000,0.192755905310509,-0.00773275419844133,0.053,0.053,0.00708810561724644
89,"anchored",4,2,0.3,"present","maic_index",0.3,2,1000,0.192755905310509,-0.00773275419844133,0.114,0.114,0.0100551034358233
89,"anchored",4,2,0.3,"present","maic_index",0.3,5,1000,0.192755905310509,-0.00773275419844133,0.256,0.256,0.0138077751522342
89,"anchored",4,2,0.3,"present","maic_means",-0.3,1,1000,0.20837623663454,-0.0904740008078569,0.136,0.136,0.010845350230473
89,"anchored",4,2,0.3,"present","maic_means",-0.3,2,1000,0.20837623663454,-0.0904740008078569,0.064,0.128,0.0154872804538386
89,"anchored",4,2,0.3,"present","maic_means",-0.3,5,1000,0.20837623663454,-0.0904740008078569,0.018,0.0900000000000001,0.0210319362480574
89,"anchored",4,2,0.3,"present","maic_means",-0.1,1,1000,0.20837623663454,-0.0904740008078569,0.477,0.477,0.0158025542467261
89,"anchored",4,2,0.3,"present","maic_means",-0.1,2,1000,0.20837623663454,-0.0904740008078569,0.313,0.626,0.0293425456459558
89,"anchored",4,2,0.3,"present","maic_means",-0.1,5,1000,0.20837623663454,-0.0904740008078569,0.162,0.81,0.0582863388565221
89,"anchored",4,2,0.3,"present","maic_means",0.1,1,1000,0.20837623663454,-0.0904740008078569,0.153,0.153,0.0113895004596655
89,"anchored",4,2,0.3,"present","maic_means",0.1,2,1000,0.20837623663454,-0.0904740008078569,0.281,0.281,0.0142211547084349
89,"anchored",4,2,0.3,"present","maic_means",0.1,5,1000,0.20837623663454,-0.0904740008078569,0.482,0.482,0.0158090456994067
89,"anchored",4,2,0.3,"present","maic_means",0.3,1,1000,0.20837623663454,-0.0904740008078569,0.022,0.022,0.0046408552592747
89,"anchored",4,2,0.3,"present","maic_means",0.3,2,1000,0.20837623663454,-0.0904740008078569,0.042,0.0420000000000001,0.00634635929303385
89,"anchored",4,2,0.3,"present","maic_means",0.3,5,1000,0.20837623663454,-0.0904740008078569,0.13,0.13,0.0106401697924994
89,"anchored",4,2,0.3,"present","maic_meanvar",-0.3,1,1000,0.211471622727751,-0.00357879155210866,0.083,0.0829999999999999,0.00872852720607479
89,"anchored",4,2,0.3,"present","maic_meanvar",-0.3,2,1000,0.211471622727751,-0.00357879155210866,0.034,0.0680000000000002,0.0114676722793909
89,"anchored",4,2,0.3,"present","maic_meanvar",-0.3,5,1000,0.211471622727751,-0.00357879155210866,0.009,0.0450000000000001,0.0149398192157135
89,"anchored",4,2,0.3,"present","maic_meanvar",-0.1,1,1000,0.211471622727751,-0.00357879155210866,0.31,0.31,0.0146326386586329
89,"anchored",4,2,0.3,"present","maic_meanvar",-0.1,2,1000,0.211471622727751,-0.00357879155210866,0.194,0.388,0.0250216322825288
89,"anchored",4,2,0.3,"present","maic_meanvar",-0.1,5,1000,0.211471622727751,-0.00357879155210866,0.082,0.410000000000002,0.0434025780776189
89,"anchored",4,2,0.3,"present","maic_meanvar",0.1,1,1000,0.211471622727751,-0.00357879155210866,0.303,0.303,0.0145396837105353
89,"anchored",4,2,0.3,"present","maic_meanvar",0.1,2,1000,0.211471622727751,-0.00357879155210866,0.489,0.489,0.0158154711952927
89,"anchored",4,2,0.3,"present","maic_meanvar",0.1,5,1000,0.211471622727751,-0.00357879155210866,0.691,0.691,0.0146196009772065
89,"anchored",4,2,0.3,"present","maic_meanvar",0.3,1,1000,0.211471622727751,-0.00357879155210866,0.071,0.071,0.00812557844248792
89,"anchored",4,2,0.3,"present","maic_meanvar",0.3,2,1000,0.211471622727751,-0.00357879155210866,0.142,0.142,0.0110434576993782
89,"anchored",4,2,0.3,"present","maic_meanvar",0.3,5,1000,0.211471622727751,-0.00357879155210866,0.306,0.306,0.014580006055437
89,"anchored",4,2,0.3,"present","unadjusted",-0.3,1,1000,0.1984683762794,-0.0747813443032759,0.116,0.116,0.010131468138757
89,"anchored",4,2,0.3,"present","unadjusted",-0.3,2,1000,0.1984683762794,-0.0747813443032759,0.043,0.0859999999999999,0.0128362287595995
89,"anchored",4,2,0.3,"present","unadjusted",-0.3,5,1000,0.1984683762794,-0.0747813443032759,0.015,0.0750000000000001,0.0192287478725149
89,"anchored",4,2,0.3,"present","unadjusted",-0.1,1,1000,0.1984683762794,-0.0747813443032759,0.447,0.447,0.0157301760460091
89,"anchored",4,2,0.3,"present","unadjusted",-0.1,2,1000,0.1984683762794,-0.0747813443032759,0.282,0.564,0.0284730524305827
89,"anchored",4,2,0.3,"present","unadjusted",-0.1,5,1000,0.1984683762794,-0.0747813443032759,0.144,0.72,0.0555399377446955
89,"anchored",4,2,0.3,"present","unadjusted",0.1,1,1000,0.1984683762794,-0.0747813443032759,0.165,0.165,0.0117436328669162
89,"anchored",4,2,0.3,"present","unadjusted",0.1,2,1000,0.1984683762794,-0.0747813443032759,0.31,0.31,0.0146326386586329
89,"anchored",4,2,0.3,"present","unadjusted",0.1,5,1000,0.1984683762794,-0.0747813443032759,0.495,0.495,0.0158185089444367
89,"anchored",4,2,0.3,"present","unadjusted",0.3,1,1000,0.1984683762794,-0.0747813443032759,0.023,0.023,0.0047427305946568
89,"anchored",4,2,0.3,"present","unadjusted",0.3,2,1000,0.1984683762794,-0.0747813443032759,0.047,0.047,0.00669595667816304
89,"anchored",4,2,0.3,"present","unadjusted",0.3,5,1000,0.1984683762794,-0.0747813443032759,0.134,0.134,0.0107777622983697
90,"unanchored",4,2,0.3,"present","gcomp",-0.3,1,1000,0.116701118263994,-0.00366981905654751,0.005,0.00500000000000001,0.00223158687484488
90,"unanchored",4,2,0.3,"present","gcomp",-0.3,2,1000,0.116701118263994,-0.00366981905654751,0.004,0.00799999999999999,0.00399398947819746
90,"unanchored",4,2,0.3,"present","gcomp",-0.3,5,1000,0.116701118263994,-0.00366981905654751,0,0,0
90,"unanchored",4,2,0.3,"present","gcomp",-0.1,1,1000,0.116701118263994,-0.00366981905654751,0.204,0.204,0.0127493743590244
90,"unanchored",4,2,0.3,"present","gcomp",-0.1,2,1000,0.116701118263994,-0.00366981905654751,0.098,0.196,0.0188132383692425
90,"unanchored",4,2,0.3,"present","gcomp",-0.1,5,1000,0.116701118263994,-0.00366981905654751,0.038,0.19,0.0302459057529249
90,"unanchored",4,2,0.3,"present","gcomp",0.1,1,1000,0.116701118263994,-0.00366981905654751,0.185,0.185,0.0122851913263867
90,"unanchored",4,2,0.3,"present","gcomp",0.1,2,1000,0.116701118263994,-0.00366981905654751,0.331,0.331,0.0148882725882039
90,"unanchored",4,2,0.3,"present","gcomp",0.1,5,1000,0.116701118263994,-0.00366981905654751,0.543,0.543,0.0157606915901364
90,"unanchored",4,2,0.3,"present","gcomp",0.3,1,1000,0.116701118263994,-0.00366981905654751,0.003,0.00300000000000001,0.00173031615434694
90,"unanchored",4,2,0.3,"present","gcomp",0.3,2,1000,0.116701118263994,-0.00366981905654751,0.014,0.014,0.00371723254825658
90,"unanchored",4,2,0.3,"present","gcomp",0.3,5,1000,0.116701118263994,-0.00366981905654751,0.054,0.054,0.00715088352129543
90,"unanchored",4,2,0.3,"present","maic_index",-0.3,1,1000,0.116140522067553,-0.00314436458084316,0.006,0.006,0.00244335219932984
90,"unanchored",4,2,0.3,"present","maic_index",-0.3,2,1000,0.116140522067553,-0.00314436458084316,0.004,0.00799999999999999,0.00399398947819746
90,"unanchored",4,2,0.3,"present","maic_index",-0.3,5,1000,0.116140522067553,-0.00314436458084316,0,0,0
90,"unanchored",4,2,0.3,"present","maic_index",-0.1,1,1000,0.116140522067553,-0.00314436458084316,0.203,0.203,0.0127260737445983
90,"unanchored",4,2,0.3,"present","maic_index",-0.1,2,1000,0.116140522067553,-0.00314436458084316,0.09,0.18,0.0181087804097329
90,"unanchored",4,2,0.3,"present","maic_index",-0.1,5,1000,0.116140522067553,-0.00314436458084316,0.031,0.155,0.027417635323396
90,"unanchored",4,2,0.3,"present","maic_index",0.1,1,1000,0.116140522067553,-0.00314436458084316,0.177,0.177,0.0120754634203751
90,"unanchored",4,2,0.3,"present","maic_index",0.1,2,1000,0.116140522067553,-0.00314436458084316,0.363,0.363,0.0152138904446713
90,"unanchored",4,2,0.3,"present","maic_index",0.1,5,1000,0.116140522067553,-0.00314436458084316,0.597,0.597,0.0155187574190665
90,"unanchored",4,2,0.3,"present","maic_index",0.3,1,1000,0.116140522067553,-0.00314436458084316,0.003,0.003,0.00173031615434694
90,"unanchored",4,2,0.3,"present","maic_index",0.3,2,1000,0.116140522067553,-0.00314436458084316,0.017,0.017,0.00408995448968909
90,"unanchored",4,2,0.3,"present","maic_index",0.3,5,1000,0.116140522067553,-0.00314436458084316,0.073,0.0729999999999999,0.00823035471524408
90,"unanchored",4,2,0.3,"present","maic_means",-0.3,1,1000,0.125167375993298,-0.0651949741127748,0.012,0.012,0.00344497719409983
90,"unanchored",4,2,0.3,"present","maic_means",-0.3,2,1000,0.125167375993298,-0.0651949741127748,0.003,0.006,0.00346063230869386
90,"unanchored",4,2,0.3,"present","maic_means",-0.3,5,1000,0.125167375993298,-0.0651949741127748,0.002,0.01,0.00706752785278918
90,"unanchored",4,2,0.3,"present","maic_means",-0.1,1,1000,0.125167375993298,-0.0651949741127748,0.374,0.374,0.0153087673690064
90,"unanchored",4,2,0.3,"present","maic_means",-0.1,2,1000,0.125167375993298,-0.0651949741127748,0.184,0.368,0.0245189146818771
90,"unanchored",4,2,0.3,"present","maic_means",-0.1,5,1000,0.125167375993298,-0.0651949741127748,0.058,0.29,0.0369765772789652
90,"unanchored",4,2,0.3,"present","maic_means",0.1,1,1000,0.125167375993298,-0.0651949741127748,0.064,0.064,0.0077436402269193
90,"unanchored",4,2,0.3,"present","maic_means",0.1,2,1000,0.125167375993298,-0.0651949741127748,0.155,0.155,0.0114501574707995
90,"unanchored",4,2,0.3,"present","maic_means",0.1,5,1000,0.125167375993298,-0.0651949741127748,0.375,0.375,0.015316971293621
90,"unanchored",4,2,0.3,"present","maic_means",0.3,1,1000,0.125167375993298,-0.0651949741127748,0.001,0.000999999999999999,0.00100000000000001
90,"unanchored",4,2,0.3,"present","maic_means",0.3,2,1000,0.125167375993298,-0.0651949741127748,0.001,0.000999999999999999,0.00100000000000001
90,"unanchored",4,2,0.3,"present","maic_means",0.3,5,1000,0.125167375993298,-0.0651949741127748,0.016,0.016,0.00396985639031942
90,"unanchored",4,2,0.3,"present","maic_meanvar",-0.3,1,1000,0.124139686493502,-0.0038799744255276,0.009,0.00900000000000004,0.00298796384314267
90,"unanchored",4,2,0.3,"present","maic_meanvar",-0.3,2,1000,0.124139686493502,-0.0038799744255276,0.003,0.006,0.00346063230869386
90,"unanchored",4,2,0.3,"present","maic_meanvar",-0.3,5,1000,0.124139686493502,-0.0038799744255276,0,0,0
90,"unanchored",4,2,0.3,"present","maic_meanvar",-0.1,1,1000,0.124139686493502,-0.0038799744255276,0.215,0.215,0.0129978438190318
90,"unanchored",4,2,0.3,"present","maic_meanvar",-0.1,2,1000,0.124139686493502,-0.0038799744255276,0.094,0.188,0.0184661040015755
90,"unanchored",4,2,0.3,"present","maic_meanvar",-0.1,5,1000,0.124139686493502,-0.0038799744255276,0.032,0.16,0.0278419678754068
90,"unanchored",4,2,0.3,"present","maic_meanvar",0.1,1,1000,0.124139686493502,-0.0038799744255276,0.206,0.206,0.0127956136127865
90,"unanchored",4,2,0.3,"present","maic_meanvar",0.1,2,1000,0.124139686493502,-0.0038799744255276,0.371,0.371,0.0152837362118232
90,"unanchored",4,2,0.3,"present","maic_meanvar",0.1,5,1000,0.124139686493502,-0.0038799744255276,0.624,0.624,0.0153251055088981
90,"unanchored",4,2,0.3,"present","maic_meanvar",0.3,1,1000,0.124139686493502,-0.0038799744255276,0.004,0.004,0.00199699473909873
90,"unanchored",4,2,0.3,"present","maic_meanvar",0.3,2,1000,0.124139686493502,-0.0038799744255276,0.022,0.0220000000000001,0.0046408552592747
90,"unanchored",4,2,0.3,"present","maic_meanvar",0.3,5,1000,0.124139686493502,-0.0038799744255276,0.113,0.113,0.0100165528666969
90,"unanchored",4,2,0.3,"present","unadjusted",-0.3,1,1000,0.472228833314036,0.453508308048299,0,0,0
90,"unanchored",4,2,0.3,"present","unadjusted",-0.3,2,1000,0.472228833314036,0.453508308048299,0,0,0
90,"unanchored",4,2,0.3,"present","unadjusted",-0.3,5,1000,0.472228833314036,0.453508308048299,0,0,0
90,"unanchored",4,2,0.3,"present","unadjusted",-0.1,1,1000,0.472228833314036,0.453508308048299,0,0,0
90,"unanchored",4,2,0.3,"present","unadjusted",-0.1,2,1000,0.472228833314036,0.453508308048299,0,0,0
90,"unanchored",4,2,0.3,"present","unadjusted",-0.1,5,1000,0.472228833314036,0.453508308048299,0,0,0
90,"unanchored",4,2,0.3,"present","unadjusted",0.1,1,1000,0.472228833314036,0.453508308048299,0.998,0.998,0.0014135055705578
90,"unanchored",4,2,0.3,"present","unadjusted",0.1,2,1000,0.472228833314036,0.453508308048299,0.999,0.999,0.00100000000000001
90,"unanchored",4,2,0.3,"present","unadjusted",0.1,5,1000,0.472228833314036,0.453508308048299,1,1,0
90,"unanchored",4,2,0.3,"present","unadjusted",0.3,1,1000,0.472228833314036,0.453508308048299,0.875,0.875,0.0104634833819567
90,"unanchored",4,2,0.3,"present","unadjusted",0.3,2,1000,0.472228833314036,0.453508308048299,0.949,0.949,0.00696042006257141
90,"unanchored",4,2,0.3,"present","unadjusted",0.3,5,1000,0.472228833314036,0.453508308048299,0.989,0.989,0.00329998331660782
91,"anchored",0.25,0.5,0.6,"present","gcomp",-0.3,1,1000,0.21855477287047,0.00519932007037144,0.085,0.0849999999999999,0.0088234263669423
91,"anchored",0.25,0.5,0.6,"present","gcomp",-0.3,2,1000,0.21855477287047,0.00519932007037144,0.036,0.072,0.0117879156323312
91,"anchored",0.25,0.5,0.6,"present","gcomp",-0.3,5,1000,0.21855477287047,0.00519932007037144,0.014,0.0699999999999998,0.018586162741283
91,"anchored",0.25,0.5,0.6,"present","gcomp",-0.1,1,1000,0.21855477287047,0.00519932007037144,0.291,0.291,0.014370995982378
91,"anchored",0.25,0.5,0.6,"present","gcomp",-0.1,2,1000,0.21855477287047,0.00519932007037144,0.156,0.312,0.0229604700122447
91,"anchored",0.25,0.5,0.6,"present","gcomp",-0.1,5,1000,0.21855477287047,0.00519932007037144,0.071,0.355,0.0406278922124401
91,"anchored",0.25,0.5,0.6,"present","gcomp",0.1,1,1000,0.21855477287047,0.00519932007037144,0.331,0.331,0.0148882725882039
91,"anchored",0.25,0.5,0.6,"present","gcomp",0.1,2,1000,0.21855477287047,0.00519932007037144,0.503,0.503,0.0158190151792467
91,"anchored",0.25,0.5,0.6,"present","gcomp",0.1,5,1000,0.21855477287047,0.00519932007037144,0.742,0.742,0.0138429631086566
91,"anchored",0.25,0.5,0.6,"present","gcomp",0.3,1,1000,0.21855477287047,0.00519932007037144,0.089,0.0889999999999999,0.00900889339265154
91,"anchored",0.25,0.5,0.6,"present","gcomp",0.3,2,1000,0.21855477287047,0.00519932007037144,0.16,0.16,0.011598902298689
91,"anchored",0.25,0.5,0.6,"present","gcomp",0.3,5,1000,0.21855477287047,0.00519932007037144,0.36,0.36,0.0151865279320401
91,"anchored",0.25,0.5,0.6,"present","maic_index",-0.3,1,1000,0.667896908920745,0.0398398155806352,0.32,0.32,0.0147586523035749
91,"anchored",0.25,0.5,0.6,"present","maic_index",-0.3,2,1000,0.667896908920745,0.0398398155806352,0.213,0.426,0.0259074351334745
91,"anchored",0.25,0.5,0.6,"present","maic_index",-0.3,5,1000,0.667896908920745,0.0398398155806352,0.1,0.5,0.047457899787625
91,"anchored",0.25,0.5,0.6,"present","maic_index",-0.1,1,1000,0.667896908920745,0.0398398155806352,0.418,0.418,0.0156051119675419
91,"anchored",0.25,0.5,0.6,"present","maic_index",-0.1,2,1000,0.667896908920745,0.0398398155806352,0.3,0.6,0.0289972557467229
91,"anchored",0.25,0.5,0.6,"present","maic_index",-0.1,5,1000,0.667896908920745,0.0398398155806352,0.16,0.8,0.0579945114934451
91,"anchored",0.25,0.5,0.6,"present","maic_index",0.1,1,1000,0.667896908920745,0.0398398155806352,0.479,0.479,0.0158053411481313
91,"anchored",0.25,0.5,0.6,"present","maic_index",0.1,2,1000,0.667896908920745,0.0398398155806352,0.598,0.598,0.0155124671357151
91,"anchored",0.25,0.5,0.6,"present","maic_index",0.1,5,1000,0.667896908920745,0.0398398155806352,0.743,0.743,0.013825416526895
91,"anchored",0.25,0.5,0.6,"present","maic_index",0.3,1,1000,0.667896908920745,0.0398398155806352,0.365,0.365,0.0152317762262649
91,"anchored",0.25,0.5,0.6,"present","maic_index",0.3,2,1000,0.667896908920745,0.0398398155806352,0.492,0.492,0.015817274929209
91,"anchored",0.25,0.5,0.6,"present","maic_index",0.3,5,1000,0.667896908920745,0.0398398155806352,0.644,0.644,0.0151490426593066
91,"anchored",0.25,0.5,0.6,"present","maic_means",-0.3,1,1000,0.431347391076221,0.0593246465465291,0.205,0.205,0.0127725540961131
91,"anchored",0.25,0.5,0.6,"present","maic_means",-0.3,2,1000,0.431347391076221,0.0593246465465291,0.108,0.216,0.0196400033026914
91,"anchored",0.25,0.5,0.6,"present","maic_means",-0.3,5,1000,0.431347391076221,0.0593246465465291,0.043,0.215,0.0320905718989991
91,"anchored",0.25,0.5,0.6,"present","maic_means",-0.1,1,1000,0.431347391076221,0.0593246465465291,0.348,0.348,0.0150706046037684
91,"anchored",0.25,0.5,0.6,"present","maic_means",-0.1,2,1000,0.431347391076221,0.0593246465465291,0.214,0.428,0.0259516760439376
91,"anchored",0.25,0.5,0.6,"present","maic_means",-0.1,5,1000,0.431347391076221,0.0593246465465291,0.108,0.54,0.0491000082567286
91,"anchored",0.25,0.5,0.6,"present","maic_means",0.1,1,1000,0.431347391076221,0.0593246465465291,0.478,0.478,0.015803979428162
91,"anchored",0.25,0.5,0.6,"present","maic_means",0.1,2,1000,0.431347391076221,0.0593246465465291,0.621,0.621,0.0153490910022254
91,"anchored",0.25,0.5,0.6,"present","maic_means",0.1,5,1000,0.431347391076221,0.0593246465465291,0.793,0.793,0.012818553557844
91,"anchored",0.25,0.5,0.6,"present","maic_means",0.3,1,1000,0.431347391076221,0.0593246465465291,0.28,0.28,0.0142056961040915
91,"anchored",0.25,0.5,0.6,"present","maic_means",0.3,2,1000,0.431347391076221,0.0593246465465291,0.435,0.435,0.0156850572527172
91,"anchored",0.25,0.5,0.6,"present","maic_means",0.3,5,1000,0.431347391076221,0.0593246465465291,0.631,0.631,0.0152666981391546
91,"anchored",0.25,0.5,0.6,"present","maic_meanvar",-0.3,1,1000,0.716341829562296,0.029206206939049,0.329,0.329,0.0148653953859284
91,"anchored",0.25,0.5,0.6,"present","maic_meanvar",-0.3,2,1000,0.716341829562296,0.029206206939049,0.203,0.406,0.0254521474891966
91,"anchored",0.25,0.5,0.6,"present","maic_meanvar",-0.3,5,1000,0.716341829562296,0.029206206939049,0.099,0.495,0.0472462401383137
91,"anchored",0.25,0.5,0.6,"present","maic_meanvar",-0.1,1,1000,0.716341829562296,0.029206206939049,0.426,0.426,0.0156450876881138
91,"anchored",0.25,0.5,0.6,"present","maic_meanvar",-0.1,2,1000,0.716341829562296,0.029206206939049,0.288,0.576,0.0286538835944631
91,"anchored",0.25,0.5,0.6,"present","maic_meanvar",-0.1,5,1000,0.716341829562296,0.029206206939049,0.156,0.78,0.0574011750306117
91,"anchored",0.25,0.5,0.6,"present","maic_meanvar",0.1,1,1000,0.716341829562296,0.029206206939049,0.458,0.458,0.0157633906404837
91,"anchored",0.25,0.5,0.6,"present","maic_meanvar",0.1,2,1000,0.716341829562296,0.029206206939049,0.609,0.609,0.0154388262946818
91,"anchored",0.25,0.5,0.6,"present","maic_meanvar",0.1,5,1000,0.716341829562296,0.029206206939049,0.771,0.771,0.0132941993266136
91,"anchored",0.25,0.5,0.6,"present","maic_meanvar",0.3,1,1000,0.716341829562296,0.029206206939049,0.353,0.353,0.0151201726054837
91,"anchored",0.25,0.5,0.6,"present","maic_meanvar",0.3,2,1000,0.716341829562296,0.029206206939049,0.503,0.503,0.0158190151792467
91,"anchored",0.25,0.5,0.6,"present","maic_meanvar",0.3,5,1000,0.716341829562296,0.029206206939049,0.676,0.676,0.0148068647337389
91,"anchored",0.25,0.5,0.6,"present","unadjusted",-0.3,1,1000,0.327197344793516,0.264272810780311,0.002,0.002,0.0014135055705578
91,"anchored",0.25,0.5,0.6,"present","unadjusted",-0.3,2,1000,0.327197344793516,0.264272810780311,0.001,0.002,0.00200000000000002
91,"anchored",0.25,0.5,0.6,"present","unadjusted",-0.3,5,1000,0.327197344793516,0.264272810780311,0,0,0
91,"anchored",0.25,0.5,0.6,"present","unadjusted",-0.1,1,1000,0.327197344793516,0.264272810780311,0.032,0.032,0.00556839357508137
91,"anchored",0.25,0.5,0.6,"present","unadjusted",-0.1,2,1000,0.327197344793516,0.264272810780311,0.014,0.0280000000000001,0.00743446509651319
91,"anchored",0.25,0.5,0.6,"present","unadjusted",-0.1,5,1000,0.327197344793516,0.264272810780311,0.002,0.0100000000000001,0.00706752785278928
91,"anchored",0.25,0.5,0.6,"present","unadjusted",0.1,1,1000,0.327197344793516,0.264272810780311,0.816,0.816,0.0122594573409386
91,"anchored",0.25,0.5,0.6,"present","unadjusted",0.1,2,1000,0.327197344793516,0.264272810780311,0.901,0.901,0.00944924802766277
91,"anchored",0.25,0.5,0.6,"present","unadjusted",0.1,5,1000,0.327197344793516,0.264272810780311,0.965,0.965,0.00581453427273497
91,"anchored",0.25,0.5,0.6,"present","unadjusted",0.3,1,1000,0.327197344793516,0.264272810780311,0.415,0.415,0.0155890351856046
91,"anchored",0.25,0.5,0.6,"present","unadjusted",0.3,2,1000,0.327197344793516,0.264272810780311,0.607,0.607,0.0154528246540815
91,"anchored",0.25,0.5,0.6,"present","unadjusted",0.3,5,1000,0.327197344793516,0.264272810780311,0.807,0.807,0.0124862687343701
92,"unanchored",0.25,0.5,0.6,"present","gcomp",-0.3,1,1000,0.216672383324487,-0.00740649004209284,0.075,0.0749999999999999,0.00833333333333335
92,"unanchored",0.25,0.5,0.6,"present","gcomp",-0.3,2,1000,0.216672383324487,-0.00740649004209284,0.035,0.07,0.0116290685454699
92,"unanchored",0.25,0.5,0.6,"present","gcomp",-0.3,5,1000,0.216672383324487,-0.00740649004209284,0.012,0.06,0.0172248859704993
92,"unanchored",0.25,0.5,0.6,"present","gcomp",-0.1,1,1000,0.216672383324487,-0.00740649004209284,0.348,0.348,0.0150706046037684
92,"unanchored",0.25,0.5,0.6,"present","gcomp",-0.1,2,1000,0.216672383324487,-0.00740649004209284,0.19,0.38,0.0248237027096327
92,"unanchored",0.25,0.5,0.6,"present","gcomp",-0.1,5,1000,0.216672383324487,-0.00740649004209284,0.081,0.405,0.0431606051607002
92,"unanchored",0.25,0.5,0.6,"present","gcomp",0.1,1,1000,0.216672383324487,-0.00740649004209284,0.3,0.3,0.0144986278733614
92,"unanchored",0.25,0.5,0.6,"present","gcomp",0.1,2,1000,0.216672383324487,-0.00740649004209284,0.471,0.471,0.0157926694516289
92,"unanchored",0.25,0.5,0.6,"present","gcomp",0.1,5,1000,0.216672383324487,-0.00740649004209284,0.665,0.665,0.0149331174909326
92,"unanchored",0.25,0.5,0.6,"present","gcomp",0.3,1,1000,0.216672383324487,-0.00740649004209284,0.086,0.086,0.00887032596259477
92,"unanchored",0.25,0.5,0.6,"present","gcomp",0.3,2,1000,0.216672383324487,-0.00740649004209284,0.161,0.161,0.0116281646967272
92,"unanchored",0.25,0.5,0.6,"present","gcomp",0.3,5,1000,0.216672383324487,-0.00740649004209284,0.317,0.317,0.0147216754388802
92,"unanchored",0.25,0.5,0.6,"present","maic_index",-0.3,1,1000,0.452405311700457,0.00879417811204977,0.283,0.283,0.0142518109064817
92,"unanchored",0.25,0.5,0.6,"present","maic_index",-0.3,2,1000,0.452405311700457,0.00879417811204977,0.121,0.242,0.0206364207618923
92,"unanchored",0.25,0.5,0.6,"present","maic_index",-0.3,5,1000,0.452405311700457,0.00879417811204977,0.037,0.185000000000001,0.0298607881119481
92,"unanchored",0.25,0.5,0.6,"present","maic_index",-0.1,1,1000,0.452405311700457,0.00879417811204977,0.45,0.45,0.0157400046933839
92,"unanchored",0.25,0.5,0.6,"present","maic_index",-0.1,2,1000,0.452405311700457,0.00879417811204977,0.292,0.584,0.0287710231269547
92,"unanchored",0.25,0.5,0.6,"present","maic_index",-0.1,5,1000,0.452405311700457,0.00879417811204977,0.108,0.540000000000001,0.0491000082567286
92,"unanchored",0.25,0.5,0.6,"present","maic_index",0.1,1,1000,0.452405311700457,0.00879417811204977,0.401,0.401,0.0155061097454983
92,"unanchored",0.25,0.5,0.6,"present","maic_index",0.1,2,1000,0.452405311700457,0.00879417811204977,0.542,0.542,0.0157633906404837
92,"unanchored",0.25,0.5,0.6,"present","maic_index",0.1,5,1000,0.452405311700457,0.00879417811204977,0.733,0.733,0.0139966748517963
92,"unanchored",0.25,0.5,0.6,"present","maic_index",0.3,1,1000,0.452405311700457,0.00879417811204977,0.271,0.271,0.0140626013509862
92,"unanchored",0.25,0.5,0.6,"present","maic_index",0.3,2,1000,0.452405311700457,0.00879417811204977,0.389,0.389,0.0154245556473085
92,"unanchored",0.25,0.5,0.6,"present","maic_index",0.3,5,1000,0.452405311700457,0.00879417811204977,0.573,0.573,0.0156497896444622
92,"unanchored",0.25,0.5,0.6,"present","maic_means",-0.3,1,1000,0.303776603062767,0.059289795613339,0.104,0.104,0.00965801621852429
92,"unanchored",0.25,0.5,0.6,"present","maic_means",-0.3,2,1000,0.303776603062767,0.059289795613339,0.042,0.0840000000000002,0.0126927185860677
92,"unanchored",0.25,0.5,0.6,"present","maic_means",-0.3,5,1000,0.303776603062767,0.059289795613339,0.011,0.055,0.0164999165830391
92,"unanchored",0.25,0.5,0.6,"present","maic_means",-0.1,1,1000,0.303776603062767,0.059289795613339,0.319,0.319,0.0147464048654735
92,"unanchored",0.25,0.5,0.6,"present","maic_means",-0.1,2,1000,0.303776603062767,0.059289795613339,0.172,0.344,0.0238795777649906
92,"unanchored",0.25,0.5,0.6,"present","maic_means",-0.1,5,1000,0.303776603062767,0.059289795613339,0.055,0.275000000000001,0.0360648814731956
92,"unanchored",0.25,0.5,0.6,"present","maic_means",0.1,1,1000,0.303776603062767,0.059289795613339,0.438,0.438,0.0156972100196947
92,"unanchored",0.25,0.5,0.6,"present","maic_means",0.1,2,1000,0.303776603062767,0.059289795613339,0.594,0.594,0.0155372264386346
92,"unanchored",0.25,0.5,0.6,"present","maic_means",0.1,5,1000,0.303776603062767,0.059289795613339,0.79,0.79,0.0128866623322745
92,"unanchored",0.25,0.5,0.6,"present","maic_means",0.3,1,1000,0.303776603062767,0.059289795613339,0.221,0.221,0.0131275028596962
92,"unanchored",0.25,0.5,0.6,"present","maic_means",0.3,2,1000,0.303776603062767,0.059289795613339,0.335,0.335,0.0149331174909326
92,"unanchored",0.25,0.5,0.6,"present","maic_means",0.3,5,1000,0.303776603062767,0.059289795613339,0.535,0.535,0.0157804950500302
92,"unanchored",0.25,0.5,0.6,"present","maic_meanvar",-0.3,1,1000,0.531457283101535,0.0363148269846663,0.274,0.274,0.0141110992882596
92,"unanchored",0.25,0.5,0.6,"present","maic_meanvar",-0.3,2,1000,0.531457283101535,0.0363148269846663,0.143,0.286,0.0221516296171341
92,"unanchored",0.25,0.5,0.6,"present","maic_meanvar",-0.3,5,1000,0.531457283101535,0.0363148269846663,0.052,0.26,0.0351231210690855
92,"unanchored",0.25,0.5,0.6,"present","maic_meanvar",-0.1,1,1000,0.531457283101535,0.0363148269846663,0.416,0.416,0.0155944601441406
92,"unanchored",0.25,0.5,0.6,"present","maic_meanvar",-0.1,2,1000,0.531457283101535,0.0363148269846663,0.271,0.542,0.0281252027019724
92,"unanchored",0.25,0.5,0.6,"present","maic_meanvar",-0.1,5,1000,0.531457283101535,0.0363148269846663,0.126,0.63,0.05249624611204
92,"unanchored",0.25,0.5,0.6,"present","maic_meanvar",0.1,1,1000,0.531457283101535,0.0363148269846663,0.422,0.422,0.0156256251126207
92,"unanchored",0.25,0.5,0.6,"present","maic_meanvar",0.1,2,1000,0.531457283101535,0.0363148269846663,0.579,0.579,0.0156205954753013
92,"unanchored",0.25,0.5,0.6,"present","maic_meanvar",0.1,5,1000,0.531457283101535,0.0363148269846663,0.767,0.767,0.0133749725192201
92,"unanchored",0.25,0.5,0.6,"present","maic_meanvar",0.3,1,1000,0.531457283101535,0.0363148269846663,0.284,0.284,0.0142670090610313
92,"unanchored",0.25,0.5,0.6,"present","maic_meanvar",0.3,2,1000,0.531457283101535,0.0363148269846663,0.42,0.42,0.015615500115073
92,"unanchored",0.25,0.5,0.6,"present","maic_meanvar",0.3,5,1000,0.531457283101535,0.0363148269846663,0.625,0.625,0.015316971293621
92,"unanchored",0.25,0.5,0.6,"present","unadjusted",-0.3,1,1000,0.789024674535693,0.774522810506423,0,0,0
92,"unanchored",0.25,0.5,0.6,"present","unadjusted",-0.3,2,1000,0.789024674535693,0.774522810506423,0,0,0
92,"unanchored",0.25,0.5,0.6,"present","unadjusted",-0.3,5,1000,0.789024674535693,0.774522810506423,0,0,0
92,"unanchored",0.25,0.5,0.6,"present","unadjusted",-0.1,1,1000,0.789024674535693,0.774522810506423,0,0,0
92,"unanchored",0.25,0.5,0.6,"present","unadjusted",-0.1,2,1000,0.789024674535693,0.774522810506423,0,0,0
92,"unanchored",0.25,0.5,0.6,"present","unadjusted",-0.1,5,1000,0.789024674535693,0.774522810506423,0,0,0
92,"unanchored",0.25,0.5,0.6,"present","unadjusted",0.1,1,1000,0.789024674535693,0.774522810506423,1,1,0
92,"unanchored",0.25,0.5,0.6,"present","unadjusted",0.1,2,1000,0.789024674535693,0.774522810506423,1,1,0
92,"unanchored",0.25,0.5,0.6,"present","unadjusted",0.1,5,1000,0.789024674535693,0.774522810506423,1,1,0
92,"unanchored",0.25,0.5,0.6,"present","unadjusted",0.3,1,1000,0.789024674535693,0.774522810506423,0.999,0.999,0.001
92,"unanchored",0.25,0.5,0.6,"present","unadjusted",0.3,2,1000,0.789024674535693,0.774522810506423,0.999,0.999,0.001
92,"unanchored",0.25,0.5,0.6,"present","unadjusted",0.3,5,1000,0.789024674535693,0.774522810506423,0.999,0.999,0.001
93,"anchored",1,0.5,0.6,"present","gcomp",-0.3,1,1000,0.19504232216695,0.00816270748556851,0.056,0.056,0.00727440148169706
93,"anchored",1,0.5,0.6,"present","gcomp",-0.3,2,1000,0.19504232216695,0.00816270748556851,0.021,0.0420000000000001,0.009072944302613
93,"anchored",1,0.5,0.6,"present","gcomp",-0.3,5,1000,0.19504232216695,0.00816270748556851,0.004,0.0200000000000001,0.0099849736954936
93,"anchored",1,0.5,0.6,"present","gcomp",-0.1,1,1000,0.19504232216695,0.00816270748556851,0.293,0.293,0.0143999429984413
93,"anchored",1,0.5,0.6,"present","gcomp",-0.1,2,1000,0.19504232216695,0.00816270748556851,0.154,0.308,0.0228398261301974
93,"anchored",1,0.5,0.6,"present","gcomp",-0.1,5,1000,0.19504232216695,0.00816270748556851,0.063,0.315,0.0384350393814322
93,"anchored",1,0.5,0.6,"present","gcomp",0.1,1,1000,0.19504232216695,0.00816270748556851,0.325,0.325,0.0148187244590955
93,"anchored",1,0.5,0.6,"present","gcomp",0.1,2,1000,0.19504232216695,0.00816270748556851,0.494,0.494,0.0158181608986067
93,"anchored",1,0.5,0.6,"present","gcomp",0.1,5,1000,0.19504232216695,0.00816270748556851,0.684,0.684,0.0147091930560571
93,"anchored",1,0.5,0.6,"present","gcomp",0.3,1,1000,0.19504232216695,0.00816270748556851,0.066,0.066,0.00785529793869758
93,"anchored",1,0.5,0.6,"present","gcomp",0.3,2,1000,0.19504232216695,0.00816270748556851,0.141,0.141,0.0110109145959924
93,"anchored",1,0.5,0.6,"present","gcomp",0.3,5,1000,0.19504232216695,0.00816270748556851,0.309,0.309,0.0146196009772065
93,"anchored",1,0.5,0.6,"present","maic_index",-0.3,1,1000,0.596622507966153,-0.00954675564078152,0.332,0.332,0.0148995972428115
93,"anchored",1,0.5,0.6,"present","maic_index",-0.3,2,1000,0.596622507966153,-0.00954675564078152,0.2,0.4,0.0253108798867333
93,"anchored",1,0.5,0.6,"present","maic_index",-0.3,5,1000,0.596622507966153,-0.00954675564078152,0.089,0.445,0.0450444669632573
93,"anchored",1,0.5,0.6,"present","maic_index",-0.1,1,1000,0.596622507966153,-0.00954675564078152,0.451,0.451,0.0157431523795855
93,"anchored",1,0.5,0.6,"present","maic_index",-0.1,2,1000,0.596622507966153,-0.00954675564078152,0.318,0.636,0.0294681586186238
93,"anchored",1,0.5,0.6,"present","maic_index",-0.1,5,1000,0.596622507966153,-0.00954675564078152,0.154,0.77,0.0570995653254945
93,"anchored",1,0.5,0.6,"present","maic_index",0.1,1,1000,0.596622507966153,-0.00954675564078152,0.425,0.425,0.0156403203170401
93,"anchored",1,0.5,0.6,"present","maic_index",0.1,2,1000,0.596622507966153,-0.00954675564078152,0.571,0.571,0.0156589975478703
93,"anchored",1,0.5,0.6,"present","maic_index",0.1,5,1000,0.596622507966153,-0.00954675564078152,0.743,0.743,0.013825416526895
93,"anchored",1,0.5,0.6,"present","maic_index",0.3,1,1000,0.596622507966153,-0.00954675564078152,0.317,0.317,0.0147216754388802
93,"anchored",1,0.5,0.6,"present","maic_index",0.3,2,1000,0.596622507966153,-0.00954675564078152,0.447,0.447,0.0157301760460091
93,"anchored",1,0.5,0.6,"present","maic_index",0.3,5,1000,0.596622507966153,-0.00954675564078152,0.619,0.619,0.0153647347870074
93,"anchored",1,0.5,0.6,"present","maic_means",-0.3,1,1000,0.376386099716354,0.057591218876072,0.162,0.162,0.0116572677713044
93,"anchored",1,0.5,0.6,"present","maic_means",-0.3,2,1000,0.376386099716354,0.057591218876072,0.081,0.162,0.01726424206428
93,"anchored",1,0.5,0.6,"present","maic_means",-0.3,5,1000,0.376386099716354,0.057591218876072,0.036,0.18,0.029469789080828
93,"anchored",1,0.5,0.6,"present","maic_means",-0.1,1,1000,0.376386099716354,0.057591218876072,0.349,0.349,0.0150806639915631
93,"anchored",1,0.5,0.6,"present","maic_means",-0.1,2,1000,0.376386099716354,0.057591218876072,0.185,0.37,0.0245703826527734
93,"anchored",1,0.5,0.6,"present","maic_means",-0.1,5,1000,0.376386099716354,0.057591218876072,0.081,0.405,0.0431606051607002
93,"anchored",1,0.5,0.6,"present","maic_means",0.1,1,1000,0.376386099716354,0.057591218876072,0.458,0.458,0.0157633906404837
93,"anchored",1,0.5,0.6,"present","maic_means",0.1,2,1000,0.376386099716354,0.057591218876072,0.608,0.608,0.0154458594637713
93,"anchored",1,0.5,0.6,"present","maic_means",0.1,5,1000,0.376386099716354,0.057591218876072,0.81,0.81,0.0124118513548163
93,"anchored",1,0.5,0.6,"present","maic_means",0.3,1,1000,0.376386099716354,0.057591218876072,0.262,0.262,0.0139122086510214
93,"anchored",1,0.5,0.6,"present","maic_means",0.3,2,1000,0.376386099716354,0.057591218876072,0.419,0.419,0.0156103389675778
93,"anchored",1,0.5,0.6,"present","maic_means",0.3,5,1000,0.376386099716354,0.057591218876072,0.602,0.602,0.0154866341028589
93,"anchored",1,0.5,0.6,"present","maic_meanvar",-0.3,1,1000,0.64383186304953,0.0264231543021303,0.311,0.311,0.0146455963857227
93,"anchored",1,0.5,0.6,"present","maic_meanvar",-0.3,2,1000,0.64383186304953,0.0264231543021303,0.2,0.4,0.0253108798867333
93,"anchored",1,0.5,0.6,"present","maic_meanvar",-0.3,5,1000,0.64383186304953,0.0264231543021303,0.09,0.45,0.0452719510243329
93,"anchored",1,0.5,0.6,"present","maic_meanvar",-0.1,1,1000,0.64383186304953,0.0264231543021303,0.415,0.415,0.0155890351856046
93,"anchored",1,0.5,0.6,"present","maic_meanvar",-0.1,2,1000,0.64383186304953,0.0264231543021303,0.283,0.566,0.0285036218129635
93,"anchored",1,0.5,0.6,"present","maic_meanvar",-0.1,5,1000,0.64383186304953,0.0264231543021303,0.149,0.745,0.0563307034231612
93,"anchored",1,0.5,0.6,"present","maic_meanvar",0.1,1,1000,0.64383186304953,0.0264231543021303,0.465,0.465,0.0157804950500302
93,"anchored",1,0.5,0.6,"present","maic_meanvar",0.1,2,1000,0.64383186304953,0.0264231543021303,0.613,0.613,0.0154100119554939
93,"anchored",1,0.5,0.6,"present","maic_meanvar",0.1,5,1000,0.64383186304953,0.0264231543021303,0.763,0.763,0.013454070462578
93,"anchored",1,0.5,0.6,"present","maic_meanvar",0.3,1,1000,0.64383186304953,0.0264231543021303,0.346,0.346,0.0150502661275644
93,"anchored",1,0.5,0.6,"present","maic_meanvar",0.3,2,1000,0.64383186304953,0.0264231543021303,0.492,0.492,0.015817274929209
93,"anchored",1,0.5,0.6,"present","maic_meanvar",0.3,5,1000,0.64383186304953,0.0264231543021303,0.672,0.672,0.0148538424872703
93,"anchored",1,0.5,0.6,"present","unadjusted",-0.3,1,1000,0.30070570810778,0.227944401773138,0.004,0.004,0.00199699473909873
93,"anchored",1,0.5,0.6,"present","unadjusted",-0.3,2,1000,0.30070570810778,0.227944401773138,0.002,0.004,0.00282701114111562
93,"anchored",1,0.5,0.6,"present","unadjusted",-0.3,5,1000,0.30070570810778,0.227944401773138,0,0,0
93,"anchored",1,0.5,0.6,"present","unadjusted",-0.1,1,1000,0.30070570810778,0.227944401773138,0.052,0.052,0.00702462421381715
93,"anchored",1,0.5,0.6,"present","unadjusted",-0.1,2,1000,0.30070570810778,0.227944401773138,0.013,0.026,0.00716766177880726
93,"anchored",1,0.5,0.6,"present","unadjusted",-0.1,5,1000,0.30070570810778,0.227944401773138,0.004,0.0200000000000001,0.0099849736954936
93,"anchored",1,0.5,0.6,"present","unadjusted",0.1,1,1000,0.30070570810778,0.227944401773138,0.739,0.739,0.0138950376779651
93,"anchored",1,0.5,0.6,"present","unadjusted",0.1,2,1000,0.30070570810778,0.227944401773138,0.863,0.863,0.0108788487143333
93,"anchored",1,0.5,0.6,"present","unadjusted",0.1,5,1000,0.30070570810778,0.227944401773138,0.943,0.943,0.00733517585370682
93,"anchored",1,0.5,0.6,"present","unadjusted",0.3,1,1000,0.30070570810778,0.227944401773138,0.363,0.363,0.0152138904446713
93,"anchored",1,0.5,0.6,"present","unadjusted",0.3,2,1000,0.30070570810778,0.227944401773138,0.51,0.51,0.0158161357527732
93,"anchored",1,0.5,0.6,"present","unadjusted",0.3,5,1000,0.30070570810778,0.227944401773138,0.721,0.721,0.014190150117612
94,"unanchored",1,0.5,0.6,"present","gcomp",-0.3,1,1000,0.178071560302835,0.0139795115474728,0.037,0.0370000000000001,0.00597215762238964
94,"unanchored",1,0.5,0.6,"present","gcomp",-0.3,2,1000,0.178071560302835,0.0139795115474728,0.013,0.0260000000000001,0.00716766177880728
94,"unanchored",1,0.5,0.6,"present","gcomp",-0.3,5,1000,0.178071560302835,0.0139795115474728,0.002,0.0100000000000002,0.00706752785278913
94,"unanchored",1,0.5,0.6,"present","gcomp",-0.1,1,1000,0.178071560302835,0.0139795115474728,0.264,0.264,0.0139462718494405
94,"unanchored",1,0.5,0.6,"present","gcomp",-0.1,2,1000,0.178071560302835,0.0139795115474728,0.142,0.284,0.0220869153987565
94,"unanchored",1,0.5,0.6,"present","gcomp",-0.1,5,1000,0.178071560302835,0.0139795115474728,0.055,0.275000000000001,0.0360648814731956
94,"unanchored",1,0.5,0.6,"present","gcomp",0.1,1,1000,0.178071560302835,0.0139795115474728,0.315,0.315,0.0146966319607925
94,"unanchored",1,0.5,0.6,"present","gcomp",0.1,2,1000,0.178071560302835,0.0139795115474728,0.482,0.482,0.0158090456994067
94,"unanchored",1,0.5,0.6,"present","gcomp",0.1,5,1000,0.178071560302835,0.0139795115474728,0.656,0.656,0.0150296337244089
94,"unanchored",1,0.5,0.6,"present","gcomp",0.3,1,1000,0.178071560302835,0.0139795115474728,0.06,0.06,0.00751375115747494
94,"unanchored",1,0.5,0.6,"present","gcomp",0.3,2,1000,0.178071560302835,0.0139795115474728,0.12,0.12,0.0102813280127474
94,"unanchored",1,0.5,0.6,"present","gcomp",0.3,5,1000,0.178071560302835,0.0139795115474728,0.272,0.272,0.0140788569924626
94,"unanchored",1,0.5,0.6,"present","maic_index",-0.3,1,1000,0.396666690271531,-0.0589729039848482,0.286,0.286,0.0142971468625179
94,"unanchored",1,0.5,0.6,"present","maic_index",-0.3,2,1000,0.396666690271531,-0.0589729039848482,0.129,0.258,0.0212105135695932
94,"unanchored",1,0.5,0.6,"present","maic_index",-0.3,5,1000,0.396666690271531,-0.0589729039848482,0.039,0.195,0.0306253638821303
94,"unanchored",1,0.5,0.6,"present","maic_index",-0.1,1,1000,0.396666690271531,-0.0589729039848482,0.511,0.511,0.0158154711952927
94,"unanchored",1,0.5,0.6,"present","maic_index",-0.1,2,1000,0.396666690271531,-0.0589729039848482,0.319,0.638,0.029492809730947
94,"unanchored",1,0.5,0.6,"present","maic_index",-0.1,5,1000,0.396666690271531,-0.0589729039848482,0.126,0.63,0.05249624611204
94,"unanchored",1,0.5,0.6,"present","maic_index",0.1,1,1000,0.396666690271531,-0.0589729039848482,0.288,0.288,0.0143269417972316
94,"unanchored",1,0.5,0.6,"present","maic_index",0.1,2,1000,0.396666690271531,-0.0589729039848482,0.455,0.455,0.0157551014983471
94,"unanchored",1,0.5,0.6,"present","maic_index",0.1,5,1000,0.396666690271531,-0.0589729039848482,0.69,0.69,0.0146326386586329
94,"unanchored",1,0.5,0.6,"present","maic_index",0.3,1,1000,0.396666690271531,-0.0589729039848482,0.181,0.181,0.0121814361791779
94,"unanchored",1,0.5,0.6,"present","maic_index",0.3,2,1000,0.396666690271531,-0.0589729039848482,0.271,0.271,0.0140626013509862
94,"unanchored",1,0.5,0.6,"present","maic_index",0.3,5,1000,0.396666690271531,-0.0589729039848482,0.469,0.469,0.015788865959539
94,"unanchored",1,0.5,0.6,"present","maic_means",-0.3,1,1000,0.253337379759035,0.0439001095043599,0.077,0.077,0.00843458014024066
94,"unanchored",1,0.5,0.6,"present","maic_means",-0.3,2,1000,0.253337379759035,0.0439001095043599,0.022,0.044,0.0092817105185494
94,"unanchored",1,0.5,0.6,"present","maic_means",-0.3,5,1000,0.253337379759035,0.0439001095043599,0.006,0.0300000000000001,0.0122167609966492
94,"unanchored",1,0.5,0.6,"present","maic_means",-0.1,1,1000,0.253337379759035,0.0439001095043599,0.29,0.29,0.0143563959999057
94,"unanchored",1,0.5,0.6,"present","maic_means",-0.1,2,1000,0.253337379759035,0.0439001095043599,0.16,0.32,0.023197804597378
94,"unanchored",1,0.5,0.6,"present","maic_means",-0.1,5,1000,0.253337379759035,0.0439001095043599,0.051,0.255,0.0348021003128575
94,"unanchored",1,0.5,0.6,"present","maic_means",0.1,1,1000,0.253337379759035,0.0439001095043599,0.401,0.401,0.0155061097454983
94,"unanchored",1,0.5,0.6,"present","maic_means",0.1,2,1000,0.253337379759035,0.0439001095043599,0.584,0.584,0.0155944601441406
94,"unanchored",1,0.5,0.6,"present","maic_means",0.1,5,1000,0.253337379759035,0.0439001095043599,0.783,0.783,0.0130415137572707
94,"unanchored",1,0.5,0.6,"present","maic_means",0.3,1,1000,0.253337379759035,0.0439001095043599,0.152,0.152,0.0113589183034753
94,"unanchored",1,0.5,0.6,"present","maic_means",0.3,2,1000,0.253337379759035,0.0439001095043599,0.268,0.268,0.0140132927027295
94,"unanchored",1,0.5,0.6,"present","maic_means",0.3,5,1000,0.253337379759035,0.0439001095043599,0.499,0.499,0.0158192682905768
94,"unanchored",1,0.5,0.6,"present","maic_meanvar",-0.3,1,998,0.42605942770573,-0.0167063753466416,0.250501002004008,0.250501002004008,0.0137227983875648
94,"unanchored",1,0.5,0.6,"present","maic_meanvar",-0.3,2,998,0.42605942770573,-0.0167063753466416,0.113226452905812,0.226452905811623,0.0200707098342951
94,"unanchored",1,0.5,0.6,"present","maic_meanvar",-0.3,5,998,0.42605942770573,-0.0167063753466416,0.0340681362725451,0.170340681362726,0.0287256496520148
94,"unanchored",1,0.5,0.6,"present","maic_meanvar",-0.1,1,998,0.42605942770573,-0.0167063753466416,0.466933867735471,0.466933867735471,0.0158004935900792
94,"unanchored",1,0.5,0.6,"present","maic_meanvar",-0.1,2,998,0.42605942770573,-0.0167063753466416,0.269539078156313,0.539078156312625,0.0281055299978705
94,"unanchored",1,0.5,0.6,"present","maic_meanvar",-0.1,5,998,0.42605942770573,-0.0167063753466416,0.104208416833667,0.521042084168337,0.0483812754151812
94,"unanchored",1,0.5,0.6,"present","maic_meanvar",0.1,1,998,0.42605942770573,-0.0167063753466416,0.351703406813627,0.351703406813627,0.0151226387597699
94,"unanchored",1,0.5,0.6,"present","maic_meanvar",0.1,2,998,0.42605942770573,-0.0167063753466416,0.518036072144289,0.518036072144289,0.0158248531758027
94,"unanchored",1,0.5,0.6,"present","maic_meanvar",0.1,5,998,0.42605942770573,-0.0167063753466416,0.756513026052104,0.756513026052104,0.0135924734123701
94,"unanchored",1,0.5,0.6,"present","maic_meanvar",0.3,1,998,0.42605942770573,-0.0167063753466416,0.207414829659319,0.207414829659319,0.0128408949784763
94,"unanchored",1,0.5,0.6,"present","maic_meanvar",0.3,2,998,0.42605942770573,-0.0167063753466416,0.351703406813627,0.351703406813627,0.0151226387597699
94,"unanchored",1,0.5,0.6,"present","maic_meanvar",0.3,5,998,0.42605942770573,-0.0167063753466416,0.547094188376753,0.547094188376753,0.0157647619894143
94,"unanchored",1,0.5,0.6,"present","unadjusted",-0.3,1,1000,1.15921495575524,1.15005731847839,0,0,0
94,"unanchored",1,0.5,0.6,"present","unadjusted",-0.3,2,1000,1.15921495575524,1.15005731847839,0,0,0
94,"unanchored",1,0.5,0.6,"present","unadjusted",-0.3,5,1000,1.15921495575524,1.15005731847839,0,0,0
94,"unanchored",1,0.5,0.6,"present","unadjusted",-0.1,1,1000,1.15921495575524,1.15005731847839,0,0,0
94,"unanchored",1,0.5,0.6,"present","unadjusted",-0.1,2,1000,1.15921495575524,1.15005731847839,0,0,0
94,"unanchored",1,0.5,0.6,"present","unadjusted",-0.1,5,1000,1.15921495575524,1.15005731847839,0,0,0
94,"unanchored",1,0.5,0.6,"present","unadjusted",0.1,1,1000,1.15921495575524,1.15005731847839,1,1,0
94,"unanchored",1,0.5,0.6,"present","unadjusted",0.1,2,1000,1.15921495575524,1.15005731847839,1,1,0
94,"unanchored",1,0.5,0.6,"present","unadjusted",0.1,5,1000,1.15921495575524,1.15005731847839,1,1,0
94,"unanchored",1,0.5,0.6,"present","unadjusted",0.3,1,1000,1.15921495575524,1.15005731847839,1,1,0
94,"unanchored",1,0.5,0.6,"present","unadjusted",0.3,2,1000,1.15921495575524,1.15005731847839,1,1,0
94,"unanchored",1,0.5,0.6,"present","unadjusted",0.3,5,1000,1.15921495575524,1.15005731847839,1,1,0
95,"anchored",4,0.5,0.6,"present","gcomp",-0.3,1,1000,0.168309056649477,-0.00061005576889585,0.04,0.04,0.00619987406633705
95,"anchored",4,0.5,0.6,"present","gcomp",-0.3,2,1000,0.168309056649477,-0.00061005576889585,0.019,0.038,0.00863890216582123
95,"anchored",4,0.5,0.6,"present","gcomp",-0.3,5,1000,0.168309056649477,-0.00061005576889585,0.003,0.015,0.00865158077173473
95,"anchored",4,0.5,0.6,"present","gcomp",-0.1,1,1000,0.168309056649477,-0.00061005576889585,0.264,0.264,0.0139462718494405
95,"anchored",4,0.5,0.6,"present","gcomp",-0.1,2,1000,0.168309056649477,-0.00061005576889585,0.15,0.3,0.0225944796468186
95,"anchored",4,0.5,0.6,"present","gcomp",-0.1,5,1000,0.168309056649477,-0.00061005576889585,0.062,0.31,0.0381491199814011
95,"anchored",4,0.5,0.6,"present","gcomp",0.1,1,1000,0.168309056649477,-0.00061005576889585,0.268,0.268,0.0140132927027295
95,"anchored",4,0.5,0.6,"present","gcomp",0.1,2,1000,0.168309056649477,-0.00061005576889585,0.44,0.44,0.0157049879543618
95,"anchored",4,0.5,0.6,"present","gcomp",0.1,5,1000,0.168309056649477,-0.00061005576889585,0.647,0.647,0.0151201726054837
95,"anchored",4,0.5,0.6,"present","gcomp",0.3,1,1000,0.168309056649477,-0.00061005576889585,0.037,0.037,0.00597215762238963
95,"anchored",4,0.5,0.6,"present","gcomp",0.3,2,1000,0.168309056649477,-0.00061005576889585,0.091,0.0909999999999999,0.00909954953840025
95,"anchored",4,0.5,0.6,"present","gcomp",0.3,5,1000,0.168309056649477,-0.00061005576889585,0.208,0.208,0.0128413745720969
95,"anchored",4,0.5,0.6,"present","maic_index",-0.3,1,1000,0.500250009565207,-0.00674023801948728,0.305,0.305,0.0145666463946644
95,"anchored",4,0.5,0.6,"present","maic_index",-0.3,2,1000,0.500250009565207,-0.00674023801948728,0.175,0.35,0.024043254315464
95,"anchored",4,0.5,0.6,"present","maic_index",-0.3,5,1000,0.500250009565207,-0.00674023801948728,0.085,0.425,0.0441171318347113
95,"anchored",4,0.5,0.6,"present","maic_index",-0.1,1,1000,0.500250009565207,-0.00674023801948728,0.435,0.435,0.0156850572527172
95,"anchored",4,0.5,0.6,"present","maic_index",-0.1,2,1000,0.500250009565207,-0.00674023801948728,0.306,0.612,0.0291600121108739
95,"anchored",4,0.5,0.6,"present","maic_index",-0.1,5,1000,0.500250009565207,-0.00674023801948728,0.158,0.790000000000001,0.0576994733877981
95,"anchored",4,0.5,0.6,"present","maic_index",0.1,1,1000,0.500250009565207,-0.00674023801948728,0.436,0.436,0.0156891730231441
95,"anchored",4,0.5,0.6,"present","maic_index",0.1,2,1000,0.500250009565207,-0.00674023801948728,0.564,0.564,0.0156891730231441
95,"anchored",4,0.5,0.6,"present","maic_index",0.1,5,1000,0.500250009565207,-0.00674023801948728,0.728,0.728,0.0140788569924626
95,"anchored",4,0.5,0.6,"present","maic_index",0.3,1,1000,0.500250009565207,-0.00674023801948728,0.292,0.292,0.0143855115634773
95,"anchored",4,0.5,0.6,"present","maic_index",0.3,2,1000,0.500250009565207,-0.00674023801948728,0.433,0.433,0.0156766309121813
95,"anchored",4,0.5,0.6,"present","maic_index",0.3,5,1000,0.500250009565207,-0.00674023801948728,0.604,0.604,0.0154733132658594
95,"anchored",4,0.5,0.6,"present","maic_means",-0.3,1,1000,0.33467585577842,0.0876579289213428,0.115,0.115,0.0100934075949046
95,"anchored",4,0.5,0.6,"present","maic_means",-0.3,2,1000,0.33467585577842,0.0876579289213428,0.054,0.108,0.0143017670425909
95,"anchored",4,0.5,0.6,"present","maic_means",-0.3,5,1000,0.33467585577842,0.0876579289213428,0.018,0.089999999999999,0.0210319362480575
95,"anchored",4,0.5,0.6,"present","maic_means",-0.1,1,1000,0.33467585577842,0.0876579289213428,0.289,0.289,0.0143417113582962
95,"anchored",4,0.5,0.6,"present","maic_means",-0.1,2,1000,0.33467585577842,0.0876579289213428,0.164,0.328,0.0234300013863626
95,"anchored",4,0.5,0.6,"present","maic_means",-0.1,5,1000,0.33467585577842,0.0876579289213428,0.063,0.315,0.0384350393814323
95,"anchored",4,0.5,0.6,"present","maic_means",0.1,1,1000,0.33467585577842,0.0876579289213428,0.486,0.486,0.015813097547731
95,"anchored",4,0.5,0.6,"present","maic_means",0.1,2,1000,0.33467585577842,0.0876579289213428,0.651,0.651,0.0150806639915631
95,"anchored",4,0.5,0.6,"present","maic_means",0.1,5,1000,0.33467585577842,0.0876579289213428,0.814,0.814,0.0123107902084128
95,"anchored",4,0.5,0.6,"present","maic_means",0.3,1,1000,0.33467585577842,0.0876579289213428,0.271,0.271,0.0140626013509862
95,"anchored",4,0.5,0.6,"present","maic_means",0.3,2,1000,0.33467585577842,0.0876579289213428,0.421,0.421,0.0156205954753013
95,"anchored",4,0.5,0.6,"present","maic_means",0.3,5,1000,0.33467585577842,0.0876579289213428,0.627,0.627,0.0153004936229228
95,"anchored",4,0.5,0.6,"present","maic_meanvar",-0.3,1,1000,0.568754086644822,0.0273790101545449,0.285,0.285,0.0142821209552005
95,"anchored",4,0.5,0.6,"present","maic_meanvar",-0.3,2,1000,0.568754086644822,0.0273790101545449,0.178,0.356,0.0242043353523672
95,"anchored",4,0.5,0.6,"present","maic_meanvar",-0.3,5,1000,0.568754086644822,0.0273790101545449,0.065,0.325,0.03899866530916
95,"anchored",4,0.5,0.6,"present","maic_meanvar",-0.1,1,1000,0.568754086644822,0.0273790101545449,0.408,0.408,0.0155492050529207
95,"anchored",4,0.5,0.6,"present","maic_meanvar",-0.1,2,1000,0.568754086644822,0.0273790101545449,0.271,0.542,0.0281252027019724
95,"anchored",4,0.5,0.6,"present","maic_meanvar",-0.1,5,1000,0.568754086644822,0.0273790101545449,0.132,0.66,0.0535468698176395
95,"anchored",4,0.5,0.6,"present","maic_meanvar",0.1,1,1000,0.568754086644822,0.0273790101545449,0.449,0.449,0.015736792768752
95,"anchored",4,0.5,0.6,"present","maic_meanvar",0.1,2,1000,0.568754086644822,0.0273790101545449,0.608,0.608,0.0154458594637713
95,"anchored",4,0.5,0.6,"present","maic_meanvar",0.1,5,1000,0.568754086644822,0.0273790101545449,0.76,0.76,0.0135123122589208
95,"anchored",4,0.5,0.6,"present","maic_meanvar",0.3,1,1000,0.568754086644822,0.0273790101545449,0.311,0.311,0.0146455963857227
95,"anchored",4,0.5,0.6,"present","maic_meanvar",0.3,2,1000,0.568754086644822,0.0273790101545449,0.465,0.465,0.0157804950500302
95,"anchored",4,0.5,0.6,"present","maic_meanvar",0.3,5,1000,0.568754086644822,0.0273790101545449,0.651,0.651,0.0150806639915631
95,"anchored",4,0.5,0.6,"present","unadjusted",-0.3,1,1000,0.244413534425774,0.160871691649473,0.007,0.007,0.00263779414624375
95,"anchored",4,0.5,0.6,"present","unadjusted",-0.3,2,1000,0.244413534425774,0.160871691649473,0.002,0.004,0.0028270111411156
95,"anchored",4,0.5,0.6,"present","unadjusted",-0.3,5,1000,0.244413534425774,0.160871691649473,0,0,0
95,"anchored",4,0.5,0.6,"present","unadjusted",-0.1,1,1000,0.244413534425774,0.160871691649473,0.085,0.0849999999999998,0.0088234263669423
95,"anchored",4,0.5,0.6,"present","unadjusted",-0.1,2,1000,0.244413534425774,0.160871691649473,0.036,0.072,0.0117879156323311
95,"anchored",4,0.5,0.6,"present","unadjusted",-0.1,5,1000,0.244413534425774,0.160871691649473,0.008,0.0400000000000003,0.0140925015025224
95,"anchored",4,0.5,0.6,"present","unadjusted",0.1,1,1000,0.244413534425774,0.160871691649473,0.643,0.643,0.0151585217214866
95,"anchored",4,0.5,0.6,"present","unadjusted",0.1,2,1000,0.244413534425774,0.160871691649473,0.787,0.787,0.0129537175667372
95,"anchored",4,0.5,0.6,"present","unadjusted",0.1,5,1000,0.244413534425774,0.160871691649473,0.902,0.902,0.00940661918462124
95,"anchored",4,0.5,0.6,"present","unadjusted",0.3,1,1000,0.244413534425774,0.160871691649473,0.218,0.218,0.0130631790405953
95,"anchored",4,0.5,0.6,"present","unadjusted",0.3,2,1000,0.244413534425774,0.160871691649473,0.383,0.383,0.0153801023256527
95,"anchored",4,0.5,0.6,"present","unadjusted",0.3,5,1000,0.244413534425774,0.160871691649473,0.619,0.619,0.0153647347870074
96,"unanchored",4,0.5,0.6,"present","gcomp",-0.3,1,1000,0.130896100050252,0.00361046011769854,0.008,0.00799999999999999,0.00281850030050451
96,"unanchored",4,0.5,0.6,"present","gcomp",-0.3,2,1000,0.130896100050252,0.00361046011769854,0.002,0.004,0.00282701114111565
96,"unanchored",4,0.5,0.6,"present","gcomp",-0.3,5,1000,0.130896100050252,0.00361046011769854,0,0,0
96,"unanchored",4,0.5,0.6,"present","gcomp",-0.1,1,1000,0.130896100050252,0.00361046011769854,0.206,0.206,0.0127956136127866
96,"unanchored",4,0.5,0.6,"present","gcomp",-0.1,2,1000,0.130896100050252,0.00361046011769854,0.108,0.216,0.0196400033026914
96,"unanchored",4,0.5,0.6,"present","gcomp",-0.1,5,1000,0.130896100050252,0.00361046011769854,0.042,0.209999999999999,0.0317317964651686
96,"unanchored",4,0.5,0.6,"present","gcomp",0.1,1,1000,0.130896100050252,0.00361046011769854,0.215,0.215,0.0129978438190318
96,"unanchored",4,0.5,0.6,"present","gcomp",0.1,2,1000,0.130896100050252,0.00361046011769854,0.367,0.367,0.0152493784641718
96,"unanchored",4,0.5,0.6,"present","gcomp",0.1,5,1000,0.130896100050252,0.00361046011769854,0.594,0.594,0.0155372264386346
96,"unanchored",4,0.5,0.6,"present","gcomp",0.3,1,1000,0.130896100050252,0.00361046011769854,0.02,0.02,0.00442940398017836
96,"unanchored",4,0.5,0.6,"present","gcomp",0.3,2,1000,0.130896100050252,0.00361046011769854,0.046,0.046,0.0066278147173807
96,"unanchored",4,0.5,0.6,"present","gcomp",0.3,5,1000,0.130896100050252,0.00361046011769854,0.098,0.0980000000000001,0.00940661918462124
96,"unanchored",4,0.5,0.6,"present","maic_index",-0.3,1,1000,0.313822999648999,-0.167053324727184,0.297,0.297,0.0144568322948011
96,"unanchored",4,0.5,0.6,"present","maic_index",-0.3,2,1000,0.313822999648999,-0.167053324727184,0.136,0.272,0.021690700460946
96,"unanchored",4,0.5,0.6,"present","maic_index",-0.3,5,1000,0.313822999648999,-0.167053324727184,0.033,0.165,0.028259044102262
96,"unanchored",4,0.5,0.6,"present","maic_index",-0.1,1,1000,0.313822999648999,-0.167053324727184,0.623,0.623,0.0153331701257799
96,"unanchored",4,0.5,0.6,"present","maic_index",-0.1,2,1000,0.313822999648999,-0.167053324727184,0.384,0.768,0.0307753655237941
96,"unanchored",4,0.5,0.6,"present","maic_index",-0.1,5,1000,0.313822999648999,-0.167053324727184,0.162,0.81,0.0582863388565222
96,"unanchored",4,0.5,0.6,"present","maic_index",0.1,1,1000,0.313822999648999,-0.167053324727184,0.131,0.131,0.010674874844838
96,"unanchored",4,0.5,0.6,"present","maic_index",0.1,2,1000,0.313822999648999,-0.167053324727184,0.294,0.294,0.0144142905400082
96,"unanchored",4,0.5,0.6,"present","maic_index",0.1,5,1000,0.313822999648999,-0.167053324727184,0.581,0.581,0.0156103389675778
96,"unanchored",4,0.5,0.6,"present","maic_index",0.3,1,1000,0.313822999648999,-0.167053324727184,0.044,0.0440000000000002,0.00648892179842742
96,"unanchored",4,0.5,0.6,"present","maic_index",0.3,2,1000,0.313822999648999,-0.167053324727184,0.103,0.103,0.0096168333396958
96,"unanchored",4,0.5,0.6,"present","maic_index",0.3,5,1000,0.313822999648999,-0.167053324727184,0.264,0.264,0.0139462718494405
96,"unanchored",4,0.5,0.6,"present","maic_means",-0.3,1,1000,0.222010050865793,-0.112980837763676,0.159,0.159,0.0115694793682713
96,"unanchored",4,0.5,0.6,"present","maic_means",-0.3,2,1000,0.222010050865793,-0.112980837763676,0.073,0.146,0.0164607094304882
96,"unanchored",4,0.5,0.6,"present","maic_means",-0.3,5,1000,0.222010050865793,-0.112980837763676,0.014,0.07,0.0185861627412829
96,"unanchored",4,0.5,0.6,"present","maic_means",-0.1,1,1000,0.222010050865793,-0.112980837763676,0.534,0.534,0.0157826833299376
96,"unanchored",4,0.5,0.6,"present","maic_means",-0.1,2,1000,0.222010050865793,-0.112980837763676,0.326,0.652,0.0296610144090821
96,"unanchored",4,0.5,0.6,"present","maic_means",-0.1,5,1000,0.222010050865793,-0.112980837763676,0.141,0.705000000000001,0.0550545729799624
96,"unanchored",4,0.5,0.6,"present","maic_means",0.1,1,1000,0.222010050865793,-0.112980837763676,0.131,0.131,0.010674874844838
96,"unanchored",4,0.5,0.6,"present","maic_means",0.1,2,1000,0.222010050865793,-0.112980837763676,0.285,0.285,0.0142821209552005
96,"unanchored",4,0.5,0.6,"present","maic_means",0.1,5,1000,0.222010050865793,-0.112980837763676,0.512,0.512,0.0158147433145818
96,"unanchored",4,0.5,0.6,"present","maic_means",0.3,1,1000,0.222010050865793,-0.112980837763676,0.015,0.015,0.003845749574503
96,"unanchored",4,0.5,0.6,"present","maic_means",0.3,2,1000,0.222010050865793,-0.112980837763676,0.057,0.0569999999999999,0.00733517585370685
96,"unanchored",4,0.5,0.6,"present","maic_means",0.3,5,1000,0.222010050865793,-0.112980837763676,0.169,0.169,0.0118566259778901
96,"unanchored",4,0.5,0.6,"present","maic_meanvar",-0.3,1,998,0.344459708509411,-0.144897914320162,0.299599198396794,0.299599198396793,0.0145076163276855
96,"unanchored",4,0.5,0.6,"present","maic_meanvar",-0.3,2,998,0.344459708509411,-0.144897914320162,0.147294589178357,0.294589178356713,0.0224478795121569
96,"unanchored",4,0.5,0.6,"present","maic_meanvar",-0.3,5,998,0.344459708509411,-0.144897914320162,0.0420841683366733,0.210420841683367,0.0317940223528608
96,"unanchored",4,0.5,0.6,"present","maic_meanvar",-0.1,1,998,0.344459708509411,-0.144897914320162,0.581162324649299,0.581162324649299,0.0156251435959708
96,"unanchored",4,0.5,0.6,"present","maic_meanvar",-0.1,2,998,0.344459708509411,-0.144897914320162,0.341683366733467,0.683366733466934,0.0300408176770324
96,"unanchored",4,0.5,0.6,"present","maic_meanvar",-0.1,5,998,0.344459708509411,-0.144897914320162,0.155310621242485,0.776553106212425,0.0573550311925929
96,"unanchored",4,0.5,0.6,"present","maic_meanvar",0.1,1,998,0.344459708509411,-0.144897914320162,0.193386773547094,0.193386773547094,0.0125083053397155
96,"unanchored",4,0.5,0.6,"present","maic_meanvar",0.1,2,998,0.344459708509411,-0.144897914320162,0.37875751503006,0.37875751503006,0.0153625611371409
96,"unanchored",4,0.5,0.6,"present","maic_meanvar",0.1,5,998,0.344459708509411,-0.144897914320162,0.659318637274549,0.659318637274549,0.0150097785517809
96,"unanchored",4,0.5,0.6,"present","maic_meanvar",0.3,1,998,0.344459708509411,-0.144897914320162,0.0751503006012024,0.0751503006012024,0.00834936336054011
96,"unanchored",4,0.5,0.6,"present","maic_meanvar",0.3,2,998,0.344459708509411,-0.144897914320162,0.176352705410822,0.176352705410822,0.012070190437466
96,"unanchored",4,0.5,0.6,"present","maic_meanvar",0.3,5,998,0.344459708509411,-0.144897914320162,0.38877755511022,0.38877755511022,0.0154384131813284
96,"unanchored",4,0.5,0.6,"present","unadjusted",-0.3,1,1000,1.54005924217693,1.53341031788398,0,0,0
96,"unanchored",4,0.5,0.6,"present","unadjusted",-0.3,2,1000,1.54005924217693,1.53341031788398,0,0,0
96,"unanchored",4,0.5,0.6,"present","unadjusted",-0.3,5,1000,1.54005924217693,1.53341031788398,0,0,0
96,"unanchored",4,0.5,0.6,"present","unadjusted",-0.1,1,1000,1.54005924217693,1.53341031788398,0,0,0
96,"unanchored",4,0.5,0.6,"present","unadjusted",-0.1,2,1000,1.54005924217693,1.53341031788398,0,0,0
96,"unanchored",4,0.5,0.6,"present","unadjusted",-0.1,5,1000,1.54005924217693,1.53341031788398,0,0,0
96,"unanchored",4,0.5,0.6,"present","unadjusted",0.1,1,1000,1.54005924217693,1.53341031788398,1,1,0
96,"unanchored",4,0.5,0.6,"present","unadjusted",0.1,2,1000,1.54005924217693,1.53341031788398,1,1,0
96,"unanchored",4,0.5,0.6,"present","unadjusted",0.1,5,1000,1.54005924217693,1.53341031788398,1,1,0
96,"unanchored",4,0.5,0.6,"present","unadjusted",0.3,1,1000,1.54005924217693,1.53341031788398,1,1,0
96,"unanchored",4,0.5,0.6,"present","unadjusted",0.3,2,1000,1.54005924217693,1.53341031788398,1,1,0
96,"unanchored",4,0.5,0.6,"present","unadjusted",0.3,5,1000,1.54005924217693,1.53341031788398,1,1,0
97,"anchored",0.25,1,0.6,"present","gcomp",-0.3,1,1000,0.199756289540491,0.0235528383078015,0.048,0.048,0.00676326413366667
97,"anchored",0.25,1,0.6,"present","gcomp",-0.3,2,1000,0.199756289540491,0.0235528383078015,0.013,0.026,0.00716766177880727
97,"anchored",0.25,1,0.6,"present","gcomp",-0.3,5,1000,0.199756289540491,0.0235528383078015,0.002,0.0100000000000001,0.00706752785278919
97,"anchored",0.25,1,0.6,"present","gcomp",-0.1,1,1000,0.199756289540491,0.0235528383078015,0.264,0.264,0.0139462718494405
97,"anchored",0.25,1,0.6,"present","gcomp",-0.1,2,1000,0.199756289540491,0.0235528383078015,0.143,0.286,0.0221516296171341
97,"anchored",0.25,1,0.6,"present","gcomp",-0.1,5,1000,0.199756289540491,0.0235528383078015,0.047,0.235,0.0334797833908149
97,"anchored",0.25,1,0.6,"present","gcomp",0.1,1,1000,0.199756289540491,0.0235528383078015,0.343,0.343,0.015019206922357
97,"anchored",0.25,1,0.6,"present","gcomp",0.1,2,1000,0.199756289540491,0.0235528383078015,0.518,0.518,0.0158090456994067
97,"anchored",0.25,1,0.6,"present","gcomp",0.1,5,1000,0.199756289540491,0.0235528383078015,0.737,0.737,0.0139292865942597
97,"anchored",0.25,1,0.6,"present","gcomp",0.3,1,1000,0.199756289540491,0.0235528383078015,0.079,0.079,0.00853415677333344
97,"anchored",0.25,1,0.6,"present","gcomp",0.3,2,1000,0.199756289540491,0.0235528383078015,0.172,0.172,0.0119397888824953
97,"anchored",0.25,1,0.6,"present","gcomp",0.3,5,1000,0.199756289540491,0.0235528383078015,0.346,0.346,0.0150502661275644
97,"anchored",0.25,1,0.6,"present","maic_index",-0.3,1,1000,0.278388792750398,0.0194195235724781,0.11,0.11,0.00989939381972444
97,"anchored",0.25,1,0.6,"present","maic_index",-0.3,2,1000,0.278388792750398,0.0194195235724781,0.053,0.106,0.0141762112344929
97,"anchored",0.25,1,0.6,"present","maic_index",-0.3,5,1000,0.278388792750398,0.0194195235724781,0.017,0.0849999999999998,0.0204497724484454
97,"anchored",0.25,1,0.6,"present","maic_index",-0.1,1,1000,0.278388792750398,0.0194195235724781,0.344,0.344,0.0150296337244089
97,"anchored",0.25,1,0.6,"present","maic_index",-0.1,2,1000,0.278388792750398,0.0194195235724781,0.184,0.368,0.0245189146818772
97,"anchored",0.25,1,0.6,"present","maic_index",-0.1,5,1000,0.278388792750398,0.0194195235724781,0.074,0.37,0.0414103225635203
97,"anchored",0.25,1,0.6,"present","maic_index",0.1,1,1000,0.278388792750398,0.0194195235724781,0.376,0.376,0.0153251055088981
97,"anchored",0.25,1,0.6,"present","maic_index",0.1,2,1000,0.278388792750398,0.0194195235724781,0.535,0.535,0.0157804950500302
97,"anchored",0.25,1,0.6,"present","maic_index",0.1,5,1000,0.278388792750398,0.0194195235724781,0.749,0.749,0.0137181335168889
97,"anchored",0.25,1,0.6,"present","maic_index",0.3,1,1000,0.278388792750398,0.0194195235724781,0.162,0.162,0.0116572677713044
97,"anchored",0.25,1,0.6,"present","maic_index",0.3,2,1000,0.278388792750398,0.0194195235724781,0.286,0.286,0.0142971468625179
97,"anchored",0.25,1,0.6,"present","maic_index",0.3,5,1000,0.278388792750398,0.0194195235724781,0.473,0.473,0.0157962185513026
97,"anchored",0.25,1,0.6,"present","maic_means",-0.3,1,1000,0.272807840998734,0.0218767297655443,0.102,0.102,0.00957536880165389
97,"anchored",0.25,1,0.6,"present","maic_means",-0.3,2,1000,0.272807840998734,0.0218767297655443,0.048,0.0959999999999999,0.0135265282673333
97,"anchored",0.25,1,0.6,"present","maic_means",-0.3,5,1000,0.272807840998734,0.0218767297655443,0.015,0.075,0.0192287478725149
97,"anchored",0.25,1,0.6,"present","maic_means",-0.1,1,1000,0.272807840998734,0.0218767297655443,0.336,0.336,0.014944140233795
97,"anchored",0.25,1,0.6,"present","maic_means",-0.1,2,1000,0.272807840998734,0.0218767297655443,0.178,0.356,0.0242043353523671
97,"anchored",0.25,1,0.6,"present","maic_means",-0.1,5,1000,0.272807840998734,0.0218767297655443,0.069,0.345,0.0400946702515754
97,"anchored",0.25,1,0.6,"present","maic_means",0.1,1,1000,0.272807840998734,0.0218767297655443,0.374,0.374,0.0153087673690064
97,"anchored",0.25,1,0.6,"present","maic_means",0.1,2,1000,0.272807840998734,0.0218767297655443,0.546,0.546,0.0157522103887718
97,"anchored",0.25,1,0.6,"present","maic_means",0.1,5,1000,0.272807840998734,0.0218767297655443,0.748,0.748,0.0137362543906512
97,"anchored",0.25,1,0.6,"present","maic_means",0.3,1,1000,0.272807840998734,0.0218767297655443,0.16,0.16,0.011598902298689
97,"anchored",0.25,1,0.6,"present","maic_means",0.3,2,1000,0.272807840998734,0.0218767297655443,0.284,0.284,0.0142670090610313
97,"anchored",0.25,1,0.6,"present","maic_means",0.3,5,1000,0.272807840998734,0.0218767297655443,0.46,0.46,0.0157685969143944
97,"anchored",0.25,1,0.6,"present","maic_meanvar",-0.3,1,1000,0.274727937827539,0.021757397276625,0.107,0.107,0.00977991035984717
97,"anchored",0.25,1,0.6,"present","maic_meanvar",-0.3,2,1000,0.274727937827539,0.021757397276625,0.052,0.104,0.0140492484276343
97,"anchored",0.25,1,0.6,"present","maic_meanvar",-0.3,5,1000,0.274727937827539,0.021757397276625,0.019,0.095,0.0215972554145532
97,"anchored",0.25,1,0.6,"present","maic_meanvar",-0.1,1,1000,0.274727937827539,0.021757397276625,0.339,0.339,0.0149767587716203
97,"anchored",0.25,1,0.6,"present","maic_meanvar",-0.1,2,1000,0.274727937827539,0.021757397276625,0.176,0.352,0.024097233797195
97,"anchored",0.25,1,0.6,"present","maic_meanvar",-0.1,5,1000,0.274727937827539,0.021757397276625,0.074,0.37,0.0414103225635203
97,"anchored",0.25,1,0.6,"present","maic_meanvar",0.1,1,1000,0.274727937827539,0.021757397276625,0.376,0.376,0.0153251055088981
97,"anchored",0.25,1,0.6,"present","maic_meanvar",0.1,2,1000,0.274727937827539,0.021757397276625,0.546,0.546,0.0157522103887718
97,"anchored",0.25,1,0.6,"present","maic_meanvar",0.1,5,1000,0.274727937827539,0.021757397276625,0.758,0.758,0.0135506317055559
97,"anchored",0.25,1,0.6,"present","maic_meanvar",0.3,1,1000,0.274727937827539,0.021757397276625,0.16,0.16,0.011598902298689
97,"anchored",0.25,1,0.6,"present","maic_meanvar",0.3,2,1000,0.274727937827539,0.021757397276625,0.281,0.281,0.0142211547084349
97,"anchored",0.25,1,0.6,"present","maic_meanvar",0.3,5,1000,0.274727937827539,0.021757397276625,0.466,0.466,0.0157826833299376
97,"anchored",0.25,1,0.6,"present","unadjusted",-0.3,1,1000,0.285999527442635,0.212524134221807,0.004,0.004,0.00199699473909873
97,"anchored",0.25,1,0.6,"present","unadjusted",-0.3,2,1000,0.285999527442635,0.212524134221807,0,0,0
97,"anchored",0.25,1,0.6,"present","unadjusted",-0.3,5,1000,0.285999527442635,0.212524134221807,0,0,0
97,"anchored",0.25,1,0.6,"present","unadjusted",-0.1,1,1000,0.285999527442635,0.212524134221807,0.054,0.0539999999999999,0.00715088352129545
97,"anchored",0.25,1,0.6,"present","unadjusted",-0.1,2,1000,0.285999527442635,0.212524134221807,0.018,0.0360000000000001,0.0084127744992229
97,"anchored",0.25,1,0.6,"present","unadjusted",-0.1,5,1000,0.285999527442635,0.212524134221807,0.005,0.025,0.0111579343742244
97,"anchored",0.25,1,0.6,"present","unadjusted",0.1,1,1000,0.285999527442635,0.212524134221807,0.73,0.73,0.0140462556326339
97,"anchored",0.25,1,0.6,"present","unadjusted",0.1,2,1000,0.285999527442635,0.212524134221807,0.853,0.853,0.0112034153951603
97,"anchored",0.25,1,0.6,"present","unadjusted",0.1,5,1000,0.285999527442635,0.212524134221807,0.944,0.944,0.00727440148169707
97,"anchored",0.25,1,0.6,"present","unadjusted",0.3,1,1000,0.285999527442635,0.212524134221807,0.31,0.31,0.0146326386586329
97,"anchored",0.25,1,0.6,"present","unadjusted",0.3,2,1000,0.285999527442635,0.212524134221807,0.481,0.481,0.0158078742685058
97,"anchored",0.25,1,0.6,"present","unadjusted",0.3,5,1000,0.285999527442635,0.212524134221807,0.723,0.723,0.0141587948453063
98,"unanchored",0.25,1,0.6,"present","gcomp",-0.3,1,1000,0.184321240328633,-0.00293487502491389,0.052,0.0520000000000002,0.00702462421381712
98,"unanchored",0.25,1,0.6,"present","gcomp",-0.3,2,1000,0.184321240328633,-0.00293487502491389,0.021,0.0420000000000001,0.00907294430261302
98,"unanchored",0.25,1,0.6,"present","gcomp",-0.3,5,1000,0.184321240328633,-0.00293487502491389,0.002,0.0100000000000001,0.00706752785278915
98,"unanchored",0.25,1,0.6,"present","gcomp",-0.1,1,1000,0.184321240328633,-0.00293487502491389,0.309,0.309,0.0146196009772065
98,"unanchored",0.25,1,0.6,"present","gcomp",-0.1,2,1000,0.184321240328633,-0.00293487502491389,0.181,0.362,0.0243628723583558
98,"unanchored",0.25,1,0.6,"present","gcomp",-0.1,5,1000,0.184321240328633,-0.00293487502491389,0.075,0.375,0.0416666666666667
98,"unanchored",0.25,1,0.6,"present","gcomp",0.1,1,1000,0.184321240328633,-0.00293487502491389,0.294,0.294,0.0144142905400082
98,"unanchored",0.25,1,0.6,"present","gcomp",0.1,2,1000,0.184321240328633,-0.00293487502491389,0.442,0.442,0.0157125072118642
98,"unanchored",0.25,1,0.6,"present","gcomp",0.1,5,1000,0.184321240328633,-0.00293487502491389,0.626,0.626,0.0153087673690064
98,"unanchored",0.25,1,0.6,"present","gcomp",0.3,1,1000,0.184321240328633,-0.00293487502491389,0.048,0.048,0.00676326413366669
98,"unanchored",0.25,1,0.6,"present","gcomp",0.3,2,1000,0.184321240328633,-0.00293487502491389,0.113,0.113,0.0100165528666969
98,"unanchored",0.25,1,0.6,"present","gcomp",0.3,5,1000,0.184321240328633,-0.00293487502491389,0.242,0.242,0.013550631705556
98,"unanchored",0.25,1,0.6,"present","maic_index",-0.3,1,1000,0.202944237690637,-0.00926269258502044,0.072,0.072,0.00817819557621868
98,"unanchored",0.25,1,0.6,"present","maic_index",-0.3,2,1000,0.202944237690637,-0.00926269258502044,0.027,0.0539999999999998,0.0102561780985506
98,"unanchored",0.25,1,0.6,"present","maic_index",-0.3,5,1000,0.202944237690637,-0.00926269258502044,0.004,0.0200000000000003,0.00998497369549361
98,"unanchored",0.25,1,0.6,"present","maic_index",-0.1,1,1000,0.202944237690637,-0.00926269258502044,0.336,0.336,0.014944140233795
98,"unanchored",0.25,1,0.6,"present","maic_index",-0.1,2,1000,0.202944237690637,-0.00926269258502044,0.185,0.37,0.0245703826527733
98,"unanchored",0.25,1,0.6,"present","maic_index",-0.1,5,1000,0.202944237690637,-0.00926269258502044,0.078,0.39,0.0424228676505928
98,"unanchored",0.25,1,0.6,"present","maic_index",0.1,1,1000,0.202944237690637,-0.00926269258502044,0.295,0.295,0.0144285544384455
98,"unanchored",0.25,1,0.6,"present","maic_index",0.1,2,1000,0.202944237690637,-0.00926269258502044,0.449,0.449,0.015736792768752
98,"unanchored",0.25,1,0.6,"present","maic_index",0.1,5,1000,0.202944237690637,-0.00926269258502044,0.665,0.665,0.0149331174909326
98,"unanchored",0.25,1,0.6,"present","maic_index",0.3,1,1000,0.202944237690637,-0.00926269258502044,0.068,0.068,0.0079648879112916
98,"unanchored",0.25,1,0.6,"present","maic_index",0.3,2,1000,0.202944237690637,-0.00926269258502044,0.134,0.134,0.0107777622983697
98,"unanchored",0.25,1,0.6,"present","maic_index",0.3,5,1000,0.202944237690637,-0.00926269258502044,0.302,0.302,0.0145260802354595
98,"unanchored",0.25,1,0.6,"present","maic_means",-0.3,1,1000,0.199084256136011,-0.00335634904887434,0.07,0.07,0.00807249435832349
98,"unanchored",0.25,1,0.6,"present","maic_means",-0.3,2,1000,0.199084256136011,-0.00335634904887434,0.024,0.048,0.00968451288345413
98,"unanchored",0.25,1,0.6,"present","maic_means",-0.3,5,1000,0.199084256136011,-0.00335634904887434,0.003,0.0150000000000001,0.00865158077173472
98,"unanchored",0.25,1,0.6,"present","maic_means",-0.1,1,1000,0.199084256136011,-0.00335634904887434,0.319,0.319,0.0147464048654735
98,"unanchored",0.25,1,0.6,"present","maic_means",-0.1,2,1000,0.199084256136011,-0.00335634904887434,0.168,0.336,0.0236572116629086
98,"unanchored",0.25,1,0.6,"present","maic_means",-0.1,5,1000,0.199084256136011,-0.00335634904887434,0.073,0.365,0.0411517735762201
98,"unanchored",0.25,1,0.6,"present","maic_means",0.1,1,1000,0.199084256136011,-0.00335634904887434,0.309,0.309,0.0146196009772065
98,"unanchored",0.25,1,0.6,"present","maic_means",0.1,2,1000,0.199084256136011,-0.00335634904887434,0.454,0.454,0.0157522103887718
98,"unanchored",0.25,1,0.6,"present","maic_means",0.1,5,1000,0.199084256136011,-0.00335634904887434,0.674,0.674,0.014830507204541
98,"unanchored",0.25,1,0.6,"present","maic_means",0.3,1,1000,0.199084256136011,-0.00335634904887434,0.065,0.065,0.00779973306183203
98,"unanchored",0.25,1,0.6,"present","maic_means",0.3,2,1000,0.199084256136011,-0.00335634904887434,0.14,0.14,0.0109781838443578
98,"unanchored",0.25,1,0.6,"present","maic_means",0.3,5,1000,0.199084256136011,-0.00335634904887434,0.305,0.305,0.0145666463946644
98,"unanchored",0.25,1,0.6,"present","maic_meanvar",-0.3,1,1000,0.203676687853612,-0.00436846600030572,0.074,0.0740000000000001,0.00828206451270416
98,"unanchored",0.25,1,0.6,"present","maic_meanvar",-0.3,2,1000,0.203676687853612,-0.00436846600030572,0.027,0.0539999999999999,0.0102561780985506
98,"unanchored",0.25,1,0.6,"present","maic_meanvar",-0.3,5,1000,0.203676687853612,-0.00436846600030572,0.004,0.0200000000000003,0.00998497369549361
98,"unanchored",0.25,1,0.6,"present","maic_meanvar",-0.1,1,1000,0.203676687853612,-0.00436846600030572,0.324,0.324,0.0148068647337389
98,"unanchored",0.25,1,0.6,"present","maic_meanvar",-0.1,2,1000,0.203676687853612,-0.00436846600030572,0.18,0.36,0.0243103062710239
98,"unanchored",0.25,1,0.6,"present","maic_meanvar",-0.1,5,1000,0.203676687853612,-0.00436846600030572,0.076,0.38,0.041920846333982
98,"unanchored",0.25,1,0.6,"present","maic_meanvar",0.1,1,1000,0.203676687853612,-0.00436846600030572,0.308,0.308,0.0146064831273428
98,"unanchored",0.25,1,0.6,"present","maic_meanvar",0.1,2,1000,0.203676687853612,-0.00436846600030572,0.452,0.452,0.0157462358658807
98,"unanchored",0.25,1,0.6,"present","maic_meanvar",0.1,5,1000,0.203676687853612,-0.00436846600030572,0.68,0.68,0.0147586523035749
98,"unanchored",0.25,1,0.6,"present","maic_meanvar",0.3,1,1000,0.203676687853612,-0.00436846600030572,0.069,0.069,0.00801893405031516
98,"unanchored",0.25,1,0.6,"present","maic_meanvar",0.3,2,1000,0.203676687853612,-0.00436846600030572,0.139,0.139,0.010945263761043
98,"unanchored",0.25,1,0.6,"present","maic_meanvar",0.3,5,1000,0.203676687853612,-0.00436846600030572,0.304,0.304,0.0145532056879504
98,"unanchored",0.25,1,0.6,"present","unadjusted",-0.3,1,1000,0.701063337692011,0.68447841670121,0,0,0
98,"unanchored",0.25,1,0.6,"present","unadjusted",-0.3,2,1000,0.701063337692011,0.68447841670121,0,0,0
98,"unanchored",0.25,1,0.6,"present","unadjusted",-0.3,5,1000,0.701063337692011,0.68447841670121,0,0,0
98,"unanchored",0.25,1,0.6,"present","unadjusted",-0.1,1,1000,0.701063337692011,0.68447841670121,0,0,0
98,"unanchored",0.25,1,0.6,"present","unadjusted",-0.1,2,1000,0.701063337692011,0.68447841670121,0,0,0
98,"unanchored",0.25,1,0.6,"present","unadjusted",-0.1,5,1000,0.701063337692011,0.68447841670121,0,0,0
98,"unanchored",0.25,1,0.6,"present","unadjusted",0.1,1,1000,0.701063337692011,0.68447841670121,1,1,0
98,"unanchored",0.25,1,0.6,"present","unadjusted",0.1,2,1000,0.701063337692011,0.68447841670121,1,1,0
98,"unanchored",0.25,1,0.6,"present","unadjusted",0.1,5,1000,0.701063337692011,0.68447841670121,1,1,0
98,"unanchored",0.25,1,0.6,"present","unadjusted",0.3,1,1000,0.701063337692011,0.68447841670121,0.996,0.996,0.00199699473909873
98,"unanchored",0.25,1,0.6,"present","unadjusted",0.3,2,1000,0.701063337692011,0.68447841670121,0.999,0.999,0.00100000000000001
98,"unanchored",0.25,1,0.6,"present","unadjusted",0.3,5,1000,0.701063337692011,0.68447841670121,0.999,0.999,0.00100000000000001
99,"anchored",1,1,0.6,"present","gcomp",-0.3,1,1000,0.187796737371609,-0.00931789306824855,0.057,0.057,0.00733517585370682
99,"anchored",1,1,0.6,"present","gcomp",-0.3,2,1000,0.187796737371609,-0.00931789306824855,0.024,0.048,0.00968451288345414
99,"anchored",1,1,0.6,"present","gcomp",-0.3,5,1000,0.187796737371609,-0.00931789306824855,0.008,0.0400000000000001,0.0140925015025224
99,"anchored",1,1,0.6,"present","gcomp",-0.1,1,1000,0.187796737371609,-0.00931789306824855,0.314,0.314,0.014683991951088
99,"anchored",1,1,0.6,"present","gcomp",-0.1,2,1000,0.187796737371609,-0.00931789306824855,0.182,0.364,0.0244151612753243
99,"anchored",1,1,0.6,"present","gcomp",-0.1,5,1000,0.187796737371609,-0.00931789306824855,0.072,0.36,0.0408909778810933
99,"anchored",1,1,0.6,"present","gcomp",0.1,1,1000,0.187796737371609,-0.00931789306824855,0.273,0.273,0.0140950228687176
99,"anchored",1,1,0.6,"present","gcomp",0.1,2,1000,0.187796737371609,-0.00931789306824855,0.426,0.426,0.0156450876881138
99,"anchored",1,1,0.6,"present","gcomp",0.1,5,1000,0.187796737371609,-0.00931789306824855,0.659,0.659,0.0149981313484027
99,"anchored",1,1,0.6,"present","gcomp",0.3,1,1000,0.187796737371609,-0.00931789306824855,0.055,0.055,0.00721297629463924
99,"anchored",1,1,0.6,"present","gcomp",0.3,2,1000,0.187796737371609,-0.00931789306824855,0.111,0.111,0.00993870101058373
99,"anchored",1,1,0.6,"present","gcomp",0.3,5,1000,0.187796737371609,-0.00931789306824855,0.24,0.24,0.0135123122589208
99,"anchored",1,1,0.6,"present","maic_index",-0.3,1,1000,0.248289333542471,-0.0174862793878544,0.124,0.124,0.010427498872344
99,"anchored",1,1,0.6,"present","maic_index",-0.3,2,1000,0.248289333542471,-0.0174862793878544,0.059,0.118,0.0149096713008135
99,"anchored",1,1,0.6,"present","maic_index",-0.3,5,1000,0.248289333542471,-0.0174862793878544,0.015,0.075,0.019228747872515
99,"anchored",1,1,0.6,"present","maic_index",-0.1,1,1000,0.248289333542471,-0.0174862793878544,0.363,0.363,0.0152138904446713
99,"anchored",1,1,0.6,"present","maic_index",-0.1,2,1000,0.248289333542471,-0.0174862793878544,0.213,0.426,0.0259074351334745
99,"anchored",1,1,0.6,"present","maic_index",-0.1,5,1000,0.248289333542471,-0.0174862793878544,0.09,0.45,0.0452719510243329
99,"anchored",1,1,0.6,"present","maic_index",0.1,1,1000,0.248289333542471,-0.0174862793878544,0.319,0.319,0.0147464048654735
99,"anchored",1,1,0.6,"present","maic_index",0.1,2,1000,0.248289333542471,-0.0174862793878544,0.475,0.475,0.015799513429996
99,"anchored",1,1,0.6,"present","maic_index",0.1,5,1000,0.248289333542471,-0.0174862793878544,0.706,0.706,0.0144142905400082
99,"anchored",1,1,0.6,"present","maic_index",0.3,1,1000,0.248289333542471,-0.0174862793878544,0.099,0.0989999999999999,0.00944924802766273
99,"anchored",1,1,0.6,"present","maic_index",0.3,2,1000,0.248289333542471,-0.0174862793878544,0.188,0.188,0.0123615860151038
99,"anchored",1,1,0.6,"present","maic_index",0.3,5,1000,0.248289333542471,-0.0174862793878544,0.381,0.381,0.0153647347870074
99,"anchored",1,1,0.6,"present","maic_means",-0.3,1,1000,0.24447864079119,-0.0165308798009081,0.121,0.121,0.0103182103809461
99,"anchored",1,1,0.6,"present","maic_means",-0.3,2,1000,0.24447864079119,-0.0165308798009081,0.056,0.112,0.0145488029633941
99,"anchored",1,1,0.6,"present","maic_means",-0.3,5,1000,0.24447864079119,-0.0165308798009081,0.011,0.0550000000000001,0.0164999165830392
99,"anchored",1,1,0.6,"present","maic_means",-0.1,1,1000,0.24447864079119,-0.0165308798009081,0.36,0.36,0.0151865279320401
99,"anchored",1,1,0.6,"present","maic_means",-0.1,2,1000,0.24447864079119,-0.0165308798009081,0.211,0.422,0.0258182606420842
99,"anchored",1,1,0.6,"present","maic_means",-0.1,5,1000,0.24447864079119,-0.0165308798009081,0.087,0.435,0.0445843331537301
99,"anchored",1,1,0.6,"present","maic_means",0.1,1,1000,0.24447864079119,-0.0165308798009081,0.319,0.319,0.0147464048654735
99,"anchored",1,1,0.6,"present","maic_means",0.1,2,1000,0.24447864079119,-0.0165308798009081,0.483,0.483,0.0158101537298334
99,"anchored",1,1,0.6,"present","maic_means",0.1,5,1000,0.24447864079119,-0.0165308798009081,0.703,0.703,0.0144568322948011
99,"anchored",1,1,0.6,"present","maic_means",0.3,1,1000,0.24447864079119,-0.0165308798009081,0.098,0.0980000000000001,0.00940661918462123
99,"anchored",1,1,0.6,"present","maic_means",0.3,2,1000,0.24447864079119,-0.0165308798009081,0.187,0.187,0.0123362548280741
99,"anchored",1,1,0.6,"present","maic_means",0.3,5,1000,0.24447864079119,-0.0165308798009081,0.378,0.378,0.0153411652540266
99,"anchored",1,1,0.6,"present","maic_meanvar",-0.3,1,1000,0.246885780161967,-0.0158855096154803,0.122,0.122,0.0103548647129367
99,"anchored",1,1,0.6,"present","maic_meanvar",-0.3,2,1000,0.246885780161967,-0.0158855096154803,0.055,0.11,0.0144259525892785
99,"anchored",1,1,0.6,"present","maic_meanvar",-0.3,5,1000,0.246885780161967,-0.0158855096154803,0.012,0.0600000000000001,0.0172248859704992
99,"anchored",1,1,0.6,"present","maic_meanvar",-0.1,1,1000,0.246885780161967,-0.0158855096154803,0.367,0.367,0.0152493784641718
99,"anchored",1,1,0.6,"present","maic_meanvar",-0.1,2,1000,0.246885780161967,-0.0158855096154803,0.214,0.428,0.0259516760439376
99,"anchored",1,1,0.6,"present","maic_meanvar",-0.1,5,1000,0.246885780161967,-0.0158855096154803,0.09,0.45,0.0452719510243329
99,"anchored",1,1,0.6,"present","maic_meanvar",0.1,1,1000,0.246885780161967,-0.0158855096154803,0.315,0.315,0.0146966319607925
99,"anchored",1,1,0.6,"present","maic_meanvar",0.1,2,1000,0.246885780161967,-0.0158855096154803,0.476,0.476,0.0158010655866518
99,"anchored",1,1,0.6,"present","maic_meanvar",0.1,5,1000,0.246885780161967,-0.0158855096154803,0.704,0.704,0.014442734941575
99,"anchored",1,1,0.6,"present","maic_meanvar",0.3,1,1000,0.246885780161967,-0.0158855096154803,0.099,0.099,0.00944924802766273
99,"anchored",1,1,0.6,"present","maic_meanvar",0.3,2,1000,0.246885780161967,-0.0158855096154803,0.2,0.2,0.0126554399433666
99,"anchored",1,1,0.6,"present","maic_meanvar",0.3,5,1000,0.246885780161967,-0.0158855096154803,0.385,0.385,0.0153951944454108
99,"anchored",1,1,0.6,"present","unadjusted",-0.3,1,1000,0.224836498196913,0.121190703953127,0.014,0.014,0.00371723254825658
99,"anchored",1,1,0.6,"present","unadjusted",-0.3,2,1000,0.224836498196913,0.121190703953127,0.002,0.004,0.00282701114111563
99,"anchored",1,1,0.6,"present","unadjusted",-0.3,5,1000,0.224836498196913,0.121190703953127,0.001,0.00500000000000006,0.00500000000000002
99,"anchored",1,1,0.6,"present","unadjusted",-0.1,1,1000,0.224836498196913,0.121190703953127,0.128,0.128,0.0105701337611087
99,"anchored",1,1,0.6,"present","unadjusted",-0.1,2,1000,0.224836498196913,0.121190703953127,0.051,0.102,0.0139208401251428
99,"anchored",1,1,0.6,"present","unadjusted",-0.1,5,1000,0.224836498196913,0.121190703953127,0.016,0.08,0.0198492819515969
99,"anchored",1,1,0.6,"present","unadjusted",0.1,1,1000,0.224836498196913,0.121190703953127,0.536,0.536,0.0157782430249046
99,"anchored",1,1,0.6,"present","unadjusted",0.1,2,1000,0.224836498196913,0.121190703953127,0.721,0.721,0.014190150117612
99,"anchored",1,1,0.6,"present","unadjusted",0.1,5,1000,0.224836498196913,0.121190703953127,0.847,0.847,0.0113895004596655
99,"anchored",1,1,0.6,"present","unadjusted",0.3,1,1000,0.224836498196913,0.121190703953127,0.176,0.176,0.0120486168985975
99,"anchored",1,1,0.6,"present","unadjusted",0.3,2,1000,0.224836498196913,0.121190703953127,0.309,0.309,0.0146196009772065
99,"anchored",1,1,0.6,"present","unadjusted",0.3,5,1000,0.224836498196913,0.121190703953127,0.498,0.498,0.0158191733743027
100,"unanchored",1,1,0.6,"present","gcomp",-0.3,1,1000,0.14212739068176,0.00290282138648432,0.019,0.019,0.0043194510829106
100,"unanchored",1,1,0.6,"present","gcomp",-0.3,2,1000,0.14212739068176,0.00290282138648432,0.006,0.012,0.00488670439865968
100,"unanchored",1,1,0.6,"present","gcomp",-0.3,5,1000,0.14212739068176,0.00290282138648432,0,0,0
100,"unanchored",1,1,0.6,"present","gcomp",-0.1,1,1000,0.14212739068176,0.00290282138648432,0.234,0.234,0.01339490288966
100,"unanchored",1,1,0.6,"present","gcomp",-0.1,2,1000,0.14212739068176,0.00290282138648432,0.124,0.248,0.0208549977446879
100,"unanchored",1,1,0.6,"present","gcomp",-0.1,5,1000,0.14212739068176,0.00290282138648432,0.04,0.2,0.0309993703316851
100,"unanchored",1,1,0.6,"present","gcomp",0.1,1,1000,0.14212739068176,0.00290282138648432,0.243,0.243,0.0135696401991774
100,"unanchored",1,1,0.6,"present","gcomp",0.1,2,1000,0.14212739068176,0.00290282138648432,0.414,0.414,0.0155835441041775
100,"unanchored",1,1,0.6,"present","gcomp",0.1,5,1000,0.14212739068176,0.00290282138648432,0.633,0.633,0.0152493784641717
100,"unanchored",1,1,0.6,"present","gcomp",0.3,1,1000,0.14212739068176,0.00290282138648432,0.023,0.023,0.0047427305946568
100,"unanchored",1,1,0.6,"present","gcomp",0.3,2,1000,0.14212739068176,0.00290282138648432,0.053,0.053,0.00708810561724644
100,"unanchored",1,1,0.6,"present","gcomp",0.3,5,1000,0.14212739068176,0.00290282138648432,0.142,0.142,0.0110434576993782
100,"unanchored",1,1,0.6,"present","maic_index",-0.3,1,1000,0.159938456958699,-0.0120674325235418,0.035,0.035,0.00581453427273496
100,"unanchored",1,1,0.6,"present","maic_index",-0.3,2,1000,0.159938456958699,-0.0120674325235418,0.011,0.022,0.00659996663321563
100,"unanchored",1,1,0.6,"present","maic_index",-0.3,5,1000,0.159938456958699,-0.0120674325235418,0,0,0
100,"unanchored",1,1,0.6,"present","maic_index",-0.1,1,1000,0.159938456958699,-0.0120674325235418,0.31,0.31,0.0146326386586329
100,"unanchored",1,1,0.6,"present","maic_index",-0.1,2,1000,0.159938456958699,-0.0120674325235418,0.137,0.274,0.0217576974286666
100,"unanchored",1,1,0.6,"present","maic_index",-0.1,5,1000,0.159938456958699,-0.0120674325235418,0.042,0.21,0.0317317964651688
100,"unanchored",1,1,0.6,"present","maic_index",0.1,1,1000,0.159938456958699,-0.0120674325235418,0.233,0.233,0.0133749725192201
100,"unanchored",1,1,0.6,"present","maic_index",0.1,2,1000,0.159938456958699,-0.0120674325235418,0.422,0.422,0.0156256251126207
100,"unanchored",1,1,0.6,"present","maic_index",0.1,5,1000,0.159938456958699,-0.0120674325235418,0.66,0.66,0.0149874822643639
100,"unanchored",1,1,0.6,"present","maic_index",0.3,1,1000,0.159938456958699,-0.0120674325235418,0.031,0.031,0.0054835270646792
100,"unanchored",1,1,0.6,"present","maic_index",0.3,2,1000,0.159938456958699,-0.0120674325235418,0.073,0.073,0.00823035471524408
100,"unanchored",1,1,0.6,"present","maic_index",0.3,5,1000,0.159938456958699,-0.0120674325235418,0.207,0.207,0.012818553557844
100,"unanchored",1,1,0.6,"present","maic_means",-0.3,1,1000,0.154671097925757,-0.00245433357028118,0.028,0.028,0.00521950603441005
100,"unanchored",1,1,0.6,"present","maic_means",-0.3,2,1000,0.154671097925757,-0.00245433357028118,0.008,0.016,0.00563700060100902
100,"unanchored",1,1,0.6,"present","maic_means",-0.3,5,1000,0.154671097925757,-0.00245433357028118,0,0,0
100,"unanchored",1,1,0.6,"present","maic_means",-0.1,1,1000,0.154671097925757,-0.00245433357028118,0.27,0.27,0.0140462556326339
100,"unanchored",1,1,0.6,"present","maic_means",-0.1,2,1000,0.154671097925757,-0.00245433357028118,0.131,0.262,0.0213497496896759
100,"unanchored",1,1,0.6,"present","maic_means",-0.1,5,1000,0.154671097925757,-0.00245433357028118,0.037,0.185,0.0298607881119481
100,"unanchored",1,1,0.6,"present","maic_means",0.1,1,1000,0.154671097925757,-0.00245433357028118,0.25,0.25,0.0136999156087798
100,"unanchored",1,1,0.6,"present","maic_means",0.1,2,1000,0.154671097925757,-0.00245433357028118,0.446,0.446,0.0157267711667504
100,"unanchored",1,1,0.6,"present","maic_means",0.1,5,1000,0.154671097925757,-0.00245433357028118,0.683,0.683,0.0147216754388802
100,"unanchored",1,1,0.6,"present","maic_means",0.3,1,1000,0.154671097925757,-0.00245433357028118,0.027,0.027,0.00512808904927529
100,"unanchored",1,1,0.6,"present","maic_means",0.3,2,1000,0.154671097925757,-0.00245433357028118,0.074,0.0740000000000001,0.00828206451270416
100,"unanchored",1,1,0.6,"present","maic_means",0.3,5,1000,0.154671097925757,-0.00245433357028118,0.219,0.219,0.013084731950262
100,"unanchored",1,1,0.6,"present","maic_meanvar",-0.3,1,1000,0.157387162084163,-0.00757785376475679,0.033,0.0329999999999999,0.00565180882045237
100,"unanchored",1,1,0.6,"present","maic_meanvar",-0.3,2,1000,0.157387162084163,-0.00757785376475679,0.01,0.0200000000000001,0.00629600187735358
100,"unanchored",1,1,0.6,"present","maic_meanvar",-0.3,5,1000,0.157387162084163,-0.00757785376475679,0,0,0
100,"unanchored",1,1,0.6,"present","maic_meanvar",-0.1,1,1000,0.157387162084163,-0.00757785376475679,0.287,0.287,0.01431208705381
100,"unanchored",1,1,0.6,"present","maic_meanvar",-0.1,2,1000,0.157387162084163,-0.00757785376475679,0.133,0.266,0.0214873382647947
100,"unanchored",1,1,0.6,"present","maic_meanvar",-0.1,5,1000,0.157387162084163,-0.00757785376475679,0.038,0.19,0.0302459057529249
100,"unanchored",1,1,0.6,"present","maic_meanvar",0.1,1,1000,0.157387162084163,-0.00757785376475679,0.241,0.241,0.0135315225345154
100,"unanchored",1,1,0.6,"present","maic_meanvar",0.1,2,1000,0.157387162084163,-0.00757785376475679,0.429,0.429,0.0156589975478703
100,"unanchored",1,1,0.6,"present","maic_meanvar",0.1,5,1000,0.157387162084163,-0.00757785376475679,0.669,0.669,0.0148882725882039
100,"unanchored",1,1,0.6,"present","maic_meanvar",0.3,1,1000,0.157387162084163,-0.00757785376475679,0.029,0.0290000000000001,0.00530916068575701
100,"unanchored",1,1,0.6,"present","maic_meanvar",0.3,2,1000,0.157387162084163,-0.00757785376475679,0.078,0.078,0.00848457353011858
100,"unanchored",1,1,0.6,"present","maic_meanvar",0.3,5,1000,0.157387162084163,-0.00757785376475679,0.213,0.213,0.0129537175667372
100,"unanchored",1,1,0.6,"present","unadjusted",-0.3,1,1000,1.00801961253708,0.998305789550082,0,0,0
100,"unanchored",1,1,0.6,"present","unadjusted",-0.3,2,1000,1.00801961253708,0.998305789550082,0,0,0
100,"unanchored",1,1,0.6,"present","unadjusted",-0.3,5,1000,1.00801961253708,0.998305789550082,0,0,0
100,"unanchored",1,1,0.6,"present","unadjusted",-0.1,1,1000,1.00801961253708,0.998305789550082,0,0,0
100,"unanchored",1,1,0.6,"present","unadjusted",-0.1,2,1000,1.00801961253708,0.998305789550082,0,0,0
100,"unanchored",1,1,0.6,"present","unadjusted",-0.1,5,1000,1.00801961253708,0.998305789550082,0,0,0
100,"unanchored",1,1,0.6,"present","unadjusted",0.1,1,1000,1.00801961253708,0.998305789550082,1,1,0
100,"unanchored",1,1,0.6,"present","unadjusted",0.1,2,1000,1.00801961253708,0.998305789550082,1,1,0
100,"unanchored",1,1,0.6,"present","unadjusted",0.1,5,1000,1.00801961253708,0.998305789550082,1,1,0
100,"unanchored",1,1,0.6,"present","unadjusted",0.3,1,1000,1.00801961253708,0.998305789550082,1,1,0
100,"unanchored",1,1,0.6,"present","unadjusted",0.3,2,1000,1.00801961253708,0.998305789550082,1,1,0
100,"unanchored",1,1,0.6,"present","unadjusted",0.3,5,1000,1.00801961253708,0.998305789550082,1,1,0
101,"anchored",4,1,0.6,"present","gcomp",-0.3,1,1000,0.172425043766321,0.00457637529164551,0.04,0.04,0.00619987406633706
101,"anchored",4,1,0.6,"present","gcomp",-0.3,2,1000,0.172425043766321,0.00457637529164551,0.013,0.026,0.00716766177880727
101,"anchored",4,1,0.6,"present","gcomp",-0.3,5,1000,0.172425043766321,0.00457637529164551,0.001,0.00500000000000006,0.00500000000000006
101,"anchored",4,1,0.6,"present","gcomp",-0.1,1,1000,0.172425043766321,0.00457637529164551,0.28,0.28,0.0142056961040915
101,"anchored",4,1,0.6,"present","gcomp",-0.1,2,1000,0.172425043766321,0.00457637529164551,0.154,0.308,0.0228398261301974
101,"anchored",4,1,0.6,"present","gcomp",-0.1,5,1000,0.172425043766321,0.00457637529164551,0.061,0.305,0.037860380457787
101,"anchored",4,1,0.6,"present","gcomp",0.1,1,1000,0.172425043766321,0.00457637529164551,0.301,0.301,0.0145123950335432
101,"anchored",4,1,0.6,"present","gcomp",0.1,2,1000,0.172425043766321,0.00457637529164551,0.46,0.46,0.0157685969143944
101,"anchored",4,1,0.6,"present","gcomp",0.1,5,1000,0.172425043766321,0.00457637529164551,0.645,0.645,0.0151394915437805
101,"anchored",4,1,0.6,"present","gcomp",0.3,1,1000,0.172425043766321,0.00457637529164551,0.045,0.045,0.00655881224140611
101,"anchored",4,1,0.6,"present","gcomp",0.3,2,1000,0.172425043766321,0.00457637529164551,0.098,0.098,0.00940661918462123
101,"anchored",4,1,0.6,"present","gcomp",0.3,5,1000,0.172425043766321,0.00457637529164551,0.221,0.221,0.0131275028596962
101,"anchored",4,1,0.6,"present","maic_index",-0.3,1,1000,0.236639675766864,-0.0046443746047304,0.105,0.105,0.00969892102602495
101,"anchored",4,1,0.6,"present","maic_index",-0.3,2,1000,0.236639675766864,-0.0046443746047304,0.046,0.092,0.0132556294347614
101,"anchored",4,1,0.6,"present","maic_index",-0.3,5,1000,0.236639675766864,-0.0046443746047304,0.013,0.065,0.0179191544470183
101,"anchored",4,1,0.6,"present","maic_index",-0.1,1,1000,0.236639675766864,-0.0046443746047304,0.336,0.336,0.014944140233795
101,"anchored",4,1,0.6,"present","maic_index",-0.1,2,1000,0.236639675766864,-0.0046443746047304,0.206,0.412,0.0255912272255731
101,"anchored",4,1,0.6,"present","maic_index",-0.1,5,1000,0.236639675766864,-0.0046443746047304,0.085,0.425,0.0441171318347113
101,"anchored",4,1,0.6,"present","maic_index",0.1,1,1000,0.236639675766864,-0.0046443746047304,0.322,0.322,0.0147829136009967
101,"anchored",4,1,0.6,"present","maic_index",0.1,2,1000,0.236639675766864,-0.0046443746047304,0.491,0.491,0.0158167369950054
101,"anchored",4,1,0.6,"present","maic_index",0.1,5,1000,0.236639675766864,-0.0046443746047304,0.703,0.703,0.0144568322948011
101,"anchored",4,1,0.6,"present","maic_index",0.3,1,1000,0.236639675766864,-0.0046443746047304,0.087,0.087,0.00891686663074589
101,"anchored",4,1,0.6,"present","maic_index",0.3,2,1000,0.236639675766864,-0.0046443746047304,0.196,0.196,0.0125595279267074
101,"anchored",4,1,0.6,"present","maic_index",0.3,5,1000,0.236639675766864,-0.0046443746047304,0.362,0.362,0.0152048409129195
101,"anchored",4,1,0.6,"present","maic_means",-0.3,1,1000,0.233195671278363,0.00197065233072347,0.094,0.094,0.00923305200078774
101,"anchored",4,1,0.6,"present","maic_means",-0.3,2,1000,0.233195671278363,0.00197065233072347,0.044,0.0879999999999999,0.0129778435968548
101,"anchored",4,1,0.6,"present","maic_means",-0.3,5,1000,0.233195671278363,0.00197065233072347,0.012,0.0600000000000001,0.0172248859704992
101,"anchored",4,1,0.6,"present","maic_means",-0.1,1,1000,0.233195671278363,0.00197065233072347,0.326,0.326,0.014830507204541
101,"anchored",4,1,0.6,"present","maic_means",-0.1,2,1000,0.233195671278363,0.00197065233072347,0.202,0.404,0.0254053031753103
101,"anchored",4,1,0.6,"present","maic_means",-0.1,5,1000,0.233195671278363,0.00197065233072347,0.076,0.38,0.0419208463339819
101,"anchored",4,1,0.6,"present","maic_means",0.1,1,1000,0.233195671278363,0.00197065233072347,0.335,0.335,0.0149331174909326
101,"anchored",4,1,0.6,"present","maic_means",0.1,2,1000,0.233195671278363,0.00197065233072347,0.505,0.505,0.0158185089444366
101,"anchored",4,1,0.6,"present","maic_means",0.1,5,1000,0.233195671278363,0.00197065233072347,0.705,0.705,0.0144285544384455
101,"anchored",4,1,0.6,"present","maic_means",0.3,1,1000,0.233195671278363,0.00197065233072347,0.093,0.093,0.00918887563499666
101,"anchored",4,1,0.6,"present","maic_means",0.3,2,1000,0.233195671278363,0.00197065233072347,0.2,0.2,0.0126554399433667
101,"anchored",4,1,0.6,"present","maic_means",0.3,5,1000,0.233195671278363,0.00197065233072347,0.367,0.367,0.0152493784641718
101,"anchored",4,1,0.6,"present","maic_meanvar",-0.3,1,1000,0.235825804477583,-0.000528371923804028,0.1,0.1,0.00949157995752503
101,"anchored",4,1,0.6,"present","maic_meanvar",-0.3,2,1000,0.235825804477583,-0.000528371923804028,0.046,0.092,0.0132556294347614
101,"anchored",4,1,0.6,"present","maic_meanvar",-0.3,5,1000,0.235825804477583,-0.000528371923804028,0.012,0.0599999999999999,0.0172248859704992
101,"anchored",4,1,0.6,"present","maic_meanvar",-0.1,1,1000,0.235825804477583,-0.000528371923804028,0.328,0.328,0.0148538424872703
101,"anchored",4,1,0.6,"present","maic_meanvar",-0.1,2,1000,0.235825804477583,-0.000528371923804028,0.197,0.394,0.0251673875759362
101,"anchored",4,1,0.6,"present","maic_meanvar",-0.1,5,1000,0.235825804477583,-0.000528371923804028,0.084,0.42,0.0438808104474556
101,"anchored",4,1,0.6,"present","maic_meanvar",0.1,1,1000,0.235825804477583,-0.000528371923804028,0.331,0.331,0.0148882725882039
101,"anchored",4,1,0.6,"present","maic_meanvar",0.1,2,1000,0.235825804477583,-0.000528371923804028,0.497,0.497,0.0158190151792467
101,"anchored",4,1,0.6,"present","maic_meanvar",0.1,5,1000,0.235825804477583,-0.000528371923804028,0.708,0.708,0.0143855115634773
101,"anchored",4,1,0.6,"present","maic_meanvar",0.3,1,1000,0.235825804477583,-0.000528371923804028,0.098,0.098,0.00940661918462126
101,"anchored",4,1,0.6,"present","maic_meanvar",0.3,2,1000,0.235825804477583,-0.000528371923804028,0.197,0.197,0.0125836937879681
101,"anchored",4,1,0.6,"present","maic_meanvar",0.3,5,1000,0.235825804477583,-0.000528371923804028,0.376,0.376,0.0153251055088981
101,"anchored",4,1,0.6,"present","unadjusted",-0.3,1,1000,0.200635265171726,0.0547534448852439,0.036,0.036,0.00589395781616555
101,"anchored",4,1,0.6,"present","unadjusted",-0.3,2,1000,0.200635265171726,0.0547534448852439,0.011,0.022,0.00659996663321563
101,"anchored",4,1,0.6,"present","unadjusted",-0.3,5,1000,0.200635265171726,0.0547534448852439,0.002,0.0100000000000001,0.00706752785278923
101,"anchored",4,1,0.6,"present","unadjusted",-0.1,1,1000,0.200635265171726,0.0547534448852439,0.206,0.206,0.0127956136127866
101,"anchored",4,1,0.6,"present","unadjusted",-0.1,2,1000,0.200635265171726,0.0547534448852439,0.111,0.222,0.0198774020211675
101,"anchored",4,1,0.6,"present","unadjusted",-0.1,5,1000,0.200635265171726,0.0547534448852439,0.044,0.22,0.0324446089921371
101,"anchored",4,1,0.6,"present","unadjusted",0.1,1,1000,0.200635265171726,0.0547534448852439,0.41,0.41,0.0155609171369217
101,"anchored",4,1,0.6,"present","unadjusted",0.1,2,1000,0.200635265171726,0.0547534448852439,0.578,0.578,0.0156256251126207
101,"anchored",4,1,0.6,"present","unadjusted",0.1,5,1000,0.200635265171726,0.0547534448852439,0.764,0.764,0.0134344514024387
101,"anchored",4,1,0.6,"present","unadjusted",0.3,1,1000,0.200635265171726,0.0547534448852439,0.107,0.107,0.00977991035984717
101,"anchored",4,1,0.6,"present","unadjusted",0.3,2,1000,0.200635265171726,0.0547534448852439,0.204,0.204,0.0127493743590244
101,"anchored",4,1,0.6,"present","unadjusted",0.3,5,1000,0.200635265171726,0.0547534448852439,0.377,0.377,0.0153331701257799
102,"unanchored",4,1,0.6,"present","gcomp",-0.3,1,1000,0.123944241681578,-0.00305449623427233,0.008,0.00799999999999999,0.00281850030050451
102,"unanchored",4,1,0.6,"present","gcomp",-0.3,2,1000,0.123944241681578,-0.00305449623427233,0.003,0.006,0.00346063230869387
102,"unanchored",4,1,0.6,"present","gcomp",-0.3,5,1000,0.123944241681578,-0.00305449623427233,0.002,0.0100000000000001,0.00706752785278915
102,"unanchored",4,1,0.6,"present","gcomp",-0.1,1,1000,0.123944241681578,-0.00305449623427233,0.223,0.223,0.0131698308434257
102,"unanchored",4,1,0.6,"present","gcomp",-0.1,2,1000,0.123944241681578,-0.00305449623427233,0.111,0.222,0.0198774020211675
102,"unanchored",4,1,0.6,"present","gcomp",-0.1,5,1000,0.123944241681578,-0.00305449623427233,0.033,0.165,0.0282590441022619
102,"unanchored",4,1,0.6,"present","gcomp",0.1,1,1000,0.123944241681578,-0.00305449623427233,0.193,0.193,0.0124862687343701
102,"unanchored",4,1,0.6,"present","gcomp",0.1,2,1000,0.123944241681578,-0.00305449623427233,0.337,0.337,0.0149550879186536
102,"unanchored",4,1,0.6,"present","gcomp",0.1,5,1000,0.123944241681578,-0.00305449623427233,0.563,0.563,0.0156932239287304
102,"unanchored",4,1,0.6,"present","gcomp",0.3,1,1000,0.123944241681578,-0.00305449623427233,0.009,0.00900000000000003,0.00298796384314266
102,"unanchored",4,1,0.6,"present","gcomp",0.3,2,1000,0.123944241681578,-0.00305449623427233,0.031,0.031,0.0054835270646792
102,"unanchored",4,1,0.6,"present","gcomp",0.3,5,1000,0.123944241681578,-0.00305449623427233,0.074,0.0740000000000001,0.00828206451270416
102,"unanchored",4,1,0.6,"present","maic_index",-0.3,1,1000,0.136660500196407,-0.0221898791278636,0.018,0.018,0.00420638724961147
102,"unanchored",4,1,0.6,"present","maic_index",-0.3,2,1000,0.136660500196407,-0.0221898791278636,0.003,0.00600000000000001,0.00346063230869387
102,"unanchored",4,1,0.6,"present","maic_index",-0.3,5,1000,0.136660500196407,-0.0221898791278636,0.002,0.0100000000000001,0.00706752785278915
102,"unanchored",4,1,0.6,"present","maic_index",-0.1,1,1000,0.136660500196407,-0.0221898791278636,0.275,0.275,0.0141270865564905
102,"unanchored",4,1,0.6,"present","maic_index",-0.1,2,1000,0.136660500196407,-0.0221898791278636,0.132,0.264,0.0214187479270561
102,"unanchored",4,1,0.6,"present","maic_index",-0.1,5,1000,0.136660500196407,-0.0221898791278636,0.035,0.175,0.0290726713636743
102,"unanchored",4,1,0.6,"present","maic_index",0.1,1,1000,0.136660500196407,-0.0221898791278636,0.182,0.182,0.0122075806376622
102,"unanchored",4,1,0.6,"present","maic_index",0.1,2,1000,0.136660500196407,-0.0221898791278636,0.351,0.351,0.0151005637983164
102,"unanchored",4,1,0.6,"present","maic_index",0.1,5,1000,0.136660500196407,-0.0221898791278636,0.617,0.617,0.0153801023256527
102,"unanchored",4,1,0.6,"present","maic_index",0.3,1,1000,0.136660500196407,-0.0221898791278636,0.009,0.00900000000000002,0.00298796384314266
102,"unanchored",4,1,0.6,"present","maic_index",0.3,2,1000,0.136660500196407,-0.0221898791278636,0.039,0.039,0.00612507277642611
102,"unanchored",4,1,0.6,"present","maic_index",0.3,5,1000,0.136660500196407,-0.0221898791278636,0.12,0.12,0.0102813280127474
102,"unanchored",4,1,0.6,"present","maic_means",-0.3,1,1000,0.138674633490222,-0.0170574777043206,0.019,0.019,0.00431945108291063
102,"unanchored",4,1,0.6,"present","maic_means",-0.3,2,1000,0.138674633490222,-0.0170574777043206,0.005,0.01,0.00446317374968977
102,"unanchored",4,1,0.6,"present","maic_means",-0.3,5,1000,0.138674633490222,-0.0170574777043206,0.002,0.0100000000000001,0.00706752785278915
102,"unanchored",4,1,0.6,"present","maic_means",-0.1,1,1000,0.138674633490222,-0.0170574777043206,0.262,0.262,0.0139122086510214
102,"unanchored",4,1,0.6,"present","maic_means",-0.1,2,1000,0.138674633490222,-0.0170574777043206,0.127,0.254,0.0210695972417115
102,"unanchored",4,1,0.6,"present","maic_means",-0.1,5,1000,0.138674633490222,-0.0170574777043206,0.043,0.215,0.0320905718989991
102,"unanchored",4,1,0.6,"present","maic_means",0.1,1,1000,0.138674633490222,-0.0170574777043206,0.199,0.199,0.0126316490830992
102,"unanchored",4,1,0.6,"present","maic_means",0.1,2,1000,0.138674633490222,-0.0170574777043206,0.367,0.367,0.0152493784641718
102,"unanchored",4,1,0.6,"present","maic_means",0.1,5,1000,0.138674633490222,-0.0170574777043206,0.632,0.632,0.0152580735615218
102,"unanchored",4,1,0.6,"present","maic_means",0.3,1,1000,0.138674633490222,-0.0170574777043206,0.011,0.011,0.00329998331660782
102,"unanchored",4,1,0.6,"present","maic_means",0.3,2,1000,0.138674633490222,-0.0170574777043206,0.041,0.041,0.00627362402111877
102,"unanchored",4,1,0.6,"present","maic_means",0.3,5,1000,0.138674633490222,-0.0170574777043206,0.138,0.138,0.0109121526325044
102,"unanchored",4,1,0.6,"present","maic_meanvar",-0.3,1,1000,0.138965517638814,-0.0255708597941255,0.022,0.022,0.0046408552592747
102,"unanchored",4,1,0.6,"present","maic_meanvar",-0.3,2,1000,0.138965517638814,-0.0255708597941255,0.006,0.012,0.00488670439865966
102,"unanchored",4,1,0.6,"present","maic_meanvar",-0.3,5,1000,0.138965517638814,-0.0255708597941255,0.002,0.0100000000000001,0.00706752785278915
102,"unanchored",4,1,0.6,"present","maic_meanvar",-0.1,1,1000,0.138965517638814,-0.0255708597941255,0.287,0.287,0.01431208705381
102,"unanchored",4,1,0.6,"present","maic_meanvar",-0.1,2,1000,0.138965517638814,-0.0255708597941255,0.141,0.282,0.0220218291919849
102,"unanchored",4,1,0.6,"present","maic_meanvar",-0.1,5,1000,0.138965517638814,-0.0255708597941255,0.043,0.215,0.0320905718989991
102,"unanchored",4,1,0.6,"present","maic_meanvar",0.1,1,1000,0.138965517638814,-0.0255708597941255,0.183,0.183,0.0122335873994778
102,"unanchored",4,1,0.6,"present","maic_meanvar",0.1,2,1000,0.138965517638814,-0.0255708597941255,0.344,0.344,0.0150296337244089
102,"unanchored",4,1,0.6,"present","maic_meanvar",0.1,5,1000,0.138965517638814,-0.0255708597941255,0.6,0.6,0.0154996851658426
102,"unanchored",4,1,0.6,"present","maic_meanvar",0.3,1,1000,0.138965517638814,-0.0255708597941255,0.008,0.00799999999999999,0.00281850030050451
102,"unanchored",4,1,0.6,"present","maic_meanvar",0.3,2,1000,0.138965517638814,-0.0255708597941255,0.032,0.032,0.00556839357508135
102,"unanchored",4,1,0.6,"present","maic_meanvar",0.3,5,1000,0.138965517638814,-0.0255708597941255,0.118,0.118,0.0102068692643818
102,"unanchored",4,1,0.6,"present","unadjusted",-0.3,1,1000,1.32150154322749,1.31455137047789,0,0,0
102,"unanchored",4,1,0.6,"present","unadjusted",-0.3,2,1000,1.32150154322749,1.31455137047789,0,0,0
102,"unanchored",4,1,0.6,"present","unadjusted",-0.3,5,1000,1.32150154322749,1.31455137047789,0,0,0
102,"unanchored",4,1,0.6,"present","unadjusted",-0.1,1,1000,1.32150154322749,1.31455137047789,0,0,0
102,"unanchored",4,1,0.6,"present","unadjusted",-0.1,2,1000,1.32150154322749,1.31455137047789,0,0,0
102,"unanchored",4,1,0.6,"present","unadjusted",-0.1,5,1000,1.32150154322749,1.31455137047789,0,0,0
102,"unanchored",4,1,0.6,"present","unadjusted",0.1,1,1000,1.32150154322749,1.31455137047789,1,1,0
102,"unanchored",4,1,0.6,"present","unadjusted",0.1,2,1000,1.32150154322749,1.31455137047789,1,1,0
102,"unanchored",4,1,0.6,"present","unadjusted",0.1,5,1000,1.32150154322749,1.31455137047789,1,1,0
102,"unanchored",4,1,0.6,"present","unadjusted",0.3,1,1000,1.32150154322749,1.31455137047789,1,1,0
102,"unanchored",4,1,0.6,"present","unadjusted",0.3,2,1000,1.32150154322749,1.31455137047789,1,1,0
102,"unanchored",4,1,0.6,"present","unadjusted",0.3,5,1000,1.32150154322749,1.31455137047789,1,1,0
103,"anchored",0.25,2,0.6,"present","gcomp",-0.3,1,1000,0.196010353248538,-0.00613962184807317,0.056,0.056,0.00727440148169705
103,"anchored",0.25,2,0.6,"present","gcomp",-0.3,2,1000,0.196010353248538,-0.00613962184807317,0.029,0.0580000000000001,0.010618321371514
103,"anchored",0.25,2,0.6,"present","gcomp",-0.3,5,1000,0.196010353248538,-0.00613962184807317,0.014,0.0699999999999998,0.0185861627412829
103,"anchored",0.25,2,0.6,"present","gcomp",-0.1,1,1000,0.196010353248538,-0.00613962184807317,0.332,0.332,0.0148995972428115
103,"anchored",0.25,2,0.6,"present","gcomp",-0.1,2,1000,0.196010353248538,-0.00613962184807317,0.175,0.35,0.024043254315464
103,"anchored",0.25,2,0.6,"present","gcomp",-0.1,5,1000,0.196010353248538,-0.00613962184807317,0.061,0.305,0.037860380457787
103,"anchored",0.25,2,0.6,"present","gcomp",0.1,1,1000,0.196010353248538,-0.00613962184807317,0.3,0.3,0.0144986278733614
103,"anchored",0.25,2,0.6,"present","gcomp",0.1,2,1000,0.196010353248538,-0.00613962184807317,0.464,0.464,0.0157782430249046
103,"anchored",0.25,2,0.6,"present","gcomp",0.1,5,1000,0.196010353248538,-0.00613962184807317,0.656,0.656,0.0150296337244089
103,"anchored",0.25,2,0.6,"present","gcomp",0.3,1,1000,0.196010353248538,-0.00613962184807317,0.055,0.055,0.00721297629463924
103,"anchored",0.25,2,0.6,"present","gcomp",0.3,2,1000,0.196010353248538,-0.00613962184807317,0.133,0.133,0.0107436691323973
103,"anchored",0.25,2,0.6,"present","gcomp",0.3,5,1000,0.196010353248538,-0.00613962184807317,0.283,0.283,0.0142518109064818
103,"anchored",0.25,2,0.6,"present","maic_index",-0.3,1,1000,0.222064868345341,-0.022723088934307,0.104,0.104,0.00965801621852429
103,"anchored",0.25,2,0.6,"present","maic_index",-0.3,2,1000,0.222064868345341,-0.022723088934307,0.043,0.0859999999999997,0.0128362287595995
103,"anchored",0.25,2,0.6,"present","maic_index",-0.3,5,1000,0.222064868345341,-0.022723088934307,0.018,0.0900000000000001,0.0210319362480575
103,"anchored",0.25,2,0.6,"present","maic_index",-0.1,1,1000,0.222064868345341,-0.022723088934307,0.373,0.373,0.0153004936229228
103,"anchored",0.25,2,0.6,"present","maic_index",-0.1,2,1000,0.222064868345341,-0.022723088934307,0.209,0.418,0.0257281545769987
103,"anchored",0.25,2,0.6,"present","maic_index",-0.1,5,1000,0.222064868345341,-0.022723088934307,0.092,0.46,0.0457218819657559
103,"anchored",0.25,2,0.6,"present","maic_index",0.1,1,1000,0.222064868345341,-0.022723088934307,0.292,0.292,0.0143855115634773
103,"anchored",0.25,2,0.6,"present","maic_index",0.1,2,1000,0.222064868345341,-0.022723088934307,0.44,0.44,0.0157049879543618
103,"anchored",0.25,2,0.6,"present","maic_index",0.1,5,1000,0.222064868345341,-0.022723088934307,0.649,0.649,0.0151005637983164
103,"anchored",0.25,2,0.6,"present","maic_index",0.3,1,1000,0.222064868345341,-0.022723088934307,0.073,0.0729999999999999,0.00823035471524407
103,"anchored",0.25,2,0.6,"present","maic_index",0.3,2,1000,0.222064868345341,-0.022723088934307,0.162,0.162,0.0116572677713044
103,"anchored",0.25,2,0.6,"present","maic_index",0.3,5,1000,0.222064868345341,-0.022723088934307,0.313,0.313,0.0146712728229779
103,"anchored",0.25,2,0.6,"present","maic_means",-0.3,1,1000,0.237085765457889,-0.0640448552143074,0.151,0.151,0.0113281652233417
103,"anchored",0.25,2,0.6,"present","maic_means",-0.3,2,1000,0.237085765457889,-0.0640448552143074,0.069,0.138,0.0160378681006303
103,"anchored",0.25,2,0.6,"present","maic_means",-0.3,5,1000,0.237085765457889,-0.0640448552143074,0.024,0.12,0.0242112822086356
103,"anchored",0.25,2,0.6,"present","maic_means",-0.1,1,1000,0.237085765457889,-0.0640448552143074,0.439,0.439,0.0157011313454008
103,"anchored",0.25,2,0.6,"present","maic_means",-0.1,2,1000,0.237085765457889,-0.0640448552143074,0.269,0.538,0.0280596390451364
103,"anchored",0.25,2,0.6,"present","maic_means",-0.1,5,1000,0.237085765457889,-0.0640448552143074,0.128,0.64,0.0528506688055427
103,"anchored",0.25,2,0.6,"present","maic_means",0.1,1,1000,0.237085765457889,-0.0640448552143074,0.24,0.24,0.0135123122589208
103,"anchored",0.25,2,0.6,"present","maic_means",0.1,2,1000,0.237085765457889,-0.0640448552143074,0.382,0.382,0.0153724530349685
103,"anchored",0.25,2,0.6,"present","maic_means",0.1,5,1000,0.237085765457889,-0.0640448552143074,0.599,0.599,0.0155061097454983
103,"anchored",0.25,2,0.6,"present","maic_means",0.3,1,1000,0.237085765457889,-0.0640448552143074,0.052,0.052,0.00702462421381715
103,"anchored",0.25,2,0.6,"present","maic_means",0.3,2,1000,0.237085765457889,-0.0640448552143074,0.117,0.117,0.0101692878027133
103,"anchored",0.25,2,0.6,"present","maic_means",0.3,5,1000,0.237085765457889,-0.0640448552143074,0.263,0.263,0.0139292865942597
103,"anchored",0.25,2,0.6,"present","maic_meanvar",-0.3,1,1000,0.244669546133278,-0.00905897771390819,0.101,0.101,0.00953361892934096
103,"anchored",0.25,2,0.6,"present","maic_meanvar",-0.3,2,1000,0.244669546133278,-0.00905897771390819,0.047,0.094,0.0133919133563261
103,"anchored",0.25,2,0.6,"present","maic_meanvar",-0.3,5,1000,0.244669546133278,-0.00905897771390819,0.025,0.125,0.0246978740984925
103,"anchored",0.25,2,0.6,"present","maic_meanvar",-0.1,1,1000,0.244669546133278,-0.00905897771390819,0.356,0.356,0.0151490426593066
103,"anchored",0.25,2,0.6,"present","maic_meanvar",-0.1,2,1000,0.244669546133278,-0.00905897771390819,0.194,0.388,0.0250216322825287
103,"anchored",0.25,2,0.6,"present","maic_meanvar",-0.1,5,1000,0.244669546133278,-0.00905897771390819,0.076,0.38,0.0419208463339819
103,"anchored",0.25,2,0.6,"present","maic_meanvar",0.1,1,1000,0.244669546133278,-0.00905897771390819,0.315,0.315,0.0146966319607925
103,"anchored",0.25,2,0.6,"present","maic_meanvar",0.1,2,1000,0.244669546133278,-0.00905897771390819,0.473,0.473,0.0157962185513026
103,"anchored",0.25,2,0.6,"present","maic_meanvar",0.1,5,1000,0.244669546133278,-0.00905897771390819,0.697,0.697,0.0145396837105353
103,"anchored",0.25,2,0.6,"present","maic_meanvar",0.3,1,1000,0.244669546133278,-0.00905897771390819,0.109,0.109,0.00985982840703719
103,"anchored",0.25,2,0.6,"present","maic_meanvar",0.3,2,1000,0.244669546133278,-0.00905897771390819,0.204,0.204,0.0127493743590244
103,"anchored",0.25,2,0.6,"present","maic_meanvar",0.3,5,1000,0.244669546133278,-0.00905897771390819,0.364,0.364,0.015222868840522
103,"anchored",0.25,2,0.6,"present","unadjusted",-0.3,1,1000,0.214247582584581,0.086887234882396,0.027,0.027,0.00512808904927528
103,"anchored",0.25,2,0.6,"present","unadjusted",-0.3,2,1000,0.214247582584581,0.086887234882396,0.011,0.0219999999999999,0.00659996663321563
103,"anchored",0.25,2,0.6,"present","unadjusted",-0.3,5,1000,0.214247582584581,0.086887234882396,0.003,0.0150000000000001,0.00865158077173474
103,"anchored",0.25,2,0.6,"present","unadjusted",-0.1,1,1000,0.214247582584581,0.086887234882396,0.159,0.159,0.0115694793682713
103,"anchored",0.25,2,0.6,"present","unadjusted",-0.1,2,1000,0.214247582584581,0.086887234882396,0.076,0.152,0.0167683385335928
103,"anchored",0.25,2,0.6,"present","unadjusted",-0.1,5,1000,0.214247582584581,0.086887234882396,0.028,0.14,0.0260975301720503
103,"anchored",0.25,2,0.6,"present","unadjusted",0.1,1,1000,0.214247582584581,0.086887234882396,0.473,0.473,0.0157962185513026
103,"anchored",0.25,2,0.6,"present","unadjusted",0.1,2,1000,0.214247582584581,0.086887234882396,0.641,0.641,0.0151772642247986
103,"anchored",0.25,2,0.6,"present","unadjusted",0.1,5,1000,0.214247582584581,0.086887234882396,0.819,0.819,0.0121814361791779
103,"anchored",0.25,2,0.6,"present","unadjusted",0.3,1,1000,0.214247582584581,0.086887234882396,0.129,0.129,0.0106052567847966
103,"anchored",0.25,2,0.6,"present","unadjusted",0.3,2,1000,0.214247582584581,0.086887234882396,0.259,0.259,0.0138604152575279
103,"anchored",0.25,2,0.6,"present","unadjusted",0.3,5,1000,0.214247582584581,0.086887234882396,0.458,0.458,0.0157633906404837
104,"unanchored",0.25,2,0.6,"present","gcomp",-0.3,1,1000,0.162310036471341,-0.000262580061074345,0.028,0.028,0.00521950603441005
104,"unanchored",0.25,2,0.6,"present","gcomp",-0.3,2,1000,0.162310036471341,-0.000262580061074345,0.011,0.022,0.00659996663321563
104,"unanchored",0.25,2,0.6,"present","gcomp",-0.3,5,1000,0.162310036471341,-0.000262580061074345,0.003,0.015,0.00865158077173473
104,"unanchored",0.25,2,0.6,"present","gcomp",-0.1,1,1000,0.162310036471341,-0.000262580061074345,0.265,0.265,0.0139631647548099
104,"unanchored",0.25,2,0.6,"present","gcomp",-0.1,2,1000,0.162310036471341,-0.000262580061074345,0.164,0.328,0.0234300013863626
104,"unanchored",0.25,2,0.6,"present","gcomp",-0.1,5,1000,0.162310036471341,-0.000262580061074345,0.065,0.325,0.0389986653091601
104,"unanchored",0.25,2,0.6,"present","gcomp",0.1,1,1000,0.162310036471341,-0.000262580061074345,0.267,0.267,0.0139966748517963
104,"unanchored",0.25,2,0.6,"present","gcomp",0.1,2,1000,0.162310036471341,-0.000262580061074345,0.418,0.418,0.0156051119675419
104,"unanchored",0.25,2,0.6,"present","gcomp",0.1,5,1000,0.162310036471341,-0.000262580061074345,0.618,0.618,0.0153724530349685
104,"unanchored",0.25,2,0.6,"present","gcomp",0.3,1,1000,0.162310036471341,-0.000262580061074345,0.031,0.031,0.0054835270646792
104,"unanchored",0.25,2,0.6,"present","gcomp",0.3,2,1000,0.162310036471341,-0.000262580061074345,0.079,0.079,0.00853415677333345
104,"unanchored",0.25,2,0.6,"present","gcomp",0.3,5,1000,0.162310036471341,-0.000262580061074345,0.182,0.182,0.0122075806376622
104,"unanchored",0.25,2,0.6,"present","maic_index",-0.3,1,1000,0.163896852812695,0.00252073870177772,0.029,0.029,0.00530916068575698
104,"unanchored",0.25,2,0.6,"present","maic_index",-0.3,2,1000,0.163896852812695,0.00252073870177772,0.011,0.022,0.00659996663321563
104,"unanchored",0.25,2,0.6,"present","maic_index",-0.3,5,1000,0.163896852812695,0.00252073870177772,0.001,0.00500000000000006,0.00500000000000004
104,"unanchored",0.25,2,0.6,"present","maic_index",-0.1,1,1000,0.163896852812695,0.00252073870177772,0.263,0.263,0.0139292865942597
104,"unanchored",0.25,2,0.6,"present","maic_index",-0.1,2,1000,0.163896852812695,0.00252073870177772,0.152,0.304,0.0227178366069506
104,"unanchored",0.25,2,0.6,"present","maic_index",-0.1,5,1000,0.163896852812695,0.00252073870177772,0.058,0.290000000000001,0.0369765772789652
104,"unanchored",0.25,2,0.6,"present","maic_index",0.1,1,1000,0.163896852812695,0.00252073870177772,0.276,0.276,0.0141429849757407
104,"unanchored",0.25,2,0.6,"present","maic_index",0.1,2,1000,0.163896852812695,0.00252073870177772,0.428,0.428,0.0156544262450293
104,"unanchored",0.25,2,0.6,"present","maic_index",0.1,5,1000,0.163896852812695,0.00252073870177772,0.646,0.646,0.0151298682384518
104,"unanchored",0.25,2,0.6,"present","maic_index",0.3,1,1000,0.163896852812695,0.00252073870177772,0.035,0.0349999999999999,0.00581453427273494
104,"unanchored",0.25,2,0.6,"present","maic_index",0.3,2,1000,0.163896852812695,0.00252073870177772,0.085,0.0849999999999999,0.00882342636694229
104,"unanchored",0.25,2,0.6,"present","maic_index",0.3,5,1000,0.163896852812695,0.00252073870177772,0.2,0.2,0.0126554399433667
104,"unanchored",0.25,2,0.6,"present","maic_means",-0.3,1,1000,0.174920380490317,-0.0739313888703544,0.075,0.0749999999999999,0.00833333333333336
104,"unanchored",0.25,2,0.6,"present","maic_means",-0.3,2,1000,0.174920380490317,-0.0739313888703544,0.028,0.056,0.0104390120688201
104,"unanchored",0.25,2,0.6,"present","maic_means",-0.3,5,1000,0.174920380490317,-0.0739313888703544,0.006,0.03,0.0122167609966493
104,"unanchored",0.25,2,0.6,"present","maic_means",-0.1,1,1000,0.174920380490317,-0.0739313888703544,0.43,0.43,0.0156635036101553
104,"unanchored",0.25,2,0.6,"present","maic_means",-0.1,2,1000,0.174920380490317,-0.0739313888703544,0.263,0.526,0.0278585731885195
104,"unanchored",0.25,2,0.6,"present","maic_means",-0.1,5,1000,0.174920380490317,-0.0739313888703544,0.131,0.655,0.0533743742241891
104,"unanchored",0.25,2,0.6,"present","maic_means",0.1,1,1000,0.174920380490317,-0.0739313888703544,0.139,0.139,0.010945263761043
104,"unanchored",0.25,2,0.6,"present","maic_means",0.1,2,1000,0.174920380490317,-0.0739313888703544,0.241,0.241,0.0135315225345155
104,"unanchored",0.25,2,0.6,"present","maic_means",0.1,5,1000,0.174920380490317,-0.0739313888703544,0.477,0.477,0.0158025542467261
104,"unanchored",0.25,2,0.6,"present","maic_means",0.3,1,1000,0.174920380490317,-0.0739313888703544,0.01,0.01,0.00314800093867677
104,"unanchored",0.25,2,0.6,"present","maic_means",0.3,2,1000,0.174920380490317,-0.0739313888703544,0.033,0.033,0.00565180882045237
104,"unanchored",0.25,2,0.6,"present","maic_means",0.3,5,1000,0.174920380490317,-0.0739313888703544,0.096,0.0959999999999999,0.00932045443478324
104,"unanchored",0.25,2,0.6,"present","maic_meanvar",-0.3,1,1000,0.176457563355765,-0.00325679153202762,0.045,0.045,0.00655881224140612
104,"unanchored",0.25,2,0.6,"present","maic_meanvar",-0.3,2,1000,0.176457563355765,-0.00325679153202762,0.015,0.03,0.00769149914900601
104,"unanchored",0.25,2,0.6,"present","maic_meanvar",-0.3,5,1000,0.176457563355765,-0.00325679153202762,0.004,0.02,0.00998497369549358
104,"unanchored",0.25,2,0.6,"present","maic_meanvar",-0.1,1,1000,0.176457563355765,-0.00325679153202762,0.282,0.282,0.0142365262152913
104,"unanchored",0.25,2,0.6,"present","maic_meanvar",-0.1,2,1000,0.176457563355765,-0.00325679153202762,0.172,0.344,0.0238795777649906
104,"unanchored",0.25,2,0.6,"present","maic_meanvar",-0.1,5,1000,0.176457563355765,-0.00325679153202762,0.071,0.355,0.0406278922124401
104,"unanchored",0.25,2,0.6,"present","maic_meanvar",0.1,1,1000,0.176457563355765,-0.00325679153202762,0.276,0.276,0.0141429849757407
104,"unanchored",0.25,2,0.6,"present","maic_meanvar",0.1,2,1000,0.176457563355765,-0.00325679153202762,0.433,0.433,0.0156766309121813
104,"unanchored",0.25,2,0.6,"present","maic_meanvar",0.1,5,1000,0.176457563355765,-0.00325679153202762,0.659,0.659,0.0149981313484027
104,"unanchored",0.25,2,0.6,"present","maic_meanvar",0.3,1,1000,0.176457563355765,-0.00325679153202762,0.036,0.0360000000000002,0.00589395781616554
104,"unanchored",0.25,2,0.6,"present","maic_meanvar",0.3,2,1000,0.176457563355765,-0.00325679153202762,0.105,0.105,0.00969892102602492
104,"unanchored",0.25,2,0.6,"present","maic_meanvar",0.3,5,1000,0.176457563355765,-0.00325679153202762,0.241,0.241,0.0135315225345154
104,"unanchored",0.25,2,0.6,"present","unadjusted",-0.3,1,1000,0.570245644840461,0.549522501708069,0,0,0
104,"unanchored",0.25,2,0.6,"present","unadjusted",-0.3,2,1000,0.570245644840461,0.549522501708069,0,0,0
104,"unanchored",0.25,2,0.6,"present","unadjusted",-0.3,5,1000,0.570245644840461,0.549522501708069,0,0,0
104,"unanchored",0.25,2,0.6,"present","unadjusted",-0.1,1,1000,0.570245644840461,0.549522501708069,0,0,0
104,"unanchored",0.25,2,0.6,"present","unadjusted",-0.1,2,1000,0.570245644840461,0.549522501708069,0,0,0
104,"unanchored",0.25,2,0.6,"present","unadjusted",-0.1,5,1000,0.570245644840461,0.549522501708069,0,0,0
104,"unanchored",0.25,2,0.6,"present","unadjusted",0.1,1,1000,0.570245644840461,0.549522501708069,0.998,0.998,0.00141350557055782
104,"unanchored",0.25,2,0.6,"present","unadjusted",0.1,2,1000,0.570245644840461,0.549522501708069,0.999,0.999,0.001
104,"unanchored",0.25,2,0.6,"present","unadjusted",0.1,5,1000,0.570245644840461,0.549522501708069,1,1,0
104,"unanchored",0.25,2,0.6,"present","unadjusted",0.3,1,1000,0.570245644840461,0.549522501708069,0.958,0.958,0.00634635929303384
104,"unanchored",0.25,2,0.6,"present","unadjusted",0.3,2,1000,0.570245644840461,0.549522501708069,0.983,0.983,0.00408995448968909
104,"unanchored",0.25,2,0.6,"present","unadjusted",0.3,5,1000,0.570245644840461,0.549522501708069,0.997,0.997,0.00173031615434694
105,"anchored",1,2,0.6,"present","gcomp",-0.3,1,1000,0.186086337245159,0.0154846787764394,0.046,0.046,0.00662781471738071
105,"anchored",1,2,0.6,"present","gcomp",-0.3,2,1000,0.186086337245159,0.0154846787764394,0.015,0.03,0.00769149914900599
105,"anchored",1,2,0.6,"present","gcomp",-0.3,5,1000,0.186086337245159,0.0154846787764394,0.005,0.025,0.0111579343742244
105,"anchored",1,2,0.6,"present","gcomp",-0.1,1,1000,0.186086337245159,0.0154846787764394,0.271,0.271,0.0140626013509862
105,"anchored",1,2,0.6,"present","gcomp",-0.1,2,1000,0.186086337245159,0.0154846787764394,0.156,0.312,0.0229604700122447
105,"anchored",1,2,0.6,"present","gcomp",-0.1,5,1000,0.186086337245159,0.0154846787764394,0.052,0.26,0.0351231210690855
105,"anchored",1,2,0.6,"present","gcomp",0.1,1,1000,0.186086337245159,0.0154846787764394,0.33,0.33,0.0148768720274567
105,"anchored",1,2,0.6,"present","gcomp",0.1,2,1000,0.186086337245159,0.0154846787764394,0.497,0.497,0.0158190151792467
105,"anchored",1,2,0.6,"present","gcomp",0.1,5,1000,0.186086337245159,0.0154846787764394,0.687,0.687,0.0146712728229779
105,"anchored",1,2,0.6,"present","gcomp",0.3,1,1000,0.186086337245159,0.0154846787764394,0.063,0.0630000000000001,0.00768700787628644
105,"anchored",1,2,0.6,"present","gcomp",0.3,2,1000,0.186086337245159,0.0154846787764394,0.144,0.144,0.0111079875489392
105,"anchored",1,2,0.6,"present","gcomp",0.3,5,1000,0.186086337245159,0.0154846787764394,0.285,0.285,0.0142821209552005
105,"anchored",1,2,0.6,"present","maic_index",-0.3,1,1000,0.209949007839118,0.00786844202992058,0.075,0.0749999999999999,0.00833333333333333
105,"anchored",1,2,0.6,"present","maic_index",-0.3,2,1000,0.209949007839118,0.00786844202992058,0.03,0.06,0.0107942816581984
105,"anchored",1,2,0.6,"present","maic_index",-0.3,5,1000,0.209949007839118,0.00786844202992058,0.005,0.0249999999999998,0.0111579343742244
105,"anchored",1,2,0.6,"present","maic_index",-0.1,1,1000,0.209949007839118,0.00786844202992058,0.299,0.299,0.0144847785212205
105,"anchored",1,2,0.6,"present","maic_index",-0.1,2,1000,0.209949007839118,0.00786844202992058,0.179,0.358,0.0242574612114382
105,"anchored",1,2,0.6,"present","maic_index",-0.1,5,1000,0.209949007839118,0.00786844202992058,0.074,0.37,0.0414103225635203
105,"anchored",1,2,0.6,"present","maic_index",0.1,1,1000,0.209949007839118,0.00786844202992058,0.333,0.333,0.0149108461642299
105,"anchored",1,2,0.6,"present","maic_index",0.1,2,1000,0.209949007839118,0.00786844202992058,0.496,0.496,0.0158187937035109
105,"anchored",1,2,0.6,"present","maic_index",0.1,5,1000,0.209949007839118,0.00786844202992058,0.701,0.701,0.0144847785212205
105,"anchored",1,2,0.6,"present","maic_index",0.3,1,1000,0.209949007839118,0.00786844202992058,0.079,0.0789999999999998,0.00853415677333342
105,"anchored",1,2,0.6,"present","maic_index",0.3,2,1000,0.209949007839118,0.00786844202992058,0.168,0.168,0.0118286058314543
105,"anchored",1,2,0.6,"present","maic_index",0.3,5,1000,0.209949007839118,0.00786844202992058,0.338,0.338,0.0149659607102245
105,"anchored",1,2,0.6,"present","maic_means",-0.3,1,1000,0.22255564818515,-0.050472244198399,0.134,0.134,0.0107777622983697
105,"anchored",1,2,0.6,"present","maic_means",-0.3,2,1000,0.22255564818515,-0.050472244198399,0.059,0.118,0.0149096713008135
105,"anchored",1,2,0.6,"present","maic_means",-0.3,5,1000,0.22255564818515,-0.050472244198399,0.022,0.11,0.0232042762963733
105,"anchored",1,2,0.6,"present","maic_means",-0.1,1,1000,0.22255564818515,-0.050472244198399,0.395,0.395,0.0154665514648293
105,"anchored",1,2,0.6,"present","maic_means",-0.1,2,1000,0.22255564818515,-0.050472244198399,0.243,0.486,0.0271392803983549
105,"anchored",1,2,0.6,"present","maic_means",-0.1,5,1000,0.22255564818515,-0.050472244198399,0.131,0.655,0.0533743742241891
105,"anchored",1,2,0.6,"present","maic_means",0.1,1,1000,0.22255564818515,-0.050472244198399,0.235,0.235,0.0134147290302473
105,"anchored",1,2,0.6,"present","maic_means",0.1,2,1000,0.22255564818515,-0.050472244198399,0.396,0.396,0.0154733132658594
105,"anchored",1,2,0.6,"present","maic_means",0.1,5,1000,0.22255564818515,-0.050472244198399,0.611,0.611,0.0154245556473085
105,"anchored",1,2,0.6,"present","maic_means",0.3,1,1000,0.22255564818515,-0.050472244198399,0.049,0.0489999999999999,0.00682976175614093
105,"anchored",1,2,0.6,"present","maic_means",0.3,2,1000,0.22255564818515,-0.050472244198399,0.103,0.103,0.00961683333969578
105,"anchored",1,2,0.6,"present","maic_means",0.3,5,1000,0.22255564818515,-0.050472244198399,0.243,0.243,0.0135696401991775
105,"anchored",1,2,0.6,"present","maic_meanvar",-0.3,1,1000,0.231640627906268,0.0112290335581847,0.091,0.0909999999999999,0.00909954953840024
105,"anchored",1,2,0.6,"present","maic_meanvar",-0.3,2,1000,0.231640627906268,0.0112290335581847,0.038,0.076,0.0120983623011699
105,"anchored",1,2,0.6,"present","maic_meanvar",-0.3,5,1000,0.231640627906268,0.0112290335581847,0.013,0.065,0.0179191544470183
105,"anchored",1,2,0.6,"present","maic_meanvar",-0.1,1,1000,0.231640627906268,0.0112290335581847,0.308,0.308,0.0146064831273428
105,"anchored",1,2,0.6,"present","maic_meanvar",-0.1,2,1000,0.231640627906268,0.0112290335581847,0.189,0.378,0.0247735691762354
105,"anchored",1,2,0.6,"present","maic_meanvar",-0.1,5,1000,0.231640627906268,0.0112290335581847,0.076,0.38,0.0419208463339818
105,"anchored",1,2,0.6,"present","maic_meanvar",0.1,1,1000,0.231640627906268,0.0112290335581847,0.34,0.34,0.0149874822643639
105,"anchored",1,2,0.6,"present","maic_meanvar",0.1,2,1000,0.231640627906268,0.0112290335581847,0.522,0.522,0.015803979428162
105,"anchored",1,2,0.6,"present","maic_meanvar",0.1,5,1000,0.231640627906268,0.0112290335581847,0.724,0.724,0.0141429849757407
105,"anchored",1,2,0.6,"present","maic_meanvar",0.3,1,1000,0.231640627906268,0.0112290335581847,0.115,0.115,0.0100934075949046
105,"anchored",1,2,0.6,"present","maic_meanvar",0.3,2,1000,0.231640627906268,0.0112290335581847,0.195,0.195,0.0125352356233193
105,"anchored",1,2,0.6,"present","maic_meanvar",0.3,5,1000,0.231640627906268,0.0112290335581847,0.391,0.391,0.0154388262946818
105,"anchored",1,2,0.6,"present","unadjusted",-0.3,1,1000,0.194421543715565,0.0326253971123109,0.04,0.04,0.00619987406633707
105,"anchored",1,2,0.6,"present","unadjusted",-0.3,2,1000,0.194421543715565,0.0326253971123109,0.018,0.036,0.00841277449922295
105,"anchored",1,2,0.6,"present","unadjusted",-0.3,5,1000,0.194421543715565,0.0326253971123109,0.005,0.0249999999999998,0.0111579343742244
105,"anchored",1,2,0.6,"present","unadjusted",-0.1,1,1000,0.194421543715565,0.0326253971123109,0.243,0.243,0.0135696401991774
105,"anchored",1,2,0.6,"present","unadjusted",-0.1,2,1000,0.194421543715565,0.0326253971123109,0.135,0.27,0.0216233107448321
105,"anchored",1,2,0.6,"present","unadjusted",-0.1,5,1000,0.194421543715565,0.0326253971123109,0.047,0.235,0.0334797833908149
105,"anchored",1,2,0.6,"present","unadjusted",0.1,1,1000,0.194421543715565,0.0326253971123109,0.358,0.358,0.0151679288654076
105,"anchored",1,2,0.6,"present","unadjusted",0.1,2,1000,0.194421543715565,0.0326253971123109,0.553,0.553,0.0157301760460091
105,"anchored",1,2,0.6,"present","unadjusted",0.1,5,1000,0.194421543715565,0.0326253971123109,0.726,0.726,0.0141110992882596
105,"anchored",1,2,0.6,"present","unadjusted",0.3,1,1000,0.194421543715565,0.0326253971123109,0.082,0.0819999999999999,0.00868051561552372
105,"anchored",1,2,0.6,"present","unadjusted",0.3,2,1000,0.194421543715565,0.0326253971123109,0.157,0.157,0.0115101469792302
105,"anchored",1,2,0.6,"present","unadjusted",0.3,5,1000,0.194421543715565,0.0326253971123109,0.319,0.319,0.0147464048654735
106,"unanchored",1,2,0.6,"present","gcomp",-0.3,1,1000,0.134030676191207,-0.00551739471938178,0.023,0.023,0.0047427305946568
106,"unanchored",1,2,0.6,"present","gcomp",-0.3,2,1000,0.134030676191207,-0.00551739471938178,0.006,0.012,0.00488670439865962
106,"unanchored",1,2,0.6,"present","gcomp",-0.3,5,1000,0.134030676191207,-0.00551739471938178,0.002,0.0100000000000002,0.0070675278527893
106,"unanchored",1,2,0.6,"present","gcomp",-0.1,1,1000,0.134030676191207,-0.00551739471938178,0.231,0.231,0.0133347972169364
106,"unanchored",1,2,0.6,"present","gcomp",-0.1,2,1000,0.134030676191207,-0.00551739471938178,0.119,0.238,0.0204884302906733
106,"unanchored",1,2,0.6,"present","gcomp",-0.1,5,1000,0.134030676191207,-0.00551739471938178,0.05,0.25,0.0344773648744896
106,"unanchored",1,2,0.6,"present","gcomp",0.1,1,1000,0.134030676191207,-0.00551739471938178,0.226,0.226,0.0132325016190853
106,"unanchored",1,2,0.6,"present","gcomp",0.1,2,1000,0.134030676191207,-0.00551739471938178,0.372,0.372,0.0152921499420406
106,"unanchored",1,2,0.6,"present","gcomp",0.1,5,1000,0.134030676191207,-0.00551739471938178,0.589,0.589,0.0155666734185993
106,"unanchored",1,2,0.6,"present","gcomp",0.3,1,1000,0.134030676191207,-0.00551739471938178,0.008,0.00799999999999999,0.00281850030050451
106,"unanchored",1,2,0.6,"present","gcomp",0.3,2,1000,0.134030676191207,-0.00551739471938178,0.025,0.0250000000000001,0.00493957481969846
106,"unanchored",1,2,0.6,"present","gcomp",0.3,5,1000,0.134030676191207,-0.00551739471938178,0.098,0.0979999999999999,0.00940661918462124
106,"unanchored",1,2,0.6,"present","maic_index",-0.3,1,1000,0.134776952990974,-0.00514369530534665,0.018,0.018,0.00420638724961145
106,"unanchored",1,2,0.6,"present","maic_index",-0.3,2,1000,0.134776952990974,-0.00514369530534665,0.006,0.012,0.00488670439865962
106,"unanchored",1,2,0.6,"present","maic_index",-0.3,5,1000,0.134776952990974,-0.00514369530534665,0,0,0
106,"unanchored",1,2,0.6,"present","maic_index",-0.1,1,1000,0.134776952990974,-0.00514369530534665,0.235,0.235,0.0134147290302471
106,"unanchored",1,2,0.6,"present","maic_index",-0.1,2,1000,0.134776952990974,-0.00514369530534665,0.115,0.23,0.0201868151898092
106,"unanchored",1,2,0.6,"present","maic_index",-0.1,5,1000,0.134776952990974,-0.00514369530534665,0.045,0.225,0.0327940612070303
106,"unanchored",1,2,0.6,"present","maic_index",0.1,1,1000,0.134776952990974,-0.00514369530534665,0.222,0.222,0.0131487219488774
106,"unanchored",1,2,0.6,"present","maic_index",0.1,2,1000,0.134776952990974,-0.00514369530534665,0.395,0.395,0.0154665514648293
106,"unanchored",1,2,0.6,"present","maic_index",0.1,5,1000,0.134776952990974,-0.00514369530534665,0.616,0.616,0.0153876827618971
106,"unanchored",1,2,0.6,"present","maic_index",0.3,1,1000,0.134776952990974,-0.00514369530534665,0.01,0.00999999999999999,0.00314800093867677
106,"unanchored",1,2,0.6,"present","maic_index",0.3,2,1000,0.134776952990974,-0.00514369530534665,0.032,0.032,0.00556839357508138
106,"unanchored",1,2,0.6,"present","maic_index",0.3,5,1000,0.134776952990974,-0.00514369530534665,0.121,0.121,0.0103182103809461
106,"unanchored",1,2,0.6,"present","maic_means",-0.3,1,1000,0.135223148610867,-0.0486138336001901,0.027,0.027,0.00512808904927529
106,"unanchored",1,2,0.6,"present","maic_means",-0.3,2,1000,0.135223148610867,-0.0486138336001901,0.01,0.02,0.00629600187735355
106,"unanchored",1,2,0.6,"present","maic_means",-0.3,5,1000,0.135223148610867,-0.0486138336001901,0,0,0
106,"unanchored",1,2,0.6,"present","maic_means",-0.1,1,1000,0.135223148610867,-0.0486138336001901,0.345,0.345,0.0150399867420552
106,"unanchored",1,2,0.6,"present","maic_means",-0.1,2,1000,0.135223148610867,-0.0486138336001901,0.168,0.336,0.0236572116629085
106,"unanchored",1,2,0.6,"present","maic_means",-0.1,5,1000,0.135223148610867,-0.0486138336001901,0.064,0.32,0.0387182011345967
106,"unanchored",1,2,0.6,"present","maic_means",0.1,1,1000,0.135223148610867,-0.0486138336001901,0.121,0.121,0.0103182103809461
106,"unanchored",1,2,0.6,"present","maic_means",0.1,2,1000,0.135223148610867,-0.0486138336001901,0.271,0.271,0.0140626013509862
106,"unanchored",1,2,0.6,"present","maic_means",0.1,5,1000,0.135223148610867,-0.0486138336001901,0.497,0.497,0.0158190151792467
106,"unanchored",1,2,0.6,"present","maic_means",0.3,1,1000,0.135223148610867,-0.0486138336001901,0.004,0.004,0.00199699473909873
106,"unanchored",1,2,0.6,"present","maic_means",0.3,2,1000,0.135223148610867,-0.0486138336001901,0.009,0.00900000000000004,0.00298796384314265
106,"unanchored",1,2,0.6,"present","maic_means",0.3,5,1000,0.135223148610867,-0.0486138336001901,0.046,0.046,0.00662781471738072
106,"unanchored",1,2,0.6,"present","maic_meanvar",-0.3,1,1000,0.149174145521428,-0.00926201981373185,0.028,0.028,0.00521950603441004
106,"unanchored",1,2,0.6,"present","maic_meanvar",-0.3,2,1000,0.149174145521428,-0.00926201981373185,0.006,0.012,0.00488670439865964
106,"unanchored",1,2,0.6,"present","maic_meanvar",-0.3,5,1000,0.149174145521428,-0.00926201981373185,0.001,0.00500000000000006,0.00500000000000006
106,"unanchored",1,2,0.6,"present","maic_meanvar",-0.1,1,1000,0.149174145521428,-0.00926201981373185,0.252,0.252,0.0137362543906512
106,"unanchored",1,2,0.6,"present","maic_meanvar",-0.1,2,1000,0.149174145521428,-0.00926201981373185,0.141,0.282,0.0220218291919849
106,"unanchored",1,2,0.6,"present","maic_meanvar",-0.1,5,1000,0.149174145521428,-0.00926201981373185,0.055,0.275,0.0360648814731956
106,"unanchored",1,2,0.6,"present","maic_meanvar",0.1,1,1000,0.149174145521428,-0.00926201981373185,0.232,0.232,0.0133549374522816
106,"unanchored",1,2,0.6,"present","maic_meanvar",0.1,2,1000,0.149174145521428,-0.00926201981373185,0.401,0.401,0.0155061097454983
106,"unanchored",1,2,0.6,"present","maic_meanvar",0.1,5,1000,0.149174145521428,-0.00926201981373185,0.647,0.647,0.0151201726054837
106,"unanchored",1,2,0.6,"present","maic_meanvar",0.3,1,1000,0.149174145521428,-0.00926201981373185,0.016,0.016,0.00396985639031942
106,"unanchored",1,2,0.6,"present","maic_meanvar",0.3,2,1000,0.149174145521428,-0.00926201981373185,0.047,0.047,0.00669595667816304
106,"unanchored",1,2,0.6,"present","maic_meanvar",0.3,5,1000,0.149174145521428,-0.00926201981373185,0.157,0.157,0.0115101469792302
106,"unanchored",1,2,0.6,"present","unadjusted",-0.3,1,1000,0.803428806245123,0.792225998269197,0,0,0
106,"unanchored",1,2,0.6,"present","unadjusted",-0.3,2,1000,0.803428806245123,0.792225998269197,0,0,0
106,"unanchored",1,2,0.6,"present","unadjusted",-0.3,5,1000,0.803428806245123,0.792225998269197,0,0,0
106,"unanchored",1,2,0.6,"present","unadjusted",-0.1,1,1000,0.803428806245123,0.792225998269197,0,0,0
106,"unanchored",1,2,0.6,"present","unadjusted",-0.1,2,1000,0.803428806245123,0.792225998269197,0,0,0
106,"unanchored",1,2,0.6,"present","unadjusted",-0.1,5,1000,0.803428806245123,0.792225998269197,0,0,0
106,"unanchored",1,2,0.6,"present","unadjusted",0.1,1,1000,0.803428806245123,0.792225998269197,1,1,0
106,"unanchored",1,2,0.6,"present","unadjusted",0.1,2,1000,0.803428806245123,0.792225998269197,1,1,0
106,"unanchored",1,2,0.6,"present","unadjusted",0.1,5,1000,0.803428806245123,0.792225998269197,1,1,0
106,"unanchored",1,2,0.6,"present","unadjusted",0.3,1,1000,0.803428806245123,0.792225998269197,1,1,0
106,"unanchored",1,2,0.6,"present","unadjusted",0.3,2,1000,0.803428806245123,0.792225998269197,1,1,0
106,"unanchored",1,2,0.6,"present","unadjusted",0.3,5,1000,0.803428806245123,0.792225998269197,1,1,0
107,"anchored",4,2,0.6,"present","gcomp",-0.3,1,1000,0.172502649691576,0.0023729033387226,0.036,0.036,0.00589395781616554
107,"anchored",4,2,0.6,"present","gcomp",-0.3,2,1000,0.172502649691576,0.0023729033387226,0.012,0.024,0.00688995438819965
107,"anchored",4,2,0.6,"present","gcomp",-0.3,5,1000,0.172502649691576,0.0023729033387226,0.002,0.0100000000000001,0.00706752785278917
107,"anchored",4,2,0.6,"present","gcomp",-0.1,1,1000,0.172502649691576,0.0023729033387226,0.275,0.275,0.0141270865564905
107,"anchored",4,2,0.6,"present","gcomp",-0.1,2,1000,0.172502649691576,0.0023729033387226,0.154,0.308,0.0228398261301974
107,"anchored",4,2,0.6,"present","gcomp",-0.1,5,1000,0.172502649691576,0.0023729033387226,0.047,0.235,0.0334797833908148
107,"anchored",4,2,0.6,"present","gcomp",0.1,1,1000,0.172502649691576,0.0023729033387226,0.283,0.283,0.0142518109064817
107,"anchored",4,2,0.6,"present","gcomp",0.1,2,1000,0.172502649691576,0.0023729033387226,0.439,0.439,0.0157011313454008
107,"anchored",4,2,0.6,"present","gcomp",0.1,5,1000,0.172502649691576,0.0023729033387226,0.653,0.653,0.0150604720317066
107,"anchored",4,2,0.6,"present","gcomp",0.3,1,1000,0.172502649691576,0.0023729033387226,0.047,0.047,0.00669595667816304
107,"anchored",4,2,0.6,"present","gcomp",0.3,2,1000,0.172502649691576,0.0023729033387226,0.111,0.111,0.00993870101058373
107,"anchored",4,2,0.6,"present","gcomp",0.3,5,1000,0.172502649691576,0.0023729033387226,0.224,0.224,0.0131908300723645
107,"anchored",4,2,0.6,"present","maic_index",-0.3,1,1000,0.204447813185151,0.0021076967753462,0.074,0.0740000000000001,0.00828206451270416
107,"anchored",4,2,0.6,"present","maic_index",-0.3,2,1000,0.204447813185151,0.0021076967753462,0.026,0.052,0.0100696274706365
107,"anchored",4,2,0.6,"present","maic_index",-0.3,5,1000,0.204447813185151,0.0021076967753462,0.005,0.025,0.0111579343742244
107,"anchored",4,2,0.6,"present","maic_index",-0.1,1,1000,0.204447813185151,0.0021076967753462,0.315,0.315,0.0146966319607925
107,"anchored",4,2,0.6,"present","maic_index",-0.1,2,1000,0.204447813185151,0.0021076967753462,0.185,0.37,0.0245703826527734
107,"anchored",4,2,0.6,"present","maic_index",-0.1,5,1000,0.204447813185151,0.0021076967753462,0.075,0.375,0.0416666666666667
107,"anchored",4,2,0.6,"present","maic_index",0.1,1,1000,0.204447813185151,0.0021076967753462,0.32,0.32,0.0147586523035749
107,"anchored",4,2,0.6,"present","maic_index",0.1,2,1000,0.204447813185151,0.0021076967753462,0.485,0.485,0.0158121796418149
107,"anchored",4,2,0.6,"present","maic_index",0.1,5,1000,0.204447813185151,0.0021076967753462,0.685,0.685,0.0146966319607925
107,"anchored",4,2,0.6,"present","maic_index",0.3,1,1000,0.204447813185151,0.0021076967753462,0.078,0.078,0.00848457353011858
107,"anchored",4,2,0.6,"present","maic_index",0.3,2,1000,0.204447813185151,0.0021076967753462,0.164,0.164,0.0117150006931813
107,"anchored",4,2,0.6,"present","maic_index",0.3,5,1000,0.204447813185151,0.0021076967753462,0.319,0.319,0.0147464048654735
107,"anchored",4,2,0.6,"present","maic_means",-0.3,1,1000,0.212242075786264,-0.073015555476428,0.128,0.128,0.0105701337611087
107,"anchored",4,2,0.6,"present","maic_means",-0.3,2,1000,0.212242075786264,-0.073015555476428,0.058,0.116,0.0147906309115859
107,"anchored",4,2,0.6,"present","maic_means",-0.3,5,1000,0.212242075786264,-0.073015555476428,0.015,0.0750000000000001,0.019228747872515
107,"anchored",4,2,0.6,"present","maic_means",-0.1,1,1000,0.212242075786264,-0.073015555476428,0.453,0.453,0.0157492551899776
107,"anchored",4,2,0.6,"present","maic_means",-0.1,2,1000,0.212242075786264,-0.073015555476428,0.29,0.58,0.0287127919998114
107,"anchored",4,2,0.6,"present","maic_means",-0.1,5,1000,0.212242075786264,-0.073015555476428,0.135,0.675,0.0540582768620804
107,"anchored",4,2,0.6,"present","maic_means",0.1,1,1000,0.212242075786264,-0.073015555476428,0.204,0.204,0.0127493743590244
107,"anchored",4,2,0.6,"present","maic_means",0.1,2,1000,0.212242075786264,-0.073015555476428,0.335,0.335,0.0149331174909326
107,"anchored",4,2,0.6,"present","maic_means",0.1,5,1000,0.212242075786264,-0.073015555476428,0.532,0.532,0.015786868759359
107,"anchored",4,2,0.6,"present","maic_means",0.3,1,1000,0.212242075786264,-0.073015555476428,0.024,0.024,0.00484225644172706
107,"anchored",4,2,0.6,"present","maic_means",0.3,2,1000,0.212242075786264,-0.073015555476428,0.083,0.083,0.00872852720607479
107,"anchored",4,2,0.6,"present","maic_means",0.3,5,1000,0.212242075786264,-0.073015555476428,0.201,0.201,0.0126791072146173
107,"anchored",4,2,0.6,"present","maic_meanvar",-0.3,1,1000,0.221158137003755,-1.5511253726247e-05,0.09,0.09,0.00905439020486644
107,"anchored",4,2,0.6,"present","maic_meanvar",-0.3,2,1000,0.221158137003755,-1.5511253726247e-05,0.038,0.0760000000000002,0.0120983623011699
107,"anchored",4,2,0.6,"present","maic_meanvar",-0.3,5,1000,0.221158137003755,-1.5511253726247e-05,0.005,0.0249999999999997,0.0111579343742244
107,"anchored",4,2,0.6,"present","maic_meanvar",-0.1,1,1000,0.221158137003755,-1.5511253726247e-05,0.32,0.32,0.0147586523035749
107,"anchored",4,2,0.6,"present","maic_meanvar",-0.1,2,1000,0.221158137003755,-1.5511253726247e-05,0.194,0.388,0.0250216322825287
107,"anchored",4,2,0.6,"present","maic_meanvar",-0.1,5,1000,0.221158137003755,-1.5511253726247e-05,0.076,0.38,0.0419208463339819
107,"anchored",4,2,0.6,"present","maic_meanvar",0.1,1,1000,0.221158137003755,-1.5511253726247e-05,0.326,0.326,0.014830507204541
107,"anchored",4,2,0.6,"present","maic_meanvar",0.1,2,1000,0.221158137003755,-1.5511253726247e-05,0.498,0.498,0.0158191733743027
107,"anchored",4,2,0.6,"present","maic_meanvar",0.1,5,1000,0.221158137003755,-1.5511253726247e-05,0.702,0.702,0.0144708467411347
107,"anchored",4,2,0.6,"present","maic_meanvar",0.3,1,1000,0.221158137003755,-1.5511253726247e-05,0.091,0.0909999999999999,0.00909954953840022
107,"anchored",4,2,0.6,"present","maic_meanvar",0.3,2,1000,0.221158137003755,-1.5511253726247e-05,0.175,0.175,0.012021627157732
107,"anchored",4,2,0.6,"present","maic_meanvar",0.3,5,1000,0.221158137003755,-1.5511253726247e-05,0.352,0.352,0.0151104045056487
107,"anchored",4,2,0.6,"present","unadjusted",-0.3,1,1000,0.189009021235723,-0.0470890383235277,0.079,0.079,0.00853415677333344
107,"anchored",4,2,0.6,"present","unadjusted",-0.3,2,1000,0.189009021235723,-0.0470890383235277,0.032,0.064,0.0111367871501627
107,"anchored",4,2,0.6,"present","unadjusted",-0.3,5,1000,0.189009021235723,-0.0470890383235277,0.006,0.03,0.0122167609966493
107,"anchored",4,2,0.6,"present","unadjusted",-0.1,1,1000,0.189009021235723,-0.0470890383235277,0.403,0.403,0.0155187574190665
107,"anchored",4,2,0.6,"present","unadjusted",-0.1,2,1000,0.189009021235723,-0.0470890383235277,0.233,0.466,0.0267499450384401
107,"anchored",4,2,0.6,"present","unadjusted",-0.1,5,1000,0.189009021235723,-0.0470890383235277,0.1,0.5,0.047457899787625
107,"anchored",4,2,0.6,"present","unadjusted",0.1,1,1000,0.189009021235723,-0.0470890383235277,0.221,0.221,0.0131275028596962
107,"anchored",4,2,0.6,"present","unadjusted",0.1,2,1000,0.189009021235723,-0.0470890383235277,0.36,0.36,0.0151865279320401
107,"anchored",4,2,0.6,"present","unadjusted",0.1,5,1000,0.189009021235723,-0.0470890383235277,0.557,0.557,0.0157161699532041
107,"anchored",4,2,0.6,"present","unadjusted",0.3,1,1000,0.189009021235723,-0.0470890383235277,0.026,0.026,0.0050348137353182
107,"anchored",4,2,0.6,"present","unadjusted",0.3,2,1000,0.189009021235723,-0.0470890383235277,0.075,0.075,0.00833333333333335
107,"anchored",4,2,0.6,"present","unadjusted",0.3,5,1000,0.189009021235723,-0.0470890383235277,0.187,0.187,0.0123362548280741
108,"unanchored",4,2,0.6,"present","gcomp",-0.3,1,1000,0.122309987910767,-0.00258945556539256,0.004,0.004,0.00199699473909873
108,"unanchored",4,2,0.6,"present","gcomp",-0.3,2,1000,0.122309987910767,-0.00258945556539256,0.002,0.004,0.00282701114111564
108,"unanchored",4,2,0.6,"present","gcomp",-0.3,5,1000,0.122309987910767,-0.00258945556539256,0,0,0
108,"unanchored",4,2,0.6,"present","gcomp",-0.1,1,1000,0.122309987910767,-0.00258945556539256,0.215,0.215,0.0129978438190318
108,"unanchored",4,2,0.6,"present","gcomp",-0.1,2,1000,0.122309987910767,-0.00258945556539256,0.102,0.204,0.0191507376033078
108,"unanchored",4,2,0.6,"present","gcomp",-0.1,5,1000,0.122309987910767,-0.00258945556539256,0.037,0.185,0.0298607881119481
108,"unanchored",4,2,0.6,"present","gcomp",0.1,1,1000,0.122309987910767,-0.00258945556539256,0.197,0.197,0.0125836937879681
108,"unanchored",4,2,0.6,"present","gcomp",0.1,2,1000,0.122309987910767,-0.00258945556539256,0.337,0.337,0.0149550879186536
108,"unanchored",4,2,0.6,"present","gcomp",0.1,5,1000,0.122309987910767,-0.00258945556539256,0.551,0.551,0.015736792768752
108,"unanchored",4,2,0.6,"present","gcomp",0.3,1,1000,0.122309987910767,-0.00258945556539256,0.009,0.00900000000000003,0.00298796384314266
108,"unanchored",4,2,0.6,"present","gcomp",0.3,2,1000,0.122309987910767,-0.00258945556539256,0.022,0.022,0.0046408552592747
108,"unanchored",4,2,0.6,"present","gcomp",0.3,5,1000,0.122309987910767,-0.00258945556539256,0.076,0.076,0.0083841692667964
108,"unanchored",4,2,0.6,"present","maic_index",-0.3,1,1000,0.123720765287109,-0.00274367538790299,0.004,0.004,0.00199699473909873
108,"unanchored",4,2,0.6,"present","maic_index",-0.3,2,1000,0.123720765287109,-0.00274367538790299,0.001,0.002,0.002
108,"unanchored",4,2,0.6,"present","maic_index",-0.3,5,1000,0.123720765287109,-0.00274367538790299,0,0,0
108,"unanchored",4,2,0.6,"present","maic_index",-0.1,1,1000,0.123720765287109,-0.00274367538790299,0.218,0.218,0.0130631790405953
108,"unanchored",4,2,0.6,"present","maic_index",-0.1,2,1000,0.123720765287109,-0.00274367538790299,0.089,0.178,0.0180177867853031
108,"unanchored",4,2,0.6,"present","maic_index",-0.1,5,1000,0.123720765287109,-0.00274367538790299,0.027,0.135,0.0256404452463766
108,"unanchored",4,2,0.6,"present","maic_index",0.1,1,1000,0.123720765287109,-0.00274367538790299,0.212,0.212,0.012931481864938
108,"unanchored",4,2,0.6,"present","maic_index",0.1,2,1000,0.123720765287109,-0.00274367538790299,0.367,0.367,0.0152493784641717
108,"unanchored",4,2,0.6,"present","maic_index",0.1,5,1000,0.123720765287109,-0.00274367538790299,0.615,0.615,0.0153951944454108
108,"unanchored",4,2,0.6,"present","maic_index",0.3,1,1000,0.123720765287109,-0.00274367538790299,0.01,0.00999999999999999,0.00314800093867677
108,"unanchored",4,2,0.6,"present","maic_index",0.3,2,1000,0.123720765287109,-0.00274367538790299,0.024,0.024,0.00484225644172708
108,"unanchored",4,2,0.6,"present","maic_index",0.3,5,1000,0.123720765287109,-0.00274367538790299,0.099,0.0989999999999999,0.00944924802766274
108,"unanchored",4,2,0.6,"present","maic_means",-0.3,1,1000,0.141108578451285,0.076896379071162,0,0,0
108,"unanchored",4,2,0.6,"present","maic_means",-0.3,2,1000,0.141108578451285,0.076896379071162,0,0,0
108,"unanchored",4,2,0.6,"present","maic_means",-0.3,5,1000,0.141108578451285,0.076896379071162,0,0,0
108,"unanchored",4,2,0.6,"present","maic_means",-0.1,1,1000,0.141108578451285,0.076896379071162,0.064,0.064,0.00774364022691928
108,"unanchored",4,2,0.6,"present","maic_means",-0.1,2,1000,0.141108578451285,0.076896379071162,0.022,0.044,0.0092817105185494
108,"unanchored",4,2,0.6,"present","maic_means",-0.1,5,1000,0.141108578451285,0.076896379071162,0.003,0.015,0.00865158077173473
108,"unanchored",4,2,0.6,"present","maic_means",0.1,1,1000,0.141108578451285,0.076896379071162,0.408,0.408,0.0155492050529207
108,"unanchored",4,2,0.6,"present","maic_means",0.1,2,1000,0.141108578451285,0.076896379071162,0.622,0.622,0.0153411652540267
108,"unanchored",4,2,0.6,"present","maic_means",0.1,5,1000,0.141108578451285,0.076896379071162,0.834,0.834,0.0117721103708122
108,"unanchored",4,2,0.6,"present","maic_means",0.3,1,1000,0.141108578451285,0.076896379071162,0.026,0.026,0.00503481373531823
108,"unanchored",4,2,0.6,"present","maic_means",0.3,2,1000,0.141108578451285,0.076896379071162,0.092,0.092,0.00914437639315108
108,"unanchored",4,2,0.6,"present","maic_means",0.3,5,1000,0.141108578451285,0.076896379071162,0.253,0.253,0.0137542786135871
108,"unanchored",4,2,0.6,"present","maic_meanvar",-0.3,1,1000,0.131677045540582,-0.0030273364629466,0.01,0.01,0.00314800093867677
108,"unanchored",4,2,0.6,"present","maic_meanvar",-0.3,2,1000,0.131677045540582,-0.0030273364629466,0,0,0
108,"unanchored",4,2,0.6,"present","maic_meanvar",-0.3,5,1000,0.131677045540582,-0.0030273364629466,0,0,0
108,"unanchored",4,2,0.6,"present","maic_meanvar",-0.1,1,1000,0.131677045540582,-0.0030273364629466,0.232,0.232,0.0133549374522816
108,"unanchored",4,2,0.6,"present","maic_meanvar",-0.1,2,1000,0.131677045540582,-0.0030273364629466,0.098,0.196,0.0188132383692425
108,"unanchored",4,2,0.6,"present","maic_meanvar",-0.1,5,1000,0.131677045540582,-0.0030273364629466,0.023,0.115,0.0237136529732839
108,"unanchored",4,2,0.6,"present","maic_meanvar",0.1,1,1000,0.131677045540582,-0.0030273364629466,0.21,0.21,0.0128866623322745
108,"unanchored",4,2,0.6,"present","maic_meanvar",0.1,2,1000,0.131677045540582,-0.0030273364629466,0.382,0.382,0.0153724530349685
108,"unanchored",4,2,0.6,"present","maic_meanvar",0.1,5,1000,0.131677045540582,-0.0030273364629466,0.633,0.633,0.0152493784641718
108,"unanchored",4,2,0.6,"present","maic_meanvar",0.3,1,1000,0.131677045540582,-0.0030273364629466,0.016,0.016,0.00396985639031942
108,"unanchored",4,2,0.6,"present","maic_meanvar",0.3,2,1000,0.131677045540582,-0.0030273364629466,0.046,0.046,0.00662781471738071
108,"unanchored",4,2,0.6,"present","maic_meanvar",0.3,5,1000,0.131677045540582,-0.0030273364629466,0.132,0.132,0.010709373963528
108,"unanchored",4,2,0.6,"present","unadjusted",-0.3,1,1000,1.11798716009841,1.10951460812016,0,0,0
108,"unanchored",4,2,0.6,"present","unadjusted",-0.3,2,1000,1.11798716009841,1.10951460812016,0,0,0
108,"unanchored",4,2,0.6,"present","unadjusted",-0.3,5,1000,1.11798716009841,1.10951460812016,0,0,0
108,"unanchored",4,2,0.6,"present","unadjusted",-0.1,1,1000,1.11798716009841,1.10951460812016,0,0,0
108,"unanchored",4,2,0.6,"present","unadjusted",-0.1,2,1000,1.11798716009841,1.10951460812016,0,0,0
108,"unanchored",4,2,0.6,"present","unadjusted",-0.1,5,1000,1.11798716009841,1.10951460812016,0,0,0
108,"unanchored",4,2,0.6,"present","unadjusted",0.1,1,1000,1.11798716009841,1.10951460812016,1,1,0
108,"unanchored",4,2,0.6,"present","unadjusted",0.1,2,1000,1.11798716009841,1.10951460812016,1,1,0
108,"unanchored",4,2,0.6,"present","unadjusted",0.1,5,1000,1.11798716009841,1.10951460812016,1,1,0
108,"unanchored",4,2,0.6,"present","unadjusted",0.3,1,1000,1.11798716009841,1.10951460812016,1,1,0
108,"unanchored",4,2,0.6,"present","unadjusted",0.3,2,1000,1.11798716009841,1.10951460812016,1,1,0
108,"unanchored",4,2,0.6,"present","unadjusted",0.3,5,1000,1.11798716009841,1.10951460812016,1,1,0
