"cell","method","n_ok","n_fail","bias","bias_mcse","emp_se","mod_se","coverage","cov_mcse","width","realized_pred","arm_C_bias","arm_B_bias","rho0","drho","cv_t","cv_lam","n_arm","gamma","arm","predicted","pred_arm_C","pred_arm_B"
1,"borrowed",1000,0,-0.00292994530816727,0.00331986796968789,0.104983443152526,0.104956329001435,0.951,0.00682634602111555,0.411421249584697,-0.000204395282726622,0.00105391136837621,-0.00131990843205916,0,0,0.3,0.2,250,0.2,"main",0,0,0
1,"sensitivity",1000,0,-0.00290808666886924,0.00332107100409695,0.105021486440888,NA,0.981,0.00431729081716764,0.501789730301401,-0.000204395282726622,0.00105391136837621,-0.00131990843205916,0,0,0.3,0.2,250,0.2,"main",0,0,0
1,"weighted",1000,0,-0.00252290445067712,0.00331604582563411,0.104862576344973,0.104908750591547,0.953,0.00669260786241059,0.411234745645055,-0.000204395282726622,0.00105391136837621,-0.00131990843205916,0,0,0.3,0.2,250,0.2,"main",0,0,0
1,"unweighted",1000,0,-0.00290808666886924,0.00332107100409695,0.105021486440888,0.104935825045895,0.95,0.00689202437604511,0.411340875555899,-0.000204395282726622,0.00105391136837621,-0.00131990843205916,0,0,0.3,0.2,250,0.2,"main",0,0,0
2,"borrowed",1000,0,0.00133133696691077,0.00320325132505194,0.101295701051165,0.102490777436623,0.954,0.00662449998113065,0.401756465046583,-0.0131529701261381,-0.0117760985113102,-0.0251053786352373,-0.2,0,0.3,0.2,250,0.2,"main",-0.013102144070421,-0.0120725812342692,-0.0251747253046903
2,"weighted",1000,0,0.00158482660147868,0.00317312364174347,0.100342980052375,0.102456805927907,0.959,0.00627048642451286,0.401623299179415,-0.0131529701261381,-0.0117760985113102,-0.0251053786352373,-0.2,0,0.3,0.2,250,0.2,"main",-0.013102144070421,-0.0120725812342692,-0.0251747253046903
2,"unweighted",1000,0,-0.0116017711580085,0.00328095739074204,0.103752982607079,0.105720935860752,0.952,0.00675988165576884,0.414418453397886,-0.0131529701261381,-0.0117760985113102,-0.0251053786352373,-0.2,0,0.3,0.2,250,0.2,"main",-0.013102144070421,-0.0120725812342692,-0.0251747253046903
2,"sensitivity",1000,0,-0.0116017711580085,0.00328095739074204,0.103752982607079,NA,0.986,0.00371537346709587,0.505610764666523,-0.0131529701261381,-0.0117760985113102,-0.0251053786352373,-0.2,0,0.3,0.2,250,0.2,"main",-0.013102144070421,-0.0120725812342692,-0.0251747253046903
3,"borrowed",1000,0,0.0011026981816943,0.00335839696973508,0.106201837113704,0.100706892256782,0.946,0.00714730718522718,0.394763763636498,-0.0267390309034266,-0.0251452480473217,-0.0532804790219756,-0.4,0,0.3,0.2,250,0.2,"main",-0.026706927905955,-0.0242926925690446,-0.0509996204749996
3,"weighted",1000,0,0.00132134488408104,0.00333779372609516,0.105550305342809,0.100697859296672,0.944,0.00727076337120113,0.394728355083519,-0.0267390309034266,-0.0251452480473217,-0.0532804790219756,-0.4,0,0.3,0.2,250,0.2,"main",-0.026706927905955,-0.0242926925690446,-0.0509996204749996
3,"unweighted",1000,0,-0.0249698655685781,0.00358407838576844,0.113338510116079,0.106997063868561,0.937,0.00768316341099159,0.419420783267823,-0.0267390309034266,-0.0251452480473217,-0.0532804790219756,-0.4,0,0.3,0.2,250,0.2,"main",-0.026706927905955,-0.0242926925690446,-0.0509996204749996
3,"sensitivity",1000,0,-0.0249698655685781,0.00358407838576844,0.113338510116079,NA,0.981,0.00431729081716764,0.50951029026007,-0.0267390309034266,-0.0251452480473217,-0.0532804790219756,-0.4,0,0.3,0.2,250,0.2,"main",-0.026706927905955,-0.0242926925690446,-0.0509996204749996
4,"borrowed",1000,0,-0.000607663096299673,0.00315218168036581,0.0996807370861282,0.0990210709733955,0.946,0.00714730718522718,0.388155465636879,-0.0409934887162628,-0.0381275333382496,-0.0807829259164254,-0.6,0,0.3,0.2,250,0.2,"main",-0.0408451764317264,-0.0366639843715915,-0.0775091608033179
4,"unweighted",1000,0,-0.0409484371102632,0.00343629417344439,0.1086651629845,0.107981145328528,0.921,0.00852988862764339,0.423278311706603,-0.0409934887162628,-0.0381275333382496,-0.0807829259164254,-0.6,0,0.3,0.2,250,0.2,"main",-0.0408451764317264,-0.0366639843715915,-0.0775091608033179
4,"sensitivity",1000,0,-0.0409484371102632,0.00343629417344439,0.1086651629845,NA,0.989,0.00329833291224522,0.513374625309581,-0.0409934887162628,-0.0381275333382496,-0.0807829259164254,-0.6,0,0.3,0.2,250,0.2,"main",-0.0408451764317264,-0.0366639843715915,-0.0775091608033179
4,"weighted",1000,0,-0.000190026651657834,0.00313420764134903,0.0991123480656707,0.0989758574565553,0.943,0.00733150734842434,0.387978231907637,-0.0409934887162628,-0.0381275333382496,-0.0807829259164254,-0.6,0,0.3,0.2,250,0.2,"main",-0.0408451764317264,-0.0366639843715915,-0.0775091608033179
5,"sensitivity",1000,0,0.026335050981097,0.0033783025212962,0.106831305923855,NA,0.976,0.00483983470792134,0.499392927470153,0.0246013141258039,-0.00367465557857945,0.0221965806833867,0,0.2,0.3,0.2,250,0.2,"main",0.0245564905520369,0,0.0245564905520369
5,"borrowed",1000,0,0.00158453409698471,0.00345068048073973,0.109120097966223,0.106357348513252,0.948,0.00702111102319284,0.416913145154298,0.0246013141258039,-0.00367465557857945,0.0221965806833867,0,0.2,0.3,0.2,250,0.2,"main",0.0245564905520369,0,0.0245564905520369
5,"unweighted",1000,0,0.026335050981097,0.0033783025212962,0.106831305923855,0.104351360030371,0.934,0.00785136930732467,0.4090498147946,0.0246013141258039,-0.00367465557857945,0.0221965806833867,0,0.2,0.3,0.2,250,0.2,"main",0.0245564905520369,0,0.0245564905520369
5,"weighted",1000,0,0.00191804573836179,0.00341438927244075,0.107972469193579,0.106225517226277,0.947,0.00708456067798138,0.416396376005284,0.0246013141258039,-0.00367465557857945,0.0221965806833867,0,0.2,0.3,0.2,250,0.2,"main",0.0245564905520369,0,0.0245564905520369
6,"borrowed",1000,0,0.000614691745335447,0.00333788926898874,0.105553326674389,0.103871767747459,0.94,0.00750999334220744,0.407169847591057,0.0122320076975769,-0.0126900886178775,-0.00326212636796669,-0.2,0.2,0.3,0.2,250,0.2,"main",0.0120725812342692,-0.0120725812342692,0
6,"weighted",1000,0,0.000451742579646646,0.00330575875669888,0.104537270662149,0.103867309178033,0.943,0.00733150734842434,0.407152370320063,0.0122320076975769,-0.0126900886178775,-0.00326212636796669,-0.2,0.2,0.3,0.2,250,0.2,"main",0.0120725812342692,-0.0120725812342692,0
6,"sensitivity",1000,0,0.012787189882442,0.00336514458766771,0.106415215528181,NA,0.977,0.00474035863622153,0.502963866603804,0.0122320076975769,-0.0126900886178775,-0.00326212636796669,-0.2,0.2,0.3,0.2,250,0.2,"main",0.0120725812342692,-0.0120725812342692,0
6,"unweighted",1000,0,0.012787189882442,0.00336514458766771,0.106415215528181,0.105253610297154,0.94,0.00750999334220744,0.412586570850472,0.0122320076975769,-0.0126900886178775,-0.00326212636796669,-0.2,0.2,0.3,0.2,250,0.2,"main",0.0120725812342692,-0.0120725812342692,0
7,"borrowed",1000,0,-0.00204601758693329,0.00329574177507689,0.104220505890093,0.101799493514703,0.942,0.00739161687318817,0.399046681866471,-0.000997408286976975,-0.0266505166509166,-0.0268350321336104,-0.4,0.2,0.3,0.2,250,0.2,"main",-0.000882032735645667,-0.0242926925690446,-0.0251747253046903
7,"weighted",1000,0,-0.00125381215166726,0.00326450342459114,0.103232662511277,0.101701159835885,0.943,0.00733150734842434,0.39866122092857,-0.000997408286976975,-0.0266505166509166,-0.0268350321336104,-0.4,0.2,0.3,0.2,250,0.2,"main",-0.000882032735645667,-0.0242926925690446,-0.0251747253046903
7,"unweighted",1000,0,-0.0028620021442365,0.00343553584572213,0.108641182556348,0.106318551465193,0.946,0.00714730718522718,0.416761063520494,-0.000997408286976975,-0.0266505166509166,-0.0268350321336104,-0.4,0.2,0.3,0.2,250,0.2,"main",-0.000882032735645667,-0.0242926925690446,-0.0251747253046903
7,"sensitivity",1000,0,-0.0028620021442365,0.00343553584572213,0.108641182556348,NA,0.987,0.00358203852575597,0.508285786671333,-0.000997408286976975,-0.0266505166509166,-0.0268350321336104,-0.4,0.2,0.3,0.2,250,0.2,"main",-0.000882032735645667,-0.0242926925690446,-0.0251747253046903
8,"weighted",1000,0,-0.000219853576879358,0.00318373404739073,0.100678510539812,0.0999451688312981,0.953,0.00669260786241059,0.391777862676239,-0.0141342854460456,-0.0394305761578444,-0.0526564605643436,-0.6,0.2,0.3,0.2,250,0.2,"main",-0.0143356361034081,-0.0366639843715915,-0.0509996204749996
8,"unweighted",1000,0,-0.0151400180085218,0.00342753244920608,0.108388092936266,0.107414360663827,0.948,0.00702111102319284,0.421056556646992,-0.0141342854460456,-0.0394305761578444,-0.0526564605643436,-0.6,0.2,0.3,0.2,250,0.2,"main",-0.0143356361034081,-0.0366639843715915,-0.0509996204749996
8,"borrowed",1000,0,-0.000209862643024955,0.00320558665805889,0.101369550765134,0.099931589324705,0.953,0.00669260786241059,0.391724631988538,-0.0141342854460456,-0.0394305761578444,-0.0526564605643436,-0.6,0.2,0.3,0.2,250,0.2,"main",-0.0143356361034081,-0.0366639843715915,-0.0509996204749996
8,"sensitivity",1000,0,-0.0151400180085218,0.00342753244920608,0.108388092936266,NA,0.983,0.00408790900094413,0.511680604939625,-0.0141342854460456,-0.0394305761578444,-0.0526564605643436,-0.6,0.2,0.3,0.2,250,0.2,"main",-0.0143356361034081,-0.0366639843715915,-0.0509996204749996
9,"sensitivity",1000,0,0.0525793888833421,0.00325754782961028,0.103012707285066,NA,0.961,0.00612200947402077,0.496861127944475,0.0478619613600943,-0.00454194198017611,0.0485800540037781,0,0.4,0.3,0.2,250,0.2,"main",0.0485243848656148,0,0.0485243848656148
9,"borrowed",1000,0,0.00456173120274567,0.00338866910026957,0.107159125934853,0.10762793368136,0.952,0.00675988165576884,0.42189374749186,0.0478619613600943,-0.00454194198017611,0.0485800540037781,0,0.4,0.3,0.2,250,0.2,"main",0.0485243848656148,0,0.0485243848656148
9,"unweighted",1000,0,0.0525793888833421,0.00325754782961028,0.103012707285066,0.103619297902744,0.922,0.00848033018225116,0.40618018398541,0.0478619613600943,-0.00454194198017611,0.0485800540037781,0,0.4,0.3,0.2,250,0.2,"main",0.0485243848656148,0,0.0485243848656148
9,"weighted",1000,0,0.00482782954012008,0.00336135810370863,0.106295476391838,0.107486462224194,0.957,0.00641490451994416,0.421339189570092,0.0478619613600943,-0.00454194198017611,0.0485800540037781,0,0.4,0.3,0.2,250,0.2,"main",0.0485243848656148,0,0.0485243848656148
10,"sensitivity",1000,0,0.0368479098109701,0.0033481671182817,0.105878340806526,NA,0.963,0.00596917079668525,0.499282706924414,0.0362924274209935,-0.0151717022199598,0.0208952997983462,-0.2,0.4,0.3,0.2,250,0.2,"main",0.0366290717863061,-0.0120725812342692,0.0245564905520369
10,"weighted",1000,0,0.000947771081421857,0.00334109929166869,0.105654836504483,0.10488813388671,0.949,0.00695693898205238,0.411153929647133,0.0362924274209935,-0.0151717022199598,0.0208952997983462,-0.2,0.4,0.3,0.2,250,0.2,"main",0.0366290717863061,-0.0120725812342692,0.0245564905520369
10,"unweighted",1000,0,0.0368479098109701,0.0033481671182817,0.105878340806526,0.104356517603648,0.932,0.00796090447122687,0.409070032110339,0.0362924274209935,-0.0151717022199598,0.0208952997983462,-0.2,0.4,0.3,0.2,250,0.2,"main",0.0366290717863061,-0.0120725812342692,0.0245564905520369
10,"borrowed",1000,0,0.000461307380811016,0.00337309228132209,0.106666543669112,0.104974075150724,0.948,0.00702111102319284,0.411490813211641,0.0362924274209935,-0.0151717022199598,0.0208952997983462,-0.2,0.4,0.3,0.2,250,0.2,"main",0.0366290717863061,-0.0120725812342692,0.0245564905520369
11,"weighted",1000,0,-0.000518526946340286,0.00333585017489942,0.105488844857532,0.102672236488576,0.957,0.00641490451994416,0.402467771459575,0.0239300582496715,-0.0244773462200504,-0.00225253789701846,-0.4,0.4,0.3,0.2,250,0.2,"main",0.0242926925690446,-0.0242926925690446,0
11,"sensitivity",1000,0,0.0235356332732601,0.00342978733555747,0.108459398703618,NA,0.972,0.0052168956286282,0.503255627793688,0.0239300582496715,-0.0244773462200504,-0.00225253789701846,-0.4,0.4,0.3,0.2,250,0.2,"main",0.0242926925690446,-0.0242926925690446,0
11,"unweighted",1000,0,0.0235356332732601,0.00342978733555747,0.108459398703618,0.105338490392972,0.939,0.00756828910652864,0.412919294712088,0.0239300582496715,-0.0244773462200504,-0.00225253789701846,-0.4,0.4,0.3,0.2,250,0.2,"main",0.0242926925690446,-0.0242926925690446,0
11,"borrowed",1000,0,-0.000844090242580537,0.00334848478275363,0.105888386239156,0.102715410934935,0.95,0.00689202437604511,0.402637012179407,0.0239300582496715,-0.0244773462200504,-0.00225253789701846,-0.4,0.4,0.3,0.2,250,0.2,"main",0.0242926925690446,-0.0242926925690446,0
12,"unweighted",1000,0,0.0114929709026326,0.00337220835746828,0.10663859154255,0.106353751490599,0.951,0.00682634602111555,0.416899045084593,0.0112171783100325,-0.0360708994825709,-0.0258626440071847,-0.6,0.4,0.3,0.2,250,0.2,"main",0.0114892590669012,-0.0366639843715915,-0.0251747253046903
12,"borrowed",1000,0,-0.000371537924956788,0.00322563785947082,0.102003625427979,0.10075766980763,0.952,0.00675988165576884,0.394962807978269,0.0112171783100325,-0.0360708994825709,-0.0258626440071847,-0.6,0.4,0.3,0.2,250,0.2,"main",0.0114892590669012,-0.0366639843715915,-0.0251747253046903
12,"sensitivity",1000,0,0.0114929709026326,0.00337220835746828,0.10663859154255,NA,0.978,0.00463853425124791,0.506762863706298,0.0112171783100325,-0.0360708994825709,-0.0258626440071847,-0.6,0.4,0.3,0.2,250,0.2,"main",0.0114892590669012,-0.0366639843715915,-0.0251747253046903
12,"weighted",1000,0,0.000351449718375418,0.00319054038098491,0.100893745706537,0.100695622170782,0.954,0.00662449998113065,0.394719585711171,0.0112171783100325,-0.0360708994825709,-0.0258626440071847,-0.6,0.4,0.3,0.2,250,0.2,"main",0.0114892590669012,-0.0366639843715915,-0.0251747253046903
13,"unweighted",1000,0,0.0020147270606278,0.00328419089790426,0.10385523508171,0.105202066682697,0.957,0.00641490451994416,0.412384523594536,-0.00029356502314928,-0.00388724425181222,-0.00634414345399459,0,0,0.6,0.2,250,0.2,"main",0,0,0
13,"borrowed",1000,0,0.0031233112454792,0.00331931980930502,0.104966108799196,0.105138702016488,0.952,0.00675988165576884,0.41213613866721,-0.00029356502314928,-0.00388724425181222,-0.00634414345399459,0,0,0.6,0.2,250,0.2,"main",0,0,0
13,"sensitivity",1000,0,0.0020147270606278,0.00328419089790426,0.10385523508171,NA,0.996,0.00199599599197994,0.599256148178181,-0.00029356502314928,-0.00388724425181222,-0.00634414345399459,0,0,0.6,0.2,250,0.2,"main",0,0,0
13,"weighted",1000,0,0.00239422209612047,0.00323245544085025,0.102219216280905,0.105149404334051,0.955,0.00655553201502365,0.412178090981159,-0.00029356502314928,-0.00388724425181222,-0.00634414345399459,0,0,0.6,0.2,250,0.2,"main",0,0,0
14,"sensitivity",1000,0,-0.0258585895092705,0.0033134479974317,0.104780425804079,NA,0.998,0.00141279864099595,0.605793239574081,-0.0264342355243324,-0.0236443467698441,-0.050722224162838,-0.2,0,0.6,0.2,250,0.2,"main",-0.026706927905955,-0.0242926925690446,-0.0509996204749996
14,"weighted",1000,0,0.000800309267153842,0.0030828700691114,0.0974889114875274,0.100696082516249,0.953,0.00669260786241059,0.394721390232243,-0.0264342355243324,-0.0236443467698441,-0.050722224162838,-0.2,0,0.6,0.2,250,0.2,"main",-0.026706927905955,-0.0242926925690446,-0.0509996204749996
14,"borrowed",1000,0,0.000152114281620694,0.00317284539996791,0.100334181274865,0.100685735291711,0.944,0.00727076337120113,0.394680829857373,-0.0264342355243324,-0.0236443467698441,-0.050722224162838,-0.2,0,0.6,0.2,250,0.2,"main",-0.026706927905955,-0.0242926925690446,-0.0509996204749996
14,"unweighted",1000,0,-0.0258585895092705,0.0033134479974317,0.104780425804079,0.107055060024587,0.945,0.00720936890441875,0.419648124021927,-0.0264342355243324,-0.0236443467698441,-0.050722224162838,-0.2,0,0.6,0.2,250,0.2,"main",-0.026706927905955,-0.0242926925690446,-0.0509996204749996
15,"sensitivity",1000,0,-0.055512968399098,0.00345059781162014,0.109117483739123,NA,1,0,0.613280982693246,-0.0547699548608656,-0.049005872294605,-0.106613243902957,-0.4,0,0.6,0.2,250,0.2,"main",-0.0555503943261307,-0.0491902441907718,-0.104740638516902
15,"weighted",1000,0,-0.00141506677750508,0.00305171883165056,0.0965038228644371,0.0978464348712221,0.954,0.00662449998113065,0.383550976726478,-0.0547699548608656,-0.049005872294605,-0.106613243902957,-0.4,0,0.6,0.2,250,0.2,"main",-0.0555503943261307,-0.0491902441907718,-0.104740638516902
15,"unweighted",1000,0,-0.055512968399098,0.00345059781162014,0.109117483739123,0.10919961632669,0.923,0.00843036179532053,0.428054630251811,-0.0547699548608656,-0.049005872294605,-0.106613243902957,-0.4,0,0.6,0.2,250,0.2,"main",-0.0555503943261307,-0.0491902441907718,-0.104740638516902
15,"borrowed",1000,0,-0.00122380059533962,0.00311736980272791,0.0985798888564999,0.0978341652551312,0.948,0.00702111102319284,0.383502880715194,-0.0547699548608656,-0.049005872294605,-0.106613243902957,-0.4,0,0.6,0.2,250,0.2,"main",-0.0555503943261307,-0.0491902441907718,-0.104740638516902
16,"unweighted",1000,0,-0.0892728019258056,0.00359682419819895,0.113741568095176,0.111686345857505,0.876,0.0104222838188182,0.437802430891189,-0.0853904029432342,-0.0747582725817367,-0.165013335168842,-0.6,0,0.6,0.2,250,0.2,"main",-0.0868110519607798,-0.0747235461959365,-0.161534598156716
16,"weighted",1000,0,-0.0040881736651247,0.0031409457763941,0.0993254266049128,0.0969315311481413,0.949,0.00695693898205238,0.379964620033359,-0.0853904029432342,-0.0747582725817367,-0.165013335168842,-0.6,0,0.6,0.2,250,0.2,"main",-0.0868110519607798,-0.0747235461959365,-0.161534598156716
16,"sensitivity",1000,0,-0.0892728019258056,0.00359682419819895,0.113741568095176,NA,0.991,0.00298646948753876,0.625471503354523,-0.0853904029432342,-0.0747582725817367,-0.165013335168842,-0.6,0,0.6,0.2,250,0.2,"main",-0.0868110519607798,-0.0747235461959365,-0.161534598156716
16,"borrowed",1000,0,-0.00296433098534232,0.00316479861962235,0.100079719737635,0.0969185046583477,0.947,0.00708456067798138,0.379913557131678,-0.0853904029432342,-0.0747582725817367,-0.165013335168842,-0.6,0,0.6,0.2,250,0.2,"main",-0.0868110519607798,-0.0747235461959365,-0.161534598156716
17,"borrowed",1000,0,-0.0037157973236762,0.00368715528277257,0.116598087802835,0.107616418809246,0.934,0.00785136930732467,0.421848610022601,0.0480450501570792,-0.00135736901665322,0.0455958576813699,0,0.2,0.6,0.2,250,0.2,"main",0.0485243848656148,0,0.0485243848656148
17,"unweighted",1000,0,0.0451519997808552,0.00350710466404698,0.110904387309881,0.103537232292098,0.916,0.00877177291087725,0.40585849270294,0.0480450501570792,-0.00135736901665322,0.0455958576813699,0,0.2,0.6,0.2,250,0.2,"main",0.0485243848656148,0,0.0485243848656148
17,"sensitivity",1000,0,0.0451519997808552,0.00350710466404698,0.110904387309881,NA,0.975,0.00493710441453288,0.595274987495303,0.0480450501570792,-0.00135736901665322,0.0455958576813699,0,0.2,0.6,0.2,250,0.2,"main",0.0485243848656148,0,0.0485243848656148
17,"weighted",1000,0,-0.00318242269797181,0.0035849818725914,0.113367080878044,0.107477732118403,0.938,0.00762600813007697,0.421304968184227,0.0480450501570792,-0.00135736901665322,0.0455958576813699,0,0.2,0.6,0.2,250,0.2,"main",0.0485243848656148,0,0.0485243848656148
18,"weighted",1000,0,0.00190152300470668,0.00334770218280436,0.105863638255791,0.102859976628998,0.945,0.00720936890441875,0.403203699286937,0.0238143967275611,-0.0265815011764235,-0.00382116623198953,-0.2,0.2,0.6,0.2,250,0.2,"main",0.0242926925690446,-0.0242926925690446,0
18,"borrowed",1000,0,0.00163411017987925,0.00339998133625294,0.107516850246221,0.102925150040111,0.936,0.0077397674383666,0.403459174363996,0.0238143967275611,-0.0265815011764235,-0.00382116623198953,-0.2,0.2,0.6,0.2,250,0.2,"main",0.0242926925690446,-0.0242926925690446,0
18,"unweighted",1000,0,0.0257798067522783,0.00344663488694123,0.108992165057312,0.105593742207176,0.933,0.00790638982089803,0.413919863437746,0.0238143967275611,-0.0265815011764235,-0.00382116623198953,-0.2,0.2,0.6,0.2,250,0.2,"main",0.0242926925690446,-0.0242926925690446,0
18,"sensitivity",1000,0,0.0257798067522783,0.00344663488694123,0.108992165057312,NA,0.983,0.00408790900094413,0.60244650931544,0.0238143967275611,-0.0265815011764235,-0.00382116623198953,-0.2,0.2,0.6,0.2,250,0.2,"main",0.0242926925690446,-0.0242926925690446,0
19,"weighted",1000,0,0.00104634384371131,0.00319899195061811,0.101161007804981,0.09915045975658,0.952,0.00675988165576884,0.38866266034697,-0.00204646228133465,-0.0520549883834482,-0.0546347555368933,-0.4,0.2,0.6,0.2,250,0.2,"main",-0.00180937628422782,-0.0491902441907718,-0.0509996204749996
19,"sensitivity",1000,0,-0.00140943299559084,0.00351763850789265,0.11123749670057,NA,0.992,0.00281709069786544,0.606948949112022,-0.00204646228133465,-0.0520549883834482,-0.0546347555368933,-0.4,0.2,0.6,0.2,250,0.2,"main",-0.00180937628422782,-0.0491902441907718,-0.0509996204749996
19,"borrowed",1000,0,0.000915037946911948,0.00324926094537603,0.102750652996202,0.0991838723203061,0.95,0.00689202437604511,0.388793635190038,-0.00204646228133465,-0.0520549883834482,-0.0546347555368933,-0.4,0.2,0.6,0.2,250,0.2,"main",-0.00180937628422782,-0.0491902441907718,-0.0509996204749996
19,"unweighted",1000,0,-0.00140943299559084,0.00351763850789265,0.11123749670057,0.107431328855354,0.953,0.00669260786241059,0.421123070735544,-0.00204646228133465,-0.0520549883834482,-0.0546347555368933,-0.4,0.2,0.6,0.2,250,0.2,"main",-0.00180937628422782,-0.0491902441907718,-0.0509996204749996
20,"sensitivity",1000,0,-0.0309847840619637,0.00349010131086313,0.110366694070669,NA,0.996,0.00199599599197994,0.617984391731652,-0.0303066208706917,-0.0746735279497678,-0.105051827571077,-0.6,0.2,0.6,0.2,250,0.2,"main",-0.0300170923209658,-0.0747235461959365,-0.104740638516902
20,"unweighted",1000,0,-0.0309847840619637,0.00349010131086313,0.110366694070669,0.109653076135133,0.945,0.00720936890441875,0.429832160037779,-0.0303066208706917,-0.0746735279497678,-0.105051827571077,-0.6,0.2,0.6,0.2,250,0.2,"main",-0.0300170923209658,-0.0747235461959365,-0.104740638516902
20,"weighted",1000,0,9.10149375611596e-05,0.00307982718861688,0.0973926871574236,0.0969956450994657,0.951,0.00682634602111555,0.380215942104363,-0.0303066208706917,-0.0746735279497678,-0.105051827571077,-0.6,0.2,0.6,0.2,250,0.2,"main",-0.0300170923209658,-0.0747235461959365,-0.104740638516902
20,"borrowed",1000,0,-0.00154260845297666,0.00318958970076251,0.100863682558244,0.0970259019718576,0.946,0.00714730718522718,0.380334546864709,-0.0303066208706917,-0.0746735279497678,-0.105051827571077,-0.6,0.2,0.6,0.2,250,0.2,"main",-0.0300170923209658,-0.0747235461959365,-0.104740638516902
21,"unweighted",1000,0,0.0876830976728669,0.00341484200859209,0.107986785967753,0.102423966364811,0.847,0.0113838042850358,0.401494570457542,0.0938722347133199,0.000659271264877373,0.0911737374512798,0,0.4,0.6,0.2,250,0.2,"main",0.0948027216382826,0,0.0948027216382826
21,"borrowed",1000,0,-0.00771097019550682,0.00369353054686857,0.11679969135512,0.110682171564595,0.936,0.0077397674383666,0.43386613999458,0.0938722347133199,0.000659271264877373,0.0911737374512798,0,0.4,0.6,0.2,250,0.2,"main",0.0948027216382826,0,0.0948027216382826
21,"weighted",1000,0,-0.00708496169765,0.00359801489502969,0.113779221235055,0.110590291011764,0.944,0.00727076337120113,0.433505974845724,0.0938722347133199,0.000659271264877373,0.0911737374512798,0,0.4,0.6,0.2,250,0.2,"main",0.0948027216382826,0,0.0948027216382826
21,"sensitivity",1000,0,0.0876830976728669,0.00341484200859209,0.107986785967753,NA,0.947,0.00708456067798138,0.590988781427279,0.0938722347133199,0.000659271264877373,0.0911737374512798,0,0.4,0.6,0.2,250,0.2,"main",0.0948027216382826,0,0.0948027216382826
22,"borrowed",1000,0,-0.00172527854055033,0.00333152667584276,0.105352123812726,0.105729637177387,0.948,0.00702111102319284,0.41445256193233,0.0721614900032484,-0.0257196183180635,0.0440034634405332,-0.2,0.4,0.6,0.2,250,0.2,"main",0.0728170774346594,-0.0242926925690446,0.0485243848656148
22,"unweighted",1000,0,0.0712442487975262,0.00326874156410706,0.103366684250396,0.104298125916386,0.895,0.00969407035254026,0.408841140902278,0.0721614900032484,-0.0257196183180635,0.0440034634405332,-0.2,0.4,0.6,0.2,250,0.2,"main",0.0728170774346594,-0.0242926925690446,0.0485243848656148
22,"weighted",1000,0,-0.000911598132917078,0.00322717357366719,0.102052188974935,0.10563514298057,0.957,0.00641490451994416,0.414082151487313,0.0721614900032484,-0.0257196183180635,0.0440034634405332,-0.2,0.4,0.6,0.2,250,0.2,"main",0.0728170774346594,-0.0242926925690446,0.0485243848656148
22,"sensitivity",1000,0,0.0712442487975262,0.00326874156410706,0.103366684250396,NA,0.968,0.00556560868189635,0.596832096300411,0.0721614900032484,-0.0257196183180635,0.0440034634405332,-0.2,0.4,0.6,0.2,250,0.2,"main",0.0728170774346594,-0.0242926925690446,0.0485243848656148
23,"weighted",1000,0,0.00344627948854207,0.00318492836897032,0.100716278304314,0.101486270660271,0.953,0.00669260786241059,0.39781887083883,0.0476603124479743,-0.0504041403872374,-0.000177996981166481,-0.4,0.4,0.6,0.2,250,0.2,"main",0.0491902441907718,-0.0491902441907718,0
23,"borrowed",1000,0,0.00217287356605919,0.00327749096192717,0.103643364503061,0.101494493621125,0.948,0.00702111102319284,0.39785110425307,0.0476603124479743,-0.0504041403872374,-0.000177996981166481,-0.4,0.4,0.6,0.2,250,0.2,"main",0.0491902441907718,-0.0491902441907718,0
23,"sensitivity",1000,0,0.0510590698318604,0.00339199537359135,0.107264311933024,NA,0.982,0.00420428352992517,0.603679681852084,0.0476603124479743,-0.0504041403872374,-0.000177996981166481,-0.4,0.4,0.6,0.2,250,0.2,"main",0.0491902441907718,-0.0491902441907718,0
23,"unweighted",1000,0,0.0510590698318604,0.00339199537359135,0.107264311933024,0.106250541138636,0.916,0.00877177291087725,0.416494467939234,0.0476603124479743,-0.0504041403872374,-0.000177996981166481,-0.4,0.4,0.6,0.2,250,0.2,"main",0.0491902441907718,-0.0491902441907718,0
24,"sensitivity",1000,0,0.0230733273160621,0.00339263619558759,0.107284576503853,NA,0.993,0.00263647491928143,0.612149580475444,0.023810620812925,-0.0756772402354248,-0.050297559940258,-0.6,0.4,0.6,0.2,250,0.2,"main",0.0237239257209369,-0.0747235461959365,-0.0509996204749996
24,"borrowed",1000,0,-0.000113102341059114,0.0030878482967843,0.0976463368690998,0.0984542762430183,0.949,0.00695693898205238,0.385933671120546,0.023810620812925,-0.0756772402354248,-0.050297559940258,-0.6,0.4,0.6,0.2,250,0.2,"main",0.0237239257209369,-0.0747235461959365,-0.0509996204749996
24,"unweighted",1000,0,0.0230733273160621,0.00339263619558759,0.107284576503853,0.108216105437745,0.949,0.00695693898205238,0.424199338410337,0.023810620812925,-0.0756772402354248,-0.050297559940258,-0.6,0.4,0.6,0.2,250,0.2,"main",0.0237239257209369,-0.0747235461959365,-0.0509996204749996
24,"weighted",1000,0,0.000535137656487528,0.00303306369496073,0.0959138956444209,0.0984727530281746,0.953,0.00669260786241059,0.38600609878746,0.023810620812925,-0.0756772402354248,-0.050297559940258,-0.6,0.4,0.6,0.2,250,0.2,"main",0.0237239257209369,-0.0747235461959365,-0.0509996204749996
25,"unweighted",1000,0,-0.00696497962587232,0.00352806902550445,0.111567338628848,0.105263722223097,0.932,0.00796090447122687,0.412626208871797,-0.00264664211455038,0.000208297189184178,-0.0086141703942611,0,0,1,0.2,250,0.2,"main",0,0,0
25,"sensitivity",1000,0,-0.00696497962587232,0.00352806902550445,0.111567338628848,NA,0.997,0.00172945077987204,0.740787075217314,-0.00264664211455038,0.000208297189184178,-0.0086141703942611,0,0,1,0.2,250,0.2,"main",0,0,0
25,"borrowed",1000,0,-0.00878059539678881,0.00366453601284251,0.115882803682944,0.10535467635557,0.921,0.00852988862764339,0.412982742519583,-0.00264664211455038,0.000208297189184178,-0.0086141703942611,0,0,1,0.2,250,0.2,"main",0,0,0
25,"weighted",1000,0,-0.00410801067124722,0.00339024961134314,0.10720910608345,0.105420412664579,0.946,0.00714730718522718,0.41324042411585,-0.00264664211455038,0.000208297189184178,-0.0086141703942611,0,0,1,0.2,250,0.2,"main",0,0,0
26,"borrowed",1000,0,-0.00156236102595751,0.00325181562764602,0.102831439142914,0.0990004314071274,0.945,0.00720936890441875,0.388074560023795,-0.0461431260853415,-0.041461111951857,-0.0902006856745434,-0.2,0,1,0.2,250,0.2,"main",-0.0456821816865169,-0.0408219945202552,-0.0865041762067721
26,"unweighted",1000,0,-0.0461683776263752,0.00347905717381787,0.110017447792128,0.108773427713686,0.932,0.00796090447122687,0.426384001587591,-0.0461431260853415,-0.041461111951857,-0.0902006856745434,-0.2,0,1,0.2,250,0.2,"main",-0.0456821816865169,-0.0408219945202552,-0.0865041762067721
26,"weighted",1000,0,-0.000785970954434783,0.00307477125441296,0.0972328044795801,0.0990418629230445,0.949,0.00695693898205238,0.38823696858184,-0.0461431260853415,-0.041461111951857,-0.0902006856745434,-0.2,0,1,0.2,250,0.2,"main",-0.0456821816865169,-0.0408219945202552,-0.0865041762067721
26,"sensitivity",1000,0,-0.0461683776263752,0.00347905717381787,0.110017447792128,NA,0.999,0.000999499874937461,0.749687190584619,-0.0461431260853415,-0.041461111951857,-0.0902006856745434,-0.2,0,1,0.2,250,0.2,"main",-0.0456821816865169,-0.0408219945202552,-0.0865041762067721
27,"unweighted",1000,0,-0.094910739282725,0.00369188573309715,0.116747677776675,0.112561864096423,0.85,0.0112915897906362,0.441234399323362,-0.0956827925893206,-0.0867543045338662,-0.181440480864949,-0.4,0,1,0.2,250,0.2,"main",-0.0978244455110198,-0.0833816089390511,-0.181206054450071
27,"weighted",1000,0,0.00110664672148242,0.0031248609127971,0.0988167785567164,0.0973813778914626,0.949,0.00695693898205238,0.381727986864303,-0.0956827925893206,-0.0867543045338662,-0.181440480864949,-0.4,0,1,0.2,250,0.2,"main",-0.0978244455110198,-0.0833816089390511,-0.181206054450071
27,"sensitivity",1000,0,-0.094910739282725,0.00369188573309715,0.116747677776675,NA,1,0,0.772414939269332,-0.0956827925893206,-0.0867543045338662,-0.181440480864949,-0.4,0,1,0.2,250,0.2,"main",-0.0978244455110198,-0.0833816089390511,-0.181206054450071
27,"borrowed",1000,0,0.00214007288668613,0.00324701615841621,0.102679666599653,0.0973114085855891,0.939,0.00756828910652864,0.381453712225233,-0.0956827925893206,-0.0867543045338662,-0.181440480864949,-0.4,0,1,0.2,250,0.2,"main",-0.0978244455110198,-0.0833816089390511,-0.181206054450071
28,"weighted",1000,0,-0.00474200525349384,0.00334675376678804,0.105833646707982,0.103759085433256,0.952,0.00675988165576884,0.406728141035994,-0.156746388450429,-0.129089064101848,-0.291174472019555,-0.6,0,1,0.2,250,0.2,"main",-0.157990221072566,-0.127833371509885,-0.285823592582451
28,"sensitivity",1000,0,-0.161097921149671,0.00386200476542986,0.122127313931827,NA,1,0,0.788589644466232,-0.156746388450429,-0.129089064101848,-0.291174472019555,-0.6,0,1,0.2,250,0.2,"main",-0.157990221072566,-0.127833371509885,-0.285823592582451
28,"borrowed",1000,0,-0.00401473389027434,0.00339012971756438,0.107205314709268,0.103733375375428,0.944,0.00727076337120113,0.406627359461226,-0.156746388450429,-0.129089064101848,-0.291174472019555,-0.6,0,1,0.2,250,0.2,"main",-0.157990221072566,-0.127833371509885,-0.285823592582451
28,"unweighted",1000,0,-0.161097921149671,0.00386200476542986,0.122127313931827,0.117292836591169,0.717,0.0142446832186609,0.459779470726467,-0.156746388450429,-0.129089064101848,-0.291174472019555,-0.6,0,1,0.2,250,0.2,"main",-0.157990221072566,-0.127833371509885,-0.285823592582451
29,"sensitivity",1000,0,0.0779860988262577,0.00347735307181904,0.109963559355313,NA,0.975,0.00493710441453288,0.733692179353516,0.0782218823111417,-0.00124882550359898,0.0758042194624131,0,0.2,1,0.2,250,0.2,"main",0.0796133367577931,0,0.0796133367577931
29,"borrowed",1000,0,-0.000940872143257744,0.00372993142889587,0.117950788315573,0.109890137973297,0.936,0.0077397674383666,0.4307614253676,0.0782218823111417,-0.00124882550359898,0.0758042194624131,0,0.2,1,0.2,250,0.2,"main",0.0796133367577931,0,0.0796133367577931
29,"weighted",1000,0,-0.000207613037861493,0.00356587684344135,0.112762926809263,0.109998331822734,0.949,0.00695693898205238,0.431185537464091,0.0782218823111417,-0.00124882550359898,0.0758042194624131,0,0.2,1,0.2,250,0.2,"main",0.0796133367577931,0,0.0796133367577931
29,"unweighted",1000,0,0.0779860988262577,0.00347735307181904,0.109963559355313,0.103040388471518,0.865,0.0108062481925967,0.403910900714382,0.0782218823111417,-0.00124882550359898,0.0758042194624131,0,0.2,1,0.2,250,0.2,"main",0.0796133367577931,0,0.0796133367577931
30,"borrowed",1000,0,-0.00312572793477682,0.0034727255153286,0.109817223170204,0.102239989127678,0.937,0.00768316341099159,0.40077339294003,0.0396053851309432,-0.041366121424662,-0.00331035397932483,-0.2,0.2,1,0.2,250,0.2,"main",0.0408219945202552,-0.0408219945202552,0
30,"unweighted",1000,0,0.0381354612048915,0.00348101468959445,0.110079349876225,0.106173090468063,0.932,0.00796090447122687,0.416190866889433,0.0396053851309432,-0.041366121424662,-0.00331035397932483,-0.2,0.2,1,0.2,250,0.2,"main",0.0408219945202552,-0.0408219945202552,0
30,"sensitivity",1000,0,0.0381354612048915,0.00348101468959445,0.110079349876225,NA,0.99,0.00314642654451046,0.745319810077046,0.0396053851309432,-0.041366121424662,-0.00331035397932483,-0.2,0.2,1,0.2,250,0.2,"main",0.0408219945202552,-0.0408219945202552,0
30,"weighted",1000,0,-0.0014531449828609,0.00328162238093795,0.103774011443486,0.102140721874158,0.945,0.00720936890441875,0.400384272456546,0.0396053851309432,-0.041366121424662,-0.00331035397932483,-0.2,0.2,1,0.2,250,0.2,"main",0.0408219945202552,-0.0408219945202552,0
31,"unweighted",1000,0,0.000740989887581366,0.00356561937027164,0.112754784792736,0.109539184906935,0.949,0.00695693898205238,0.429385714626931,-0.00266878510094171,-0.0857163375801176,-0.0856221084473849,-0.4,0.2,1,0.2,250,0.2,"main",-0.00312256726772094,-0.0833816089390511,-0.0865041762067721
31,"weighted",1000,0,0.00310365418459163,0.00301764721650094,0.0954263837901022,0.0976823932303571,0.957,0.00641490451994416,0.382907945310358,-0.00266878510094171,-0.0857163375801176,-0.0856221084473849,-0.4,0.2,1,0.2,250,0.2,"main",-0.00312256726772094,-0.0833816089390511,-0.0865041762067721
31,"borrowed",1000,0,0.00383885959635812,0.00321942850062244,0.101807268260277,0.0975047228434014,0.935,0.0077958322198467,0.382211490191253,-0.00266878510094171,-0.0857163375801176,-0.0856221084473849,-0.4,0.2,1,0.2,250,0.2,"main",-0.00312256726772094,-0.0833816089390511,-0.0865041762067721
31,"sensitivity",1000,0,0.000740989887581366,0.00356561937027164,0.112754784792736,NA,0.995,0.00223047080231955,0.759552016461401,-0.00266878510094171,-0.0857163375801176,-0.0856221084473849,-0.4,0.2,1,0.2,250,0.2,"main",-0.00312256726772094,-0.0833816089390511,-0.0865041762067721
32,"weighted",1000,0,0.0015525027816014,0.00301565137990495,0.0953632698952938,0.0985681440933851,0.953,0.00669260786241059,0.386380024891978,-0.0557840974987879,-0.12923794618502,-0.183408722286214,-0.6,0.2,1,0.2,250,0.2,"main",-0.0533726829401859,-0.127833371509885,-0.181206054450071
32,"sensitivity",1000,0,-0.053852545953445,0.00364476491614617,0.115257586708945,NA,0.999,0.000999499874937461,0.781339868605894,-0.0557840974987879,-0.12923794618502,-0.183408722286214,-0.6,0.2,1,0.2,250,0.2,"main",-0.0533726829401859,-0.127833371509885,-0.181206054450071
32,"borrowed",1000,0,0.000134704814127699,0.00318019341753517,0.10056654599286,0.0985223208175899,0.948,0.00702111102319284,0.386200400951554,-0.0557840974987879,-0.12923794618502,-0.183408722286214,-0.6,0.2,1,0.2,250,0.2,"main",-0.0533726829401859,-0.127833371509885,-0.181206054450071
32,"unweighted",1000,0,-0.053852545953445,0.00364476491614617,0.115257586708945,0.113700405968503,0.919,0.00862780389206894,0.445697401451698,-0.0557840974987879,-0.12923794618502,-0.183408722286214,-0.6,0.2,1,0.2,250,0.2,"main",-0.0533726829401859,-0.127833371509885,-0.181206054450071
33,"sensitivity",1000,0,0.153564450951456,0.00320227358876018,0.101264782314835,NA,0.907,0.00918428004799505,0.723118126890799,0.152712421752941,-0.00288294179078884,0.149508366091871,0,0.4,1,0.2,250,0.2,"main",0.153353129905974,0,0.153353129905974
33,"weighted",1000,0,0.00152149753780816,0.00349078529931423,0.110388323684656,0.115468779152368,0.96,0.00619677335393187,0.4526292969549,0.152712421752941,-0.00288294179078884,0.149508366091871,0,0.4,1,0.2,250,0.2,"main",0.153353129905974,0,0.153353129905974
33,"unweighted",1000,0,0.153564450951456,0.00320227358876018,0.101264782314835,0.101334567167591,0.673,0.0148347901906296,0.397224204074865,0.152712421752941,-0.00288294179078884,0.149508366091871,0,0.4,1,0.2,250,0.2,"main",0.153353129905974,0,0.153353129905974
33,"borrowed",1000,0,0.00139068571096914,0.00368340022662858,0.116479342501267,0.115703811916372,0.95,0.00689202437604511,0.45355060846017,0.152712421752941,-0.00288294179078884,0.149508366091871,0,0.4,1,0.2,250,0.2,"main",0.153353129905974,0,0.153353129905974
34,"unweighted",1000,0,0.11423768404333,0.00356610427151157,0.112770118716321,0.104329584303205,0.781,0.0130781879478772,0.408964455512636,0.118640857933715,-0.0408459412521045,0.0732972216618718,-0.2,0.4,1,0.2,250,0.2,"main",0.120435331278048,-0.0408219945202552,0.0796133367577931
34,"weighted",1000,0,-0.00407216907650283,0.00346302367663348,0.109510424092522,0.107468623726069,0.944,0.00727076337120113,0.421269263942365,0.118640857933715,-0.0408459412521045,0.0732972216618718,-0.2,0.4,1,0.2,250,0.2,"main",0.120435331278048,-0.0408219945202552,0.0796133367577931
34,"borrowed",1000,0,-0.00443596644727973,0.00373011087636455,0.117956462942787,0.107329250807544,0.927,0.00822623850857729,0.420722932140906,0.118640857933715,-0.0408459412521045,0.0732972216618718,-0.2,0.4,1,0.2,250,0.2,"main",0.120435331278048,-0.0408219945202552,0.0796133367577931
34,"sensitivity",1000,0,0.11423768404333,0.00356610427151157,0.112770118716321,NA,0.942,0.00739161687318817,0.737234555433647,0.118640857933715,-0.0408459412521045,0.0732972216618718,-0.2,0.4,1,0.2,250,0.2,"main",0.120435331278048,-0.0408219945202552,0.0796133367577931
35,"borrowed",1000,0,-0.00631647382263482,0.00334359885217083,0.105733879547844,0.100815616073432,0.943,0.00733150734842434,0.395189953166286,0.081506362095758,-0.0809319912571686,-0.00472894371081387,-0.4,0.4,1,0.2,250,0.2,"main",0.0833816089390511,-0.0833816089390511,0
35,"unweighted",1000,0,0.0775394562393398,0.00346249757717179,0.109493787366775,0.107110826678731,0.869,0.0106695360723885,0.41986672528925,0.081506362095758,-0.0809319912571686,-0.00472894371081387,-0.4,0.4,1,0.2,250,0.2,"main",0.0833816089390511,-0.0833816089390511,0
35,"sensitivity",1000,0,0.0775394562393398,0.00346249757717179,0.109493787366775,NA,0.982,0.00420428352992517,0.746565547545184,0.081506362095758,-0.0809319912571686,-0.00472894371081387,-0.4,0.4,1,0.2,250,0.2,"main",0.0833816089390511,-0.0833816089390511,0
35,"weighted",1000,0,-0.00420536455072489,0.0031420750645908,0.0993611378332759,0.100789165093501,0.953,0.00669260786241059,0.395086267230246,0.081506362095758,-0.0809319912571686,-0.00472894371081387,-0.4,0.4,1,0.2,250,0.2,"main",0.0833816089390511,-0.0833816089390511,0
36,"sensitivity",1000,0,0.0403546578004879,0.00353729842898023,0.111859197993129,NA,0.995,0.00223047080231955,0.759907911550092,0.0408662834420686,-0.127039528577858,-0.086952457615621,-0.6,0.4,1,0.2,250,0.2,"main",0.0413291953031131,-0.127833371509885,-0.086504176206772
36,"unweighted",1000,0,0.0403546578004879,0.00353729842898023,0.111859197993129,0.110664526257615,0.935,0.0077958322198467,0.433796971662227,0.0408662834420686,-0.127039528577858,-0.086952457615621,-0.6,0.4,1,0.2,250,0.2,"main",0.0413291953031131,-0.127833371509885,-0.086504176206772
36,"weighted",1000,0,-0.000710010930621231,0.00299962665323988,0.0948565235438613,0.098952930220437,0.961,0.00612200947402077,0.387888358793523,0.0408662834420686,-0.127039528577858,-0.086952457615621,-0.6,0.4,1,0.2,250,0.2,"main",0.0413291953031131,-0.127833371509885,-0.086504176206772
36,"borrowed",1000,0,-0.000706454895022539,0.00319757849299574,0.101116310350353,0.0988690192734869,0.948,0.00702111102319284,0.387559433925661,0.0408662834420686,-0.127039528577858,-0.086952457615621,-0.6,0.4,1,0.2,250,0.2,"main",0.0413291953031131,-0.127833371509885,-0.086504176206772
37,"sensitivity",1000,0,-0.00173476731878322,0.00307412512436746,0.0972123720534957,NA,0.998,0.00141279864099595,0.531758426725881,-0.00035320272239124,-0.00226743626413928,-0.00372280721099531,0,0,0.3,0.4,250,0.2,"main",0,0,0
37,"weighted",1000,0,-0.00114159950566384,0.00305160094350929,0.0965000949140819,0.0976989705207476,0.959,0.00627048642451286,0.382972927094611,-0.00035320272239124,-0.00226743626413928,-0.00372280721099531,0,0,0.3,0.4,250,0.2,"main",0,0,0
37,"borrowed",1000,0,-0.00204666831017816,0.00312325389673203,0.0987659602466954,0.0978399695092367,0.952,0.00675988165576884,0.383525632973202,-0.00035320272239124,-0.00226743626413928,-0.00372280721099531,0,0,0.3,0.4,250,0.2,"main",0,0,0
37,"unweighted",1000,0,-0.00173476731878322,0.00307412512436746,0.0972123720534957,0.0977817253595414,0.955,0.00655553201502365,0.383297320101776,-0.00035320272239124,-0.00226743626413928,-0.00372280721099531,0,0,0.3,0.4,250,0.2,"main",0,0,0
38,"weighted",1000,0,-0.00165591406987126,0.00313428510152813,0.09911479757161,0.0960287001639409,0.945,0.00720936890441875,0.376425587607039,-0.0148466209788995,-0.0256802430366318,-0.042017722502635,-0.2,0,0.3,0.4,250,0.2,"main",-0.0148100890425028,-0.0242926925690446,-0.0391027816115474
38,"borrowed",1000,0,-0.00218789985494808,0.00318804116192915,0.100814713460658,0.0960652254999318,0.939,0.00756828910652864,0.37656876429317,-0.0148466209788995,-0.0256802430366318,-0.042017722502635,-0.2,0,0.3,0.4,250,0.2,"main",-0.0148100890425028,-0.0242926925690446,-0.0391027816115474
38,"sensitivity",1000,0,-0.0170366461840804,0.00328610849419323,0.103915874800768,NA,0.995,0.00223047080231955,0.538005249648083,-0.0148466209788995,-0.0256802430366318,-0.042017722502635,-0.2,0,0.3,0.4,250,0.2,"main",-0.0148100890425028,-0.0242926925690446,-0.0391027816115474
38,"unweighted",1000,0,-0.0170366461840804,0.00328610849419323,0.103915874800768,0.099546065314553,0.945,0.00720936890441875,0.390213405638391,-0.0148466209788995,-0.0256802430366318,-0.042017722502635,-0.2,0,0.3,0.4,250,0.2,"main",-0.0148100890425028,-0.0242926925690446,-0.0391027816115474
39,"borrowed",1000,0,0.00174040174268603,0.00293875420761326,0.0929315677946125,0.0942997000577047,0.952,0.00675988165576884,0.369648031732062,-0.0311354889628055,-0.0500669084540251,-0.0806958932969819,-0.4,0,0.3,0.4,250,0.2,"main",-0.0306067884634864,-0.0491902441907718,-0.0797970326542581
39,"unweighted",1000,0,-0.0273668040401702,0.00313518752359943,0.0991433346631711,0.101020895920412,0.941,0.00745110730026082,0.395994635379952,-0.0311354889628055,-0.0500669084540251,-0.0806958932969819,-0.4,0,0.3,0.4,250,0.2,"main",-0.0306067884634864,-0.0491902441907718,-0.0797970326542581
39,"sensitivity",1000,0,-0.0273668040401702,0.00313518752359943,0.0991433346631711,NA,0.996,0.00199599599197994,0.543774115826697,-0.0311354889628055,-0.0500669084540251,-0.0806958932969819,-0.4,0,0.3,0.4,250,0.2,"main",-0.0306067884634864,-0.0491902441907718,-0.0797970326542581
39,"weighted",1000,0,0.0033047628604721,0.00290797149517431,0.0919581329559615,0.0942671486862618,0.956,0.00648567652600714,0.369520432700711,-0.0311354889628055,-0.0500669084540251,-0.0806958932969819,-0.4,0,0.3,0.4,250,0.2,"main",-0.0306067884634864,-0.0491902441907718,-0.0797970326542581
40,"unweighted",1000,0,-0.0513891020357654,0.00345562403901668,0.109276427005233,0.103012337218862,0.907,0.00918428004799505,0.40380094182453,-0.0477865120854424,-0.0790698385749912,-0.128997930159063,-0.6,0,0.3,0.4,250,0.2,"main",-0.0474942677771676,-0.0747235461959365,-0.122217813973104
40,"weighted",1000,0,-0.00240431147845704,0.00308699785192837,0.0976194434414087,0.0932275891177294,0.931,0.00801492358042171,0.365445434072496,-0.0477865120854424,-0.0790698385749912,-0.128997930159063,-0.6,0,0.3,0.4,250,0.2,"main",-0.0474942677771676,-0.0747235461959365,-0.122217813973104
40,"borrowed",1000,0,-0.00301374324846432,0.00311917999746266,0.0986371322402023,0.0932870723237594,0.931,0.00801492358042171,0.365678603955503,-0.0477865120854424,-0.0790698385749912,-0.128997930159063,-0.6,0,0.3,0.4,250,0.2,"main",-0.0474942677771676,-0.0747235461959365,-0.122217813973104
40,"sensitivity",1000,0,-0.0513891020357654,0.00345562403901668,0.109276427005233,NA,0.995,0.00223047080231955,0.552703142410649,-0.0477865120854424,-0.0790698385749912,-0.128997930159063,-0.6,0,0.3,0.4,250,0.2,"main",-0.0474942677771676,-0.0747235461959365,-0.122217813973104
41,"weighted",1000,0,-0.00170078249278566,0.00320325169785344,0.101295712840184,0.0988580697537487,0.941,0.00745110730026082,0.387516512596992,0.0370361292659817,-0.00129344912433826,0.034058767731743,0,0.2,0.3,0.4,250,0.2,"main",0.0376311197087928,0,0.0376311197087928
41,"sensitivity",1000,0,0.035146349214474,0.00321145196181243,0.101555027955434,NA,0.985,0.00384382621875652,0.528703993998789,0.0370361292659817,-0.00129344912433826,0.034058767731743,0,0.2,0.3,0.4,250,0.2,"main",0.0376311197087928,0,0.0376311197087928
41,"borrowed",1000,0,-0.00241047505217799,0.0032879325490341,0.10397355647951,0.0989237697836038,0.932,0.00796090447122687,0.38777405198159,0.0370361292659817,-0.00129344912433826,0.034058767731743,0,0.2,0.3,0.4,250,0.2,"main",0.0376311197087928,0,0.0376311197087928
41,"unweighted",1000,0,0.035146349214474,0.00321145196181243,0.101555027955434,0.0969437697874379,0.921,0.00852988862764339,0.380012594617841,0.0370361292659817,-0.00129344912433826,0.034058767731743,0,0.2,0.3,0.4,250,0.2,"main",0.0376311197087928,0,0.0376311197087928
42,"sensitivity",1000,0,0.0219796783647211,0.00310095453075981,0.0980607923781968,NA,0.993,0.00263647491928143,0.533908600190205,0.0229088370862121,-0.0263232853505158,-0.00416051907011937,-0.2,0.2,0.3,0.4,250,0.2,"main",0.0242926925690446,-0.0242926925690446,0
42,"weighted",1000,0,-0.000507724505950824,0.00301633190260164,0.0953847899125035,0.0968740945805892,0.952,0.00675988165576884,0.379739472825763,0.0229088370862121,-0.0263232853505158,-0.00416051907011937,-0.2,0.2,0.3,0.4,250,0.2,"main",0.0242926925690446,-0.0242926925690446,0
42,"unweighted",1000,0,0.0219796783647211,0.00310095453075981,0.0980607923781968,0.0984397912095371,0.947,0.00708456067798138,0.38587689083267,0.0229088370862121,-0.0263232853505158,-0.00416051907011937,-0.2,0.2,0.3,0.4,250,0.2,"main",0.0242926925690446,-0.0242926925690446,0
42,"borrowed",1000,0,-0.0019258559151533,0.00309999039640657,0.0980303037729302,0.0970046243121482,0.949,0.00695693898205238,0.380251139971298,0.0229088370862121,-0.0263232853505158,-0.00416051907011937,-0.2,0.2,0.3,0.4,250,0.2,"main",0.0242926925690446,-0.0242926925690446,0
43,"unweighted",1000,0,0.00825110190781062,0.00322504664390175,0.101984929550115,0.100099930307019,0.946,0.00714730718522718,0.392384516513452,0.00992273926512389,-0.0508320472024857,-0.0419421632332763,-0.4,0.2,0.3,0.4,250,0.2,"main",0.0100874625792244,-0.0491902441907718,-0.0391027816115474
43,"weighted",1000,0,-0.00112482710566659,0.0030345589509591,0.0959611797908195,0.0952080122080259,0.948,0.00702111102319284,0.373208549934761,0.00992273926512389,-0.0508320472024857,-0.0419421632332763,-0.4,0.2,0.3,0.4,250,0.2,"main",0.0100874625792244,-0.0491902441907718,-0.0391027816115474
43,"borrowed",1000,0,-0.00141008358990698,0.00307172781222442,0.0971365623871517,0.0952492200651939,0.942,0.00739161687318817,0.37337008176662,0.00992273926512389,-0.0508320472024857,-0.0419421632332763,-0.4,0.2,0.3,0.4,250,0.2,"main",0.0100874625792244,-0.0491902441907718,-0.0391027816115474
43,"sensitivity",1000,0,0.00825110190781062,0.00322504664390175,0.101984929550115,NA,0.992,0.00281709069786544,0.540535725427609,0.00992273926512389,-0.0508320472024857,-0.0419421632332763,-0.4,0.2,0.3,0.4,250,0.2,"main",0.0100874625792244,-0.0491902441907718,-0.0391027816115474
44,"borrowed",1000,0,-0.000206196956163967,0.00309316109997301,0.097814342457465,0.0936426547389266,0.935,0.0077958322198467,0.36707246141003,-0.0045378397418513,-0.0784325361202774,-0.0805328056198554,-0.6,0.2,0.3,0.4,250,0.2,"main",-0.00507348645832147,-0.0747235461959365,-0.079797032654258
44,"unweighted",1000,0,-0.00658581790473778,0.00332519905250454,0.105152026793482,0.101559281113369,0.94,0.00750999334220744,0.398105066555965,-0.0045378397418513,-0.0784325361202774,-0.0805328056198554,-0.6,0.2,0.3,0.4,250,0.2,"main",-0.00507348645832147,-0.0747235461959365,-0.079797032654258
44,"sensitivity",1000,0,-0.00658581790473778,0.00332519905250454,0.105152026793482,NA,0.996,0.00199599599197994,0.547147044521998,-0.0045378397418513,-0.0784325361202774,-0.0805328056198554,-0.6,0.2,0.3,0.4,250,0.2,"main",-0.00507348645832147,-0.0747235461959365,-0.079797032654258
44,"weighted",1000,0,-0.000161599967545165,0.00304943099851692,0.09643147522835,0.0935733996791915,0.942,0.00739161687318817,0.366800986564374,-0.0045378397418513,-0.0784325361202774,-0.0805328056198554,-0.6,0.2,0.3,0.4,250,0.2,"main",-0.00507348645832147,-0.0747235461959365,-0.079797032654258
45,"sensitivity",1000,0,0.0759537864232386,0.00306560833810228,0.0969430476240676,NA,0.965,0.00581162627841812,0.525170778612746,0.0731270103921253,-0.00222152859855085,0.0716732009654792,0,0.4,0.3,0.4,250,0.2,"main",0.0738973455164683,0,0.0738973455164683
45,"borrowed",1000,0,0.00227438968804814,0.00320370692530084,0.101310108396056,0.100240433600463,0.949,0.00695693898205238,0.392935279303172,0.0731270103921253,-0.00222152859855085,0.0716732009654792,0,0.4,0.3,0.4,250,0.2,"main",0.0738973455164683,0,0.0738973455164683
45,"weighted",1000,0,0.00290327237676375,0.003098885181927,0.0979953538223457,0.100055745281241,0.956,0.00648567652600714,0.392211314395092,0.0731270103921253,-0.00222152859855085,0.0716732009654792,0,0.4,0.3,0.4,250,0.2,"main",0.0738973455164683,0,0.0738973455164683
45,"unweighted",1000,0,0.0759537864232386,0.00306560833810228,0.0969430476240676,0.0961595404474618,0.873,0.0105295299040366,0.376938472093895,0.0731270103921253,-0.00222152859855085,0.0716732009654792,0,0.4,0.3,0.4,250,0.2,"main",0.0738973455164683,0,0.0738973455164683
46,"sensitivity",1000,0,0.0622960061401091,0.00320677466925834,0.101407118977895,NA,0.963,0.00596917079668525,0.529533415831702,0.0609975281213454,-0.0280720819421326,0.0335041259555669,-0.2,0.4,0.3,0.4,250,0.2,"main",0.0619238122778374,-0.0242926925690446,0.0376311197087928
46,"weighted",1000,0,0.00188302886700979,0.00318995357648088,0.100875189318797,0.0979105090897857,0.947,0.00708456067798138,0.383802143047923,0.0609975281213454,-0.0280720819421326,0.0335041259555669,-0.2,0.4,0.3,0.4,250,0.2,"main",0.0619238122778374,-0.0242926925690446,0.0376311197087928
46,"unweighted",1000,0,0.0622960061401091,0.00320677466925834,0.101407118977895,0.0975071928481335,0.892,0.00981509042240569,0.382221172431886,0.0609975281213454,-0.0280720819421326,0.0335041259555669,-0.2,0.4,0.3,0.4,250,0.2,"main",0.0619238122778374,-0.0242926925690446,0.0376311197087928
46,"borrowed",1000,0,0.000259195989292435,0.00326047642380812,0.103105317565141,0.0980765496804078,0.943,0.00733150734842434,0.384453010203105,0.0609975281213454,-0.0280720819421326,0.0335041259555669,-0.2,0.4,0.3,0.4,250,0.2,"main",0.0619238122778374,-0.0242926925690446,0.0376311197087928
47,"weighted",1000,0,-0.0048211468145325,0.00314715700010628,0.0995218427447862,0.0960588028335473,0.943,0.00733150734842434,0.376543587903573,0.0484188767463527,-0.0493419968534408,-0.00599439915184363,-0.4,0.4,0.3,0.4,250,0.2,"main",0.0491902441907718,-0.0491902441907718,0
47,"unweighted",1000,0,0.0435162584817801,0.00328236281331516,0.10379742597114,0.0990029027901313,0.911,0.00900438781928011,0.388084247667154,0.0484188767463527,-0.0493419968534408,-0.00599439915184363,-0.4,0.4,0.3,0.4,250,0.2,"main",0.0491902441907718,-0.0491902441907718,0
47,"borrowed",1000,0,-0.00612227899276125,0.00319912201065317,0.101165120664415,0.0961498028675548,0.932,0.00796090447122687,0.376900301482067,0.0484188767463527,-0.0493419968534408,-0.00599439915184363,-0.4,0.4,0.3,0.4,250,0.2,"main",0.0491902441907718,-0.0491902441907718,0
47,"sensitivity",1000,0,0.0435162584817801,0.00328236281331516,0.10379742597114,NA,0.981,0.00431729081716764,0.536805418089964,0.0484188767463527,-0.0493419968534408,-0.00599439915184363,-0.4,0.4,0.3,0.4,250,0.2,"main",0.0491902441907718,-0.0491902441907718,0
48,"unweighted",1000,0,0.0352333364077372,0.0032218264616691,0.101883098446755,0.100414016911706,0.919,0.00862780389206894,0.393615713379878,0.0354349588209611,-0.0766970509043728,-0.0401902218319376,-0.6,0.4,0.3,0.4,250,0.2,"main",0.0356207645843892,-0.0747235461959365,-0.0391027816115474
48,"borrowed",1000,0,0.000140828780022136,0.00303009226077155,0.0958199306448698,0.094380677690124,0.948,0.00702111102319284,0.369965458218252,0.0354349588209611,-0.0766970509043728,-0.0401902218319376,-0.6,0.4,0.3,0.4,250,0.2,"main",0.0356207645843892,-0.0747235461959365,-0.0391027816115474
48,"sensitivity",1000,0,0.0352333364077372,0.0032218264616691,0.101883098446755,NA,0.988,0.00344325427466518,0.542471811014467,0.0354349588209611,-0.0766970509043728,-0.0401902218319376,-0.6,0.4,0.3,0.4,250,0.2,"main",0.0356207645843892,-0.0747235461959365,-0.0391027816115474
48,"weighted",1000,0,0.000354140989350561,0.00295656099546487,0.0934946678688374,0.0943403413260005,0.953,0.00669260786241059,0.369807342576353,0.0354349588209611,-0.0766970509043728,-0.0401902218319376,-0.6,0.4,0.3,0.4,250,0.2,"main",0.0356207645843892,-0.0747235461959365,-0.0391027816115474
49,"borrowed",1000,0,-0.00325643735132376,0.0034611095000323,0.109449892513487,0.0978931358757939,0.92,0.00857904423581089,0.383734041300484,9.96216266875779e-05,-0.00354023399116599,-0.00450642286237936,0,0,0.6,0.4,250,0.2,"main",0,0,0
49,"weighted",1000,0,-0.00245881365803275,0.00319797274536058,0.101128777704811,0.0980043906066374,0.936,0.0077397674383666,0.38417015183161,9.96216266875779e-05,-0.00354023399116599,-0.00450642286237936,0,0,0.6,0.4,250,0.2,"main",0,0,0
49,"unweighted",1000,0,-0.00252819244264879,0.00330665752477554,0.104565692204254,0.0979211005033667,0.92,0.00857904423581089,0.383843660626251,9.96216266875779e-05,-0.00354023399116599,-0.00450642286237936,0,0,0.6,0.4,250,0.2,"main",0,0,0
49,"sensitivity",1000,0,-0.00252819244264879,0.00330665752477554,0.104565692204254,NA,0.999,0.000999499874937461,0.700665518119213,9.96216266875779e-05,-0.00354023399116599,-0.00450642286237936,0,0,0.6,0.4,250,0.2,"main",0,0,0
50,"borrowed",1000,0,0.00453855116016021,0.00301081881713641,0.0952104508424506,0.094398804896412,0.945,0.00720936890441875,0.370036515561182,-0.0297136758396796,-0.0516402093145904,-0.0771274531704762,-0.2,0,0.6,0.4,250,0.2,"main",-0.0306067884634864,-0.0491902441907718,-0.0797970326542581
50,"sensitivity",1000,0,-0.0255366200074414,0.00316879834181784,0.100206202059092,NA,0.999,0.000999499874937461,0.713966895835084,-0.0297136758396796,-0.0516402093145904,-0.0771274531704762,-0.2,0,0.6,0.4,250,0.2,"main",-0.0306067884634864,-0.0491902441907718,-0.0797970326542581
50,"weighted",1000,0,0.00462167994599954,0.00287963883686624,0.0910621756317537,0.0943704296153035,0.958,0.00634318531969546,0.369925286503134,-0.0297136758396796,-0.0516402093145904,-0.0771274531704762,-0.2,0,0.6,0.4,250,0.2,"main",-0.0306067884634864,-0.0491902441907718,-0.0797970326542581
50,"unweighted",1000,0,-0.0255366200074414,0.00316879834181784,0.100206202059092,0.101081327876313,0.941,0.00745110730026082,0.396231524294117,-0.0297136758396796,-0.0516402093145904,-0.0771274531704762,-0.2,0,0.6,0.4,250,0.2,"main",-0.0306067884634864,-0.0491902441907718,-0.0797970326542581
51,"sensitivity",1000,0,-0.0645508388774836,0.00340289436007522,0.107608968147788,NA,1,0,0.727094486424643,-0.0642845678826888,-0.102608823487805,-0.167755476570443,-0.4,0,0.6,0.4,250,0.2,"main",-0.065592225642522,-0.100925918589961,-0.166518144232483
51,"unweighted",1000,0,-0.0645508388774836,0.00340289436007522,0.107608968147788,0.104743946892862,0.903,0.00935900635751467,0.410588727017172,-0.0642845678826888,-0.102608823487805,-0.167755476570443,-0.4,0,0.6,0.4,250,0.2,"main",-0.065592225642522,-0.100925918589961,-0.166518144232483
51,"weighted",1000,0,-9.16879015056833e-06,0.00290834955165116,0.0919700881514719,0.0923946209264964,0.955,0.00655553201502365,0.362180258762327,-0.0642845678826888,-0.102608823487805,-0.167755476570443,-0.4,0,0.6,0.4,250,0.2,"main",-0.065592225642522,-0.100925918589961,-0.166518144232483
51,"borrowed",1000,0,0.00153178118763472,0.00307362253862036,0.0971964788966917,0.0923887198469167,0.936,0.0077397674383666,0.362157126955435,-0.0642845678826888,-0.102608823487805,-0.167755476570443,-0.4,0,0.6,0.4,250,0.2,"main",-0.065592225642522,-0.100925918589961,-0.166518144232483
52,"unweighted",1000,0,-0.105982845159854,0.0037635926588556,0.119015249870728,0.108849976509499,0.822,0.0120961150788177,0.426684067353299,-0.105419763478448,-0.156123288570395,-0.263218506041968,-0.6,0,0.6,0.4,250,0.2,"main",-0.105995213881445,-0.155484902840395,-0.26148011672184
52,"borrowed",1000,0,-0.000565688291284639,0.00305383080963266,0.0965706094723528,0.0928243321926493,0.935,0.0077958322198467,0.363864695973149,-0.105419763478448,-0.156123288570395,-0.263218506041968,-0.6,0,0.6,0.4,250,0.2,"main",-0.105995213881445,-0.155484902840395,-0.26148011672184
52,"sensitivity",1000,0,-0.105982845159854,0.0037635926588556,0.119015249870728,NA,0.999,0.000999499874937461,0.74137325357856,-0.105419763478448,-0.156123288570395,-0.263218506041968,-0.6,0,0.6,0.4,250,0.2,"main",-0.105995213881445,-0.155484902840395,-0.26148011672184
52,"weighted",1000,0,-0.000573322863007848,0.00294712241100964,0.0931961936211736,0.0928732180557508,0.952,0.00675988165576884,0.364056325035213,-0.105419763478448,-0.156123288570395,-0.263218506041968,-0.6,0,0.6,0.4,250,0.2,"main",-0.105995213881445,-0.155484902840395,-0.26148011672184
53,"unweighted",1000,0,0.0709271810882089,0.00326675389851369,0.103303828745378,0.0962274897858867,0.854,0.0111661989951818,0.377204828606067,0.0730713011703402,-0.000966873761760745,0.0701373500826327,0,0.2,0.6,0.4,250,0.2,"main",0.0738973455164683,0,0.0738973455164683
53,"borrowed",1000,0,-0.00294899764552424,0.00344693585921254,0.109001682636211,0.100357084900888,0.942,0.00739161687318817,0.393392543998338,0.0730713011703402,-0.000966873761760745,0.0701373500826327,0,0.2,0.6,0.4,250,0.2,"main",0.0738973455164683,0,0.0738973455164683
53,"weighted",1000,0,-0.00161700275431187,0.00317737916521708,0.100477551520504,0.100141480665,0.962,0.00604615580348373,0.392547390923828,0.0730713011703402,-0.000966873761760745,0.0701373500826327,0,0.2,0.6,0.4,250,0.2,"main",0.0738973455164683,0,0.0738973455164683
53,"sensitivity",1000,0,0.0709271810882089,0.00326675389851369,0.103303828745378,NA,0.988,0.00344325427466518,0.693260418691586,0.0730713011703402,-0.000966873761760745,0.0701373500826327,0,0.2,0.6,0.4,250,0.2,"main",0.0738973455164683,0,0.0738973455164683
54,"weighted",1000,0,-0.00389990651638118,0.00303024387845974,0.0958247252171521,0.0961422582964714,0.955,0.00655553201502365,0.376870727306862,0.0496918607954042,-0.0515771231770403,-0.00475722749071684,-0.2,0.2,0.6,0.4,250,0.2,"main",0.0491902441907718,-0.0491902441907718,0
54,"borrowed",1000,0,-0.00345636697334456,0.0032907426568254,0.104062419890421,0.0962320285066976,0.932,0.00796090447122687,0.377222620064718,0.0496918607954042,-0.0515771231770403,-0.00475722749071684,-0.2,0.2,0.6,0.4,250,0.2,"main",0.0491902441907718,-0.0491902441907718,0
54,"sensitivity",1000,0,0.0449091856199003,0.00324298812267549,0.102552288925281,NA,0.996,0.00199599599197994,0.704221236700569,0.0496918607954042,-0.0515771231770403,-0.00475722749071684,-0.2,0.2,0.6,0.4,250,0.2,"main",0.0491902441907718,-0.0491902441907718,0
54,"unweighted",1000,0,0.0449091856199003,0.00324298812267549,0.102552288925281,0.0990230030221422,0.917,0.00872416185085994,0.388163039128799,0.0496918607954042,-0.0515771231770403,-0.00475722749071684,-0.2,0.2,0.6,0.4,250,0.2,"main",0.0491902441907718,-0.0491902441907718,0
55,"sensitivity",1000,0,0.0172222303629212,0.00337851752976398,0.106838105088599,NA,0.997,0.00172945077987204,0.715063945316694,0.0206988565842602,-0.101063544534109,-0.0848328847793638,-0.4,0.2,0.6,0.4,250,0.2,"main",0.0211288859357025,-0.100925918589961,-0.0797970326542581
55,"weighted",1000,0,-0.00324422441888522,0.00298308994473348,0.094333586905036,0.093310543892044,0.947,0.00708456067798138,0.3657706108125,0.0206988565842602,-0.101063544534109,-0.0848328847793638,-0.4,0.2,0.6,0.4,250,0.2,"main",0.0211288859357025,-0.100925918589961,-0.0797970326542581
55,"unweighted",1000,0,0.0172222303629212,0.00337851752976398,0.106838105088599,0.102481756369289,0.934,0.00785136930732467,0.40172110311243,0.0206988565842602,-0.101063544534109,-0.0848328847793638,-0.4,0.2,0.6,0.4,250,0.2,"main",0.0211288859357025,-0.100925918589961,-0.0797970326542581
55,"borrowed",1000,0,-0.00320631845548373,0.00319047764339679,0.100891761769803,0.0933438302540827,0.935,0.0077958322198467,0.365901090954045,0.0206988565842602,-0.101063544534109,-0.0848328847793638,-0.4,0.2,0.6,0.4,250,0.2,"main",0.0211288859357025,-0.100925918589961,-0.0797970326542581
56,"unweighted",1000,0,-0.0156349557567504,0.0035386474287119,0.111901857110279,0.105941253755824,0.928,0.00817410545564467,0.415282083676866,-0.0120990783994388,-0.155001947918252,-0.168192604675516,-0.6,0.2,0.6,0.4,250,0.2,"main",-0.0110332413920876,-0.155484902840395,-0.166518144232483
56,"sensitivity",1000,0,-0.0156349557567504,0.0035386474287119,0.111901857110279,NA,0.998,0.00141279864099595,0.736949043656607,-0.0120990783994388,-0.155001947918252,-0.168192604675516,-0.6,0.2,0.6,0.4,250,0.2,"main",-0.0110332413920876,-0.155484902840395,-0.166518144232483
56,"weighted",1000,0,-0.00184078992192564,0.00295509491575468,0.0934483063576819,0.0921002058669156,0.948,0.00702111102319284,0.361026172935758,-0.0120990783994388,-0.155001947918252,-0.168192604675516,-0.6,0.2,0.6,0.4,250,0.2,"main",-0.0110332413920876,-0.155484902840395,-0.166518144232483
56,"borrowed",1000,0,-0.00357400398938341,0.00311918946380754,0.0986374315923118,0.0920839210239893,0.931,0.00801492358042171,0.360962337524499,-0.0120990783994388,-0.155001947918252,-0.168192604675516,-0.6,0.2,0.6,0.4,250,0.2,"main",-0.0110332413920876,-0.155484902840395,-0.166518144232483
57,"borrowed",1000,0,-0.00926175584765422,0.003441332002033,0.108824473112515,0.10274270588291,0.929,0.00812151463706124,0.40274400640939,0.140240147206111,-0.000113961128763662,0.137341067602998,0,0.4,0.6,0.4,250,0.2,"main",0.142707638025705,0,0.142707638025705
57,"unweighted",1000,0,0.134781104270229,0.00313748769867494,0.0992160725857285,0.0945839916269743,0.695,0.0145593612497252,0.370762434205815,0.140240147206111,-0.000113961128763662,0.137341067602998,0,0.4,0.6,0.4,250,0.2,"main",0.142707638025705,0,0.142707638025705
57,"sensitivity",1000,0,0.134781104270229,0.00313748769867494,0.0992160725857285,NA,0.945,0.00720936890441875,0.686356814888285,0.140240147206111,-0.000113961128763662,0.137341067602998,0,0.4,0.6,0.4,250,0.2,"main",0.142707638025705,0,0.142707638025705
57,"weighted",1000,0,-0.00630297367249301,0.00314144930644323,0.0993413496231688,0.10250022878252,0.952,0.00675988165576884,0.40179351364171,0.140240147206111,-0.000113961128763662,0.137341067602998,0,0.4,0.6,0.4,250,0.2,"main",0.142707638025705,0,0.142707638025705
58,"weighted",1000,0,-0.00750269360911213,0.00324069876594534,0.102479893108842,0.098290662142521,0.938,0.00762600813007697,0.385292315631871,0.121050681047003,-0.0485339422295646,0.0673861416210657,-0.2,0.4,0.6,0.4,250,0.2,"main",0.12308758970724,-0.0491902441907718,0.0738973455164683
58,"borrowed",1000,0,-0.0110398615082048,0.00339480566800798,0.107353181245546,0.0984656464644303,0.926,0.00827792244467173,0.385978241569474,0.121050681047003,-0.0485339422295646,0.0673861416210657,-0.2,0.4,0.6,0.4,250,0.2,"main",0.12308758970724,-0.0491902441907718,0.0738973455164683
58,"unweighted",1000,0,0.113673317849171,0.00325958711899799,0.103077195277799,0.0972557087624064,0.766,0.0133882037630147,0.381235372930466,0.121050681047003,-0.0485339422295646,0.0673861416210657,-0.2,0.4,0.6,0.4,250,0.2,"main",0.12308758970724,-0.0491902441907718,0.0738973455164683
58,"sensitivity",1000,0,0.113673317849171,0.00325958711899799,0.103077195277799,NA,0.963,0.00596917079668525,0.698072020580931,0.121050681047003,-0.0485339422295646,0.0673861416210657,-0.2,0.4,0.6,0.4,250,0.2,"main",0.12308758970724,-0.0491902441907718,0.0738973455164683
59,"weighted",1000,0,0.00211639355134765,0.0029594913888882,0.0935873350454184,0.0949176670389069,0.95,0.00689202437604511,0.372070417785644,0.0983596013136805,-0.103107224183908,-0.0034939308458258,-0.4,0.4,0.6,0.4,250,0.2,"main",0.100925918589961,-0.100925918589961,0
59,"sensitivity",1000,0,0.100753128750406,0.00327377492880779,0.103525853217882,NA,0.981,0.00431729081716764,0.708988430174795,0.0983596013136805,-0.103107224183908,-0.0034939308458258,-0.4,0.4,0.6,0.4,250,0.2,"main",0.100925918589961,-0.100925918589961,0
59,"borrowed",1000,0,-0.00112757830639198,0.00318409403397853,0.100689894315257,0.0950377917242493,0.926,0.00827792244467173,0.372541297899495,0.0983596013136805,-0.103107224183908,-0.0034939308458258,-0.4,0.4,0.6,0.4,250,0.2,"main",0.100925918589961,-0.100925918589961,0
59,"unweighted",1000,0,0.100753128750406,0.00327377492880779,0.103525853217882,0.100224573280154,0.819,0.0121753439376471,0.392873107989995,0.0983596013136805,-0.103107224183908,-0.0034939308458258,-0.4,0.4,0.6,0.4,250,0.2,"main",0.100925918589961,-0.100925918589961,0
60,"sensitivity",1000,0,0.0783368592063626,0.00335922730662472,0.106228094671669,NA,0.992,0.00281709069786544,0.716415378825468,0.0772512995651602,-0.156458076334578,-0.0804756060048492,-0.6,0.4,0.6,0.4,250,0.2,"main",0.0756878701861371,-0.155484902840395,-0.079797032654258
60,"unweighted",1000,0,0.0783368592063626,0.00335922730662472,0.106228094671669,0.103496878834989,0.864,0.0108399261990108,0.40570031005777,0.0772512995651602,-0.156458076334578,-0.0804756060048492,-0.6,0.4,0.6,0.4,250,0.2,"main",0.0756878701861371,-0.155484902840395,-0.079797032654258
60,"weighted",1000,0,0.00139148814384021,0.00293600736975069,0.0928447051545233,0.0928962137796876,0.945,0.00720936890441875,0.364146466616642,0.0772512995651602,-0.156458076334578,-0.0804756060048492,-0.6,0.4,0.6,0.4,250,0.2,"main",0.0756878701861371,-0.155484902840395,-0.079797032654258
60,"borrowed",1000,0,0.00193240250653128,0.00311172440378012,0.0984013656667463,0.0928546980855427,0.93,0.00806845710157772,0.363983728086008,0.0772512995651602,-0.156458076334578,-0.0804756060048492,-0.6,0.4,0.6,0.4,250,0.2,"main",0.0756878701861371,-0.155484902840395,-0.079797032654258
61,"unweighted",1000,0,-0.000123777293167921,0.00357164254964791,0.112945254448584,0.0983291449206875,0.906,0.00922843432007835,0.385443165350334,-0.000705549615508469,-0.000875087815168929,-0.00330402331600874,0,0,1,0.4,250,0.2,"main",0,0,0
61,"borrowed",1000,0,0.000408298823381931,0.00376661731590251,0.119110897924819,0.0985088389808551,0.9,0.00948683298050514,0.386147553122663,-0.000705549615508469,-0.000875087815168929,-0.00330402331600874,0,0,1,0.4,250,0.2,"main",0,0,0
61,"weighted",1000,0,0.000930939421458105,0.00316238928998269,0.10000353004468,0.098312658299538,0.939,0.00756828910652864,0.385378538982975,-0.000705549615508469,-0.000875087815168929,-0.00330402331600874,0,0,1,0.4,250,0.2,"main",0,0,0
61,"sensitivity",1000,0,-0.000123777293167921,0.00357164254964791,0.112945254448584,NA,1,0,0.962482868938156,-0.000705549615508469,-0.000875087815168929,-0.00330402331600874,0,0,1,0.4,250,0.2,"main",0,0,0
62,"borrowed",1000,0,0.00107621398838744,0.00345044448829762,0.109112635229947,0.0931111596834774,0.904,0.00931579304192617,0.364989039076747,-0.054156282938191,-0.0869948845038763,-0.137590635715576,-0.2,0,1,0.4,250,0.2,"main",-0.0533860091391142,-0.0833816089390511,-0.136767618078165
62,"unweighted",1000,0,-0.0514397572693626,0.00354685455670482,0.112161389285341,0.103828707968916,0.891,0.00985489725973843,0.407001056360806,-0.054156282938191,-0.0869948845038763,-0.137590635715576,-0.2,0,1,0.4,250,0.2,"main",-0.0533860091391142,-0.0833816089390511,-0.136767618078165
62,"weighted",1000,0,0.00312566672292079,0.00298930162167728,0.0945300173773517,0.093222026053748,0.943,0.00733150734842434,0.365423627262401,-0.054156282938191,-0.0869948845038763,-0.137590635715576,-0.2,0,1,0.4,250,0.2,"main",-0.0533860091391142,-0.0833816089390511,-0.136767618078165
62,"sensitivity",1000,0,-0.0514397572693626,0.00354685455670482,0.112161389285341,NA,1,0,0.988627669579958,-0.054156282938191,-0.0869948845038763,-0.137590635715576,-0.2,0,1,0.4,250,0.2,"main",-0.0533860091391142,-0.0833816089390511,-0.136767618078165
63,"weighted",1000,0,-0.00574880946299877,0.00307851345675852,0.0973511433083519,0.0941342769894137,0.95,0.00689202437604511,0.368999585219937,-0.12119791447454,-0.174501313549613,-0.301792054637847,-0.4,0,1,0.4,250,0.2,"main",-0.120896234327316,-0.174353387144778,-0.295249621472094
63,"borrowed",1000,0,-0.00683541012534905,0.0034705545989411,0.109748572766261,0.0940449644657575,0.914,0.00886588969026797,0.368649486560468,-0.12119791447454,-0.174501313549613,-0.301792054637847,-0.4,0,1,0.4,250,0.2,"main",-0.120896234327316,-0.174353387144778,-0.295249621472094
63,"sensitivity",1000,0,-0.126197956691838,0.00382193916247195,0.120860328320077,NA,1,0,1.00796097071684,-0.12119791447454,-0.174501313549613,-0.301792054637847,-0.4,0,1,0.4,250,0.2,"main",-0.120896234327316,-0.174353387144778,-0.295249621472094
63,"unweighted",1000,0,-0.126197956691838,0.00382193916247195,0.120860328320077,0.110604934123915,0.777,0.0131632442809514,0.433563374790598,-0.12119791447454,-0.174501313549613,-0.301792054637847,-0.4,0,1,0.4,250,0.2,"main",-0.120896234327316,-0.174353387144778,-0.295249621472094
64,"sensitivity",1000,0,-0.212041195002629,0.00401018450711273,0.126813168799959,NA,1,0,1.05822056889584,-0.206163549453327,-0.276871641056676,-0.486778096225782,-0.6,0,1,0.4,250,0.2,"main",-0.209229876933578,-0.27443684570176,-0.483666722635338
64,"borrowed",1000,0,-0.00068477386705198,0.00345151849747969,0.109146598382379,0.107570092698982,0.945,0.00720936890441875,0.421667015007279,-0.206163549453327,-0.276871641056676,-0.486778096225782,-0.6,0,1,0.4,250,0.2,"main",-0.209229876933578,-0.27443684570176,-0.483666722635338
64,"unweighted",1000,0,-0.212041195002629,0.00401018450711273,0.126813168799959,0.119012715470746,0.559,0.0157009235397157,0.466521272049951,-0.206163549453327,-0.276871641056676,-0.486778096225782,-0.6,0,1,0.4,250,0.2,"main",-0.209229876933578,-0.27443684570176,-0.483666722635338
64,"weighted",1000,0,-0.00127851369390991,0.00341096528980756,0.107864193355682,0.10788380621095,0.953,0.00669260786241059,0.422896749377121,-0.206163549453327,-0.276871641056676,-0.486778096225782,-0.6,0,1,0.4,250,0.2,"main",-0.209229876933578,-0.27443684570176,-0.483666722635338
65,"unweighted",1000,0,0.116853727666289,0.00346463378015911,0.109561340036619,0.0954305028341431,0.749,0.0137112727345057,0.374080697162936,0.119545152563593,-0.00284859361608941,0.115391786856172,0,0.2,1,0.4,250,0.2,"main",0.12029287910071,0,0.12029287910071
65,"sensitivity",1000,0,0.116853727666289,0.00346463378015911,0.109561340036619,NA,0.992,0.00281709069786544,0.951362708955693,0.119545152563593,-0.00284859361608941,0.115391786856172,0,0.2,1,0.4,250,0.2,"main",0.12029287910071,0,0.12029287910071
65,"borrowed",1000,0,-0.00285058207116002,0.00381048333072643,0.120498063112002,0.10254333485562,0.898,0.00957057991973318,0.40196248634329,0.119545152563593,-0.00284859361608941,0.115391786856172,0,0.2,1,0.4,250,0.2,"main",0.12029287910071,0,0.12029287910071
65,"weighted",1000,0,-0.0028406320565651,0.00333435975847772,0.105441713751985,0.102584348224549,0.944,0.00727076337120113,0.402123255795263,0.119545152563593,-0.00284859361608941,0.115391786856172,0,0.2,1,0.4,250,0.2,"main",0.12029287910071,0,0.12029287910071
66,"borrowed",1000,0,-0.00160544992612821,0.00349427414342634,0.110498650622611,0.0958048120574145,0.906,0.00922843432007835,0.375547962356322,0.0813385965146598,-0.0878780013363389,-0.0033435218227146,-0.2,0.2,1,0.4,250,0.2,"main",0.0833816089390511,-0.0833816089390511,0
66,"unweighted",1000,0,0.082578446300653,0.00345076796296549,0.109122864397105,0.100150817235858,0.842,0.0115341232870123,0.392583989609069,0.0813385965146598,-0.0878780013363389,-0.0033435218227146,-0.2,0.2,1,0.4,250,0.2,"main",0.0833816089390511,-0.0833816089390511,0
66,"weighted",1000,0,0.00179855422384289,0.00301445778883075,0.0953255252314006,0.0957271625627731,0.95,0.00689202437604511,0.375243581930492,0.0813385965146598,-0.0878780013363389,-0.0033435218227146,-0.2,0.2,1,0.4,250,0.2,"main",0.0833816089390511,-0.0833816089390511,0
66,"sensitivity",1000,0,0.082578446300653,0.00345076796296549,0.109122864397105,NA,0.998,0.00141279864099595,0.974889852271843,0.0813385965146598,-0.0878780013363389,-0.0033435218227146,-0.2,0.2,1,0.4,250,0.2,"main",0.0833816089390511,-0.0833816089390511,0
67,"unweighted",1000,0,0.0333528892225055,0.00360619827272327,0.114038002359706,0.105849882070492,0.926,0.00827792244467173,0.414923913251953,0.0374785989282632,-0.176022614904678,-0.138571443815489,-0.4,0.2,1,0.4,250,0.2,"main",0.0375857690666125,-0.174353387144778,-0.136767618078165
67,"weighted",1000,0,-0.00105236320939329,0.00289179364934369,0.0914465445513634,0.0927228617390472,0.954,0.00662449998113065,0.363466939104039,0.0374785989282632,-0.176022614904678,-0.138571443815489,-0.4,0.2,1,0.4,250,0.2,"main",0.0375857690666125,-0.174353387144778,-0.136767618078165
67,"sensitivity",1000,0,0.0333528892225055,0.00360619827272327,0.114038002359706,NA,1,0,1.00227693758052,0.0374785989282632,-0.176022614904678,-0.138571443815489,-0.4,0.2,1,0.4,250,0.2,"main",0.0375857690666125,-0.174353387144778,-0.136767618078165
67,"borrowed",1000,0,-0.00188900480802285,0.00339860523031695,0.107473333955627,0.0927113770239321,0.908,0.00913980306133562,0.363421919848042,0.0374785989282632,-0.176022614904678,-0.138571443815489,-0.4,0.2,1,0.4,250,0.2,"main",0.0375857690666125,-0.174353387144778,-0.136767618078165
68,"weighted",1000,0,0.00407235394395365,0.00306467530675079,0.0969135425820768,0.097385994553448,0.955,0.00655553201502365,0.381746083846744,-0.0209116357930304,-0.273491607314031,-0.29125916732907,-0.6,0.2,1,0.4,250,0.2,"main",-0.0208127757703333,-0.27443684570176,-0.295249621472094
68,"sensitivity",1000,0,-0.0205126718721813,0.00396073056117467,0.125249297715488,NA,1,0,1.03537680214355,-0.0209116357930304,-0.273491607314031,-0.29125916732907,-0.6,0.2,1,0.4,250,0.2,"main",-0.0208127757703333,-0.27443684570176,-0.295249621472094
68,"borrowed",1000,0,0.0033312192826398,0.00335597724632476,0.106125318740862,0.0973001370305284,0.931,0.00801492358042171,0.381409528541295,-0.0209116357930304,-0.273491607314031,-0.29125916732907,-0.6,0.2,1,0.4,250,0.2,"main",-0.0208127757703333,-0.27443684570176,-0.295249621472094
68,"unweighted",1000,0,-0.0205126718721813,0.00396073056117467,0.125249297715488,0.112757633474451,0.925,0.00832916562447884,0.442001801183785,-0.0209116357930304,-0.273491607314031,-0.29125916732907,-0.6,0.2,1,0.4,250,0.2,"main",-0.0208127757703333,-0.27443684570176,-0.295249621472094
69,"sensitivity",1000,0,0.22570659960691,0.00367326299963242,0.116158775236607,NA,0.893,0.00977501918156686,0.947438139731034,0.226269127214822,-0.00257078742696065,0.223108287431051,0,0.4,1,0.4,250,0.2,"main",0.227656743850562,0,0.227656743850562
69,"borrowed",1000,0,-0.0007800885330641,0.0040999157173583,0.129650718815754,0.106892217095598,0.895,0.00969407035254026,0.419009791470019,0.226269127214822,-0.00257078742696065,0.223108287431051,0,0.4,1,0.4,250,0.2,"main",0.227656743850562,0,0.227656743850562
69,"weighted",1000,0,-0.00144530283495781,0.00351669150072148,0.111207549704355,0.106801616063762,0.937,0.00768316341099159,0.418654641951295,0.226269127214822,-0.00257078742696065,0.223108287431051,0,0.4,1,0.4,250,0.2,"main",0.227656743850562,0,0.227656743850562
69,"unweighted",1000,0,0.22570659960691,0.00367326299963242,0.116158775236607,0.0930474835968339,0.359,0.0151696736945789,0.364739433403752,0.226269127214822,-0.00257078742696065,0.223108287431051,0,0.4,1,0.4,250,0.2,"main",0.227656743850562,0,0.227656743850562
70,"borrowed",1000,0,-0.00109092843119581,0.00361475533708688,0.114308600494442,0.0997612348912275,0.913,0.00891240708226459,0.391056854880093,0.199659586113522,-0.0854122219570493,0.116228932504858,-0.2,0.4,1,0.4,250,0.2,"main",0.203674488039761,-0.0833816089390511,0.12029287910071
70,"unweighted",1000,0,0.202903939513522,0.0034060572342464,0.107708987011123,0.0972990711499146,0.448,0.0157256478403912,0.381405350366065,0.199659586113522,-0.0854122219570493,0.116228932504858,-0.2,0.4,1,0.4,250,0.2,"main",0.203674488039761,-0.0833816089390511,0.12029287910071
70,"sensitivity",1000,0,0.202903939513522,0.0034060572342464,0.107708987011123,NA,0.944,0.00727076337120113,0.963001295647962,0.199659586113522,-0.0854122219570493,0.116228932504858,-0.2,0.4,1,0.4,250,0.2,"main",0.203674488039761,-0.0833816089390511,0.12029287910071
70,"weighted",1000,0,0.00314766316981876,0.00311760735053437,0.0985874007777157,0.0996715114527802,0.954,0.00662449998113065,0.390705145464241,0.199659586113522,-0.0854122219570493,0.116228932504858,-0.2,0.4,1,0.4,250,0.2,"main",0.203674488039761,-0.0833816089390511,0.12029287910071
71,"unweighted",1000,0,0.176610255487729,0.00358426300919869,0.113344348421569,0.102300164955308,0.586,0.0155757503832079,0.40100927784982,0.171870625523538,-0.179040024321629,-0.00268803319064125,-0.4,0.4,1,0.4,250,0.2,"main",0.174353387144778,-0.174353387144778,0
71,"weighted",1000,0,0.00501305397054212,0.00298987068414824,0.0945480127127434,0.0953424930175209,0.956,0.00648567652600714,0.373735705021205,0.171870625523538,-0.179040024321629,-0.00268803319064125,-0.4,0.4,1,0.4,250,0.2,"main",0.174353387144778,-0.174353387144778,0
71,"borrowed",1000,0,0.00260355651111076,0.00350757610758835,0.11091929566367,0.0953311461010639,0.903,0.00935900635751467,0.373691225926022,0.171870625523538,-0.179040024321629,-0.00268803319064125,-0.4,0.4,1,0.4,250,0.2,"main",0.174353387144778,-0.174353387144778,0
71,"sensitivity",1000,0,0.176610255487729,0.00358426300919869,0.113344348421569,NA,0.974,0.00503229569878401,0.983768352167024,0.171870625523538,-0.179040024321629,-0.00268803319064125,-0.4,0.4,1,0.4,250,0.2,"main",0.174353387144778,-0.174353387144778,0
72,"weighted",1000,0,0.000328178759253202,0.00303736546738359,0.0960499296327403,0.0960406592598989,0.946,0.00714730718522718,0.37647246640177,0.138448968562765,-0.274291799082946,-0.136751206121767,-0.6,0.4,1,0.4,250,0.2,"main",0.137669227623595,-0.27443684570176,-0.136767618078165
72,"sensitivity",1000,0,0.138070174958729,0.00365777743294446,0.115669078620683,NA,0.991,0.00298646948753876,1.0029685491056,0.138448968562765,-0.274291799082946,-0.136751206121767,-0.6,0.4,1,0.4,250,0.2,"main",0.137669227623595,-0.27443684570176,-0.136767618078165
72,"borrowed",1000,0,-0.000599442221221128,0.0033749142820989,0.106724160392646,0.0959771503335943,0.926,0.00827792244467173,0.376223515985262,0.138448968562765,-0.274291799082946,-0.136751206121767,-0.6,0.4,1,0.4,250,0.2,"main",0.137669227623595,-0.27443684570176,-0.136767618078165
72,"unweighted",1000,0,0.138070174958729,0.00365777743294446,0.115669078620683,0.107886459294902,0.738,0.0139052508067996,0.42290714927511,0.138448968562765,-0.274291799082946,-0.136751206121767,-0.6,0.4,1,0.4,250,0.2,"main",0.137669227623595,-0.27443684570176,-0.136767618078165
73,"sensitivity",1000,0,0.00257853761522588,0.00292734874890344,0.0925708955217919,NA,0.999,0.000999499874937461,0.609325066529188,-3.68504859284326e-05,-0.00419360267465707,-0.00158425016890662,0,0,0.3,0.8,250,0.2,"main",0,0,0
73,"weighted",1000,0,0.00319480886445379,0.00282076071118197,0.0892002858165142,0.0839633447593844,0.942,0.00739161687318817,0.329130263499826,-3.68504859284326e-05,-0.00419360267465707,-0.00158425016890662,0,0,0.3,0.8,250,0.2,"main",0,0,0
73,"unweighted",1000,0,0.00257853761522588,0.00292734874890344,0.0925708955217919,0.0840899774293453,0.927,0.00822623850857729,0.329626654444605,-3.68504859284326e-05,-0.00419360267465707,-0.00158425016890662,0,0,0.3,0.8,250,0.2,"main",0,0,0
73,"borrowed",1000,0,0.00213026024880414,0.00303252744429198,0.0958969379093203,0.084127529895356,0.922,0.00848033018225116,0.329773857406429,-3.68504859284326e-05,-0.00419360267465707,-0.00158425016890662,0,0,0.3,0.8,250,0.2,"main",0,0,0
74,"unweighted",1000,0,-0.0167127566936585,0.00288777573581154,0.0913194869693312,0.0865509681331765,0.938,0.00762600813007697,0.3392735607362,-0.0197525406980845,-0.0541703303536091,-0.0709561434146653,-0.2,0,0.3,0.8,250,0.2,"main",-0.0205782535184219,-0.0491902441907718,-0.0697684977091937
74,"weighted",1000,0,0.00390385445475296,0.0026907845882803,0.0850900799184418,0.0825496363961233,0.948,0.00702111102319284,0.323588628546557,-0.0197525406980845,-0.0541703303536091,-0.0709561434146653,-0.2,0,0.3,0.8,250,0.2,"main",-0.0205782535184219,-0.0491902441907718,-0.0697684977091937
74,"borrowed",1000,0,0.00367947615913341,0.00284144618910286,0.0898544180637054,0.0827345389509418,0.934,0.00785136930732467,0.324313433242744,-0.0197525406980845,-0.0541703303536091,-0.0709561434146653,-0.2,0,0.3,0.8,250,0.2,"main",-0.0205782535184219,-0.0491902441907718,-0.0697684977091937
74,"sensitivity",1000,0,-0.0167127566936585,0.00288777573581154,0.0913194869693312,NA,0.999,0.000999499874937461,0.619486633545781,-0.0197525406980845,-0.0541703303536091,-0.0709561434146653,-0.2,0,0.3,0.8,250,0.2,"main",-0.0205782535184219,-0.0491902441907718,-0.0697684977091937
75,"borrowed",1000,0,0.00239044060279631,0.00259425997857235,0.0820377037490823,0.0814689842721132,0.946,0.00714730718522718,0.319352550060804,-0.0420696340162474,-0.105607638973315,-0.14562625042576,-0.4,0,0.3,0.8,250,0.2,"main",-0.0438462527915635,-0.100925918589961,-0.144772171381524
75,"unweighted",1000,0,-0.0406040079782899,0.00285509505899228,0.0902860332270839,0.0889934550031774,0.926,0.00827792244467173,0.348847933332027,-0.0420696340162474,-0.105607638973315,-0.14562625042576,-0.4,0,0.3,0.8,250,0.2,"main",-0.0438462527915635,-0.100925918589961,-0.144772171381524
75,"sensitivity",1000,0,-0.0406040079782899,0.00285509505899228,0.0902860332270839,NA,1,0,0.627329373409104,-0.0420696340162474,-0.105607638973315,-0.14562625042576,-0.4,0,0.3,0.8,250,0.2,"main",-0.0438462527915635,-0.100925918589961,-0.144772171381524
75,"weighted",1000,0,0.00248157498620563,0.00255194411624358,0.0806995586879522,0.0813994372057332,0.946,0.00714730718522718,0.319079930570134,-0.0420696340162474,-0.105607638973315,-0.14562625042576,-0.4,0,0.3,0.8,250,0.2,"main",-0.0438462527915635,-0.100925918589961,-0.144772171381524
76,"sensitivity",1000,0,-0.0766876482010484,0.00294292769033488,0.0930635449063692,NA,1,0,0.639733708559808,-0.070737367388159,-0.153920604117664,-0.228875255840357,-0.6,0,0.3,0.8,250,0.2,"main",-0.0703759763242648,-0.155484902840395,-0.22586087916466
76,"unweighted",1000,0,-0.0766876482010484,0.00294292769033488,0.0930635449063692,0.0918819736365003,0.86,0.0109726933794762,0.360170718311998,-0.070737367388159,-0.153920604117664,-0.228875255840357,-0.6,0,0.3,0.8,250,0.2,"main",-0.0703759763242648,-0.155484902840395,-0.22586087916466
76,"weighted",1000,0,-0.00394570694852647,0.00258632931023852,0.0817869139960595,0.0808850479487884,0.943,0.00733150734842434,0.317063561734841,-0.070737367388159,-0.153920604117664,-0.228875255840357,-0.6,0,0.3,0.8,250,0.2,"main",-0.0703759763242648,-0.155484902840395,-0.22586087916466
76,"borrowed",1000,0,-0.00460311253976994,0.00257571078895633,0.0814511268697128,0.0808937961990903,0.951,0.00682634602111555,0.31709785424588,-0.070737367388159,-0.153920604117664,-0.228875255840357,-0.6,0,0.3,0.8,250,0.2,"main",-0.0703759763242648,-0.155484902840395,-0.22586087916466
77,"sensitivity",1000,0,0.0608406700245193,0.00300427013527842,0.0950033633390197,NA,0.984,0.00396787096564392,0.604668837266568,0.0645236557689477,-0.00149055285582256,0.0602587426856583,0,0.2,0.3,0.8,250,0.2,"main",0.0652167009358879,0,0.0652167009358879
77,"weighted",1000,0,-0.00315513915677826,0.00292259988110415,0.0924207231362642,0.0847316424983893,0.923,0.00843036179532053,0.332141935295533,0.0645236557689477,-0.00149055285582256,0.0602587426856583,0,0.2,0.3,0.8,250,0.2,"main",0.0652167009358879,0,0.0652167009358879
77,"borrowed",1000,0,-0.00378337537230718,0.0031349228843194,0.0991349660343387,0.0848639447753372,0.91,0.00904986187739901,0.332660550691314,0.0645236557689477,-0.00149055285582256,0.0602587426856583,0,0.2,0.3,0.8,250,0.2,"main",0.0652167009358879,0,0.0652167009358879
77,"unweighted",1000,0,0.0608406700245193,0.00300427013527842,0.0950033633390197,0.0827374897538446,0.855,0.0111344061359374,0.324325000177574,0.0645236557689477,-0.00149055285582256,0.0602587426856583,0,0.2,0.3,0.8,250,0.2,"main",0.0652167009358879,0,0.0652167009358879
78,"weighted",1000,0,0.00030760243057026,0.00269003768663016,0.0850664608144159,0.0831563977506706,0.954,0.00662449998113065,0.325967089350804,0.0471558566070938,-0.0515811475588775,-0.00450005286224997,-0.2,0.2,0.3,0.8,250,0.2,"main",0.0491902441907718,-0.0491902441907718,0
78,"borrowed",1000,0,-0.0024494119501774,0.00283453799392287,0.0896359617508079,0.0833431474151844,0.939,0.00756828910652864,0.326699134583948,0.0471558566070938,-0.0515811475588775,-0.00450005286224997,-0.2,0.2,0.3,0.8,250,0.2,"main",0.0491902441907718,-0.0491902441907718,0
78,"sensitivity",1000,0,0.0468751717250126,0.00281371412580399,0.0889774532213016,NA,0.992,0.00281709069786544,0.612814384482979,0.0471558566070938,-0.0515811475588775,-0.00450005286224997,-0.2,0.2,0.3,0.8,250,0.2,"main",0.0491902441907718,-0.0491902441907718,0
78,"unweighted",1000,0,0.0468751717250126,0.00281371412580399,0.0889774532213016,0.0849960610041103,0.901,0.00944452222190196,0.333178436791651,0.0471558566070938,-0.0515811475588775,-0.00450005286224997,-0.2,0.2,0.3,0.8,250,0.2,"main",0.0491902441907718,-0.0491902441907718,0
79,"borrowed",1000,0,0.00364134826083404,0.00272579734109967,0.0861972803790587,0.0819478130389832,0.933,0.00790638982089803,0.321229524336458,0.0314283896102905,-0.104911372057116,-0.0681836021697841,-0.4,0.2,0.3,0.8,250,0.2,"main",0.0311574208807668,-0.100925918589961,-0.0697684977091937
79,"unweighted",1000,0,0.0360323720822648,0.00286171117427914,0.0904952531627714,0.0873353169275306,0.921,0.00852988862764339,0.342348151512703,0.0314283896102905,-0.104911372057116,-0.0681836021697841,-0.4,0.2,0.3,0.8,250,0.2,"main",0.0311574208807668,-0.100925918589961,-0.0697684977091937
79,"sensitivity",1000,0,0.0360323720822648,0.00286171117427914,0.0904952531627714,NA,0.999,0.000999499874937461,0.621467468274686,0.0314283896102905,-0.104911372057116,-0.0681836021697841,-0.4,0.2,0.3,0.8,250,0.2,"main",0.0311574208807668,-0.100925918589961,-0.0697684977091937
79,"weighted",1000,0,0.00544853996445906,0.00256790700952126,0.0812043496959888,0.0818345684568837,0.947,0.00708456067798138,0.320785613731739,0.0314283896102905,-0.104911372057116,-0.0681836021697841,-0.4,0.2,0.3,0.8,250,0.2,"main",0.0311574208807668,-0.100925918589961,-0.0697684977091937
80,"unweighted",1000,0,0.00857465714434428,0.00290985695592947,0.0920177564602132,0.0902744525608757,0.946,0.00714730718522718,0.353869351486772,0.0116744214121746,-0.1565758723581,-0.144331337483611,-0.6,0.2,0.3,0.8,250,0.2,"main",0.010712731458871,-0.155484902840395,-0.144772171381524
80,"weighted",1000,0,-0.00121637292258728,0.00254415713626043,0.0804533127595433,0.0810212750504501,0.952,0.00675988165576884,0.317597562160792,0.0116744214121746,-0.1565758723581,-0.144331337483611,-0.6,0.2,0.3,0.8,250,0.2,"main",0.010712731458871,-0.155484902840395,-0.144772171381524
80,"borrowed",1000,0,-0.00106914794249063,0.00259813481615176,0.0821602368722239,0.0811225532201344,0.944,0.00727076337120113,0.317994565290794,0.0116744214121746,-0.1565758723581,-0.144331337483611,-0.6,0.2,0.3,0.8,250,0.2,"main",0.010712731458871,-0.155484902840395,-0.144772171381524
80,"sensitivity",1000,0,0.00857465714434428,0.00290985695592947,0.0920177564602132,NA,0.999,0.000999499874937461,0.636563180151552,0.0116744214121746,-0.1565758723581,-0.144331337483611,-0.6,0.2,0.3,0.8,250,0.2,"main",0.010712731458871,-0.155484902840395,-0.144772171381524
81,"weighted",1000,0,-0.00161707563519177,0.00283935919386447,0.0897884214795132,0.0857059358052425,0.939,0.00756828910652864,0.335961094879154,0.12538565998868,-0.00386837510099713,0.122592248823203,0,0.4,0.3,0.8,250,0.2,"main",0.126439334983572,0,0.126439334983572
81,"sensitivity",1000,0,0.124355632197085,0.00297024204394568,0.093927300608623,NA,0.936,0.0077397674383666,0.600454880281262,0.12538565998868,-0.00386837510099713,0.122592248823203,0,0.4,0.3,0.8,250,0.2,"main",0.126439334983572,0,0.126439334983572
81,"borrowed",1000,0,-0.0032935000879503,0.00312751653491791,0.0989007567017812,0.0857896109530369,0.912,0.00895857131466843,0.33628909543131,0.12538565998868,-0.00386837510099713,0.122592248823203,0,0.4,0.3,0.8,250,0.2,"main",0.126439334983572,0,0.126439334983572
81,"unweighted",1000,0,0.124355632197085,0.00297024204394568,0.093927300608623,0.0816021004535556,0.656,0.0150221170279026,0.319874355903577,0.12538565998868,-0.00386837510099713,0.122592248823203,0,0.4,0.3,0.8,250,0.2,"main",0.126439334983572,0,0.126439334983572
82,"sensitivity",1000,0,0.113370878000572,0.00284406418335837,0.0899372063111919,NA,0.965,0.00581162627841812,0.607561953597046,0.115069127394202,-0.0528450094054107,0.0609894548399706,-0.2,0.4,0.3,0.8,250,0.2,"main",0.11440694512666,-0.0491902441907718,0.0652167009358879
82,"weighted",1000,0,-0.00169868862772776,0.0026878189590039,0.0849962984863505,0.0837830139933537,0.941,0.00745110730026082,0.328423379886377,0.115069127394202,-0.0528450094054107,0.0609894548399706,-0.2,0.4,0.3,0.8,250,0.2,"main",0.11440694512666,-0.0491902441907718,0.0652167009358879
82,"unweighted",1000,0,0.113370878000572,0.00284406418335837,0.0899372063111919,0.0834918140895699,0.702,0.0144636095080032,0.327281897238942,0.115069127394202,-0.0528450094054107,0.0609894548399706,-0.2,0.4,0.3,0.8,250,0.2,"main",0.11440694512666,-0.0491902441907718,0.0652167009358879
82,"borrowed",1000,0,-0.00125084441729918,0.00288205716867104,0.0911386499981655,0.0839377472000938,0.931,0.00801492358042171,0.329029922911223,0.115069127394202,-0.0528450094054107,0.0609894548399706,-0.2,0.4,0.3,0.8,250,0.2,"main",0.11440694512666,-0.0491902441907718,0.0652167009358879
83,"unweighted",1000,0,0.0983616478114687,0.00300434735992581,0.0950058053967925,0.0859689336790725,0.767,0.0133682833602524,0.336992027600589,0.100961173700206,-0.10436331029904,-0.00375767886048162,-0.4,0.4,0.3,0.8,250,0.2,"main",0.100925918589961,-0.100925918589961,0
83,"weighted",1000,0,-0.00173062413909882,0.00279177083218804,0.0882835453493791,0.0825749971835781,0.935,0.0077958322198467,0.323688041006619,0.100961173700206,-0.10436331029904,-0.00375767886048162,-0.4,0.4,0.3,0.8,250,0.2,"main",0.100925918589961,-0.100925918589961,0
83,"borrowed",1000,0,-0.000944483785370249,0.00293820789952091,0.0929142920158524,0.0826841817235543,0.905,0.00927227048785787,0.324116036538663,0.100961173700206,-0.10436331029904,-0.00375767886048162,-0.4,0.4,0.3,0.8,250,0.2,"main",0.100925918589961,-0.100925918589961,0
83,"sensitivity",1000,0,0.0983616478114687,0.00300434735992581,0.0950058053967925,NA,0.971,0.00530650544143696,0.618060455550433,0.100961173700206,-0.10436331029904,-0.00375767886048162,-0.4,0.4,0.3,0.8,250,0.2,"main",0.100925918589961,-0.100925918589961,0
84,"borrowed",1000,0,-0.00336500604871832,0.00281724012156144,0.0890889549974379,0.0816722751888285,0.927,0.00822623850857729,0.320149435811096,0.0849996953369687,-0.157776242115452,-0.0746318156305396,-0.6,0.4,0.3,0.8,250,0.2,"main",0.0857164051312013,-0.155484902840395,-0.0697684977091937
84,"unweighted",1000,0,0.0818078060680173,0.0030124581291024,0.0952622904385315,0.0886360145497511,0.823,0.0120694241784768,0.347446792501361,0.0849996953369687,-0.157776242115452,-0.0746318156305396,-0.6,0.4,0.3,0.8,250,0.2,"main",0.0857164051312013,-0.155484902840395,-0.0697684977091937
84,"sensitivity",1000,0,0.0818078060680173,0.0030124581291024,0.0952622904385315,NA,0.986,0.00371537346709587,0.627771210468488,0.0849996953369687,-0.157776242115452,-0.0746318156305396,-0.6,0.4,0.3,0.8,250,0.2,"main",0.0857164051312013,-0.155484902840395,-0.0697684977091937
84,"weighted",1000,0,-0.00181404130689797,0.00269333141510087,0.0851706176540317,0.0815471489591774,0.944,0.00727076337120113,0.319658950003821,0.0849996953369687,-0.157776242115452,-0.0746318156305396,-0.6,0.4,0.3,0.8,250,0.2,"main",0.0857164051312013,-0.155484902840395,-0.0697684977091937
85,"sensitivity",1000,0,-0.00312097492013748,0.00326112144492913,0.103125714923954,NA,0.999,0.000999499874937461,0.968250853710965,-0.00110620890193027,-0.00180370591233203,-0.00440930294934783,0,0,0.6,0.8,250,0.2,"main",0,0,0
85,"borrowed",1000,0,-0.00293950417742479,0.00347982198141198,0.11004163313182,0.0841307035795894,0.868,0.0107040179372047,0.32978629802002,-0.00110620890193027,-0.00180370591233203,-0.00440930294934783,0,0,0.6,0.8,250,0.2,"main",0,0,0
85,"weighted",1000,0,-0.00162665727849812,0.00287207695081488,0.090823047798464,0.0840687366849359,0.94,0.00750999334220744,0.329543392256511,-0.00110620890193027,-0.00180370591233203,-0.00440930294934783,0,0,0.6,0.8,250,0.2,"main",0,0,0
85,"unweighted",1000,0,-0.00312097492013748,0.00326112144492913,0.103125714923954,0.0841155365589955,0.888,0.00997276290703835,0.329726844391787,-0.00110620890193027,-0.00180370591233203,-0.00440930294934783,0,0,0.6,0.8,250,0.2,"main",0,0,0
86,"sensitivity",1000,0,-0.0407306534157211,0.0031301554511784,0.0989842065611573,NA,1,0,0.990228573493847,-0.0460263856312809,-0.102983943285432,-0.145390127026223,-0.2,0,0.6,0.8,250,0.2,"main",-0.0438462527915635,-0.100925918589961,-0.144772171381524
86,"weighted",1000,0,0.00602677465224835,0.00262246923924727,0.082929758897504,0.0817038704231801,0.952,0.00675988165576884,0.320273286853921,-0.0460263856312809,-0.102983943285432,-0.145390127026223,-0.2,0,0.6,0.8,250,0.2,"main",-0.0438462527915635,-0.100925918589961,-0.144772171381524
86,"unweighted",1000,0,-0.0407306534157211,0.0031301554511784,0.0989842065611573,0.0893784918173059,0.897,0.00961202372032029,0.350357249908855,-0.0460263856312809,-0.102983943285432,-0.145390127026223,-0.2,0,0.6,0.8,250,0.2,"main",-0.0438462527915635,-0.100925918589961,-0.144772171381524
86,"borrowed",1000,0,0.00271252283496207,0.00312259751109373,0.098745203510291,0.0817233869210823,0.895,0.00969407035254026,0.320349790119906,-0.0460263856312809,-0.102983943285432,-0.145390127026223,-0.2,0,0.6,0.8,250,0.2,"main",-0.0438462527915635,-0.100925918589961,-0.144772171381524
87,"weighted",1000,0,0.00163589434586669,0.00265719212910691,0.0840277930865005,0.0812116408672128,0.947,0.00708456067798138,0.318343782450276,-0.098374778848725,-0.211710969594334,-0.310689868190937,-0.4,0,0.6,0.8,250,0.2,"main",-0.100916629893538,-0.213193220461042,-0.31410985035458
87,"unweighted",1000,0,-0.0998799277559042,0.00337994521854365,0.106883252571935,0.0953858291053369,0.789,0.0129026741414329,0.373905579363905,-0.098374778848725,-0.211710969594334,-0.310689868190937,-0.4,0,0.6,0.8,250,0.2,"main",-0.100916629893538,-0.213193220461042,-0.31410985035458
87,"borrowed",1000,0,0.00112877107733952,0.00299233646294095,0.0946259874846544,0.0811724197803483,0.91,0.00904986187739901,0.318190038614899,-0.098374778848725,-0.211710969594334,-0.310689868190937,-0.4,0,0.6,0.8,250,0.2,"main",-0.100916629893538,-0.213193220461042,-0.31410985035458
87,"sensitivity",1000,0,-0.0998799277559042,0.00337994521854365,0.106883252571935,NA,1,0,1.01609317693673,-0.098374778848725,-0.211710969594334,-0.310689868190937,-0.4,0,0.6,0.8,250,0.2,"main",-0.100916629893538,-0.213193220461042,-0.31410985035458
89,"unweighted",1000,0,0.118655850995692,0.00336335689002948,0.106358683565136,0.0818672017033133,0.664,0.0149366662947259,0.32091353370714,0.122062191020449,-0.00178637986214625,0.118271340072466,0,0.2,0.6,0.8,250,0.2,"main",0.126439334983572,0,0.126439334983572
89,"borrowed",1000,0,-0.00896679051382286,0.00362127591550213,0.114514799288982,0.0861219680769001,0.862,0.0109066951914867,0.337591911416865,0.122062191020449,-0.00178637986214625,0.118271340072466,0,0.2,0.6,0.8,250,0.2,"main",0.126439334983572,0,0.126439334983572
89,"sensitivity",1000,0,0.118655850995692,0.00336335689002948,0.106358683565136,NA,0.996,0.00199599599197994,0.961044524613044,0.122062191020449,-0.00178637986214625,0.118271340072466,0,0.2,0.6,0.8,250,0.2,"main",0.126439334983572,0,0.126439334983572
89,"weighted",1000,0,-0.00399608825360169,0.00285055524598198,0.0901424717344459,0.0859940157767182,0.942,0.00739161687318817,0.337090347616674,0.122062191020449,-0.00178637986214625,0.118271340072466,0,0.2,0.6,0.8,250,0.2,"main",0.126439334983572,0,0.126439334983572
90,"borrowed",1000,0,-0.00137931246370246,0.00329638867779075,0.104240962750097,0.0829103432024492,0.88,0.0102761860629321,0.325002573245311,0.100661493696011,-0.105118043812701,-0.00520218740011091,-0.2,0.2,0.6,0.8,250,0.2,"main",0.100925918589961,-0.100925918589961,0
90,"weighted",1000,0,-0.00170422930756009,0.00278309771946339,0.0880092774432465,0.0828991249675721,0.943,0.00733150734842434,0.324958598572653,0.100661493696011,-0.105118043812701,-0.00520218740011091,-0.2,0.2,0.6,0.8,250,0.2,"main",0.100925918589961,-0.100925918589961,0
90,"unweighted",1000,0,0.0985778884708505,0.00322922177371717,0.102116958747551,0.086180864835815,0.73,0.0140392307481571,0.337822782469423,0.100661493696011,-0.105118043812701,-0.00520218740011091,-0.2,0.2,0.6,0.8,250,0.2,"main",0.100925918589961,-0.100925918589961,0
90,"sensitivity",1000,0,0.0985778884708505,0.00322922177371717,0.102116958747551,NA,0.998,0.00141279864099595,0.985030325851789,0.100661493696011,-0.105118043812701,-0.00520218740011091,-0.2,0.2,0.6,0.8,250,0.2,"main",0.100925918589961,-0.100925918589961,0
91,"borrowed",1000,0,-0.000415792464717757,0.00309699938010239,0.0979357195325311,0.081183089589176,0.9,0.00948683298050514,0.318231863496947,0.0690460456553376,-0.218544241944992,-0.150085065375201,-0.4,0.2,0.6,0.8,250,0.2,"main",0.0684210490795176,-0.213193220461042,-0.144772171381524
91,"sensitivity",1000,0,0.0701233484463794,0.00328474670354812,0.103872811199419,NA,0.999,0.000999499874937461,1.00372710012531,0.0690460456553376,-0.218544241944992,-0.150085065375201,-0.4,0.2,0.6,0.8,250,0.2,"main",0.0684210490795176,-0.213193220461042,-0.144772171381524
91,"weighted",1000,0,0.00156676830586029,0.00263502054902054,0.0833266661625227,0.0811069478451927,0.945,0.00720936890441875,0.317933393345092,0.0690460456553376,-0.218544241944992,-0.150085065375201,-0.4,0.2,0.6,0.8,250,0.2,"main",0.0684210490795176,-0.213193220461042,-0.144772171381524
91,"unweighted",1000,0,0.0701233484463794,0.00328474670354812,0.103872811199419,0.0916118872624099,0.835,0.0117377595817941,0.359111999180134,0.0690460456553376,-0.218544241944992,-0.150085065375201,-0.4,0.2,0.6,0.8,250,0.2,"main",0.0684210490795176,-0.213193220461042,-0.144772171381524
92,"sensitivity",1000,0,0.0236308812552874,0.00352587800819107,0.111498052577816,NA,1,0,1.02398753306663,0.022970699519221,-0.341390883416934,-0.318886404028326,-0.6,0.2,0.6,0.8,250,0.2,"main",0.0255675172155815,-0.339677367570161,-0.31410985035458
92,"unweighted",1000,0,0.0236308812552874,0.00352587800819107,0.111498052577816,0.098510914491019,0.91,0.00904986187739901,0.386155688973004,0.022970699519221,-0.341390883416934,-0.318886404028326,-0.6,0.2,0.6,0.8,250,0.2,"main",0.0255675172155815,-0.339677367570161,-0.31410985035458
92,"weighted",1000,0,0.000183857462551404,0.00280815533657968,0.0888016688714853,0.0825742784737976,0.929,0.00812151463706124,0.323685223716049,0.022970699519221,-0.341390883416934,-0.318886404028326,-0.6,0.2,0.6,0.8,250,0.2,"main",0.0255675172155815,-0.339677367570161,-0.31410985035458
92,"borrowed",1000,0,0.00095161624030149,0.00300979006555767,0.0951779188610973,0.0824971915488326,0.91,0.00904986187739901,0.323383048522828,0.022970699519221,-0.341390883416934,-0.318886404028326,-0.6,0.2,0.6,0.8,250,0.2,"main",0.0255675172155815,-0.339677367570161,-0.31410985035458
93,"unweighted",1000,0,0.228938211284114,0.00334731054672482,0.105851253635539,0.0799754785516901,0.246,0.0136192510807313,0.313498115215336,0.233332889769126,-0.00188632298097047,0.228943853621147,0,0.4,0.6,0.8,250,0.2,"main",0.238671340934975,0,0.238671340934975
93,"borrowed",1000,0,-0.0119434400601181,0.00361278014905483,0.114246139564559,0.0882620754302352,0.869,0.0106695360723885,0.345980978088037,0.233332889769126,-0.00188632298097047,0.228943853621147,0,0.4,0.6,0.8,250,0.2,"main",0.238671340934975,0,0.238671340934975
93,"sensitivity",1000,0,0.228938211284114,0.00334731054672482,0.105851253635539,NA,0.906,0.00922843432007835,0.956056537910511,0.233332889769126,-0.00188632298097047,0.228943853621147,0,0.4,0.6,0.8,250,0.2,"main",0.238671340934975,0,0.238671340934975
93,"weighted",1000,0,-0.00659209023080861,0.00290844579536962,0.0919731316450801,0.0879259754912697,0.942,0.00739161687318817,0.34466349053688,0.233332889769126,-0.00188632298097047,0.228943853621147,0,0.4,0.6,0.8,250,0.2,"main",0.238671340934975,0,0.238671340934975
94,"unweighted",1000,0,0.219821679038903,0.00345309788989781,0.109196543155984,0.0837806841330449,0.302,0.0145188153786733,0.328414247001789,0.223572225927631,-0.104344720433489,0.117248036753038,-0.2,0.4,0.6,0.8,250,0.2,"main",0.227365253573533,-0.100925918589961,0.126439334983572
94,"borrowed",1000,0,-0.0067440135956281,0.00359552674578524,0.113700539047346,0.0847091260564802,0.859,0.0110054077616415,0.332053672465129,0.223572225927631,-0.104344720433489,0.117248036753038,-0.2,0.4,0.6,0.8,250,0.2,"main",0.227365253573533,-0.100925918589961,0.126439334983572
94,"weighted",1000,0,-0.00394649457020026,0.00287090064677707,0.0907858497986608,0.0845442990493186,0.933,0.00790638982089803,0.331407562469697,0.223572225927631,-0.104344720433489,0.117248036753038,-0.2,0.4,0.6,0.8,250,0.2,"main",0.227365253573533,-0.100925918589961,0.126439334983572
94,"sensitivity",1000,0,0.219821679038903,0.00345309788989781,0.109196543155984,NA,0.943,0.00733150734842434,0.966224336648075,0.223572225927631,-0.104344720433489,0.117248036753038,-0.2,0.4,0.6,0.8,250,0.2,"main",0.227365253573533,-0.100925918589961,0.126439334983572
95,"weighted",1000,0,-0.00190144279478897,0.00272534135423757,0.0861828608083851,0.0824162178681597,0.944,0.00727076337120113,0.323065637527199,0.210002217405439,-0.213665767927134,-0.00446017818696853,-0.4,0.4,0.6,0.8,250,0.2,"main",0.213193220461042,-0.213193220461042,0
95,"borrowed",1000,0,-0.00612380143753259,0.00330090078430194,0.104383648086303,0.0825303137464223,0.876,0.0104222838188182,0.323512885151557,0.210002217405439,-0.213665767927134,-0.00446017818696853,-0.4,0.4,0.6,0.8,250,0.2,"main",0.213193220461042,-0.213193220461042,0
95,"sensitivity",1000,0,0.207936558579447,0.00329165063434986,0.104091132660837,NA,0.98,0.00442718872423573,0.987662495095934,0.210002217405439,-0.213665767927134,-0.00446017818696853,-0.4,0.4,0.6,0.8,250,0.2,"main",0.213193220461042,-0.213193220461042,0
95,"unweighted",1000,0,0.207936558579447,0.00329165063434986,0.104091132660837,0.0887389768388685,0.366,0.0152329905140127,0.347850397258232,0.210002217405439,-0.213665767927134,-0.00446017818696853,-0.4,0.4,0.6,0.8,250,0.2,"main",0.213193220461042,-0.213193220461042,0
96,"sensitivity",1000,0,0.18822661319704,0.00342690165719107,0.108368145541293,NA,0.984,0.00396787096564392,1.02219807842242,0.191849083158205,-0.344231101843126,-0.149341143268831,-0.6,0.4,0.6,0.8,250,0.2,"main",0.194905196188637,-0.339677367570161,-0.144772171381524
96,"weighted",1000,0,-7.12265947958255e-05,0.00273947634647763,0.086629848510259,0.0822601184853166,0.937,0.00768316341099159,0.322453739190436,0.191849083158205,-0.344231101843126,-0.149341143268831,-0.6,0.4,0.6,0.8,250,0.2,"main",0.194905196188637,-0.339677367570161,-0.144772171381524
96,"unweighted",1000,0,0.18822661319704,0.00342690165719107,0.108368145541293,0.0945964443891488,0.486,0.0158051890213309,0.370811248136555,0.191849083158205,-0.344231101843126,-0.149341143268831,-0.6,0.4,0.6,0.8,250,0.2,"main",0.194905196188637,-0.339677367570161,-0.144772171381524
96,"borrowed",1000,0,-0.001686271447567,0.00312444829703032,0.0988037305005011,0.0822894232891394,0.899,0.00952885092757778,0.32256861191057,0.191849083158205,-0.344231101843126,-0.149341143268831,-0.6,0.4,0.6,0.8,250,0.2,"main",0.194905196188637,-0.339677367570161,-0.144772171381524
97,"unweighted",1000,0,-0.000878213647831154,0.00372124712881416,0.117676166634147,0.084468199778756,0.85,0.0112915897906362,0.331109258810592,-0.000651221553060252,-0.00584592043849019,-0.00602111354497636,0,0,1,0.8,250,0.2,"main",0,0,0
97,"sensitivity",1000,0,-0.000878213647831154,0.00372124712881416,0.117676166634147,NA,1,0,1.79850035554644,-0.000651221553060252,-0.00584592043849019,-0.00602111354497636,0,0,1,0.8,250,0.2,"main",0,0,0
97,"weighted",1000,0,0.000133482354689132,0.00282086537061618,0.0892035954384213,0.0843728321342292,0.941,0.00745110730026082,0.330735424513466,-0.000651221553060252,-0.00584592043849019,-0.00602111354497636,0,0,1,0.8,250,0.2,"main",0,0,0
97,"borrowed",1000,0,-0.00194092378535997,0.00429909651418979,0.135949368657301,0.0845617105962703,0.794,0.0127892142057282,0.331475814479578,-0.000651221553060252,-0.00584592043849019,-0.00602111354497636,0,0,1,0.8,250,0.2,"main",0,0,0
98,"borrowed",1000,0,-0.000151711779812059,0.00384274700549117,0.121518330091437,0.0814590804117447,0.818,0.0122014753206323,0.319313727641544,-0.0760244593875943,-0.178038696265683,-0.25737611006114,-0.2,0,1,0.8,250,0.2,"main",-0.080067162147147,-0.174353387144778,-0.254420549291925
98,"unweighted",1000,0,-0.0766737123773003,0.00370387202898817,0.117126717733918,0.0936895510202446,0.807,0.0124800240384384,0.367256291454814,-0.0760244593875943,-0.178038696265683,-0.25737611006114,-0.2,0,1,0.8,250,0.2,"main",-0.080067162147147,-0.174353387144778,-0.254420549291925
98,"sensitivity",1000,0,-0.0766737123773003,0.00370387202898817,0.117126717733918,NA,1,0,1.83021861148536,-0.0760244593875943,-0.178038696265683,-0.25737611006114,-0.2,0,1,0.8,250,0.2,"main",-0.080067162147147,-0.174353387144778,-0.254420549291925
98,"weighted",1000,0,-0.00158113741815482,0.00273848956943325,0.0865986438802289,0.0815822797233561,0.937,0.00768316341099159,0.3197966600689,-0.0760244593875943,-0.178038696265683,-0.25737611006114,-0.2,0,1,0.8,250,0.2,"main",-0.080067162147147,-0.174353387144778,-0.254420549291925
99,"weighted",1000,0,0.00097095515398324,0.00305452896098186,0.0965926869565025,0.0908829300316826,0.936,0.0077397674383666,0.356254539343143,-0.208680071169242,-0.387507201888041,-0.598805595216276,-0.4,0,1,0.8,250,0.2,"main",-0.210845752259846,-0.385662480811985,-0.596508233071831
99,"unweighted",1000,0,-0.209679137618493,0.00425115372504294,0.134433284546449,0.107400458226419,0.511,0.0158075614817719,0.421002060093758,-0.208680071169242,-0.387507201888041,-0.598805595216276,-0.4,0,1,0.8,250,0.2,"main",-0.210845752259846,-0.385662480811985,-0.596508233071831
99,"borrowed",1000,0,-0.000980836675599996,0.00356764545322771,0.112818855161433,0.0903941002447434,0.882,0.0102017645532525,0.354338361789201,-0.208680071169242,-0.387507201888041,-0.598805595216276,-0.4,0,1,0.8,250,0.2,"main",-0.210845752259846,-0.385662480811985,-0.596508233071831
99,"sensitivity",1000,0,-0.209679137618493,0.00425115372504294,0.134433284546449,NA,1,0,1.92099463265073,-0.208680071169242,-0.387507201888041,-0.598805595216276,-0.4,0,1,0.8,250,0.2,"main",-0.210845752259846,-0.385662480811985,-0.596508233071831
101,"weighted",1000,0,-0.00609066273330752,0.00298215076515177,0.0943038874389349,0.0881143539191433,0.941,0.00745110730026082,0.345401920405073,0.1964035444819,-0.00304516430942747,0.190572429281556,0,0.2,1,0.8,250,0.2,"main",0.20264230638257,0,0.20264230638257
101,"sensitivity",1000,0,0.193170369669257,0.00422752650797937,0.133686126339528,NA,0.986,0.00371537346709587,1.74483782892974,0.1964035444819,-0.00304516430942747,0.190572429281556,0,0.2,1,0.8,250,0.2,"main",0.20264230638257,0,0.20264230638257
101,"borrowed",1000,0,-0.00559831331046088,0.00460525438484675,0.145630930605933,0.0879115556556192,0.762,0.0134668481835951,0.344606965819804,0.1964035444819,-0.00304516430942747,0.190572429281556,0,0.2,1,0.8,250,0.2,"main",0.20264230638257,0,0.20264230638257
101,"unweighted",1000,0,0.193170369669257,0.00422752650797937,0.133686126339528,0.0809592037182327,0.419,0.0156025318458255,0.317354247009555,0.1964035444819,-0.00304516430942747,0.190572429281556,0,0.2,1,0.8,250,0.2,"main",0.20264230638257,0,0.20264230638257
102,"sensitivity",1000,0,0.171841235637374,0.00396087223041627,0.125253777690267,NA,0.998,0.00141279864099595,1.82040182519821,0.172960041992259,-0.177543047726808,-0.00340793260871197,-0.2,0.2,1,0.8,250,0.2,"main",0.174353387144778,-0.174353387144778,0
102,"weighted",1000,0,-0.00178729480911064,0.00286728449509786,0.0906714970419513,0.0828685283093977,0.926,0.00827792244467173,0.324838661876515,0.172960041992259,-0.177543047726808,-0.00340793260871197,-0.2,0.2,1,0.8,250,0.2,"main",0.174353387144778,-0.174353387144778,0
102,"borrowed",1000,0,-0.00215098170181199,0.00415573624721381,0.131415918961162,0.0827572476938114,0.785,0.012991343271579,0.324402449879061,0.172960041992259,-0.177543047726808,-0.00340793260871197,-0.2,0.2,1,0.8,250,0.2,"main",0.174353387144778,-0.174353387144778,0
102,"unweighted",1000,0,0.171841235637374,0.00396087223041627,0.125253777690267,0.0879686746741807,0.501,0.0158113566780337,0.34483086825823,0.172960041992259,-0.177543047726808,-0.00340793260871197,-0.2,0.2,1,0.8,250,0.2,"main",0.174353387144778,-0.174353387144778,0
103,"borrowed",1000,0,-0.00248294033572026,0.00369991008232917,0.117001429979813,0.0829474929442673,0.843,0.0115043904662524,0.325148197557308,0.133474764521948,-0.383861895742532,-0.254686483012286,-0.4,0.2,1,0.8,250,0.2,"main",0.13124193152006,-0.385662480811985,-0.254420549291925
103,"unweighted",1000,0,0.127585873254932,0.00397193474254207,0.125603605039874,0.0981133062429597,0.691,0.0146122893483533,0.3845970932807,0.133474764521948,-0.383861895742532,-0.254686483012286,-0.4,0.2,1,0.8,250,0.2,"main",0.13124193152006,-0.385662480811985,-0.254420549291925
103,"weighted",1000,0,-0.00360330251564404,0.00280366012621822,0.0886595178384472,0.0832329425418608,0.933,0.00790638982089803,0.326267139418678,0.133474764521948,-0.383861895742532,-0.254686483012286,-0.4,0.2,1,0.8,250,0.2,"main",0.13124193152006,-0.385662480811985,-0.254420549291925
103,"sensitivity",1000,0,0.127585873254932,0.00397193474254207,0.125603605039874,NA,1,0,1.87538880177225,0.133474764521948,-0.383861895742532,-0.254686483012286,-0.4,0.2,1,0.8,250,0.2,"main",0.13124193152006,-0.385662480811985,-0.254420549291925
105,"borrowed",1000,0,-0.0119306223221506,0.00500487383609292,0.158268007238379,0.0916223461646251,0.768,0.0133482583133531,0.359152997323453,0.363879350934069,-0.00268875765233589,0.361298758459606,0,0.4,1,0.8,250,0.2,"main",0.371059078868732,0,0.371059078868732
105,"unweighted",1000,0,0.362543049103025,0.00458399693632543,0.144958711060222,0.0782211234499407,0.055,0.00720936890441875,0.306621169584291,0.363879350934069,-0.00268875765233589,0.361298758459606,0,0.4,1,0.8,250,0.2,"main",0.371059078868732,0,0.371059078868732
105,"weighted",1000,0,-0.00448732564444143,0.00308464440836869,0.0975450210214762,0.0914527671376673,0.935,0.0077958322198467,0.358488259752712,0.363879350934069,-0.00268875765233589,0.361298758459606,0,0.4,1,0.8,250,0.2,"main",0.371059078868732,0,0.371059078868732
105,"sensitivity",1000,0,0.362543049103025,0.00458399693632543,0.144958711060222,NA,0.886,0.0100500746265886,1.79519419886431,0.363879350934069,-0.00268875765233589,0.361298758459606,0,0.4,1,0.8,250,0.2,"main",0.371059078868732,0,0.371059078868732
106,"weighted",1000,0,-0.00691030886099998,0.00302470231669277,0.095649485647371,0.0862820560082925,0.924,0.00837997613361756,0.338219444576642,0.370187077568635,-0.173402309830896,0.192828403815067,-0.2,0.4,1,0.8,250,0.2,"main",0.376995693527347,-0.174353387144778,0.20264230638257
106,"sensitivity",1000,0,0.364745535862563,0.00431682434004771,0.13650997173404,NA,0.922,0.00848033018225116,1.80740691553756,0.370187077568635,-0.173402309830896,0.192828403815067,-0.2,0.4,1,0.8,250,0.2,"main",0.376995693527347,-0.174353387144778,0.20264230638257
106,"unweighted",1000,0,0.364745535862563,0.00431682434004771,0.13650997173404,0.0843031508122933,0.062,0.00762600813007697,0.330462278750687,0.370187077568635,-0.173402309830896,0.192828403815067,-0.2,0.4,1,0.8,250,0.2,"main",0.376995693527347,-0.174353387144778,0.20264230638257
106,"borrowed",1000,0,-0.0113688305697251,0.00473716254137777,0.149802232771854,0.0861040299663911,0.735,0.0139561814261638,0.337521595315768,0.370187077568635,-0.173402309830896,0.192828403815067,-0.2,0.4,1,0.8,250,0.2,"main",0.376995693527347,-0.174353387144778,0.20264230638257
107,"weighted",1000,0,-0.00843605844190102,0.00294098569075452,0.0930021334874788,0.0848317026200913,0.919,0.00862780389206894,0.332534163765182,0.383336862844912,-0.383811560822128,-0.00717721869797833,-0.4,0.4,1,0.8,250,0.2,"main",0.385662480811985,-0.385662480811985,0
107,"sensitivity",1000,0,0.374246524724052,0.00394939570352224,0.124890858044134,NA,0.956,0.00648567652600714,1.85017995616341,0.383336862844912,-0.383811560822128,-0.00717721869797833,-0.4,0.4,1,0.8,250,0.2,"main",0.385662480811985,-0.385662480811985,0
107,"borrowed",1000,0,-0.0148842121271232,0.00395216260294371,0.124978355086418,0.0847172448229587,0.815,0.0122790471943062,0.332085497444923,0.383336862844912,-0.383811560822128,-0.00717721869797833,-0.4,0.4,1,0.8,250,0.2,"main",0.385662480811985,-0.385662480811985,0
107,"unweighted",1000,0,0.374246524724052,0.00394939570352224,0.124890858044134,0.0930888720583075,0.057,0.00733150734842433,0.364901673191479,0.383336862844912,-0.383811560822128,-0.00717721869797833,-0.4,0.4,1,0.8,250,0.2,"main",0.385662480811985,-0.385662480811985,0
109,"borrowed",1000,0,-0.00136108407822261,0.00161949496125339,0.0512129273672683,0.0522102311300845,0.951,0.00682634602111555,0.204660345278955,0.000267307517079357,0.000230104483616142,-0.00130799409617112,0,0,0.3,0.2,1000,0.2,"main",0,0,0
109,"sensitivity",1000,0,-0.00113727224856694,0.00161046771422103,0.0509274607510361,NA,0.993,0.00263647491928143,0.294904547630981,0.000267307517079357,0.000230104483616142,-0.00130799409617112,0,0,0.3,0.2,1000,0.2,"main",0,0,0
109,"weighted",1000,0,-0.00135515006445934,0.00160467693687063,0.0507443402925342,0.0522151792368426,0.956,0.00648567652600714,0.20467974150103,0.000267307517079357,0.000230104483616142,-0.00130799409617112,0,0,0.3,0.2,1000,0.2,"main",0,0,0
109,"unweighted",1000,0,-0.00113727224856694,0.00161046771422103,0.0509274607510361,0.0522076286899996,0.955,0.00655553201502365,0.204650143901278,0.000267307517079357,0.000230104483616142,-0.00130799409617112,0,0,0.3,0.2,1000,0.2,"main",0,0,0
110,"unweighted",1000,0,-0.0118363401573548,0.00172730179972127,0.0546220789362722,0.0526973157253501,0.938,0.00762600813007697,0.206569681807245,-0.012974865039684,-0.0136849719157715,-0.0250492548035512,-0.2,0,0.3,0.2,1000,0.2,"main",-0.013102144070421,-0.0120725812342692,-0.0251747253046903
110,"weighted",1000,0,0.00126122078800103,0.00166785428781856,0.0527421835478469,0.0510863695836006,0.939,0.00756828910652864,0.200254888969519,-0.012974865039684,-0.0136849719157715,-0.0250492548035512,-0.2,0,0.3,0.2,1000,0.2,"main",-0.013102144070421,-0.0120725812342692,-0.0251747253046903
110,"sensitivity",1000,0,-0.0118363401573548,0.00172730179972127,0.0546220789362722,NA,0.996,0.00199599599197994,0.296232839110964,-0.012974865039684,-0.0136849719157715,-0.0250492548035512,-0.2,0,0.3,0.2,1000,0.2,"main",-0.013102144070421,-0.0120725812342692,-0.0251747253046903
110,"borrowed",1000,0,0.00110013130875253,0.00168192121285191,0.0531870187756491,0.0510975698828251,0.936,0.0077397674383666,0.200298793335712,-0.012974865039684,-0.0136849719157715,-0.0250492548035512,-0.2,0,0.3,0.2,1000,0.2,"main",-0.013102144070421,-0.0120725812342692,-0.0251747253046903
111,"unweighted",1000,0,-0.023605033762722,0.00167065101352948,0.0528306237802194,0.0532033251671803,0.933,0.00790638982089803,0.208553202370894,-0.0268249728484157,-0.0259642831284787,-0.0509542294289563,-0.4,0,0.3,0.2,1000,0.2,"main",-0.026706927905955,-0.0242926925690446,-0.0509996204749996
111,"sensitivity",1000,0,-0.023605033762722,0.00167065101352948,0.0528306237802194,NA,0.994,0.00244213021765835,0.297930842675851,-0.0268249728484157,-0.0259642831284787,-0.0509542294289563,-0.4,0,0.3,0.2,1000,0.2,"main",-0.026706927905955,-0.0242926925690446,-0.0509996204749996
111,"borrowed",1000,0,0.00264526978627281,0.00157321482249705,0.0497494208782818,0.0501106697385193,0.952,0.00675988165576884,0.196430215857358,-0.0268249728484157,-0.0259642831284787,-0.0509542294289563,-0.4,0,0.3,0.2,1000,0.2,"main",-0.026706927905955,-0.0242926925690446,-0.0509996204749996
111,"weighted",1000,0,0.0029478998695672,0.00157004114130091,0.0496490602668113,0.0501046280708255,0.955,0.00655553201502365,0.196406532955185,-0.0268249728484157,-0.0259642831284787,-0.0509542294289563,-0.4,0,0.3,0.2,1000,0.2,"main",-0.026706927905955,-0.0242926925690446,-0.0509996204749996
112,"sensitivity",1000,0,-0.0404577908897324,0.00169711148285324,0.0536673772904202,NA,0.993,0.00263647491928143,0.300418441080118,-0.0406964017081078,-0.0370098995226705,-0.0768648078050955,-0.6,0,0.3,0.2,1000,0.2,"main",-0.0408451764317264,-0.0366639843715915,-0.0775091608033179
112,"unweighted",1000,0,-0.0404577908897324,0.00169711148285324,0.0536673772904202,0.0537582933893012,0.895,0.00969407035254026,0.210728637826736,-0.0406964017081078,-0.0370098995226705,-0.0768648078050955,-0.6,0,0.3,0.2,1000,0.2,"main",-0.0408451764317264,-0.0366639843715915,-0.0775091608033179
112,"borrowed",1000,0,0.000567383298152116,0.00155745043774095,0.0492509072608768,0.0493012028579535,0.948,0.00702111102319284,0.193257163992184,-0.0406964017081078,-0.0370098995226705,-0.0768648078050955,-0.6,0,0.3,0.2,1000,0.2,"main",-0.0408451764317264,-0.0366639843715915,-0.0775091608033179
112,"weighted",1000,0,0.000568622155657048,0.00155580365157159,0.0491988313097324,0.0492939736938549,0.95,0.00689202437604511,0.193228826189641,-0.0406964017081078,-0.0370098995226705,-0.0768648078050955,-0.6,0,0.3,0.2,1000,0.2,"main",-0.0408451764317264,-0.0366639843715915,-0.0775091608033179
113,"borrowed",1000,0,-0.00251414889816134,0.00167185201578166,0.0528686028061382,0.0527838642097996,0.951,0.00682634602111555,0.20690894563212,0.024582410519821,-0.00010784526904109,0.0225659545852018,0,0.2,0.3,0.2,1000,0.2,"main",0.0245564905520369,0,0.0245564905520369
113,"sensitivity",1000,0,0.0223698248440838,0.00163741219103322,0.0517795199219172,NA,0.982,0.00420428352992517,0.292791996316875,0.024582410519821,-0.00010784526904109,0.0225659545852018,0,0.2,0.3,0.2,1000,0.2,"main",0.0245564905520369,0,0.0245564905520369
113,"weighted",1000,0,-0.00212950020360467,0.00166948558279106,0.0527937696243335,0.0527589896353503,0.952,0.00675988165576884,0.206811439092017,0.024582410519821,-0.00010784526904109,0.0225659545852018,0,0.2,0.3,0.2,1000,0.2,"main",0.0245564905520369,0,0.0245564905520369
113,"unweighted",1000,0,0.0223698248440838,0.00163741219103322,0.0517795199219172,0.0518182282287703,0.937,0.00768316341099159,0.203123722142133,0.024582410519821,-0.00010784526904109,0.0225659545852018,0,0.2,0.3,0.2,1000,0.2,"main",0.0245564905520369,0,0.0245564905520369
114,"borrowed",1000,0,-2.47591645024509e-05,0.00166671278500388,0.0527060860593481,0.0516320856546137,0.945,0.00720936890441875,0.20239405665946,0.0123959805649126,-0.0129706114917871,-0.000417921296035462,-0.2,0.2,0.3,0.2,1000,0.2,"main",0.0120725812342692,-0.0120725812342692,0
114,"unweighted",1000,0,0.0119983799150842,0.00168454092815868,0.0532698614475549,0.052321014476698,0.939,0.00756828910652864,0.205094608017854,0.0123959805649126,-0.0129706114917871,-0.000417921296035462,-0.2,0.2,0.3,0.2,1000,0.2,"main",0.0120725812342692,-0.0120725812342692,0
114,"sensitivity",1000,0,0.0119983799150842,0.00168454092815868,0.0532698614475549,NA,0.991,0.00298646948753876,0.29504266797076,0.0123959805649126,-0.0129706114917871,-0.000417921296035462,-0.2,0.2,0.3,0.2,1000,0.2,"main",0.0120725812342692,-0.0120725812342692,0
114,"weighted",1000,0,-0.000317124903873835,0.00165153561031044,0.0522261416545725,0.0516482721785168,0.945,0.00720936890441875,0.20245750666723,0.0123959805649126,-0.0129706114917871,-0.000417921296035462,-0.2,0.2,0.3,0.2,1000,0.2,"main",0.0120725812342692,-0.0120725812342692,0
115,"unweighted",1000,0,-0.00262606586843281,0.0016635282228023,0.0526053813602731,0.0528843940166865,0.958,0.00634318531969546,0.207303015233862,-0.000910877739181151,-0.0244841917981977,-0.0267346957488495,-0.4,0.2,0.3,0.2,1000,0.2,"main",-0.000882032735645667,-0.0242926925690446,-0.0251747253046903
115,"sensitivity",1000,0,-0.00262606586843281,0.0016635282228023,0.0526053813602731,NA,0.996,0.00199599599197994,0.296658761818957,-0.000910877739181151,-0.0244841917981977,-0.0267346957488495,-0.4,0.2,0.3,0.2,1000,0.2,"main",-0.000882032735645667,-0.0242926925690446,-0.0251747253046903
115,"borrowed",1000,0,-0.00168071892778132,0.00160613655153803,0.0507904973610858,0.0506456474207276,0.955,0.00655553201502365,0.19852728983668,-0.000910877739181151,-0.0244841917981977,-0.0267346957488495,-0.4,0.2,0.3,0.2,1000,0.2,"main",-0.000882032735645667,-0.0242926925690446,-0.0251747253046903
115,"weighted",1000,0,-0.00146571955243008,0.00159145277177064,0.0503261554738334,0.0506293395454597,0.96,0.00619677335393187,0.198463364140301,-0.000910877739181151,-0.0244841917981977,-0.0267346957488495,-0.4,0.2,0.3,0.2,1000,0.2,"main",-0.000882032735645667,-0.0242926925690446,-0.0251747253046903
116,"unweighted",1000,0,-0.0152129212007834,0.00168303488170116,0.0532222360768772,0.0533868991655824,0.934,0.00785136930732467,0.209272799221626,-0.0142908815286488,-0.0389710830448468,-0.0543000986957645,-0.6,0.2,0.3,0.2,1000,0.2,"main",-0.0143356361034081,-0.0366639843715915,-0.0509996204749996
116,"sensitivity",1000,0,-0.0152129212007834,0.00168303488170116,0.0532222360768772,NA,0.995,0.00223047080231955,0.299226885581024,-0.0142908815286488,-0.0389710830448468,-0.0543000986957645,-0.6,0.2,0.3,0.2,1000,0.2,"main",-0.0143356361034081,-0.0366639843715915,-0.0509996204749996
116,"borrowed",1000,0,-0.000938439901699854,0.00157245044069367,0.049725249003275,0.0497295837237878,0.951,0.00682634602111555,0.194936386129587,-0.0142908815286488,-0.0389710830448468,-0.0543000986957645,-0.6,0.2,0.3,0.2,1000,0.2,"main",-0.0143356361034081,-0.0366639843715915,-0.0509996204749996
116,"weighted",1000,0,-0.000900985405932548,0.00156737377815782,0.0495647108380217,0.0497297629161365,0.949,0.00695693898205238,0.194937088550686,-0.0142908815286488,-0.0389710830448468,-0.0543000986957645,-0.6,0.2,0.3,0.2,1000,0.2,"main",-0.0143356361034081,-0.0366639843715915,-0.0509996204749996
117,"sensitivity",1000,0,0.0492127222794034,0.00166047683257217,0.0525088879287013,NA,0.928,0.00817410545564467,0.291678790710346,0.0484932113827013,-0.000848146650360773,0.0487098241711114,0,0.4,0.3,0.2,1000,0.2,"main",0.0485243848656148,0,0.0485243848656148
117,"borrowed",1000,0,0.000833162426922413,0.00172583550249231,0.054575710546569,0.0534229541810266,0.942,0.00739161687318817,0.209414132285091,0.0484932113827013,-0.000848146650360773,0.0487098241711114,0,0.4,0.3,0.2,1000,0.2,"main",0.0485243848656148,0,0.0485243848656148
117,"unweighted",1000,0,0.0492127222794034,0.00166047683257217,0.0525088879287013,0.0514838034543845,0.841,0.0115636931816786,0.201812801115465,0.0484932113827013,-0.000848146650360773,0.0487098241711114,0,0.4,0.3,0.2,1000,0.2,"main",0.0485243848656148,0,0.0485243848656148
117,"weighted",1000,0,0.00073672509260734,0.00171780338738264,0.0543217127648169,0.0534169372866258,0.935,0.0077958322198467,0.209390546492443,0.0484932113827013,-0.000848146650360773,0.0487098241711114,0,0.4,0.3,0.2,1000,0.2,"main",0.0485243848656148,0,0.0485243848656148
118,"weighted",1000,0,0.000227487944240723,0.00164480351430306,0.0520132540864701,0.0522687786911153,0.955,0.00655553201502365,0.204889847500961,0.036952982476117,-0.012055055103809,0.024126503534447,-0.2,0.4,0.3,0.2,1000,0.2,"main",0.0366290717863061,-0.0120725812342692,0.0245564905520369
118,"sensitivity",1000,0,0.0368752726977203,0.00163995789186022,0.0518600220504641,NA,0.957,0.00641490451994416,0.292973060448531,0.036952982476117,-0.012055055103809,0.024126503534447,-0.2,0.4,0.3,0.2,1000,0.2,"main",0.0366290717863061,-0.0120725812342692,0.0245564905520369
118,"unweighted",1000,0,0.0368752726977203,0.00163995789186022,0.0518600220504641,0.0519861405028374,0.882,0.0102017645532525,0.2037819261616,0.036952982476117,-0.012055055103809,0.024126503534447,-0.2,0.4,0.3,0.2,1000,0.2,"main",0.0366290717863061,-0.0120725812342692,0.0245564905520369
118,"borrowed",1000,0,0.000209311803166022,0.00165838755847636,0.0524428192807096,0.0522753171115134,0.951,0.00682634602111555,0.204915477637953,0.036952982476117,-0.012055055103809,0.024126503534447,-0.2,0.4,0.3,0.2,1000,0.2,"main",0.0366290717863061,-0.0120725812342692,0.0245564905520369
119,"weighted",1000,0,0.0019333800286823,0.00161328863529127,0.0510166661078512,0.051116764108915,0.956,0.00648567652600714,0.200374033319406,0.0240943993072256,-0.0257576246019578,0.000332457370976966,-0.4,0.4,0.3,0.2,1000,0.2,"main",0.0242926925690446,-0.0242926925690446,0
119,"unweighted",1000,0,0.0259931950560323,0.00165017973480913,0.0521832651064948,0.0524374996033247,0.92,0.00857904423581089,0.205551221323699,0.0240943993072256,-0.0257576246019578,0.000332457370976966,-0.4,0.4,0.3,0.2,1000,0.2,"main",0.0242926925690446,-0.0242926925690446,0
119,"sensitivity",1000,0,0.0259931950560323,0.00165017973480913,0.0521832651064948,NA,0.979,0.00453420334788814,0.295405474591494,0.0240943993072256,-0.0257576246019578,0.000332457370976966,-0.4,0.4,0.3,0.2,1000,0.2,"main",0.0242926925690446,-0.0242926925690446,0
119,"borrowed",1000,0,0.00192377521978982,0.00161462716383615,0.0510589940970009,0.0511225640121849,0.956,0.00648567652600714,0.200396768522452,0.0240943993072256,-0.0257576246019578,0.000332457370976966,-0.4,0.4,0.3,0.2,1000,0.2,"main",0.0242926925690446,-0.0242926925690446,0
120,"weighted",1000,0,-0.000172344483589298,0.00161460101752745,0.0510581672781218,0.0501374571804602,0.942,0.00739161687318817,0.196535220700242,0.0116985931586458,-0.0365487224272175,-0.0241644341347117,-0.6,0.4,0.3,0.2,1000,0.2,"main",0.0114892590669012,-0.0366639843715915,-0.0251747253046903
120,"unweighted",1000,0,0.0112017683476506,0.00172450642848345,0.0545336815360997,0.0529230604301816,0.935,0.0077958322198467,0.207454584789585,0.0116985931586458,-0.0365487224272175,-0.0241644341347117,-0.6,0.4,0.3,0.2,1000,0.2,"main",0.0114892590669012,-0.0366639843715915,-0.0251747253046903
120,"sensitivity",1000,0,0.0112017683476506,0.00172450642848345,0.0545336815360997,NA,0.98,0.00442718872423573,0.29735883856119,0.0116985931586458,-0.0365487224272175,-0.0241644341347117,-0.6,0.4,0.3,0.2,1000,0.2,"main",0.0114892590669012,-0.0366639843715915,-0.0251747253046903
120,"borrowed",1000,0,-7.25189323501325e-05,0.00162247494454277,0.0513071627131052,0.05013546448401,0.942,0.00739161687318817,0.196527409473693,0.0116985931586458,-0.0365487224272175,-0.0241644341347117,-0.6,0.4,0.3,0.2,1000,0.2,"main",0.0114892590669012,-0.0366639843715915,-0.0251747253046903
121,"sensitivity",1000,0,-0.00159489363012229,0.00163289974018015,0.0516368236966643,NA,0.999,0.000999499874937461,0.39010067776414,2.84658172653243e-05,0.000728294670797075,-0.00149135166237804,0,0,0.6,0.2,1000,0.2,"main",0,0,0
121,"borrowed",1000,0,-0.00095388996991107,0.00165633325837395,0.0523778566074985,0.0522063579418403,0.945,0.00720936890441875,0.204645162660027,2.84658172653243e-05,0.000728294670797075,-0.00149135166237804,0,0,0.6,0.2,1000,0.2,"main",0,0,0
121,"weighted",1000,0,-0.00160641406602943,0.00160594317089333,0.0507843821281596,0.0522192673452682,0.958,0.00634318531969546,0.204695766591588,2.84658172653243e-05,0.000728294670797075,-0.00149135166237804,0,0,0.6,0.2,1000,0.2,"main",0,0,0
121,"unweighted",1000,0,-0.00159489363012229,0.00163289974018015,0.0516368236966643,0.0522140138500096,0.951,0.00682634602111555,0.204675173268589,2.84658172653243e-05,0.000728294670797075,-0.00149135166237804,0,0,0.6,0.2,1000,0.2,"main",0,0,0
122,"sensitivity",1000,0,-0.0284364854942559,0.00176495786934627,0.0558128684137209,NA,0.999,0.000999499874937461,0.395549698403072,-0.0266715437682657,-0.0241482657539949,-0.0528335794876104,-0.2,0,0.6,0.2,1000,0.2,"main",-0.026706927905955,-0.0242926925690446,-0.0509996204749996
122,"borrowed",1000,0,-0.00144521464525413,0.00166927913315004,0.0527872411134562,0.0501146334153634,0.937,0.00768316341099159,0.196445753185079,-0.0266715437682657,-0.0241482657539949,-0.0528335794876104,-0.2,0,0.6,0.2,1000,0.2,"main",-0.026706927905955,-0.0242926925690446,-0.0509996204749996
122,"weighted",1000,0,-0.00175336327118625,0.00164845738692886,0.0521287996842468,0.0501158607270628,0.94,0.00750999334220744,0.196450564158537,-0.0266715437682657,-0.0241482657539949,-0.0528335794876104,-0.2,0,0.6,0.2,1000,0.2,"main",-0.026706927905955,-0.0242926925690446,-0.0509996204749996
122,"unweighted",1000,0,-0.0284364854942559,0.00176495786934627,0.0558128684137209,0.053209655577993,0.909,0.00909499862561837,0.208578017125294,-0.0266715437682657,-0.0241482657539949,-0.0528335794876104,-0.2,0,0.6,0.2,1000,0.2,"main",-0.026706927905955,-0.0242926925690446,-0.0509996204749996
123,"weighted",1000,0,0.000420134238731408,0.00153711293424281,0.0486077789311192,0.0486698709437618,0.948,0.00702111102319284,0.190782388363971,-0.0557713665594605,-0.0484112772126395,-0.103661793115947,-0.4,0,0.6,0.2,1000,0.2,"main",-0.0555503943261307,-0.0491902441907718,-0.104740638516902
123,"unweighted",1000,0,-0.0557437386335139,0.0017799521785221,0.0562870301030847,0.0543041276605005,0.816,0.0122533260790693,0.212868268852892,-0.0557713665594605,-0.0484112772126395,-0.103661793115947,-0.4,0,0.6,0.2,1000,0.2,"main",-0.0555503943261307,-0.0491902441907718,-0.104740638516902
123,"sensitivity",1000,0,-0.0557437386335139,0.0017799521785221,0.0562870301030847,NA,1,0,0.400220391024635,-0.0557713665594605,-0.0484112772126395,-0.103661793115947,-0.4,0,0.6,0.2,1000,0.2,"main",-0.0555503943261307,-0.0491902441907718,-0.104740638516902
123,"borrowed",1000,0,0.000471832820729483,0.00157868552241731,0.049922419599715,0.048671385043955,0.936,0.0077397674383666,0.190788323527667,-0.0557713665594605,-0.0484112772126395,-0.103661793115947,-0.4,0,0.6,0.2,1000,0.2,"main",-0.0555503943261307,-0.0491902441907718,-0.104740638516902
124,"weighted",1000,0,-0.000252047958390413,0.00151026549842973,0.0477587884660741,0.0482722696603576,0.956,0.00648567652600714,0.189223819972613,-0.0865957490605369,-0.0758868795096353,-0.162766637539713,-0.6,0,0.6,0.2,1000,0.2,"main",-0.0868110519607798,-0.0747235461959365,-0.161534598156716
124,"unweighted",1000,0,-0.0875402906091086,0.00174766559878888,0.0552660388049487,0.0555230744358218,0.634,0.0152329905140127,0.217646452410295,-0.0865957490605369,-0.0758868795096353,-0.162766637539713,-0.6,0,0.6,0.2,1000,0.2,"main",-0.0868110519607798,-0.0747235461959365,-0.161534598156716
124,"sensitivity",1000,0,-0.0875402906091086,0.00174766559878888,0.0552660388049487,NA,1,0,0.405537248896352,-0.0865957490605369,-0.0758868795096353,-0.162766637539713,-0.6,0,0.6,0.2,1000,0.2,"main",-0.0868110519607798,-0.0747235461959365,-0.161534598156716
124,"borrowed",1000,0,-0.000720450846061338,0.00152217761661088,0.0481354827181694,0.0482685043520076,0.955,0.00655553201502365,0.189209060235099,-0.0865957490605369,-0.0758868795096353,-0.162766637539713,-0.6,0,0.6,0.2,1000,0.2,"main",-0.0868110519607798,-0.0747235461959365,-0.161534598156716
125,"weighted",1000,0,-0.00094983643247054,0.00162249376299066,0.051307757804679,0.0534946422601668,0.963,0.00596917079668525,0.209695144391563,0.0487712892664983,-0.000580916278609997,0.0475187496545636,0,0.2,0.6,0.2,1000,0.2,"main",0.0485243848656148,0,0.0485243848656148
125,"sensitivity",1000,0,0.0477228852078172,0.00157793445170802,0.0498986686584632,NA,0.987,0.00358203852575597,0.388184473861291,0.0487712892664983,-0.000580916278609997,0.0475187496545636,0,0.2,0.6,0.2,1000,0.2,"main",0.0485243848656148,0,0.0485243848656148
125,"unweighted",1000,0,0.0477228852078172,0.00157793445170802,0.0498986686584632,0.0515438459733417,0.858,0.0110379345894058,0.202048163464859,0.0487712892664983,-0.000580916278609997,0.0475187496545636,0,0.2,0.6,0.2,1000,0.2,"main",0.0485243848656148,0,0.0485243848656148
125,"borrowed",1000,0,-0.00100647118074603,0.00165385709380661,0.0522995534085564,0.0535283248723154,0.954,0.00662449998113065,0.209827177804995,0.0487712892664983,-0.000580916278609997,0.0475187496545636,0,0.2,0.6,0.2,1000,0.2,"main",0.0485243848656148,0,0.0485243848656148
126,"borrowed",1000,0,-0.00223029042708217,0.00159734678948687,0.0505125406793601,0.0511894790752501,0.949,0.00695693898205238,0.200659070749714,0.0238313703965511,-0.0247729846642216,-0.00120142069876591,-0.2,0.2,0.6,0.2,1000,0.2,"main",0.0242926925690446,-0.0242926925690446,0
126,"sensitivity",1000,0,0.0224596766858266,0.00161015951573493,0.050917714659161,NA,0.992,0.00281709069786544,0.39287322258341,0.0238313703965511,-0.0247729846642216,-0.00120142069876591,-0.2,0.2,0.6,0.2,1000,0.2,"main",0.0242926925690446,-0.0242926925690446,0
126,"weighted",1000,0,-0.00127990143654769,0.00155070823245767,0.0490377000094009,0.0511490293021687,0.952,0.00675988165576884,0.200500510552869,0.0238313703965511,-0.0247729846642216,-0.00120142069876591,-0.2,0.2,0.6,0.2,1000,0.2,"main",0.0242926925690446,-0.0242926925690446,0
126,"unweighted",1000,0,0.0224596766858266,0.00161015951573493,0.050917714659161,0.0524859451658773,0.928,0.00817410545564467,0.205741124439327,0.0238313703965511,-0.0247729846642216,-0.00120142069876591,-0.2,0.2,0.6,0.2,1000,0.2,"main",0.0242926925690446,-0.0242926925690446,0
127,"borrowed",1000,0,0.000670261686761941,0.00154170231412439,0.0487529078658546,0.0493656848147112,0.957,0.00641490451994416,0.193509928617979,-0.00176447956170536,-0.0501526147488345,-0.0514547947374884,-0.4,0.2,0.6,0.2,1000,0.2,"main",-0.00180937628422782,-0.0491902441907718,-0.0509996204749996
127,"weighted",1000,0,0.000658511542948529,0.00149860482650215,0.0473900456426824,0.049365522185352,0.957,0.00641490451994416,0.193509291122606,-0.00176447956170536,-0.0501526147488345,-0.0514547947374884,-0.4,0.2,0.6,0.2,1000,0.2,"main",-0.00180937628422782,-0.0491902441907718,-0.0509996204749996
127,"unweighted",1000,0,-0.00118051012144398,0.00163280042443037,0.0516336830568961,0.0535101978869955,0.963,0.00596917079668525,0.209756121328245,-0.00176447956170536,-0.0501526147488345,-0.0514547947374884,-0.4,0.2,0.6,0.2,1000,0.2,"main",-0.00180937628422782,-0.0491902441907718,-0.0509996204749996
127,"sensitivity",1000,0,-0.00118051012144398,0.00163280042443037,0.0516336830568961,NA,1,0,0.395600120151048,-0.00176447956170536,-0.0501526147488345,-0.0514547947374884,-0.4,0.2,0.6,0.2,1000,0.2,"main",-0.00180937628422782,-0.0491902441907718,-0.0509996204749996
128,"borrowed",1000,0,-0.00138640470634896,0.00160513024009589,0.0507586749991595,0.048339977482245,0.939,0.00756828910652864,0.189489229757355,-0.0304736356835864,-0.0749838917775949,-0.107054657316471,-0.6,0.2,0.6,0.2,1000,0.2,"main",-0.0300170923209658,-0.0747235461959365,-0.104740638516902
128,"weighted",1000,0,-0.00150152310046198,0.00157740002148697,0.0498817684909737,0.0483391955434324,0.944,0.00727076337120113,0.189486164613533,-0.0304736356835864,-0.0749838917775949,-0.107054657316471,-0.6,0.2,0.6,0.2,1000,0.2,"main",-0.0300170923209658,-0.0747235461959365,-0.104740638516902
128,"unweighted",1000,0,-0.0325663614865864,0.00182448695331051,0.0576953433372249,0.0546528924934837,0.888,0.00997276290703835,0.214235401876335,-0.0304736356835864,-0.0749838917775949,-0.107054657316471,-0.6,0.2,0.6,0.2,1000,0.2,"main",-0.0300170923209658,-0.0747235461959365,-0.104740638516902
128,"sensitivity",1000,0,-0.0325663614865864,0.00182448695331051,0.0576953433372249,NA,1,0,0.400315505623127,-0.0304736356835864,-0.0749838917775949,-0.107054657316471,-0.6,0.2,0.6,0.2,1000,0.2,"main",-0.0300170923209658,-0.0747235461959365,-0.104740638516902
129,"borrowed",1000,0,-0.00104207104822808,0.00173840806191803,0.0549732897846,0.054927368575542,0.944,0.00727076337120113,0.215311328347239,0.094855222703152,-0.00153897233922047,0.0934535323272284,0,0.4,0.6,0.2,1000,0.2,"main",0.0948027216382826,0,0.0948027216382826
129,"unweighted",1000,0,0.09391267399603,0.0015911402333769,0.0503162721420288,0.0509318919115955,0.557,0.0157083099027235,0.199649347622428,0.094855222703152,-0.00153897233922047,0.0934535323272284,0,0.4,0.6,0.2,1000,0.2,"main",0.0948027216382826,0,0.0948027216382826
129,"sensitivity",1000,0,0.09391267399603,0.0015911402333769,0.0503162721420288,NA,0.861,0.0109397897603199,0.386326296735942,0.094855222703152,-0.00153897233922047,0.0934535323272284,0,0.4,0.6,0.2,1000,0.2,"main",0.0948027216382826,0,0.0948027216382826
129,"weighted",1000,0,-0.00112310643236614,0.00169079246857161,0.0534675525134496,0.0549488297752426,0.954,0.00662449998113065,0.215395454704195,0.094855222703152,-0.00153897233922047,0.0934535323272284,0,0.4,0.6,0.2,1000,0.2,"main",0.0948027216382826,0,0.0948027216382826
130,"sensitivity",1000,0,0.0732484547560493,0.0016811283234644,0.0531619454116778,NA,0.938,0.00762600813007697,0.389279910476503,0.0728330069525485,-0.0252738557158371,0.0470550812382031,-0.2,0.4,0.6,0.2,1000,0.2,"main",0.0728170774346594,-0.0242926925690446,0.0485243848656148
130,"borrowed",1000,0,0.000418942115241342,0.00170487554019307,0.0539128983412003,0.0524593156455501,0.945,0.00720936890441875,0.205636738637793,0.0728330069525485,-0.0252738557158371,0.0470550812382031,-0.2,0.4,0.6,0.2,1000,0.2,"main",0.0728170774346594,-0.0242926925690446,0.0485243848656148
130,"unweighted",1000,0,0.0732484547560493,0.0016811283234644,0.0531619454116778,0.0517935671587691,0.694,0.0145727142289966,0.203027052524088,0.0728330069525485,-0.0252738557158371,0.0470550812382031,-0.2,0.4,0.6,0.2,1000,0.2,"main",0.0728170774346594,-0.0242926925690446,0.0485243848656148
130,"weighted",1000,0,0.000538508563928878,0.00165954727449402,0.0524794927212576,0.0524601441359562,0.951,0.00682634602111555,0.205639986260509,0.0728330069525485,-0.0252738557158371,0.0470550812382031,-0.2,0.4,0.6,0.2,1000,0.2,"main",0.0728170774346594,-0.0242926925690446,0.0485243848656148
131,"borrowed",1000,0,-0.00156364464259423,0.00165434254353279,0.0523149046767987,0.0504197945811082,0.945,0.00720936890441875,0.19764196297376,0.0491190985136608,-0.0495436716019996,-0.00124157981285521,-0.4,0.4,0.6,0.2,1000,0.2,"main",0.0491902441907718,-0.0491902441907718,0
131,"weighted",1000,0,-0.00114930383192921,0.00163223632488088,0.0516158446628613,0.0504214639128014,0.952,0.00675988165576884,0.197648506633753,0.0491190985136608,-0.0495436716019996,-0.00124157981285521,-0.4,0.4,0.6,0.2,1000,0.2,"main",0.0491902441907718,-0.0491902441907718,0
131,"sensitivity",1000,0,0.0472775313442333,0.0017244606171052,0.0545322328531194,NA,0.98,0.00442718872423573,0.392961231773729,0.0491190985136608,-0.0495436716019996,-0.00124157981285521,-0.4,0.4,0.6,0.2,1000,0.2,"main",0.0491902441907718,-0.0491902441907718,0
131,"unweighted",1000,0,0.0472775313442333,0.0017244606171052,0.0545322328531194,0.0527633838888416,0.835,0.0117377595817941,0.206828664249181,0.0491190985136608,-0.0495436716019996,-0.00124157981285521,-0.4,0.4,0.6,0.2,1000,0.2,"main",0.0491902441907718,-0.0491902441907718,0
132,"borrowed",1000,0,-0.00340881321480594,0.00154679911229533,0.0489140827757981,0.04900149859888,0.953,0.00669260786241059,0.192082344884589,0.0236855345785899,-0.0752020131161459,-0.0529390903464467,-0.6,0.4,0.6,0.2,1000,0.2,"main",0.0237239257209369,-0.0747235461959365,-0.0509996204749996
132,"weighted",1000,0,-0.00300450895696194,0.00150521237251455,0.047598994594118,0.048988914378471,0.965,0.00581162627841812,0.192033015647039,0.0236855345785899,-0.0752020131161459,-0.0529390903464467,-0.6,0.4,0.6,0.2,1000,0.2,"main",0.0237239257209369,-0.0747235461959365,-0.0509996204749996
132,"unweighted",1000,0,0.0196369317883574,0.00169502022064766,0.0536012457728777,0.0538285604388999,0.938,0.00762600813007697,0.211004079599763,0.0236855345785899,-0.0752020131161459,-0.0529390903464467,-0.6,0.4,0.6,0.2,1000,0.2,"main",0.0237239257209369,-0.0747235461959365,-0.0509996204749996
132,"sensitivity",1000,0,0.0196369317883574,0.00169502022064766,0.0536012457728777,NA,0.996,0.00199599599197994,0.399438491642524,0.0236855345785899,-0.0752020131161459,-0.0529390903464467,-0.6,0.4,0.6,0.2,1000,0.2,"main",0.0237239257209369,-0.0747235461959365,-0.0509996204749996
133,"weighted",1000,0,0.000409077204260767,0.00159016664251423,0.050285484495677,0.0522645700518641,0.956,0.00648567652600714,0.204873349938249,-0.000145611888771587,-0.000604993759342795,-0.000903314148284387,0,0,1,0.2,1000,0.2,"main",0,0,0
133,"unweighted",1000,0,0.000161597348805226,0.00165420635464199,0.0523105980059295,0.0522501404271949,0.947,0.00708456067798138,0.204816786848924,-0.000145611888771587,-0.000604993759342795,-0.000903314148284387,0,0,1,0.2,1000,0.2,"main",0,0,0
133,"borrowed",1000,0,0.000532054633305212,0.00170964472518764,0.0540637132128558,0.0522663715599504,0.942,0.00739161687318817,0.204880411720183,-0.000145611888771587,-0.000604993759342795,-0.000903314148284387,0,0,1,0.2,1000,0.2,"main",0,0,0
133,"sensitivity",1000,0,0.000161597348805226,0.00165420635464199,0.0523105980059295,NA,1,0,0.533091249705412,-0.000145611888771587,-0.000604993759342795,-0.000903314148284387,0,0,1,0.2,1000,0.2,"main",0,0,0
134,"sensitivity",1000,0,-0.0475149678485254,0.00173205577343903,0.0547724127851192,NA,1,0,0.540179487951753,-0.0458281536889087,-0.0404633894301201,-0.0879740801497003,-0.2,0,1,0.2,1000,0.2,"main",-0.0456821816865169,-0.0408219945202552,-0.0865041762067721
134,"borrowed",1000,0,-0.00203475362152185,0.00161883707734342,0.0511921232513535,0.0491558485206563,0.944,0.00727076337120113,0.192687385459985,-0.0458281536889087,-0.0404633894301201,-0.0879740801497003,-0.2,0,1,0.2,1000,0.2,"main",-0.0456821816865169,-0.0408219945202552,-0.0865041762067721
134,"unweighted",1000,0,-0.0475149678485254,0.00173205577343903,0.0547724127851192,0.0540371783683534,0.853,0.0111978122863352,0.211821846856279,-0.0458281536889087,-0.0404633894301201,-0.0879740801497003,-0.2,0,1,0.2,1000,0.2,"main",-0.0456821816865169,-0.0408219945202552,-0.0865041762067721
134,"weighted",1000,0,-0.00160125493155147,0.00152065876822406,0.0480874525149411,0.0491700093708587,0.961,0.00612200947402077,0.19274289497276,-0.0458281536889087,-0.0404633894301201,-0.0879740801497003,-0.2,0,1,0.2,1000,0.2,"main",-0.0456821816865169,-0.0408219945202552,-0.0865041762067721
135,"sensitivity",1000,0,-0.0975669282357342,0.00185618349849403,0.0586976761046085,NA,1,0,0.548894259485277,-0.0978424181294783,-0.0845492249099536,-0.181622050949019,-0.4,0,1,0.2,1000,0.2,"main",-0.0978244455110198,-0.0833816089390511,-0.181206054450071
135,"weighted",1000,0,0.000708277194913072,0.00150579225505543,0.0476173320901635,0.0483924262973576,0.953,0.00669260786241059,0.18969482533466,-0.0978424181294783,-0.0845492249099536,-0.181622050949019,-0.4,0,1,0.2,1000,0.2,"main",-0.0978244455110198,-0.0833816089390511,-0.181206054450071
135,"unweighted",1000,0,-0.0975669282357342,0.00185618349849403,0.0586976761046085,0.0559858271523092,0.572,0.0156465970741245,0.219460409726421,-0.0978424181294783,-0.0845492249099536,-0.181622050949019,-0.4,0,1,0.2,1000,0.2,"main",-0.0978244455110198,-0.0833816089390511,-0.181206054450071
135,"borrowed",1000,0,0.000781881013512984,0.00161377115681792,0.0510319247782939,0.0483810120750559,0.936,0.0077397674383666,0.189650082405414,-0.0978424181294783,-0.0845492249099536,-0.181622050949019,-0.4,0,1,0.2,1000,0.2,"main",-0.0978244455110198,-0.0833816089390511,-0.181206054450071
136,"weighted",1000,0,-0.000354536469422736,0.00162760726170185,0.051469460832076,0.0514852684895414,0.945,0.00720936890441875,0.201818543947752,-0.157460547879717,-0.128336164736687,-0.285830129614166,-0.6,0,1,0.2,1000,0.2,"main",-0.157990221072566,-0.127833371509885,-0.285823592582451
136,"sensitivity",1000,0,-0.156585644223898,0.00187197491472048,0.0591970445321618,NA,1,0,0.555162504116261,-0.157460547879717,-0.128336164736687,-0.285830129614166,-0.6,0,1,0.2,1000,0.2,"main",-0.157990221072566,-0.127833371509885,-0.285823592582451
136,"unweighted",1000,0,-0.156585644223898,0.00187197491472048,0.0591970445321618,0.0581885839355354,0.231,0.0133281281506444,0.228095057650071,-0.157460547879717,-0.128336164736687,-0.285830129614166,-0.6,0,1,0.2,1000,0.2,"main",-0.157990221072566,-0.127833371509885,-0.285823592582451
136,"borrowed",1000,0,-0.000225485480365857,0.00166156044903038,0.0525431548898812,0.0514776911514456,0.951,0.00682634602111555,0.201788841328219,-0.157460547879717,-0.128336164736687,-0.285830129614166,-0.6,0,1,0.2,1000,0.2,"main",-0.157990221072566,-0.127833371509885,-0.285823592582451
137,"unweighted",1000,0,0.0760210527392782,0.00167977047005472,0.0531190063166457,0.0511379112514736,0.662,0.0149584758581882,0.200456928594987,0.0790553549439626,0.000199241627143201,0.076602247103732,0,0.2,1,0.2,1000,0.2,"main",0.0796133367577931,0,0.0796133367577931
137,"borrowed",1000,0,-0.00357489862043996,0.0017935156351166,0.0567159442609192,0.0544592102241797,0.939,0.00756828910652864,0.213476181331775,0.0790553549439626,0.000199241627143201,0.076602247103732,0,0.2,1,0.2,1000,0.2,"main",0.0796133367577931,0,0.0796133367577931
137,"sensitivity",1000,0,0.0760210527392782,0.00167977047005472,0.0531190063166457,NA,0.984,0.00396787096564392,0.526507427342791,0.0790553549439626,0.000199241627143201,0.076602247103732,0,0.2,1,0.2,1000,0.2,"main",0.0796133367577931,0,0.0796133367577931
137,"weighted",1000,0,-0.00310847097042707,0.00171124894961475,0.0541144432435333,0.0544371279876889,0.951,0.00682634602111555,0.213389620555335,0.0790553549439626,0.000199241627143201,0.076602247103732,0,0.2,1,0.2,1000,0.2,"main",0.0796133367577931,0,0.0796133367577931
138,"unweighted",1000,0,0.041579651779887,0.00168321302339483,0.0532278694118596,0.0526894986869703,0.867,0.0107382959542006,0.206539039579864,0.0409542677910522,-0.0416254865246614,-0.000638666397014057,-0.2,0.2,1,0.2,1000,0.2,"main",0.0408219945202552,-0.0408219945202552,0
138,"borrowed",1000,0,0.000737791082779509,0.00167415580613877,0.0529414550539383,0.0506705889188883,0.934,0.00785136930732467,0.198625058712911,0.0409542677910522,-0.0416254865246614,-0.000638666397014057,-0.2,0.2,1,0.2,1000,0.2,"main",0.0408219945202552,-0.0408219945202552,0
138,"sensitivity",1000,0,0.041579651779887,0.00168321302339483,0.0532278694118596,NA,1,0,0.532412148789661,0.0409542677910522,-0.0416254865246614,-0.000638666397014057,-0.2,0.2,1,0.2,1000,0.2,"main",0.0408219945202552,-0.0408219945202552,0
138,"weighted",1000,0,0.000667714023958352,0.00156330133591371,0.0494359289067132,0.0506812192240161,0.959,0.00627048642451286,0.198666728743301,0.0409542677910522,-0.0416254865246614,-0.000638666397014057,-0.2,0.2,1,0.2,1000,0.2,"main",0.0408219945202552,-0.0408219945202552,0
139,"sensitivity",1000,0,-0.00344997464891634,0.00174460433818275,0.0551692332446815,NA,0.999,0.000999499874937461,0.540474041671877,-0.0032221133637969,-0.0842821593653176,-0.0877328148095664,-0.4,0.2,1,0.2,1000,0.2,"main",-0.00312256726772094,-0.0833816089390511,-0.0865041762067721
139,"weighted",1000,0,-9.06008165813536e-05,0.0015208101865842,0.0480922407839171,0.0484661257523918,0.959,0.00627048642451286,0.189983721889754,-0.0032221133637969,-0.0842821593653176,-0.0877328148095664,-0.4,0.2,1,0.2,1000,0.2,"main",-0.00312256726772094,-0.0833816089390511,-0.0865041762067721
139,"borrowed",1000,0,-0.000557583632060973,0.00162174962161914,0.0512842259883274,0.0484672849594782,0.936,0.0077397674383666,0.189988265898034,-0.0032221133637969,-0.0842821593653176,-0.0877328148095664,-0.4,0.2,1,0.2,1000,0.2,"main",-0.00312256726772094,-0.0833816089390511,-0.0865041762067721
139,"unweighted",1000,0,-0.00344997464891634,0.00174460433818275,0.0551692332446815,0.0544548172672635,0.955,0.00655553201502365,0.213458961257093,-0.0032221133637969,-0.0842821593653176,-0.0877328148095664,-0.4,0.2,1,0.2,1000,0.2,"main",-0.00312256726772094,-0.0833816089390511,-0.0865041762067721
140,"sensitivity",1000,0,-0.0510704408482354,0.00184092602036914,0.0582151922823601,NA,1,0,0.549716581840745,-0.0529286304612226,-0.130192166570296,-0.181484684459468,-0.6,0.2,1,0.2,1000,0.2,"main",-0.0533726829401859,-0.127833371509885,-0.181206054450071
140,"weighted",1000,0,0.00172672760752766,0.00155472169060559,0.0491646166998128,0.0490871541084438,0.948,0.00702111102319284,0.192418108312234,-0.0529286304612226,-0.130192166570296,-0.181484684459468,-0.6,0.2,1,0.2,1000,0.2,"main",-0.0533726829401859,-0.127833371509885,-0.181206054450071
140,"unweighted",1000,0,-0.0510704408482354,0.00184092602036914,0.0582151922823601,0.0565120286373468,0.85,0.0112915897906362,0.221523081644992,-0.0529286304612226,-0.130192166570296,-0.181484684459468,-0.6,0.2,1,0.2,1000,0.2,"main",-0.0533726829401859,-0.127833371509885,-0.181206054450071
140,"borrowed",1000,0,0.00149916556395993,0.00162350295764335,0.0513396713417284,0.0490784101436446,0.94,0.00750999334220744,0.192383832600057,-0.0529286304612226,-0.130192166570296,-0.181484684459468,-0.6,0.2,1,0.2,1000,0.2,"main",-0.0533726829401859,-0.127833371509885,-0.181206054450071
141,"unweighted",1000,0,0.152571509842799,0.00167679890665892,0.0530250372312226,0.0501609625107904,0.158,0.0115341232870123,0.196627359902026,0.152183165216556,0.000511662216685277,0.153125117593963,0,0.4,1,0.2,1000,0.2,"main",0.153353129905974,0,0.153353129905974
141,"weighted",1000,0,0.000666366565197906,0.00180469796029389,0.057069560431888,0.056940821426167,0.952,0.00675988165576884,0.223203918490828,0.152183165216556,0.000511662216685277,0.153125117593963,0,0.4,1,0.2,1000,0.2,"main",0.153353129905974,0,0.153353129905974
141,"sensitivity",1000,0,0.152571509842799,0.00167679890665892,0.0530250372312226,NA,0.706,0.0144070815920505,0.523440962593642,0.152183165216556,0.000511662216685277,0.153125117593963,0,0.4,1,0.2,1000,0.2,"main",0.153353129905974,0,0.153353129905974
141,"borrowed",1000,0,-0.00112169834030659,0.00192151611464082,0.060763674829822,0.0570144103400766,0.93,0.00806845710157772,0.223492381732676,0.152183165216556,0.000511662216685277,0.153125117593963,0,0.4,1,0.2,1000,0.2,"main",0.153353129905974,0,0.153353129905974
142,"borrowed",1000,0,-0.00356407054285311,0.00176894066590702,0.0559388154996114,0.05285530802075,0.931,0.00801492358042171,0.207189000224882,0.119472108896049,-0.0395189880683173,0.0781269182353888,-0.2,0.4,1,0.2,1000,0.2,"main",0.120435331278048,-0.0408219945202552,0.0796133367577931
142,"unweighted",1000,0,0.116871665019844,0.00169103896226738,0.0534753473285244,0.0515364526641089,0.387,0.015402305022301,0.202019182225213,0.119472108896049,-0.0395189880683173,0.0781269182353888,-0.2,0.4,1,0.2,1000,0.2,"main",0.120435331278048,-0.0408219945202552,0.0796133367577931
142,"sensitivity",1000,0,0.116871665019844,0.00169103896226738,0.0534753473285244,NA,0.914,0.00886588969026797,0.533198298416455,0.119472108896049,-0.0395189880683173,0.0781269182353888,-0.2,0.4,1,0.2,1000,0.2,"main",0.120435331278048,-0.0408219945202552,0.0796133367577931
142,"weighted",1000,0,-0.0031069425370875,0.00169377188454689,0.0535617699192391,0.0528158428952506,0.944,0.00727076337120113,0.207034299775634,0.119472108896049,-0.0395189880683173,0.0781269182353888,-0.2,0.4,1,0.2,1000,0.2,"main",0.120435331278048,-0.0408219945202552,0.0796133367577931
143,"weighted",1000,0,-0.00136894374462734,0.0015674190450921,0.0495661423041721,0.0500210151983479,0.944,0.00727076337120113,0.196078776517785,0.0829465098430366,-0.0835275052873454,-0.00193961829684382,-0.4,0.4,1,0.2,1000,0.2,"main",0.0833816089390511,-0.0833816089390511,0
143,"borrowed",1000,0,-0.00232396173396248,0.00166979302075088,0.0528034916662558,0.050053292143233,0.937,0.00768316341099159,0.196205299816797,0.0829465098430366,-0.0835275052873454,-0.00193961829684382,-0.4,0.4,1,0.2,1000,0.2,"main",0.0833816089390511,-0.0833816089390511,0
143,"unweighted",1000,0,0.0812370389938346,0.00173105722421624,0.054740835886121,0.053188844969851,0.664,0.0149366662947259,0.208496441040385,0.0829465098430366,-0.0835275052873454,-0.00193961829684382,-0.4,0.4,1,0.2,1000,0.2,"main",0.0833816089390511,-0.0833816089390511,0
143,"sensitivity",1000,0,0.0812370389938346,0.00173105722421624,0.054740835886121,NA,0.974,0.00503229569878401,0.536114224045616,0.0829465098430366,-0.0835275052873454,-0.00193961829684382,-0.4,0.4,1,0.2,1000,0.2,"main",0.0833816089390511,-0.0833816089390511,0
144,"weighted",1000,0,-0.000783659616315591,0.0015806112092287,0.0499833151635566,0.0491933933846508,0.948,0.00702111102319284,0.192834558622453,0.0406886245317811,-0.128184723158656,-0.0883139615086942,-0.6,0.4,1,0.2,1000,0.2,"main",0.0413291953031131,-0.127833371509885,-0.086504176206772
144,"sensitivity",1000,0,0.0396139396579857,0.00181374694622167,0.0573557144923542,NA,0.997,0.00172945077987204,0.545506369550143,0.0406886245317811,-0.128184723158656,-0.0883139615086942,-0.6,0.4,1,0.2,1000,0.2,"main",0.0413291953031131,-0.127833371509885,-0.086504176206772
144,"borrowed",1000,0,-0.00140466840304167,0.00167499199895704,0.0529678977926261,0.0491973594578949,0.94,0.00750999334220744,0.19285010534389,0.0406886245317811,-0.128184723158656,-0.0883139615086942,-0.6,0.4,1,0.2,1000,0.2,"main",0.0413291953031131,-0.127833371509885,-0.086504176206772
144,"unweighted",1000,0,0.0396139396579857,0.00181374694622167,0.0573557144923542,0.0551054974527273,0.862,0.0109066951914867,0.216009580715018,0.0406886245317811,-0.128184723158656,-0.0883139615086942,-0.6,0.4,1,0.2,1000,0.2,"main",0.0413291953031131,-0.127833371509885,-0.086504176206772
145,"sensitivity",1000,0,-0.00100435536155125,0.00151462251674441,0.0478965694828887,NA,0.999,0.000999499874937461,0.338370163615945,-0.000423186660488342,-0.000238580669746302,-0.00108875273067882,0,0,0.3,0.4,1000,0.2,"main",0,0,0
145,"unweighted",1000,0,-0.00100435536155125,0.00151462251674441,0.0478965694828887,0.0486240078083492,0.954,0.00662449998113065,0.190602608176717,-0.000423186660488342,-0.000238580669746302,-0.00108875273067882,0,0,0.3,0.4,1000,0.2,"main",0,0,0
145,"weighted",1000,0,-0.00050410502726151,0.00149279684159844,0.0472063810335668,0.0486066993835778,0.959,0.00627048642451286,0.190534760398355,-0.000423186660488342,-0.000238580669746302,-0.00108875273067882,0,0,0.3,0.4,1000,0.2,"main",0,0,0
145,"borrowed",1000,0,-0.0012635033503208,0.00152962430908085,0.0483709678105687,0.048628355808121,0.95,0.00689202437604511,0.190619652022633,-0.000423186660488342,-0.000238580669746302,-0.00108875273067882,0,0,0.3,0.4,1000,0.2,"main",0,0,0
146,"unweighted",1000,0,-0.0178419818572165,0.00153166351586892,0.0484354531912725,0.0494301621195114,0.939,0.00756828910652864,0.193762675008437,-0.0153289512298774,-0.0243669649502288,-0.0422445026460718,-0.2,0,0.3,0.4,1000,0.2,"main",-0.0148100890425028,-0.0242926925690446,-0.0391027816115474
146,"borrowed",1000,0,-0.00280598645651757,0.00149590134426141,0.0473045540277372,0.047737532714156,0.952,0.00675988165576884,0.187127689661097,-0.0153289512298774,-0.0243669649502288,-0.0422445026460718,-0.2,0,0.3,0.4,1000,0.2,"main",-0.0148100890425028,-0.0242926925690446,-0.0391027816115474
146,"weighted",1000,0,-0.00239616447295358,0.00147319535304417,0.0465865275399544,0.0477257405790262,0.953,0.00669260786241059,0.187081465340786,-0.0153289512298774,-0.0243669649502288,-0.0422445026460718,-0.2,0,0.3,0.4,1000,0.2,"main",-0.0148100890425028,-0.0242926925690446,-0.0391027816115474
146,"sensitivity",1000,0,-0.0178419818572165,0.00153166351586892,0.0484354531912725,NA,1,0,0.341490254703107,-0.0153289512298774,-0.0243669649502288,-0.0422445026460718,-0.2,0,0.3,0.4,1000,0.2,"main",-0.0148100890425028,-0.0242926925690446,-0.0391027816115474
147,"borrowed",1000,0,0.00164982682570584,0.00153877735899344,0.0486604126631785,0.0469389181742446,0.942,0.00739161687318817,0.183997178189584,-0.0311667559534945,-0.0509341256246577,-0.0810534371078933,-0.4,0,0.3,0.4,1000,0.2,"main",-0.0306067884634864,-0.0491902441907718,-0.0797970326542581
147,"unweighted",1000,0,-0.028631401692455,0.0016251139814165,0.0513906163866068,0.0502415204327484,0.906,0.00922843432007835,0.19694314115344,-0.0311667559534945,-0.0509341256246577,-0.0810534371078933,-0.4,0,0.3,0.4,1000,0.2,"main",-0.0306067884634864,-0.0491902441907718,-0.0797970326542581
147,"weighted",1000,0,0.00218241397393773,0.00150500579061681,0.047592461900916,0.0469312727929737,0.939,0.00756828910652864,0.183967208845706,-0.0311667559534945,-0.0509341256246577,-0.0810534371078933,-0.4,0,0.3,0.4,1000,0.2,"main",-0.0306067884634864,-0.0491902441907718,-0.0797970326542581
147,"sensitivity",1000,0,-0.028631401692455,0.0016251139814165,0.0513906163866068,NA,1,0,0.344128940684034,-0.0311667559534945,-0.0509341256246577,-0.0810534371078933,-0.4,0,0.3,0.4,1000,0.2,"main",-0.0306067884634864,-0.0491902441907718,-0.0797970326542581
148,"weighted",1000,0,0.000708631039868454,0.00148074616835472,0.0468253052856807,0.0462965392944788,0.95,0.00689202437604511,0.181479099252044,-0.0472163691811411,-0.0752232080070968,-0.121221141249142,-0.6,0,0.3,0.4,1000,0.2,"main",-0.0474942677771676,-0.0747235461959365,-0.122217813973104
148,"borrowed",1000,0,0.000676433562547354,0.00149456781601771,0.0472623841619946,0.0462991343993973,0.948,0.00702111102319284,0.181489271876396,-0.0472163691811411,-0.0752232080070968,-0.121221141249142,-0.6,0,0.3,0.4,1000,0.2,"main",-0.0474942677771676,-0.0747235461959365,-0.122217813973104
148,"sensitivity",1000,0,-0.0471244203479391,0.00166111846042429,0.0525291779829304,NA,0.998,0.00141279864099595,0.347538202063625,-0.0472163691811411,-0.0752232080070968,-0.121221141249142,-0.6,0,0.3,0.4,1000,0.2,"main",-0.0474942677771676,-0.0747235461959365,-0.122217813973104
148,"unweighted",1000,0,-0.0471244203479391,0.00166111846042429,0.0525291779829304,0.0510682970933106,0.838,0.0116514376795312,0.200184046109361,-0.0472163691811411,-0.0752232080070968,-0.121221141249142,-0.6,0,0.3,0.4,1000,0.2,"main",-0.0474942677771676,-0.0747235461959365,-0.122217813973104
149,"sensitivity",1000,0,0.0379055956764353,0.0015612002401675,0.049369486425312,NA,0.988,0.00344325427466518,0.335381575115291,0.0375930667978911,-0.000920415854867795,0.0364979860181282,0,0.2,0.3,0.4,1000,0.2,"main",0.0376311197087928,0,0.0376311197087928
149,"borrowed",1000,0,0.000324613696395471,0.00160334854594467,0.0507023328830429,0.0490887723387916,0.942,0.00739161687318817,0.192424451658635,0.0375930667978911,-0.000920415854867795,0.0364979860181282,0,0.2,0.3,0.4,1000,0.2,"main",0.0376311197087928,0,0.0376311197087928
149,"unweighted",1000,0,0.0379055956764353,0.0015612002401675,0.049369486425312,0.0481121164107281,0.871,0.0105999528300837,0.188596030770051,0.0375930667978911,-0.000920415854867795,0.0364979860181282,0,0.2,0.3,0.4,1000,0.2,"main",0.0376311197087928,0,0.0376311197087928
149,"weighted",1000,0,0.000455724700433344,0.00157846439965272,0.049915427083929,0.0490794490300679,0.948,0.00702111102319284,0.192387904960005,0.0375930667978911,-0.000920415854867795,0.0364979860181282,0,0.2,0.3,0.4,1000,0.2,"main",0.0376311197087928,0,0.0376311197087928
150,"unweighted",1000,0,0.0221582854865419,0.00154619751700076,0.0488950586621933,0.0488278487552049,0.918,0.00867617427210864,0.191401650005541,0.0243638429766337,-0.0227735053013772,-0.000589849959028776,-0.2,0.2,0.3,0.4,1000,0.2,"main",0.0242926925690446,-0.0242926925690446,0
150,"sensitivity",1000,0,0.0221582854865419,0.00154619751700076,0.0488950586621933,NA,0.997,0.00172945077987204,0.339097718823123,0.0243638429766337,-0.0227735053013772,-0.000589849959028776,-0.2,0.2,0.3,0.4,1000,0.2,"main",0.0242926925690446,-0.0242926925690446,0
150,"borrowed",1000,0,-0.00221609697860473,0.00153829818579018,0.0486452598760182,0.0480908616665944,0.946,0.00714730718522718,0.188512713704046,0.0243638429766337,-0.0227735053013772,-0.000589849959028776,-0.2,0.2,0.3,0.4,1000,0.2,"main",0.0242926925690446,-0.0242926925690446,0
150,"weighted",1000,0,-0.00227641573194101,0.00151148786558454,0.0477974431095357,0.0480963193266902,0.95,0.00689202437604511,0.188534107338501,0.0243638429766337,-0.0227735053013772,-0.000589849959028776,-0.2,0.2,0.3,0.4,1000,0.2,"main",0.0242926925690446,-0.0242926925690446,0
151,"borrowed",1000,0,0.00181096988114751,0.0015783776060283,0.0499126824285334,0.0472714911528643,0.936,0.0077397674383666,0.185300840310235,0.00995428600175246,-0.050415200605308,-0.0385344243875987,-0.4,0.2,0.3,0.4,1000,0.2,"main",0.0100874625792244,-0.0491902441907718,-0.0391027816115474
151,"unweighted",1000,0,0.0116155253612015,0.00164622874545319,0.0520583238527365,0.0496426558008177,0.927,0.00822623850857729,0.194595634933042,0.00995428600175246,-0.050415200605308,-0.0385344243875987,-0.4,0.2,0.3,0.4,1000,0.2,"main",0.0100874625792244,-0.0491902441907718,-0.0391027816115474
151,"weighted",1000,0,0.00178072541131102,0.00154666396666615,0.0489098090957577,0.0472617160354797,0.944,0.00727076337120113,0.185262522554199,0.00995428600175246,-0.050415200605308,-0.0385344243875987,-0.4,0.2,0.3,0.4,1000,0.2,"main",0.0100874625792244,-0.0491902441907718,-0.0391027816115474
151,"sensitivity",1000,0,0.0116155253612015,0.00164622874545319,0.0520583238527365,NA,0.999,0.000999499874937461,0.342033360906,0.00995428600175246,-0.050415200605308,-0.0385344243875987,-0.4,0.2,0.3,0.4,1000,0.2,"main",0.0100874625792244,-0.0491902441907718,-0.0391027816115474
152,"unweighted",1000,0,-0.00382272670000959,0.00161623014581907,0.0511096848381434,0.0504901410263145,0.953,0.00669260786241059,0.197917715971849,-0.00547258682746774,-0.0753616366928214,-0.0806807712961883,-0.6,0.2,0.3,0.4,1000,0.2,"main",-0.00507348645832147,-0.0747235461959365,-0.079797032654258
152,"weighted",1000,0,0.00127773940313682,0.00148169933549715,0.0468554470772895,0.0465749290931972,0.954,0.00662449998113065,0.182570367210346,-0.00547258682746774,-0.0753616366928214,-0.0806807712961883,-0.6,0.2,0.3,0.4,1000,0.2,"main",-0.00507348645832147,-0.0747235461959365,-0.079797032654258
152,"sensitivity",1000,0,-0.00382272670000959,0.00161623014581907,0.0511096848381434,NA,1,0,0.344961224243446,-0.00547258682746774,-0.0753616366928214,-0.0806807712961883,-0.6,0.2,0.3,0.4,1000,0.2,"main",-0.00507348645832147,-0.0747235461959365,-0.079797032654258
152,"borrowed",1000,0,0.000824520916681537,0.00149030755392778,0.04712766284566,0.0465815369802144,0.954,0.00662449998113065,0.182596269651482,-0.00547258682746774,-0.0753616366928214,-0.0806807712961883,-0.6,0.2,0.3,0.4,1000,0.2,"main",-0.00507348645832147,-0.0747235461959365,-0.079797032654258
153,"weighted",1000,0,0.00128193823206622,0.00160830802116856,0.0508591652601095,0.0495820419379533,0.944,0.00727076337120113,0.194358032956686,0.0732468527962914,-0.00108682672380633,0.0731395539058773,0,0.4,0.3,0.4,1000,0.2,"main",0.0738973455164683,0,0.0738973455164683
153,"sensitivity",1000,0,0.0743745630231287,0.00157270976885159,0.0497334496796795,NA,0.92,0.00857904423581089,0.333830293157049,0.0732468527962914,-0.00108682672380633,0.0731395539058773,0,0.4,0.3,0.4,1000,0.2,"main",0.0738973455164683,0,0.0738973455164683
153,"borrowed",1000,0,0.000372010482161066,0.00163231576786611,0.051618356870636,0.0496079711270408,0.948,0.00702111102319284,0.194459673510206,0.0732468527962914,-0.00108682672380633,0.0731395539058773,0,0.4,0.3,0.4,1000,0.2,"main",0.0738973455164683,0,0.0738973455164683
153,"unweighted",1000,0,0.0743745630231287,0.00157270976885159,0.0497334496796795,0.0476480239272195,0.643,0.0151509405648626,0.186776821663706,0.0732468527962914,-0.00108682672380633,0.0731395539058773,0,0.4,0.3,0.4,1000,0.2,"main",0.0738973455164683,0,0.0738973455164683
154,"sensitivity",1000,0,0.0635824257628482,0.00156124547072421,0.0493709167411023,NA,0.958,0.00634318531969546,0.33621967233339,0.0615150739818823,-0.0241291064266811,0.0383315071189215,-0.2,0.4,0.3,0.4,1000,0.2,"main",0.0619238122778374,-0.0242926925690446,0.0376311197087928
154,"borrowed",1000,0,0.00177216150702814,0.00156856120726912,0.0496022606435389,0.0485673496332394,0.946,0.00714730718522718,0.190380512211428,0.0615150739818823,-0.0241291064266811,0.0383315071189215,-0.2,0.4,0.3,0.4,1000,0.2,"main",0.0619238122778374,-0.0242926925690446,0.0376311197087928
154,"weighted",1000,0,0.00224880191465848,0.00152592396759001,0.0482539527382539,0.0485458179380946,0.952,0.00675988165576884,0.190296109517408,0.0615150739818823,-0.0241291064266811,0.0383315071189215,-0.2,0.4,0.3,0.4,1000,0.2,"main",0.0619238122778374,-0.0242926925690446,0.0376311197087928
154,"unweighted",1000,0,0.0635824257628482,0.00156124547072421,0.0493709167411023,0.0483202422312879,0.731,0.0140228028582021,0.189411868995151,0.0615150739818823,-0.0241291064266811,0.0383315071189215,-0.2,0.4,0.3,0.4,1000,0.2,"main",0.0619238122778374,-0.0242926925690446,0.0376311197087928
155,"borrowed",1000,0,-0.000195401537429888,0.00158064702365962,0.0499844477153046,0.0476866935884887,0.939,0.00756828910652864,0.18692840395047,0.0489072765872419,-0.0502997649110977,-0.00041539667722211,-0.4,0.4,0.3,0.4,1000,0.2,"main",0.0491902441907718,-0.0491902441907718,0
155,"unweighted",1000,0,0.0491250151399448,0.0016117055655927,0.0509666050484283,0.0490966976632285,0.815,0.0122790471943062,0.192455518359559,0.0489072765872419,-0.0502997649110977,-0.00041539667722211,-0.4,0.4,0.3,0.4,1000,0.2,"main",0.0491902441907718,-0.0491902441907718,0
155,"sensitivity",1000,0,0.0491250151399448,0.0016117055655927,0.0509666050484283,NA,0.971,0.00530650544143696,0.33967439480604,0.0489072765872419,-0.0502997649110977,-0.00041539667722211,-0.4,0.4,0.3,0.4,1000,0.2,"main",0.0491902441907718,-0.0491902441907718,0
155,"weighted",1000,0,0.000567239875245982,0.00153931664836176,0.0486774664903967,0.0476818003104149,0.949,0.00695693898205238,0.186909222652888,0.0489072765872419,-0.0502997649110977,-0.00041539667722211,-0.4,0.4,0.3,0.4,1000,0.2,"main",0.0491902441907718,-0.0491902441907718,0
156,"unweighted",1000,0,0.0333639552779886,0.0016331833787252,0.0516457931350103,0.049934985693354,0.889,0.00993373041711924,0.195741547054993,0.0352968359877666,-0.075023667111224,-0.0401516788297633,-0.6,0.4,0.3,0.4,1000,0.2,"main",0.0356207645843892,-0.0747235461959365,-0.0391027816115474
156,"weighted",1000,0,-0.00152129302675992,0.00152504825420754,0.0482262602495931,0.0469408223250789,0.946,0.00714730718522718,0.184004642323697,0.0352968359877666,-0.075023667111224,-0.0401516788297633,-0.6,0.4,0.3,0.4,1000,0.2,"main",0.0356207645843892,-0.0747235461959365,-0.0391027816115474
156,"borrowed",1000,0,-0.0017667837979819,0.00154799668442393,0.0489519533316852,0.0469453471099119,0.942,0.00739161687318817,0.184022379154318,0.0352968359877666,-0.075023667111224,-0.0401516788297633,-0.6,0.4,0.3,0.4,1000,0.2,"main",0.0356207645843892,-0.0747235461959365,-0.0391027816115474
156,"sensitivity",1000,0,0.0333639552779886,0.0016331833787252,0.0516457931350103,NA,0.986,0.00371537346709587,0.343452777063321,0.0352968359877666,-0.075023667111224,-0.0401516788297633,-0.6,0.4,0.3,0.4,1000,0.2,"main",0.0356207645843892,-0.0747235461959365,-0.0391027816115474
157,"weighted",1000,0,0.00104457351848686,0.00156821841337364,0.0495914205487615,0.048624030774493,0.947,0.00708456067798138,0.190602698202347,-0.000330467128588615,-0.00118065836512837,-0.000372888860738926,0,0,0.6,0.4,1000,0.2,"main",0,0,0
157,"sensitivity",1000,0,0.000645136902399204,0.00159350574641068,0.0503910762322443,NA,1,0,0.503989958187915,-0.000330467128588615,-0.00118065836512837,-0.000372888860738926,0,0,0.6,0.4,1000,0.2,"main",0,0,0
157,"borrowed",1000,0,0.000895667353121074,0.00164565013133218,0.052040026467649,0.0486240721099973,0.935,0.0077958322198467,0.190602860234546,-0.000330467128588615,-0.00118065836512837,-0.000372888860738926,0,0,0.6,0.4,1000,0.2,"main",0,0,0
157,"unweighted",1000,0,0.000645136902399204,0.00159350574641068,0.0503910762322443,0.0486257841835627,0.94,0.00750999334220744,0.190609571439601,-0.000330467128588615,-0.00118065836512837,-0.000372888860738926,0,0,0.6,0.4,1000,0.2,"main",0,0,0
158,"sensitivity",1000,0,-0.0314570242034598,0.00163961478134567,0.0518491719433128,NA,1,0,0.509681128292229,-0.0302418504963922,-0.0489810304235505,-0.0815049921777587,-0.2,0,0.6,0.4,1000,0.2,"main",-0.0306067884634864,-0.0491902441907718,-0.0797970326542581
158,"weighted",1000,0,-0.00135045790757246,0.00146509010074663,0.0463302169572491,0.0469626987184469,0.955,0.00655553201502365,0.184090396209922,-0.0302418504963922,-0.0489810304235505,-0.0815049921777587,-0.2,0,0.6,0.4,1000,0.2,"main",-0.0306067884634864,-0.0491902441907718,-0.0797970326542581
158,"unweighted",1000,0,-0.0314570242034598,0.00163961478134567,0.0518491719433128,0.0502505364577582,0.902,0.00940191469861325,0.196978483322046,-0.0302418504963922,-0.0489810304235505,-0.0815049921777587,-0.2,0,0.6,0.4,1000,0.2,"main",-0.0306067884634864,-0.0491902441907718,-0.0797970326542581
158,"borrowed",1000,0,-0.0016563115256723,0.00158526262414394,0.0501304058183029,0.0469634492394636,0.939,0.00756828910652864,0.184093338198247,-0.0302418504963922,-0.0489810304235505,-0.0815049921777587,-0.2,0,0.6,0.4,1000,0.2,"main",-0.0306067884634864,-0.0491902441907718,-0.0797970326542581
159,"unweighted",1000,0,-0.0678960340056487,0.00171225691462164,0.0541463178957684,0.0519616725822602,0.742,0.0138360398958662,0.203686013675385,-0.0654046351876839,-0.100088315242124,-0.167056654409657,-0.4,0,0.6,0.4,1000,0.2,"main",-0.065592225642522,-0.100925918589961,-0.166518144232483
159,"weighted",1000,0,-0.00179375883628678,0.00149922415536283,0.0474096305408868,0.0459455113068206,0.939,0.00756828910652864,0.180103094825292,-0.0654046351876839,-0.100088315242124,-0.167056654409657,-0.4,0,0.6,0.4,1000,0.2,"main",-0.065592225642522,-0.100925918589961,-0.166518144232483
159,"borrowed",1000,0,-0.00211047163379923,0.00153399124599155,0.0485090624809293,0.0459428843325913,0.935,0.0077958322198467,0.180092797275537,-0.0654046351876839,-0.100088315242124,-0.167056654409657,-0.4,0,0.6,0.4,1000,0.2,"main",-0.065592225642522,-0.100925918589961,-0.166518144232483
159,"sensitivity",1000,0,-0.0678960340056487,0.00171225691462164,0.0541463178957684,NA,1,0,0.517684257811494,-0.0654046351876839,-0.100088315242124,-0.167056654409657,-0.4,0,0.6,0.4,1000,0.2,"main",-0.065592225642522,-0.100925918589961,-0.166518144232483
160,"borrowed",1000,0,-0.000610358247056323,0.00149390269580938,0.0472413512142332,0.0462460391433636,0.953,0.00669260786241059,0.181281142297244,-0.105694932023236,-0.156012395340083,-0.263272736660753,-0.6,0,0.6,0.4,1000,0.2,"main",-0.105995213881445,-0.155484902840395,-0.26148011672184
160,"unweighted",1000,0,-0.106319335703303,0.00172589299744891,0.0545775286967375,0.0540915041605734,0.495,0.0158105977116616,0.212034800048645,-0.105694932023236,-0.156012395340083,-0.263272736660753,-0.6,0,0.6,0.4,1000,0.2,"main",-0.105995213881445,-0.155484902840395,-0.26148011672184
160,"sensitivity",1000,0,-0.106319335703303,0.00172589299744891,0.0545775286967375,NA,1,0,0.525305014862691,-0.105694932023236,-0.156012395340083,-0.263272736660753,-0.6,0,0.6,0.4,1000,0.2,"main",-0.105995213881445,-0.155484902840395,-0.26148011672184
160,"weighted",1000,0,-0.0011948693790069,0.00145598494677042,0.0460422867071355,0.046253985869482,0.953,0.00669260786241059,0.181312292891219,-0.105694932023236,-0.156012395340083,-0.263272736660753,-0.6,0,0.6,0.4,1000,0.2,"main",-0.105995213881445,-0.155484902840395,-0.26148011672184
161,"sensitivity",1000,0,0.0736748526830512,0.00155067776488016,0.0490367365400037,NA,0.997,0.00172945077987204,0.501793330119094,0.0729868575057872,-0.00153787191922788,0.0728456807300543,0,0.2,0.6,0.4,1000,0.2,"main",0.0738973455164683,0,0.0738973455164683
161,"unweighted",1000,0,0.0736748526830512,0.00155067776488016,0.0490367365400037,0.0476910591065213,0.656,0.0150221170279026,0.186945516466705,0.0729868575057872,-0.00153787191922788,0.0728456807300543,0,0.2,0.6,0.4,1000,0.2,"main",0.0738973455164683,0,0.0738973455164683
161,"weighted",1000,0,0.000457229003468588,0.00152474814087716,0.048216769832791,0.0496625009854358,0.96,0.00619677335393187,0.194673426627278,0.0729868575057872,-0.00153787191922788,0.0728456807300543,0,0.2,0.6,0.4,1000,0.2,"main",0.0738973455164683,0,0.0738973455164683
161,"borrowed",1000,0,-0.000489960897210093,0.00166729279595842,0.05272442761619,0.0496763549672778,0.938,0.00762600813007697,0.194727733238184,0.0729868575057872,-0.00153787191922788,0.0728456807300543,0,0.2,0.6,0.4,1000,0.2,"main",0.0738973455164683,0,0.0738973455164683
162,"sensitivity",1000,0,0.048785490029816,0.00153517378680468,0.0485464577048853,NA,0.998,0.00141279864099595,0.507662596176589,0.049563732310732,-0.050948953151077,-0.00148736790551002,-0.2,0.2,0.6,0.4,1000,0.2,"main",0.0491902441907718,-0.0491902441907718,0
162,"weighted",1000,0,-0.00089775130194566,0.00143108091703696,0.0452547521383925,0.0477422038573715,0.964,0.00589101010014412,0.187146000206035,0.049563732310732,-0.050948953151077,-0.00148736790551002,-0.2,0.2,0.6,0.4,1000,0.2,"main",0.0491902441907718,-0.0491902441907718,0
162,"borrowed",1000,0,-0.000940722140932046,0.0015662724175116,0.0495298827563485,0.0477818271429941,0.937,0.00768316341099159,0.187301320631574,0.049563732310732,-0.050948953151077,-0.00148736790551002,-0.2,0.2,0.6,0.4,1000,0.2,"main",0.0491902441907718,-0.0491902441907718,0
162,"unweighted",1000,0,0.048785490029816,0.00153517378680468,0.0485464577048853,0.0491753333239019,0.834,0.0117662228433767,0.1927637644852,0.049563732310732,-0.050948953151077,-0.00148736790551002,-0.2,0.2,0.6,0.4,1000,0.2,"main",0.0491902441907718,-0.0491902441907718,0
163,"weighted",1000,0,0.000698273233480363,0.00143678802069981,0.0454352266025655,0.046373955916711,0.958,0.00634318531969546,0.181782566834804,0.0210994234319583,-0.100487996636723,-0.0791589420493793,-0.4,0.2,0.6,0.4,1000,0.2,"main",0.0211288859357025,-0.100925918589961,-0.0797970326542581
163,"borrowed",1000,0,-0.000203611168170464,0.00153325610440701,0.0484858152628308,0.0463624369808623,0.947,0.00708456067798138,0.181737413435996,0.0210994234319583,-0.100487996636723,-0.0791589420493793,-0.4,0.2,0.6,0.4,1000,0.2,"main",0.0211288859357025,-0.100925918589961,-0.0797970326542581
163,"sensitivity",1000,0,0.0216914570684813,0.00163416410732476,0.0516768064964208,NA,1,0,0.511677395631595,0.0210994234319583,-0.100487996636723,-0.0791589420493793,-0.4,0.2,0.6,0.4,1000,0.2,"main",0.0211288859357025,-0.100925918589961,-0.0797970326542581
163,"unweighted",1000,0,0.0216914570684813,0.00163416410732476,0.0516768064964208,0.0508170097793187,0.932,0.00796090447122687,0.199199017938969,0.0210994234319583,-0.100487996636723,-0.0791589420493793,-0.4,0.2,0.6,0.4,1000,0.2,"main",0.0211288859357025,-0.100925918589961,-0.0797970326542581
164,"borrowed",1000,0,0.000274708870580463,0.00155283893797834,0.049105078834085,0.045816281691973,0.93,0.00806845710157772,0.179596524043618,-0.0106300055293488,-0.156618989851604,-0.166564796096123,-0.6,0.2,0.6,0.4,1000,0.2,"main",-0.0110332413920876,-0.155484902840395,-0.166518144232483
164,"unweighted",1000,0,-0.00930637742242925,0.00180449758784152,0.0570632240985898,0.0526363152495971,0.929,0.00812151463706124,0.206330564336213,-0.0106300055293488,-0.156618989851604,-0.166564796096123,-0.6,0.2,0.6,0.4,1000,0.2,"main",-0.0110332413920876,-0.155484902840395,-0.166518144232483
164,"sensitivity",1000,0,-0.00930637742242925,0.00180449758784152,0.0570632240985898,NA,1,0,0.520681045745346,-0.0106300055293488,-0.156618989851604,-0.166564796096123,-0.6,0.2,0.6,0.4,1000,0.2,"main",-0.0110332413920876,-0.155484902840395,-0.166518144232483
164,"weighted",1000,0,0.000708060848737302,0.00148104499351792,0.0468347549670595,0.0458129163356956,0.942,0.00739161687318817,0.17958333208942,-0.0106300055293488,-0.156618989851604,-0.166564796096123,-0.6,0.2,0.6,0.4,1000,0.2,"main",-0.0110332413920876,-0.155484902840395,-0.166518144232483
165,"unweighted",1000,0,0.140020914601579,0.00153353751971558,0.0484947143962662,0.0468539558322976,0.169,0.0118506961820815,0.183664131929067,0.141943899876571,9.79883418432137e-05,0.139554584667758,0,0.4,0.6,0.4,1000,0.2,"main",0.142707638025705,0,0.142707638025705
165,"weighted",1000,0,-0.00214181384829648,0.00156522203825889,0.0494966668478929,0.050755981121606,0.953,0.00669260786241059,0.198959789996685,0.141943899876571,9.79883418432137e-05,0.139554584667758,0,0.4,0.6,0.4,1000,0.2,"main",0.142707638025705,0,0.142707638025705
165,"borrowed",1000,0,-0.00266171172595381,0.00168968786877858,0.0534326220009601,0.0507786337151773,0.935,0.0077958322198467,0.199048586531797,0.141943899876571,9.79883418432137e-05,0.139554584667758,0,0.4,0.6,0.4,1000,0.2,"main",0.142707638025705,0,0.142707638025705
165,"sensitivity",1000,0,0.140020914601579,0.00153353751971558,0.0484947143962662,NA,0.881,0.0102390917565964,0.49836603970804,0.141943899876571,9.79883418432137e-05,0.139554584667758,0,0.4,0.6,0.4,1000,0.2,"main",0.142707638025705,0,0.142707638025705
166,"weighted",1000,0,0.00167153646251672,0.00152506936553906,0.0482269278485132,0.0487448586116903,0.949,0.00695693898205238,0.19107633462082,0.122554930706805,-0.0498948104192393,0.0724599534107969,-0.2,0.4,0.6,0.4,1000,0.2,"main",0.12308758970724,-0.0491902441907718,0.0738973455164683
166,"sensitivity",1000,0,0.123970068071881,0.00162569093023612,0.0514088611102404,NA,0.929,0.00812151463706124,0.501377832470892,0.122554930706805,-0.0498948104192393,0.0724599534107969,-0.2,0.4,0.6,0.4,1000,0.2,"main",0.12308758970724,-0.0491902441907718,0.0738973455164683
166,"borrowed",1000,0,0.000773368125116819,0.00166124756886362,0.0525332607502645,0.0487633667457745,0.929,0.00812151463706124,0.191148885173272,0.122554930706805,-0.0498948104192393,0.0724599534107969,-0.2,0.4,0.6,0.4,1000,0.2,"main",0.12308758970724,-0.0491902441907718,0.0738973455164683
166,"unweighted",1000,0,0.123970068071881,0.00162569093023612,0.0514088611102404,0.0482060345582514,0.283,0.0142446832186609,0.188964183143332,0.122554930706805,-0.0498948104192393,0.0724599534107969,-0.2,0.4,0.6,0.4,1000,0.2,"main",0.12308758970724,-0.0491902441907718,0.0738973455164683
167,"sensitivity",1000,0,0.0993349673175591,0.00166054246925904,0.052510963542987,NA,0.974,0.00503229569878401,0.507403899893783,0.10051160965383,-0.10221380901458,-0.00251369548221898,-0.4,0.4,0.6,0.4,1000,0.2,"main",0.100925918589961,-0.100925918589961,0
167,"weighted",1000,0,-0.000857193143122653,0.0015140165339298,0.0478774066237177,0.0471369842426723,0.945,0.00720936890441875,0.184773582910939,0.10051160965383,-0.10221380901458,-0.00251369548221898,-0.4,0.4,0.6,0.4,1000,0.2,"main",0.100925918589961,-0.100925918589961,0
167,"unweighted",1000,0,0.0993349673175591,0.00166054246925904,0.052510963542987,0.049722778053658,0.494,0.0158102498398982,0.194909708392896,0.10051160965383,-0.10221380901458,-0.00251369548221898,-0.4,0.4,0.6,0.4,1000,0.2,"main",0.100925918589961,-0.100925918589961,0
167,"borrowed",1000,0,-0.00110302234790152,0.00158744648636381,0.0501994656054105,0.0471564321248847,0.932,0.00796090447122687,0.184849817208363,0.10051160965383,-0.10221380901458,-0.00251369548221898,-0.4,0.4,0.6,0.4,1000,0.2,"main",0.100925918589961,-0.100925918589961,0
168,"unweighted",1000,0,0.0774781552215255,0.00172732091526401,0.0546226834228096,0.0514279468651569,0.661,0.0149692685192029,0.201593847309094,0.075757372853663,-0.155930052340672,-0.0799743429671556,-0.6,0.4,0.6,0.4,1000,0.2,"main",0.0756878701861371,-0.155484902840395,-0.079797032654258
168,"weighted",1000,0,0.00128038514140105,0.00145828719664599,0.0461150902406317,0.0461805110383564,0.957,0.00641490451994416,0.181024276845666,0.075757372853663,-0.155930052340672,-0.0799743429671556,-0.6,0.4,0.6,0.4,1000,0.2,"main",0.0756878701861371,-0.155484902840395,-0.079797032654258
168,"borrowed",1000,0,0.00137580722904597,0.00159119032894052,0.0503178563028459,0.0461921639195546,0.926,0.00827792244467173,0.181069955300595,0.075757372853663,-0.155930052340672,-0.0799743429671556,-0.6,0.4,0.6,0.4,1000,0.2,"main",0.0756878701861371,-0.155484902840395,-0.079797032654258
168,"sensitivity",1000,0,0.0774781552215255,0.00172732091526401,0.0546226834228096,NA,0.995,0.00223047080231955,0.514367816716233,0.075757372853663,-0.155930052340672,-0.0799743429671556,-0.6,0.4,0.6,0.4,1000,0.2,"main",0.0756878701861371,-0.155484902840395,-0.079797032654258
169,"borrowed",1000,0,0.00291547592671113,0.0018231140442696,0.05765192814133,0.0486363835676248,0.899,0.00952885092757778,0.190651120261641,0.000574881256685803,-0.00217676332153405,0.00120344824355272,0,0,1,0.4,1000,0.2,"main",0,0,0
169,"unweighted",1000,0,0.00262147710316238,0.00173619850812613,0.0549034175586494,0.0486242783683693,0.909,0.00909499862561837,0.190603668752508,0.000574881256685803,-0.00217676332153405,0.00120344824355272,0,0,1,0.4,1000,0.2,"main",0,0,0
169,"sensitivity",1000,0,0.00262147710316238,0.00173619850812613,0.0549034175586494,NA,1,0,0.765224949108868,0.000574881256685803,-0.00217676332153405,0.00120344824355272,0,0,1,0.4,1000,0.2,"main",0,0,0
169,"weighted",1000,0,0.00228748506582058,0.00155879011458371,0.0492932715623939,0.0486503330720579,0.945,0.00720936890441875,0.190705801314223,0.000574881256685803,-0.00217676332153405,0.00120344824355272,0,0,1,0.4,1000,0.2,"main",0,0,0
170,"sensitivity",1000,0,-0.0563206405943924,0.00174284940317662,0.0551137373270323,NA,1,0,0.778984667515486,-0.0532432156937265,-0.0836493878801021,-0.138760901758447,-0.2,0,1,0.4,1000,0.2,"main",-0.0533860091391142,-0.0833816089390511,-0.136767618078165
170,"borrowed",1000,0,-0.00244834883976599,0.00168946393437668,0.0534255405733956,0.0462331037473956,0.914,0.00886588969026797,0.181230436476798,-0.0532432156937265,-0.0836493878801021,-0.138760901758447,-0.2,0,1,0.4,1000,0.2,"main",-0.0533860091391142,-0.0833816089390511,-0.136767618078165
170,"weighted",1000,0,-0.00233206912663225,0.00142503229185466,0.0450634778155054,0.0462371251762206,0.954,0.00662449998113065,0.181246200188125,-0.0532432156937265,-0.0836493878801021,-0.138760901758447,-0.2,0,1,0.4,1000,0.2,"main",-0.0533860091391142,-0.0833816089390511,-0.136767618078165
170,"unweighted",1000,0,-0.0563206405943924,0.00174284940317662,0.0551137373270323,0.0514573143769002,0.803,0.0125774003673255,0.201708965839759,-0.0532432156937265,-0.0836493878801021,-0.138760901758447,-0.2,0,1,0.4,1000,0.2,"main",-0.0533860091391142,-0.0833816089390511,-0.136767618078165
171,"sensitivity",1000,0,-0.1171204232878,0.00187903903569949,0.0594204316517685,NA,1,0,0.790281253835629,-0.119622946135572,-0.17458050392982,-0.292443113622509,-0.4,0,1,0.4,1000,0.2,"main",-0.120896234327316,-0.174353387144778,-0.295249621472094
171,"weighted",1000,0,0.00208300370761997,0.00150061121011232,0.0474534930633644,0.0467381310925757,0.954,0.00662449998113065,0.18321010729232,-0.119622946135572,-0.17458050392982,-0.292443113622509,-0.4,0,1,0.4,1000,0.2,"main",-0.120896234327316,-0.174353387144778,-0.295249621472094
171,"unweighted",1000,0,-0.1171204232878,0.00187903903569949,0.0594204316517685,0.0548046368643608,0.437,0.0156853753541316,0.214830228879887,-0.119622946135572,-0.17458050392982,-0.292443113622509,-0.4,0,1,0.4,1000,0.2,"main",-0.120896234327316,-0.174353387144778,-0.295249621472094
171,"borrowed",1000,0,0.00261507634487817,0.00164664863133997,0.0520716018103323,0.0467227275754109,0.917,0.00872416185085994,0.183149726614564,-0.119622946135572,-0.17458050392982,-0.292443113622509,-0.4,0,1,0.4,1000,0.2,"main",-0.120896234327316,-0.174353387144778,-0.295249621472094
172,"weighted",1000,0,0.000251186839083511,0.00171049861114495,0.0540907154577273,0.0534918052626149,0.95,0.00689202437604511,0.20968402356551,-0.208547818912875,-0.274845058992473,-0.484206228936375,-0.6,0,1,0.4,1000,0.2,"main",-0.209229876933578,-0.27443684570176,-0.483666722635338
172,"unweighted",1000,0,-0.21029484365342,0.00211737605173128,0.0669573098656537,0.059173973187887,0.072,0.00817410545564467,0.231957712540795,-0.208547818912875,-0.274845058992473,-0.484206228936375,-0.6,0,1,0.4,1000,0.2,"main",-0.209229876933578,-0.27443684570176,-0.483666722635338
172,"borrowed",1000,0,-9.76032690842e-05,0.0017423465874155,0.0550978368965466,0.0534537227586398,0.942,0.00739161687318817,0.209534742893046,-0.208547818912875,-0.274845058992473,-0.484206228936375,-0.6,0,1,0.4,1000,0.2,"main",-0.209229876933578,-0.27443684570176,-0.483666722635338
172,"sensitivity",1000,0,-0.21029484365342,0.00211737605173128,0.0669573098656537,NA,1,0,0.806818761482494,-0.208547818912875,-0.274845058992473,-0.484206228936375,-0.6,0,1,0.4,1000,0.2,"main",-0.209229876933578,-0.27443684570176,-0.483666722635338
173,"unweighted",1000,0,0.121079486843363,0.00176265289739012,0.0557399788004784,0.0471753044926336,0.306,0.0145727142289966,0.184923795530545,0.119677803027819,-0.000744978447859201,0.118789863396381,0,0.2,1,0.4,1000,0.2,"main",0.12029287910071,0,0.12029287910071
173,"borrowed",1000,0,0.000704557170145082,0.00193385201981796,0.0611537704034182,0.050503335368454,0.889,0.00993373041711924,0.197969436842636,0.119677803027819,-0.000744978447859201,0.118789863396381,0,0.2,1,0.4,1000,0.2,"main",0.12029287910071,0,0.12029287910071
173,"sensitivity",1000,0,0.121079486843363,0.00176265289739012,0.0557399788004784,NA,0.994,0.00244213021765835,0.759518474272473,0.119677803027819,-0.000744978447859201,0.118789863396381,0,0.2,1,0.4,1000,0.2,"main",0.12029287910071,0,0.12029287910071
173,"weighted",1000,0,0.00136832504936271,0.0016255122213341,0.0514032098385551,0.0504635061011264,0.942,0.00739161687318817,0.19781330898365,0.119677803027819,-0.000744978447859201,0.118789863396381,0,0.2,1,0.4,1000,0.2,"main",0.12029287910071,0,0.12029287910071
174,"borrowed",1000,0,-0.000276887053820247,0.00181431440109576,0.0573736589910688,0.0473707786016845,0.904,0.00931579304192617,0.185690039957845,0.0839882277104101,-0.0847844986324337,-0.00175850467674241,-0.2,0.2,1,0.4,1000,0.2,"main",0.0833816089390511,-0.0833816089390511,0
174,"weighted",1000,0,-0.000875878423460679,0.00153337496694896,0.0484895740264411,0.0473778411043254,0.948,0.00702111102319284,0.185717724459478,0.0839882277104101,-0.0847844986324337,-0.00175850467674241,-0.2,0.2,1,0.4,1000,0.2,"main",0.0833816089390511,-0.0833816089390511,0
174,"unweighted",1000,0,0.083269857665251,0.00177234812657795,0.0560465688671872,0.0496039422825655,0.612,0.0154096073927923,0.194443880730064,0.0839882277104101,-0.0847844986324337,-0.00175850467674241,-0.2,0.2,1,0.4,1000,0.2,"main",0.0833816089390511,-0.0833816089390511,0
174,"sensitivity",1000,0,0.083269857665251,0.00177234812657795,0.0560465688671872,NA,1,0,0.771878483150724,0.0839882277104101,-0.0847844986324337,-0.00175850467674241,-0.2,0.2,1,0.4,1000,0.2,"main",0.0833816089390511,-0.0833816089390511,0
175,"borrowed",1000,0,0.000377094372346301,0.00163919743660148,0.0518359743437014,0.045950906385928,0.917,0.00872416185085994,0.180124243146781,0.0373006025477134,-0.173978219402972,-0.137697511958078,-0.4,0.2,1,0.4,1000,0.2,"main",0.0375857690666125,-0.174353387144778,-0.136767618078165
175,"sensitivity",1000,0,0.0384257924544612,0.00177753157241851,0.0562104838170304,NA,1,0,0.779266332729393,0.0373006025477134,-0.173978219402972,-0.137697511958078,-0.4,0.2,1,0.4,1000,0.2,"main",0.0375857690666125,-0.174353387144778,-0.136767618078165
175,"weighted",1000,0,-0.000231653401381554,0.00144628823557642,0.0457356497752767,0.0459752368642117,0.948,0.00702111102319284,0.180219616869106,0.0373006025477134,-0.173978219402972,-0.137697511958078,-0.4,0.2,1,0.4,1000,0.2,"main",0.0375857690666125,-0.174353387144778,-0.136767618078165
175,"unweighted",1000,0,0.0384257924544612,0.00177753157241851,0.0562104838170304,0.0524568603362432,0.863,0.0108734079294396,0.205627114002168,0.0373006025477134,-0.173978219402972,-0.137697511958078,-0.4,0.2,1,0.4,1000,0.2,"main",0.0375857690666125,-0.174353387144778,-0.136767618078165
176,"sensitivity",1000,0,-0.0199994907353919,0.00197718627397791,0.0625241198419191,NA,1,0,0.797405145639996,-0.0226155041940944,-0.276459960242532,-0.296500393480641,-0.6,0.2,1,0.4,1000,0.2,"main",-0.0208127757703333,-0.27443684570176,-0.295249621472094
176,"unweighted",1000,0,-0.0199994907353919,0.00197718627397791,0.0625241198419191,0.05610563786167,0.908,0.00913980306133562,0.21993005907704,-0.0226155041940944,-0.276459960242532,-0.296500393480641,-0.6,0.2,1,0.4,1000,0.2,"main",-0.0208127757703333,-0.27443684570176,-0.295249621472094
176,"weighted",1000,0,0.00295391964719403,0.00157148104769479,0.0496945941050325,0.048478753453434,0.946,0.00714730718522718,0.190033221568255,-0.0226155041940944,-0.276459960242532,-0.296500393480641,-0.6,0.2,1,0.4,1000,0.2,"main",-0.0208127757703333,-0.27443684570176,-0.295249621472094
176,"borrowed",1000,0,0.00214742189400402,0.0017106224150518,0.054094630481016,0.0484593135213559,0.919,0.00862780389206894,0.189957018434785,-0.0226155041940944,-0.276459960242532,-0.296500393480641,-0.6,0.2,1,0.4,1000,0.2,"main",-0.0208127757703333,-0.27443684570176,-0.295249621472094
177,"unweighted",1000,0,0.226868989845128,0.00174576744333921,0.0552060138592086,0.0458958731116068,0.004,0.00199599599197994,0.179908516675539,0.227485212044025,0.00111275878281658,0.226789028079573,0,0.4,1,0.4,1000,0.2,"main",0.227656743850562,0,0.227656743850562
177,"borrowed",1000,0,-0.000420785319007085,0.0019661545467014,0.0621752659947232,0.0523385782361633,0.895,0.00969407035254026,0.205163456689824,0.227485212044025,0.00111275878281658,0.226789028079573,0,0.4,1,0.4,1000,0.2,"main",0.227656743850562,0,0.227656743850562
177,"sensitivity",1000,0,0.226868989845128,0.00174576744333921,0.0552060138592086,NA,0.765,0.0134080199880519,0.754713101225605,0.227485212044025,0.00111275878281658,0.226789028079573,0,0.4,1,0.4,1000,0.2,"main",0.227656743850562,0,0.227656743850562
177,"weighted",1000,0,-0.000318530353556987,0.00162915653414481,0.0515184531284348,0.0523608387443409,0.947,0.00708456067798138,0.205250716278435,0.227485212044025,0.00111275878281658,0.226789028079573,0,0.4,1,0.4,1000,0.2,"main",0.227656743850562,0,0.227656743850562
178,"unweighted",1000,0,0.202622350213434,0.00181241475929779,0.0573135870428685,0.0480596240783054,0.026,0.00503229569878401,0.188390264608025,0.202303602687139,-0.0826917601745886,0.119362619620417,-0.2,0.4,1,0.4,1000,0.2,"main",0.203674488039761,-0.0833816089390511,0.12029287910071
178,"borrowed",1000,0,0.000651421781500322,0.00193900328498264,0.0613166677109371,0.0491605253304073,0.878,0.0103496859855746,0.192705718217335,0.202303602687139,-0.0826917601745886,0.119362619620417,-0.2,0.4,1,0.4,1000,0.2,"main",0.203674488039761,-0.0833816089390511,0.12029287910071
178,"weighted",1000,0,0.000850149603596576,0.00164390094344536,0.0519847122898698,0.0491468904693562,0.934,0.00785136930732467,0.192652270544146,0.202303602687139,-0.0826917601745886,0.119362619620417,-0.2,0.4,1,0.4,1000,0.2,"main",0.203674488039761,-0.0833816089390511,0.12029287910071
178,"sensitivity",1000,0,0.202622350213434,0.00181241475929779,0.0573135870428685,NA,0.885,0.0100883596287999,0.760597098540008,0.202303602687139,-0.0826917601745886,0.119362619620417,-0.2,0.4,1,0.4,1000,0.2,"main",0.203674488039761,-0.0833816089390511,0.12029287910071
179,"weighted",1000,0,-0.000605018567030649,0.00148870836012335,0.0470770918972398,0.0471579450258566,0.957,0.00641490451994416,0.184855747671197,0.174151792894232,-0.17368886340533,-0.000346888207326965,-0.4,0.4,1,0.4,1000,0.2,"main",0.174353387144778,-0.174353387144778,0
179,"borrowed",1000,0,-5.81049559097249e-05,0.00174790551259791,0.0552736255457354,0.0471332419706698,0.913,0.00891240708226459,0.184758913474249,0.174151792894232,-0.17368886340533,-0.000346888207326965,-0.4,0.4,1,0.4,1000,0.2,"main",0.174353387144778,-0.174353387144778,0
179,"sensitivity",1000,0,0.173768590611895,0.00177883901184179,0.0562518286818329,NA,0.972,0.0052168956286282,0.772619943593427,0.174151792894232,-0.17368886340533,-0.000346888207326965,-0.4,0.4,1,0.4,1000,0.2,"main",0.174353387144778,-0.174353387144778,0
179,"unweighted",1000,0,0.173768590611895,0.00177883901184179,0.0562518286818329,0.050630486040548,0.097,0.00935900635751467,0.198467858318464,0.174151792894232,-0.17368886340533,-0.000346888207326965,-0.4,0.4,1,0.4,1000,0.2,"main",0.174353387144778,-0.174353387144778,0
180,"sensitivity",1000,0,0.13867198340992,0.00178958024625466,0.0565914963380974,NA,0.996,0.00199599599197994,0.784646128090712,0.137965131203377,-0.275992948777667,-0.137095075276187,-0.6,0.4,1,0.4,1000,0.2,"main",0.137669227623595,-0.27443684570176,-0.136767618078165
180,"weighted",1000,0,0.00106127082632941,0.00146006551128564,0.0461713254872091,0.047739620552359,0.954,0.00662449998113065,0.187135873836464,0.137965131203377,-0.275992948777667,-0.137095075276187,-0.6,0.4,1,0.4,1000,0.2,"main",0.137669227623595,-0.27443684570176,-0.136767618078165
180,"unweighted",1000,0,0.13867198340992,0.00178958024625466,0.0565914963380974,0.0537055089766465,0.275,0.0141200212464429,0.21052172673124,0.137965131203377,-0.275992948777667,-0.137095075276187,-0.6,0.4,1,0.4,1000,0.2,"main",0.137669227623595,-0.27443684570176,-0.136767618078165
180,"borrowed",1000,0,0.0013524299718574,0.00161148735943193,0.0509597047637531,0.0477251615986254,0.935,0.0077958322198467,0.18707919577932,0.137965131203377,-0.275992948777667,-0.137095075276187,-0.6,0.4,1,0.4,1000,0.2,"main",0.137669227623595,-0.27443684570176,-0.136767618078165
181,"unweighted",1000,0,0.000381771633967381,0.00136986883337539,0.0433190560914391,0.0414484589663964,0.935,0.0077958322198467,0.162474973577646,-9.3090987650242e-05,-0.00117939510420206,-0.000196639579047142,0,0,0.3,0.8,1000,0.2,"main",0,0,0
181,"sensitivity",1000,0,0.000381771633967381,0.00136986883337539,0.0433190560914391,NA,1,0,0.441314302829361,-9.3090987650242e-05,-0.00117939510420206,-0.000196639579047142,0,0,0.3,0.8,1000,0.2,"main",0,0,0
181,"weighted",1000,0,0.000522678370167923,0.00130918408730865,0.0414000359234409,0.0414344436885401,0.952,0.00675988165576884,0.162420034697983,-9.3090987650242e-05,-0.00117939510420206,-0.000196639579047142,0,0,0.3,0.8,1000,0.2,"main",0,0,0
181,"borrowed",1000,0,0.00103406595732898,0.00140029065535708,0.0442810785717824,0.0414412461799175,0.935,0.0077958322198467,0.162446699974193,-9.3090987650242e-05,-0.00117939510420206,-0.000196639579047142,0,0,0.3,0.8,1000,0.2,"main",0,0,0
182,"borrowed",1000,0,0.000588517934633306,0.00139499759878798,0.0441136974263576,0.0408377107180311,0.933,0.00790638982089803,0.160080884436813,-0.0201881539827483,-0.049922377824534,-0.0701708227236547,-0.2,0,0.3,0.8,1000,0.2,"main",-0.0205782535184219,-0.0491902441907718,-0.0697684977091937
182,"unweighted",1000,0,-0.0200338912471449,0.00140501357358336,0.0444304303597599,0.0426812286020599,0.916,0.00877177291087725,0.167307341751916,-0.0201881539827483,-0.049922377824534,-0.0701708227236547,-0.2,0,0.3,0.8,1000,0.2,"main",-0.0205782535184219,-0.0491902441907718,-0.0697684977091937
182,"sensitivity",1000,0,-0.0200338912471449,0.00140501357358336,0.0444304303597599,NA,1,0,0.444125730163371,-0.0201881539827483,-0.049922377824534,-0.0701708227236547,-0.2,0,0.3,0.8,1000,0.2,"main",-0.0205782535184219,-0.0491902441907718,-0.0697684977091937
182,"weighted",1000,0,0.000361320939542273,0.00133372934993176,0.0421762252800011,0.0408356241521456,0.94,0.00750999334220744,0.160072705248839,-0.0201881539827483,-0.049922377824534,-0.0701708227236547,-0.2,0,0.3,0.8,1000,0.2,"main",-0.0205782535184219,-0.0491902441907718,-0.0697684977091937
183,"weighted",1000,0,-0.00127261509506317,0.00128097539712963,0.0405079988156834,0.0404309112470553,0.953,0.00669260786241059,0.158486259812728,-0.043818060253911,-0.100580291147843,-0.146083592416744,-0.4,0,0.3,0.8,1000,0.2,"main",-0.0438462527915635,-0.100925918589961,-0.144772171381524
183,"borrowed",1000,0,-0.00143859991736578,0.00131824257608035,0.0416864904902172,0.0404588520306982,0.947,0.00708456067798138,0.158595785672008,-0.043818060253911,-0.100580291147843,-0.146083592416744,-0.4,0,0.3,0.8,1000,0.2,"main",-0.0438462527915635,-0.100925918589961,-0.144772171381524
183,"unweighted",1000,0,-0.0454552104668449,0.00141896860067509,0.0448717270639524,0.0441644857802804,0.819,0.0121753439376471,0.173121603050162,-0.043818060253911,-0.100580291147843,-0.146083592416744,-0.4,0,0.3,0.8,1000,0.2,"main",-0.0438462527915635,-0.100925918589961,-0.144772171381524
183,"sensitivity",1000,0,-0.0454552104668449,0.00141896860067509,0.0448717270639524,NA,1,0,0.451718744676336,-0.043818060253911,-0.100580291147843,-0.146083592416744,-0.4,0,0.3,0.8,1000,0.2,"main",-0.0438462527915635,-0.100925918589961,-0.144772171381524
184,"weighted",1000,0,0.00045009730891074,0.00135803220993296,0.0429447491926008,0.0402255342884354,0.936,0.0077397674383666,0.157681196928429,-0.0710484202649388,-0.155686946957197,-0.226916859950346,-0.6,0,0.3,0.8,1000,0.2,"main",-0.0703759763242648,-0.155484902840395,-0.22586087916466
184,"sensitivity",1000,0,-0.0704087987355688,0.00156492346418244,0.0494872251065743,NA,1,0,0.456646176199405,-0.0710484202649388,-0.155686946957197,-0.226916859950346,-0.6,0,0.3,0.8,1000,0.2,"main",-0.0703759763242648,-0.155484902840395,-0.22586087916466
184,"borrowed",1000,0,0.000786282182379887,0.00135973581016707,0.0429986217622229,0.0402140759544536,0.936,0.0077397674383666,0.157636281084575,-0.0710484202649388,-0.155686946957197,-0.226916859950346,-0.6,0,0.3,0.8,1000,0.2,"main",-0.0703759763242648,-0.155484902840395,-0.22586087916466
184,"unweighted",1000,0,-0.0704087987355688,0.00156492346418244,0.0494872251065743,0.0456377835054859,0.65,0.0150831031289984,0.178896824009977,-0.0710484202649388,-0.155686946957197,-0.226916859950346,-0.6,0,0.3,0.8,1000,0.2,"main",-0.0703759763242648,-0.155484902840395,-0.22586087916466
185,"sensitivity",1000,0,0.0661266266793919,0.00141014745895836,0.0445927780700723,NA,0.997,0.00172945077987204,0.43677818853632,0.0655736118367407,-0.000265906953852313,0.0648172547820849,0,0.2,0.3,0.8,1000,0.2,"main",0.0652167009358879,0,0.0652167009358879
185,"unweighted",1000,0,0.0661266266793919,0.00141014745895836,0.0445927780700723,0.0407722114717276,0.61,0.0154240072614091,0.159824132109274,0.0655736118367407,-0.000265906953852313,0.0648172547820849,0,0.2,0.3,0.8,1000,0.2,"main",0.0652167009358879,0,0.0652167009358879
185,"weighted",1000,0,0.00079070509584672,0.00135004853739259,0.0426922832993958,0.041783774987406,0.942,0.00739161687318817,0.163789388226882,0.0655736118367407,-0.000265906953852313,0.0648172547820849,0,0.2,0.3,0.8,1000,0.2,"main",0.0652167009358879,0,0.0652167009358879
185,"borrowed",1000,0,0.00115398068366565,0.00146265217131636,0.0462531228595049,0.0417978103180736,0.923,0.00843036179532053,0.163844405712122,0.0655736118367407,-0.000265906953852313,0.0648172547820849,0,0.2,0.3,0.8,1000,0.2,"main",0.0652167009358879,0,0.0652167009358879
186,"unweighted",1000,0,0.0481378418015974,0.00141034756724881,0.0445991060498374,0.0419540271800353,0.768,0.0133482583133531,0.164456764558567,0.048398899989004,-0.0484402541771393,1.52197871808868e-05,-0.2,0.2,0.3,0.8,1000,0.2,"main",0.0491902441907718,-0.0491902441907718,0
186,"borrowed",1000,0,-0.000822948319683727,0.00140173854788889,0.0443268649538589,0.0411454869997988,0.94,0.00750999334220744,0.161287345291933,0.048398899989004,-0.0484402541771393,1.52197871808868e-05,-0.2,0.2,0.3,0.8,1000,0.2,"main",0.0491902441907718,-0.0491902441907718,0
186,"weighted",1000,0,-8.75401353372813e-05,0.00132573240451742,0.0419233396616674,0.0411355667317657,0.951,0.00682634602111555,0.16124845855581,0.048398899989004,-0.0484402541771393,1.52197871808868e-05,-0.2,0.2,0.3,0.8,1000,0.2,"main",0.0491902441907718,-0.0491902441907718,0
186,"sensitivity",1000,0,0.0481378418015974,0.00141034756724881,0.0445991060498374,NA,1,0,0.44190429406458,0.048398899989004,-0.0484402541771393,1.52197871808868e-05,-0.2,0.2,0.3,0.8,1000,0.2,"main",0.0491902441907718,-0.0491902441907718,0
187,"borrowed",1000,0,-0.00218912553553754,0.00143247161478658,0.0452987298626491,0.0406153955422977,0.919,0.00862780389206894,0.159209424961504,0.0308357325274622,-0.101793751944404,-0.0727396198439436,-0.4,0.2,0.3,0.8,1000,0.2,"main",0.0311574208807668,-0.100925918589961,-0.0697684977091937
187,"unweighted",1000,0,0.0288079641504864,0.00149273482093018,0.0472044197678296,0.0432386339851418,0.868,0.0107040179372047,0.169492330703175,0.0308357325274622,-0.101793751944404,-0.0727396198439436,-0.4,0.2,0.3,0.8,1000,0.2,"main",0.0311574208807668,-0.100925918589961,-0.0697684977091937
187,"weighted",1000,0,-0.0017229649848512,0.00139313359746599,0.044054752528967,0.0405841679429372,0.932,0.00796090447122687,0.159087015021364,0.0308357325274622,-0.101793751944404,-0.0727396198439436,-0.4,0.2,0.3,0.8,1000,0.2,"main",0.0311574208807668,-0.100925918589961,-0.0697684977091937
187,"sensitivity",1000,0,0.0288079641504864,0.00149273482093018,0.0472044197678296,NA,1,0,0.447962155094428,0.0308357325274622,-0.101793751944404,-0.0727396198439436,-0.4,0.2,0.3,0.8,1000,0.2,"main",0.0311574208807668,-0.100925918589961,-0.0697684977091937
188,"weighted",1000,0,-0.000405473083242677,0.00129599866659599,0.040983076309845,0.0401998337202222,0.947,0.00708456067798138,0.157580452552269,0.0102800825929356,-0.154844690491689,-0.145020343092077,-0.6,0.2,0.3,0.8,1000,0.2,"main",0.010712731458871,-0.155484902840395,-0.144772171381524
188,"borrowed",1000,0,-0.000991837665634255,0.00131476293280249,0.0415764545081879,0.0402114010196471,0.933,0.00790638982089803,0.157625795532811,0.0102800825929356,-0.154844690491689,-0.145020343092077,-0.6,0.2,0.3,0.8,1000,0.2,"main",0.010712731458871,-0.155484902840395,-0.144772171381524
188,"sensitivity",1000,0,0.00945402425276476,0.00146670844712734,0.0463813935633104,NA,1,0,0.453312080463036,0.0102800825929356,-0.154844690491689,-0.145020343092077,-0.6,0.2,0.3,0.8,1000,0.2,"main",0.010712731458871,-0.155484902840395,-0.144772171381524
188,"unweighted",1000,0,0.00945402425276476,0.00146670844712734,0.0463813935633104,0.0446106948227756,0.929,0.00812151463706124,0.174870710355895,0.0102800825929356,-0.154844690491689,-0.145020343092077,-0.6,0.2,0.3,0.8,1000,0.2,"main",0.010712731458871,-0.155484902840395,-0.144772171381524
189,"sensitivity",1000,0,0.127497162986031,0.00145340700787887,0.0459607651214753,NA,0.876,0.0104222838188182,0.434699251431885,0.126184945138013,-0.00183779212593405,0.125242180077554,0,0.4,0.3,0.8,1000,0.2,"main",0.126439334983572,0,0.126439334983572
189,"borrowed",1000,0,0.00151567224270337,0.00153068660613739,0.0484045605930723,0.0421213815840472,0.917,0.00872416185085994,0.165112781767602,0.126184945138013,-0.00183779212593405,0.125242180077554,0,0.4,0.3,0.8,1000,0.2,"main",0.126439334983572,0,0.126439334983572
189,"unweighted",1000,0,0.127497162986031,0.00145340700787887,0.0459607651214753,0.0401685012717648,0.153,0.0113838042850358,0.157457631611221,0.126184945138013,-0.00183779212593405,0.125242180077554,0,0.4,0.3,0.8,1000,0.2,"main",0.126439334983572,0,0.126439334983572
189,"weighted",1000,0,0.00131162204918783,0.00138693634209327,0.0438587781067718,0.0421203039809458,0.949,0.00695693898205238,0.165108557641066,0.126184945138013,-0.00183779212593405,0.125242180077554,0,0.4,0.3,0.8,1000,0.2,"main",0.126439334983572,0,0.126439334983572
190,"unweighted",1000,0,0.11466913109377,0.00142972619322926,0.0452119120100648,0.0412870871281751,0.224,0.0131842330076497,0.161842407595581,0.114144400803954,-0.049700959714012,0.064416488633073,-0.2,0.4,0.3,0.8,1000,0.2,"main",0.11440694512666,-0.0491902441907718,0.0652167009358879
190,"sensitivity",1000,0,0.11466913109377,0.00142972619322926,0.0452119120100648,NA,0.944,0.00727076337120113,0.439485968386044,0.114144400803954,-0.049700959714012,0.064416488633073,-0.2,0.4,0.3,0.8,1000,0.2,"main",0.11440694512666,-0.0491902441907718,0.0652167009358879
190,"borrowed",1000,0,0.000405138792314216,0.00149397743392194,0.0472437146408703,0.0414945870074146,0.909,0.00909499862561837,0.162655792175792,0.114144400803954,-0.049700959714012,0.064416488633073,-0.2,0.4,0.3,0.8,1000,0.2,"main",0.11440694512666,-0.0491902441907718,0.0652167009358879
190,"weighted",1000,0,0.000564334434212438,0.00135773553811391,0.042935367605943,0.0414550373374605,0.949,0.00695693898205238,0.162500760318371,0.114144400803954,-0.049700959714012,0.064416488633073,-0.2,0.4,0.3,0.8,1000,0.2,"main",0.11440694512666,-0.0491902441907718,0.0652167009358879
191,"borrowed",1000,0,-0.00272245223486394,0.00146152769604816,0.0462175638293044,0.0409315338025747,0.921,0.00852988862764339,0.16044866417006,0.100256589164847,-0.101294304671514,-0.00183310781267176,-0.4,0.4,0.3,0.8,1000,0.2,"main",0.100925918589961,-0.100925918589961,0
191,"unweighted",1000,0,0.0986469072008123,0.00148784884675315,0.0470499116979477,0.0425297929584395,0.383,0.0153724103510152,0.166713724936973,0.100256589164847,-0.101294304671514,-0.00183310781267176,-0.4,0.4,0.3,0.8,1000,0.2,"main",0.100925918589961,-0.100925918589961,0
191,"weighted",1000,0,-0.00162685562990409,0.00139665229903295,0.0441660236425471,0.0409044683884922,0.928,0.00817410545564467,0.160342569696404,0.100256589164847,-0.101294304671514,-0.00183310781267176,-0.4,0.4,0.3,0.8,1000,0.2,"main",0.100925918589961,-0.100925918589961,0
191,"sensitivity",1000,0,0.0986469072008123,0.00148784884675315,0.0470499116979477,NA,0.962,0.00604615580348373,0.445528740109089,0.100256589164847,-0.101294304671514,-0.00183310781267176,-0.4,0.4,0.3,0.8,1000,0.2,"main",0.100925918589961,-0.100925918589961,0
192,"unweighted",1000,0,0.0846862411718189,0.00147961277520501,0.0467894642473054,0.0438645428471701,0.506,0.0158102498398982,0.171945848357535,0.0850909092298935,-0.156793773916428,-0.0722201044865704,-0.6,0.4,0.3,0.8,1000,0.2,"main",0.0857164051312013,-0.155484902840395,-0.0697684977091937
192,"weighted",1000,0,-0.000483806519963431,0.00133969451797236,0.0423648604563405,0.0404437141481307,0.938,0.00762600813007697,0.158536446262738,0.0850909092298935,-0.156793773916428,-0.0722201044865704,-0.6,0.4,0.3,0.8,1000,0.2,"main",0.0857164051312013,-0.155484902840395,-0.0697684977091937
192,"sensitivity",1000,0,0.0846862411718189,0.00147961277520501,0.0467894642473054,NA,0.993,0.00263647491928143,0.450472720386085,0.0850909092298935,-0.156793773916428,-0.0722201044865704,-0.6,0.4,0.3,0.8,1000,0.2,"main",0.0857164051312013,-0.155484902840395,-0.0697684977091937
192,"borrowed",1000,0,-0.00125610973756939,0.00139910590778669,0.0442436135640345,0.0404620384893302,0.929,0.00812151463706124,0.158608276360321,0.0850909092298935,-0.156793773916428,-0.0722201044865704,-0.6,0.4,0.3,0.8,1000,0.2,"main",0.0857164051312013,-0.155484902840395,-0.0697684977091937
193,"weighted",1000,0,0.000798493057327109,0.0013828378269187,0.043729171677008,0.0414596566708701,0.943,0.00733150734842434,0.162518867772602,0.00117487805259784,-0.00201714619666715,-7.13143465678745e-05,0,0,0.6,0.8,1000,0.2,"main",0,0,0
193,"sensitivity",1000,0,0.00167443537506501,0.00159388224503831,0.0504029821642367,NA,1,0,0.795252180274812,0.00117487805259784,-0.00201714619666715,-7.13143465678745e-05,0,0,0.6,0.8,1000,0.2,"main",0,0,0
193,"borrowed",1000,0,0.00215642569775419,0.00170117389794849,0.0537958421354407,0.0414824495956391,0.87,0.0106348483769163,0.162608214395902,0.00117487805259784,-0.00201714619666715,-7.13143465678745e-05,0,0,0.6,0.8,1000,0.2,"main",0,0,0
193,"unweighted",1000,0,0.00167443537506501,0.00159388224503831,0.0504029821642367,0.0414665606053643,0.896,0.00965318600255895,0.162545930698523,0.00117487805259784,-0.00201714619666715,-7.13143465678745e-05,0,0,0.6,0.8,1000,0.2,"main",0,0,0
194,"sensitivity",1000,0,-0.0437730935565186,0.00153087220341315,0.0484104296942613,NA,1,0,0.804837207139884,-0.04351794947065,-0.101231799150363,-0.144551512460833,-0.2,0,0.6,0.8,1000,0.2,"main",-0.0438462527915635,-0.100925918589961,-0.144772171381524
194,"borrowed",1000,0,0.000156801349684082,0.00156361072552234,0.0494457126651895,0.0404218628678483,0.894,0.00973468027209934,0.158450790817999,-0.04351794947065,-0.101231799150363,-0.144551512460833,-0.2,0,0.6,0.8,1000,0.2,"main",-0.0438462527915635,-0.100925918589961,-0.144772171381524
194,"weighted",1000,0,0.00034079059762268,0.00128230124965494,0.0405499259538982,0.0404086304048868,0.941,0.00745110730026082,0.158398920516336,-0.04351794947065,-0.101231799150363,-0.144551512460833,-0.2,0,0.6,0.8,1000,0.2,"main",-0.0438462527915635,-0.100925918589961,-0.144772171381524
194,"unweighted",1000,0,-0.0437730935565186,0.00153087220341315,0.0484104296942613,0.0440993713929575,0.812,0.0123554036761249,0.172866359342105,-0.04351794947065,-0.101231799150363,-0.144551512460833,-0.2,0,0.6,0.8,1000,0.2,"main",-0.0438462527915635,-0.100925918589961,-0.144772171381524
195,"borrowed",1000,0,-0.00408339656211049,0.00147506701690082,0.0466457147479669,0.0404073752284798,0.911,0.00900438781928011,0.158394000315233,-0.101864064803221,-0.211321623498065,-0.316319582106403,-0.4,0,0.6,0.8,1000,0.2,"main",-0.100916629893538,-0.213193220461042,-0.31410985035458
195,"unweighted",1000,0,-0.104963076116792,0.00167195346781598,0.0528718110011552,0.0473714505788701,0.388,0.0154096073927923,0.185692674060009,-0.101864064803221,-0.211321623498065,-0.316319582106403,-0.4,0,0.6,0.8,1000,0.2,"main",-0.100916629893538,-0.213193220461042,-0.31410985035458
195,"sensitivity",1000,0,-0.104963076116792,0.00167195346781598,0.0528718110011552,NA,1,0,0.821594803963609,-0.101864064803221,-0.211321623498065,-0.316319582106403,-0.4,0,0.6,0.8,1000,0.2,"main",-0.100916629893538,-0.213193220461042,-0.31410985035458
195,"weighted",1000,0,-0.00308544057832446,0.00133337292524641,0.0421649541418009,0.0404327666231366,0.938,0.00762600813007697,0.158493532753322,-0.101864064803221,-0.211321623498065,-0.316319582106403,-0.4,0,0.6,0.8,1000,0.2,"main",-0.100916629893538,-0.213193220461042,-0.31410985035458
197,"unweighted",1000,0,0.126963495619057,0.00160684902296694,0.0508130276859175,0.0402014484081494,0.176,0.0120425910833176,0.157586782012636,0.126197696586813,-0.000373212803903233,0.125959304677543,0,0.2,0.6,0.8,1000,0.2,"main",0.126439334983572,0,0.126439334983572
197,"weighted",1000,0,0.000847775450988184,0.00141266656137078,0.0446724390828972,0.0421756365562237,0.936,0.0077397674383666,0.165325457350499,0.126197696586813,-0.000373212803903233,0.125959304677543,0,0.2,0.6,0.8,1000,0.2,"main",0.126439334983572,0,0.126439334983572
197,"borrowed",1000,0,0.00030044315973286,0.0017879822199531,0.0565409623093596,0.042195070713918,0.853,0.0111978122863352,0.1654016378488,0.126197696586813,-0.000373212803903233,0.125959304677543,0,0.2,0.6,0.8,1000,0.2,"main",0.126439334983572,0,0.126439334983572
197,"sensitivity",1000,0,0.126963495619057,0.00160684902296694,0.0508130276859175,NA,0.999,0.000999499874937461,0.788033197818875,0.126197696586813,-0.000373212803903233,0.125959304677543,0,0.2,0.6,0.8,1000,0.2,"main",0.126439334983572,0,0.126439334983572
198,"weighted",1000,0,-0.0026236055972835,0.00138526237415791,0.0438058425927136,0.0407915251808884,0.939,0.00756828910652864,0.159899840458,0.100743127883174,-0.0999617482470134,-0.00271288740296383,-0.2,0.2,0.6,0.8,1000,0.2,"main",0.100925918589961,-0.100925918589961,0
198,"sensitivity",1000,0,0.0984225040814623,0.00161679797389547,0.0511276411385513,NA,1,0,0.800342840540408,0.100743127883174,-0.0999617482470134,-0.00271288740296383,-0.2,0.2,0.6,0.8,1000,0.2,"main",0.100925918589961,-0.100925918589961,0
198,"borrowed",1000,0,-0.0018030903295096,0.00166289654228628,0.0525854058684313,0.0408352374115906,0.863,0.0108734079294396,0.16007118925372,0.100743127883174,-0.0999617482470134,-0.00271288740296383,-0.2,0.2,0.6,0.8,1000,0.2,"main",0.100925918589961,-0.100925918589961,0
198,"unweighted",1000,0,0.0984225040814623,0.00161679797389547,0.0511276411385513,0.0424110084148661,0.393,0.015445096309185,0.166248098082325,0.100743127883174,-0.0999617482470134,-0.00271288740296383,-0.2,0.2,0.6,0.8,1000,0.2,"main",0.100925918589961,-0.100925918589961,0
199,"sensitivity",1000,0,0.0689243375776388,0.00166901968536174,0.052779036654007,NA,1,0,0.809966274753743,0.0688258706844408,-0.213531495590376,-0.144093164460499,-0.4,0.2,0.6,0.8,1000,0.2,"main",0.0684210490795176,-0.213193220461042,-0.144772171381524
199,"weighted",1000,0,0.000610953590138268,0.001294614466955,0.040939304073826,0.0401812618248662,0.937,0.00768316341099159,0.157507652060224,0.0688258706844408,-0.213531495590376,-0.144093164460499,-0.4,0.2,0.6,0.8,1000,0.2,"main",0.0684210490795176,-0.213193220461042,-0.144772171381524
199,"unweighted",1000,0,0.0689243375776388,0.00166901968536174,0.052779036654007,0.0452570806894704,0.649,0.0150930116279025,0.17740449639357,0.0688258706844408,-0.213531495590376,-0.144093164460499,-0.4,0.2,0.6,0.8,1000,0.2,"main",0.0684210490795176,-0.213193220461042,-0.144772171381524
199,"borrowed",1000,0,0.00079737809280652,0.00158469600418165,0.0501124877218174,0.0401791475007879,0.884,0.0101264011376204,0.157499364062133,0.0688258706844408,-0.213531495590376,-0.144093164460499,-0.4,0.2,0.6,0.8,1000,0.2,"main",0.0684210490795176,-0.213193220461042,-0.144772171381524
200,"unweighted",1000,0,0.0241461858313793,0.00173710995176948,0.0549322399373681,0.0487733370504332,0.897,0.00961202372032029,0.191187968049364,0.0244855405306242,-0.338985732018022,-0.314904706290369,-0.6,0.2,0.6,0.8,1000,0.2,"main",0.0255675172155815,-0.339677367570161,-0.31410985035458
200,"weighted",1000,0,-0.000155213471594613,0.00133382445734728,0.0421792328405552,0.0409798807982472,0.939,0.00756828910652864,0.160638180910618,0.0244855405306242,-0.338985732018022,-0.314904706290369,-0.6,0.2,0.6,0.8,1000,0.2,"main",0.0255675172155815,-0.339677367570161,-0.31410985035458
200,"borrowed",1000,0,6.77255244661411e-05,0.00142227339863966,0.0449762339516997,0.0409616505322383,0.926,0.00827792244467173,0.160566719581006,0.0244855405306242,-0.338985732018022,-0.314904706290369,-0.6,0.2,0.6,0.8,1000,0.2,"main",0.0255675172155815,-0.339677367570161,-0.31410985035458
200,"sensitivity",1000,0,0.0241461858313793,0.00173710995176948,0.0549322399373681,NA,1,0,0.8247140534674,0.0244855405306242,-0.338985732018022,-0.314904706290369,-0.6,0.2,0.6,0.8,1000,0.2,"main",0.0255675172155815,-0.339677367570161,-0.31410985035458
201,"borrowed",1000,0,-0.00244349130632832,0.00188408280871384,0.0595799297590308,0.0429123199914703,0.84,0.0115931013969516,0.16821320335268,0.236776932128942,-7.53157173241092e-05,0.236002596790578,0,0.4,0.6,0.8,1000,0.2,"main",0.238671340934975,0,0.238671340934975
201,"unweighted",1000,0,0.235731967000461,0.00176425922056253,0.0557907751993095,0.0391652596535126,0.002,0.00141279864099595,0.153524996732089,0.236776932128942,-7.53157173241092e-05,0.236002596790578,0,0.4,0.6,0.8,1000,0.2,"main",0.238671340934975,0,0.238671340934975
201,"sensitivity",1000,0,0.235731967000461,0.00176425922056253,0.0557907751993095,NA,0.855,0.0111344061359374,0.786861598613395,0.236776932128942,-7.53157173241092e-05,0.236002596790578,0,0.4,0.6,0.8,1000,0.2,"main",0.238671340934975,0,0.238671340934975
201,"weighted",1000,0,-0.00152640965329859,0.00147772263280587,0.046729692696472,0.0428824064086851,0.929,0.00812151463706124,0.168095944262865,0.236776932128942,-7.53157173241092e-05,0.236002596790578,0,0.4,0.6,0.8,1000,0.2,"main",0.238671340934975,0,0.238671340934975
202,"sensitivity",1000,0,0.228831009310582,0.0017299469800827,0.0547057268839129,NA,0.907,0.00918428004799505,0.794440447648703,0.227547205341853,-0.102915592964354,0.125158263964305,-0.2,0.4,0.6,0.8,1000,0.2,"main",0.227365253573533,-0.100925918589961,0.126439334983572
202,"unweighted",1000,0,0.228831009310582,0.0017299469800827,0.0547057268839129,0.0412891829923768,0.005,0.00223047080231955,0.161850623232284,0.227547205341853,-0.102915592964354,0.125158263964305,-0.2,0.4,0.6,0.8,1000,0.2,"main",0.227365253573533,-0.100925918589961,0.126439334983572
202,"weighted",1000,0,0.00113617933645555,0.00143152716527978,0.0452688637468842,0.0416502687427204,0.931,0.00801492358042171,0.163266053364293,0.227547205341853,-0.102915592964354,0.125158263964305,-0.2,0.4,0.6,0.8,1000,0.2,"main",0.227365253573533,-0.100925918589961,0.126439334983572
202,"borrowed",1000,0,0.000988817187823551,0.00180570483396923,0.0571014005731895,0.041674617914647,0.857,0.0110702755159933,0.163361500364352,0.227547205341853,-0.102915592964354,0.125158263964305,-0.2,0.4,0.6,0.8,1000,0.2,"main",0.227365253573533,-0.100925918589961,0.126439334983572
203,"sensitivity",1000,0,0.211738018568434,0.00161189531652764,0.0509726054998541,NA,0.963,0.00596917079668525,0.805238268113124,0.212836347942205,-0.213033677133864,-0.00104271198071265,-0.4,0.4,0.6,0.8,1000,0.2,"main",0.213193220461042,-0.213193220461042,0
203,"weighted",1000,0,-0.00140024382182355,0.0013589889563214,0.042975004169907,0.0406878128512421,0.931,0.00801492358042171,0.159493295596281,0.212836347942205,-0.213033677133864,-0.00104271198071265,-0.4,0.4,0.6,0.8,1000,0.2,"main",0.213193220461042,-0.213193220461042,0
203,"borrowed",1000,0,-0.00112236061842211,0.00162028688946223,0.0512379703361013,0.040684937107428,0.879,0.0103130499853341,0.159482022887672,0.212836347942205,-0.213033677133864,-0.00104271198071265,-0.4,0.4,0.6,0.8,1000,0.2,"main",0.213193220461042,-0.213193220461042,0
203,"unweighted",1000,0,0.211738018568434,0.00161189531652764,0.0509726054998541,0.0437413521767664,0.006,0.00244213021765835,0.171462949803089,0.212836347942205,-0.213033677133864,-0.00104271198071265,-0.4,0.4,0.6,0.8,1000,0.2,"main",0.213193220461042,-0.213193220461042,0
204,"weighted",1000,0,-0.00119563997075073,0.0013142249831433,0.0415594430462921,0.0407475714136129,0.946,0.00714730718522718,0.15972754485631,0.194758920973483,-0.34044047560447,-0.145834760853519,-0.6,0.4,0.6,0.8,1000,0.2,"main",0.194905196188637,-0.339677367570161,-0.144772171381524
204,"borrowed",1000,0,-0.00180765569808511,0.00148978041454209,0.0471109932346283,0.0407531468327301,0.912,0.00895857131466843,0.159749400097647,0.194758920973483,-0.34044047560447,-0.145834760853519,-0.6,0.4,0.6,0.8,1000,0.2,"main",0.194905196188637,-0.339677367570161,-0.144772171381524
204,"sensitivity",1000,0,0.19472582873021,0.00163437657953737,0.0516835254577342,NA,0.993,0.00263647491928143,0.819100253679469,0.194758920973483,-0.34044047560447,-0.145834760853519,-0.6,0.4,0.6,0.8,1000,0.2,"main",0.194905196188637,-0.339677367570161,-0.144772171381524
204,"unweighted",1000,0,0.19472582873021,0.00163437657953737,0.0516835254577342,0.0467192793840252,0.023,0.00474035863622153,0.183136209952708,0.194758920973483,-0.34044047560447,-0.145834760853519,-0.6,0.4,0.6,0.8,1000,0.2,"main",0.194905196188637,-0.339677367570161,-0.144772171381524
205,"borrowed",1000,0,0.00337966797707507,0.00211838163438391,0.0669891091812323,0.0415612125133865,0.776,0.0131842330076497,0.162916959360106,0.000870114724679574,-0.00300174272120712,-0.000285230112550772,0,0,1,0.8,1000,0.2,"main",0,0,0
205,"unweighted",1000,0,0.00349615971326843,0.00189138581648669,0.0598108711423518,0.0415651881342095,0.838,0.0116514376795312,0.162932543507365,0.000870114724679574,-0.00300174272120712,-0.000285230112550772,0,0,1,0.8,1000,0.2,"main",0,0,0
205,"sensitivity",1000,0,0.00349615971326843,0.00189138581648669,0.0598108711423518,NA,1,0,1.52717410056287,0.000870114724679574,-0.00300174272120712,-0.000285230112550772,0,0,1,0.8,1000,0.2,"main",0,0,0
205,"weighted",1000,0,0.00348309041355193,0.00137568940106055,0.0435031186030421,0.0415485005141905,0.945,0.00720936890441875,0.162867129238914,0.000870114724679574,-0.00300174272120712,-0.000285230112550772,0,0,1,0.8,1000,0.2,"main",0,0,0
206,"unweighted",1000,0,-0.08155672771642,0.00184602714440714,0.0583765039882314,0.0461988041562581,0.554,0.0157189058143371,0.18109598455017,-0.0815206539655798,-0.173970635726184,-0.254823019168052,-0.2,0,1,0.8,1000,0.2,"main",-0.080067162147147,-0.174353387144778,-0.254420549291925
206,"weighted",1000,0,0.000698290168452982,0.00130309567040212,0.0412075032757477,0.0402782225478024,0.944,0.00727076337120113,0.157887731109964,-0.0815206539655798,-0.173970635726184,-0.254823019168052,-0.2,0,1,0.8,1000,0.2,"main",-0.080067162147147,-0.174353387144778,-0.254420549291925
206,"borrowed",1000,0,-0.00270824632160623,0.00185444153021202,0.0586425902307792,0.0402651302485211,0.826,0.0119884944842962,0.157836410239831,-0.0815206539655798,-0.173970635726184,-0.254823019168052,-0.2,0,1,0.8,1000,0.2,"main",-0.080067162147147,-0.174353387144778,-0.254420549291925
206,"sensitivity",1000,0,-0.08155672771642,0.00184602714440714,0.0583765039882314,NA,1,0,1.56545236366887,-0.0815206539655798,-0.173970635726184,-0.254823019168052,-0.2,0,1,0.8,1000,0.2,"main",-0.080067162147147,-0.174353387144778,-0.254420549291925
207,"weighted",1000,0,-0.00135654133214314,0.00160375215906779,0.0507150962506686,0.045022570595146,0.908,0.00913980306133562,0.176485233715797,-0.21001005205628,-0.386329803386741,-0.598668061508076,-0.4,0,1,0.8,1000,0.2,"main",-0.210845752259846,-0.385662480811985,-0.596508233071831
207,"sensitivity",1000,0,-0.212132629521457,0.00212058397007022,0.0670587531506424,NA,1,0,1.59253051227566,-0.21001005205628,-0.386329803386741,-0.598668061508076,-0.4,0,1,0.8,1000,0.2,"main",-0.210845752259846,-0.385662480811985,-0.596508233071831
207,"borrowed",1000,0,-0.00131172346048691,0.00177270252178081,0.0560577758275161,0.0449453860142053,0.884,0.0101264011376204,0.176182675718185,-0.21001005205628,-0.386329803386741,-0.598668061508076,-0.4,0,1,0.8,1000,0.2,"main",-0.210845752259846,-0.385662480811985,-0.596508233071831
207,"unweighted",1000,0,-0.212132629521457,0.00212058397007022,0.0670587531506424,0.0533240944530022,0.056,0.00727076337120113,0.209026609272193,-0.21001005205628,-0.386329803386741,-0.598668061508076,-0.4,0,1,0.8,1000,0.2,"main",-0.210845752259846,-0.385662480811985,-0.596508233071831
209,"sensitivity",1000,0,0.202598955105975,0.00212042556809411,0.0670537440403384,NA,0.998,0.00141279864099595,1.53091913688763,0.202790172579719,-0.00192706600328907,0.199578861058763,0,0.2,1,0.8,1000,0.2,"main",0.20264230638257,0,0.20264230638257
209,"weighted",1000,0,-0.00115375288125789,0.0014343813218429,0.045359120102266,0.0428670340855795,0.93,0.00806845710157772,0.168035685863574,0.202790172579719,-0.00192706600328907,0.199578861058763,0,0.2,1,0.8,1000,0.2,"main",0.20264230638257,0,0.20264230638257
209,"unweighted",1000,0,0.202598955105975,0.00212042556809411,0.0670537440403384,0.0395805848986248,0.03,0.00539444158370447,0.155153041776669,0.202790172579719,-0.00192706600328907,0.199578861058763,0,0.2,1,0.8,1000,0.2,"main",0.20264230638257,0,0.20264230638257
209,"borrowed",1000,0,0.000128018278296613,0.00230270885304712,0.0728180476386284,0.0428650491971112,0.757,0.0135628536820243,0.168027905243751,0.202790172579719,-0.00192706600328907,0.199578861058763,0,0.2,1,0.8,1000,0.2,"main",0.20264230638257,0,0.20264230638257
210,"unweighted",1000,0,0.172015535350654,0.00191856469882833,0.0606703428669251,0.0433794982411167,0.075,0.00832916562447884,0.170044508440015,0.172281660596519,-0.175031353947976,-0.00272602578793385,-0.2,0.2,1,0.8,1000,0.2,"main",0.174353387144778,-0.174353387144778,0
210,"weighted",1000,0,-0.000441948341969015,0.00137285017785924,0.0434133344820247,0.040800942714787,0.933,0.00790638982089803,0.159936756512529,0.172281660596519,-0.175031353947976,-0.00272602578793385,-0.2,0.2,1,0.8,1000,0.2,"main",0.174353387144778,-0.174353387144778,0
210,"borrowed",1000,0,-0.00280766600293148,0.00210722329133536,0.0666362513917628,0.0407525901868881,0.751,0.0136747577675073,0.159747218086042,0.172281660596519,-0.175031353947976,-0.00272602578793385,-0.2,0.2,1,0.8,1000,0.2,"main",0.174353387144778,-0.174353387144778,0
210,"sensitivity",1000,0,0.172015535350654,0.00191856469882833,0.0606703428669251,NA,1,0,1.55838363593151,0.172281660596519,-0.175031353947976,-0.00272602578793385,-0.2,0.2,1,0.8,1000,0.2,"main",0.174353387144778,-0.174353387144778,0
211,"borrowed",1000,0,-0.00284797910216275,0.00188898749321594,0.0597350295013425,0.0412749878746883,0.825,0.0120156148406979,0.161794979393433,0.129800434465864,-0.38524903391894,-0.257695776982032,-0.4,0.2,1,0.8,1000,0.2,"main",0.13124193152006,-0.385662480811985,-0.254420549291925
211,"unweighted",1000,0,0.127055582678817,0.00198980140689105,0.0629230453718317,0.0485643042461857,0.304,0.0145459272650457,0.190368574513539,0.129800434465864,-0.38524903391894,-0.257695776982032,-0.4,0.2,1,0.8,1000,0.2,"main",0.13124193152006,-0.385662480811985,-0.254420549291925
211,"sensitivity",1000,0,0.127055582678817,0.00198980140689105,0.0629230453718317,NA,1,0,1.5819889888521,0.129800434465864,-0.38524903391894,-0.257695776982032,-0.4,0.2,1,0.8,1000,0.2,"main",0.13124193152006,-0.385662480811985,-0.254420549291925
211,"weighted",1000,0,-0.00250342623154727,0.00138303776350286,0.0437354942269434,0.0413161616395197,0.93,0.00806845710157772,0.161956377585788,0.129800434465864,-0.38524903391894,-0.257695776982032,-0.4,0.2,1,0.8,1000,0.2,"main",0.13124193152006,-0.385662480811985,-0.254420549291925
213,"sensitivity",1000,0,0.366689316218942,0.00241335585466272,0.0763170130523649,NA,0.898,0.00957057991973318,1.5159333332632,0.367118949044291,-0.00157233909380661,0.364752193248098,0,0.4,1,0.8,1000,0.2,"main",0.371059078868732,0,0.371059078868732
213,"borrowed",1000,0,-0.00385624006349927,0.00266610018739424,0.0843094906236754,0.0441013986878496,0.694,0.0145727142289966,0.172874306192054,0.367118949044291,-0.00157233909380661,0.364752193248098,0,0.4,1,0.8,1000,0.2,"main",0.371059078868732,0,0.371059078868732
213,"weighted",1000,0,-0.00176274885587621,0.00160619320120074,0.0507922887807144,0.0440458371665425,0.921,0.00852988862764339,0.172656509030678,0.367118949044291,-0.00157233909380661,0.364752193248098,0,0.4,1,0.8,1000,0.2,"main",0.371059078868732,0,0.371059078868732
213,"unweighted",1000,0,0.366689316218942,0.00241335585466272,0.0763170130523649,0.038143842626545,0,0,0.149521115559984,0.367118949044291,-0.00157233909380661,0.364752193248098,0,0.4,1,0.8,1000,0.2,"main",0.371059078868732,0,0.371059078868732
214,"sensitivity",1000,0,0.376723510684131,0.00210215708942687,0.0664760440205916,NA,0.919,0.00862780389206894,1.52481368036152,0.376354847012819,-0.174846235144623,0.202058779963822,-0.2,0.4,1,0.8,1000,0.2,"main",0.376995693527347,-0.174353387144778,0.20264230638257
214,"weighted",1000,0,0.000481556191183093,0.00147263933687032,0.0465689447647019,0.0420750278790376,0.929,0.00812151463706124,0.164931078582865,0.376354847012819,-0.174846235144623,0.202058779963822,-0.2,0.4,1,0.8,1000,0.2,"main",0.376995693527347,-0.174353387144778,0.20264230638257
214,"unweighted",1000,0,0.376723510684131,0.00210215708942687,0.0664760440205916,0.0414516731194805,0,0,0.162487572826218,0.376354847012819,-0.174846235144623,0.202058779963822,-0.2,0.4,1,0.8,1000,0.2,"main",0.376995693527347,-0.174353387144778,0.20264230638257
214,"borrowed",1000,0,0.000352325330319813,0.00228191440931187,0.0721604695898324,0.0420609863614406,0.764,0.0134277324965908,0.164876036845308,0.376354847012819,-0.174846235144623,0.202058779963822,-0.2,0.4,1,0.8,1000,0.2,"main",0.376995693527347,-0.174353387144778,0.20264230638257
215,"weighted",1000,0,-0.00261616475901953,0.00136530848191992,0.0431748451161375,0.0417237261432783,0.943,0.00733150734842434,0.163554001083275,0.384804975342864,-0.385387950843564,-0.00258392508213473,-0.4,0.4,1,0.8,1000,0.2,"main",0.385662480811985,-0.385662480811985,0
215,"unweighted",1000,0,0.383173192516234,0.00195223923590133,0.0617352252299497,0.0458402530035004,0,0,0.179690489858129,0.384804975342864,-0.385387950843564,-0.00258392508213473,-0.4,0.4,1,0.8,1000,0.2,"main",0.385662480811985,-0.385662480811985,0
215,"borrowed",1000,0,-0.00509739097178202,0.00198317269549727,0.0627134271122691,0.0417016715174845,0.813,0.0123300851578568,0.163467548538779,0.384804975342864,-0.385387950843564,-0.00258392508213473,-0.4,0.4,1,0.8,1000,0.2,"main",0.385662480811985,-0.385662480811985,0
215,"sensitivity",1000,0,0.383173192516234,0.00195223923590133,0.0617352252299497,NA,0.952,0.00675988165576884,1.57426650023477,0.384804975342864,-0.385387950843564,-0.00258392508213473,-0.4,0.4,1,0.8,1000,0.2,"main",0.385662480811985,-0.385662480811985,0
217,"unweighted",1000,0,0.000253137941309079,0.00178785748518572,0.0565370178496763,0.0545682313620193,0.94,0.00750999334220744,0.213903536339214,-4.45473748679389e-05,-0.0123231102444943,-0.0126017780836569,-0.2,0,0.3,0.2,1000,0,"control_gamma0",0,-0.0120725812342692,-0.0120725812342692
217,"borrowed",1000,0,0.000250134309630126,0.00173720711213689,0.0549353124179613,0.0530059645880234,0.937,0.00768316341099159,0.207779563116662,-4.45473748679389e-05,-0.0123231102444943,-0.0126017780836569,-0.2,0,0.3,0.2,1000,0,"control_gamma0",0,-0.0120725812342692,-0.0120725812342692
217,"sensitivity",1000,0,0.000253137941309079,0.00178785748518572,0.0565370178496763,NA,0.988,0.00344325427466518,0.265706861740923,-4.45473748679389e-05,-0.0123231102444943,-0.0126017780836569,-0.2,0,0.3,0.2,1000,0,"control_gamma0",0,-0.0120725812342692,-0.0120725812342692
217,"weighted",1000,0,0.000223976680134076,0.00173502195417332,0.0548662116558397,0.0530099391598924,0.939,0.00756828910652864,0.207795143152097,-4.45473748679389e-05,-0.0123231102444943,-0.0126017780836569,-0.2,0,0.3,0.2,1000,0,"control_gamma0",0,-0.0120725812342692,-0.0120725812342692
218,"borrowed",1000,0,-0.00101004601716211,0.00164759039221308,0.0521013829040347,0.0519318998611552,0.945,0.00720936890441875,0.20356930675321,-1.18583642037932e-05,-0.0251297841326149,-0.0254671498662504,-0.4,0,0.3,0.2,1000,0,"control_gamma0",0,-0.0242926925690446,-0.0242926925690446
218,"weighted",1000,0,-0.00111717545254428,0.00164657651624369,0.052069321330753,0.0519346864658024,0.941,0.00745110730026082,0.203580230042705,-1.18583642037932e-05,-0.0251297841326149,-0.0254671498662504,-0.4,0,0.3,0.2,1000,0,"control_gamma0",0,-0.0242926925690446,-0.0242926925690446
218,"unweighted",1000,0,-0.001365706532731,0.00174804284873626,0.0552779684957576,0.0549206524796844,0.944,0.00727076337120113,0.215285001735244,-1.18583642037932e-05,-0.0251297841326149,-0.0254671498662504,-0.4,0,0.3,0.2,1000,0,"control_gamma0",0,-0.0242926925690446,-0.0242926925690446
218,"sensitivity",1000,0,-0.001365706532731,0.00174804284873626,0.0552779684957576,NA,0.986,0.00371537346709587,0.266958596035822,-1.18583642037932e-05,-0.0251297841326149,-0.0254671498662504,-0.4,0,0.3,0.2,1000,0,"control_gamma0",0,-0.0242926925690446,-0.0242926925690446
219,"borrowed",1000,0,-0.00364737800596428,0.00167773896550066,0.0530547645019676,0.0509910956368872,0.939,0.00756828910652864,0.199881421961073,1.80331190629273e-07,-0.035729871466799,-0.0388573229326173,-0.6,0,0.3,0.2,1000,0,"control_gamma0",0,-0.0366639843715915,-0.0366639843715915
219,"sensitivity",1000,0,-0.00417623886387386,0.00182144941858253,0.057599288055102,NA,0.985,0.00384382621875652,0.26836647728401,1.80331190629273e-07,-0.035729871466799,-0.0388573229326173,-0.6,0,0.3,0.2,1000,0,"control_gamma0",0,-0.0366639843715915,-0.0366639843715915
219,"weighted",1000,0,-0.00381412579033934,0.00167245199940301,0.0528875759541607,0.0509891387682096,0.939,0.00756828910652864,0.199873751176811,1.80331190629273e-07,-0.035729871466799,-0.0388573229326173,-0.6,0,0.3,0.2,1000,0,"control_gamma0",0,-0.0366639843715915,-0.0366639843715915
219,"unweighted",1000,0,-0.00417623886387386,0.00182144941858253,0.057599288055102,0.0552541617960956,0.939,0.00756828910652864,0.216592334232593,1.80331190629273e-07,-0.035729871466799,-0.0388573229326173,-0.6,0,0.3,0.2,1000,0,"control_gamma0",0,-0.0366639843715915,-0.0366639843715915
220,"sensitivity",1000,0,0.000169162872229427,0.00174844175406919,0.0552905829899861,NA,0.999,0.000999499874937461,0.321622317718418,-0.000407292739042428,-0.0254119470921478,-0.0255943577243283,-0.2,0,0.6,0.2,1000,0,"control_gamma0",0,-0.0242926925690446,-0.0242926925690446
220,"unweighted",1000,0,0.000169162872229427,0.00174844175406919,0.0552905829899861,0.0549578120915317,0.945,0.00720936890441875,0.215430664737044,-0.000407292739042428,-0.0254119470921478,-0.0255943577243283,-0.2,0,0.6,0.2,1000,0,"control_gamma0",0,-0.0242926925690446,-0.0242926925690446
220,"weighted",1000,0,0.000496620808460668,0.00164747711905036,0.0520978008921151,0.0519611805537154,0.948,0.00702111102319284,0.20368408495893,-0.000407292739042428,-0.0254119470921478,-0.0255943577243283,-0.2,0,0.6,0.2,1000,0,"control_gamma0",0,-0.0242926925690446,-0.0242926925690446
220,"borrowed",1000,0,3.16300419726547e-05,0.0016567149921904,0.0523899280906974,0.051966858791541,0.949,0.00695693898205238,0.203706343242198,-0.000407292739042428,-0.0254119470921478,-0.0255943577243283,-0.2,0,0.6,0.2,1000,0,"control_gamma0",0,-0.0242926925690446,-0.0242926925690446
221,"unweighted",1000,0,0.00293250618594635,0.00176015367814343,0.0556609465485618,0.0555407786701841,0.954,0.00662449998113065,0.217715851733742,0.000142381683004317,-0.0503792903427617,-0.0476735929920679,-0.4,0,0.6,0.2,1000,0,"control_gamma0",0,-0.0491902441907718,-0.0491902441907718
221,"borrowed",1000,0,0.00268372590430025,0.00159723104920353,0.0505088806502361,0.0501947604829346,0.949,0.00695693898205238,0.196759845518332,0.000142381683004317,-0.0503792903427617,-0.0476735929920679,-0.4,0,0.6,0.2,1000,0,"control_gamma0",0,-0.0491902441907718,-0.0491902441907718
221,"sensitivity",1000,0,0.00293250618594635,0.00176015367814343,0.0556609465485618,NA,0.999,0.000999499874937461,0.323270565418978,0.000142381683004317,-0.0503792903427617,-0.0476735929920679,-0.4,0,0.6,0.2,1000,0,"control_gamma0",0,-0.0491902441907718,-0.0491902441907718
221,"weighted",1000,0,0.00267912356496017,0.00157948362297387,0.0499476577553208,0.0501887598844049,0.95,0.00689202437604511,0.196736323604324,0.000142381683004317,-0.0503792903427617,-0.0476735929920679,-0.4,0,0.6,0.2,1000,0,"control_gamma0",0,-0.0491902441907718,-0.0491902441907718
222,"unweighted",1000,0,0.000225411644966815,0.00179596971255371,0.0567935490034761,0.0563036345386511,0.938,0.00762600813007697,0.220706191788923,0.000577988233741176,-0.0743831169777137,-0.0747139339819556,-0.6,0,0.6,0.2,1000,0,"control_gamma0",0,-0.0747235461959365,-0.0747235461959365
222,"borrowed",1000,0,-0.00071801470423118,0.00158552082017063,0.0501385706935742,0.049371455499706,0.933,0.00790638982089803,0.193532549287491,0.000577988233741176,-0.0743831169777137,-0.0747139339819556,-0.6,0,0.6,0.2,1000,0,"control_gamma0",0,-0.0747235461959365,-0.0747235461959365
222,"weighted",1000,0,-0.000823812449645135,0.00157263774660617,0.0497311721363025,0.049372834377081,0.94,0.00750999334220744,0.19353795438748,0.000577988233741176,-0.0743831169777137,-0.0747139339819556,-0.6,0,0.6,0.2,1000,0,"control_gamma0",0,-0.0747235461959365,-0.0747235461959365
222,"sensitivity",1000,0,0.000225411644966815,0.00179596971255371,0.0567935490034761,NA,0.997,0.00172945077987204,0.326643049049125,0.000577988233741176,-0.0743831169777137,-0.0747139339819556,-0.6,0,0.6,0.2,1000,0,"control_gamma0",0,-0.0747235461959365,-0.0747235461959365
223,"weighted",1000,0,-0.000493630549047415,0.00158473949251355,0.0501138629436216,0.0507767703807713,0.952,0.00675988165576884,0.199041282395144,-0.000349123020010228,-0.0408140821542601,-0.0409404764051637,-0.2,0,1,0.2,1000,0,"control_gamma0",0,-0.0408219945202552,-0.0408219945202552
223,"borrowed",1000,0,-0.0010777478462675,0.0016100900463672,0.0509155178448648,0.0507594861424166,0.943,0.00733150734842434,0.198973529425793,-0.000349123020010228,-0.0408140821542601,-0.0409404764051637,-0.2,0,1,0.2,1000,0,"control_gamma0",0,-0.0408219945202552,-0.0408219945202552
223,"sensitivity",1000,0,-0.00128538224113969,0.0017546418496238,0.0554866472266185,NA,1,0,0.398479862406731,-0.000349123020010228,-0.0408140821542601,-0.0409404764051637,-0.2,0,1,0.2,1000,0,"control_gamma0",0,-0.0408219945202552,-0.0408219945202552
223,"unweighted",1000,0,-0.00128538224113969,0.0017546418496238,0.0554866472266185,0.0554326568222559,0.951,0.00682634602111555,0.21729202187798,-0.000349123020010228,-0.0408140821542601,-0.0409404764051637,-0.2,0,1,0.2,1000,0,"control_gamma0",0,-0.0408219945202552,-0.0408219945202552
224,"sensitivity",1000,0,-0.00291595172185149,0.00178893350050161,0.0565710444416305,NA,1,0,0.404127504057557,0.000321601161544832,-0.0830121661298928,-0.0839437098702552,-0.4,0,1,0.2,1000,0,"control_gamma0",0,-0.0833816089390511,-0.0833816089390511
224,"weighted",1000,0,-0.00163562004142548,0.00154275855361942,0.0487863090914438,0.0493498268224725,0.954,0.00662449998113065,0.19344776643067,0.000321601161544832,-0.0830121661298928,-0.0839437098702552,-0.4,0,1,0.2,1000,0,"control_gamma0",0,-0.0833816089390511,-0.0833816089390511
224,"unweighted",1000,0,-0.00291595172185149,0.00178893350050161,0.0565710444416305,0.0565757657066635,0.951,0.00682634602111555,0.221772926365674,0.000321601161544832,-0.0830121661298928,-0.0839437098702552,-0.4,0,1,0.2,1000,0,"control_gamma0",0,-0.0833816089390511,-0.0833816089390511
224,"borrowed",1000,0,-0.00128245708007271,0.00158237027073623,0.0500389415726377,0.0493367128405338,0.949,0.00695693898205238,0.193396360566082,0.000321601161544832,-0.0830121661298928,-0.0839437098702552,-0.4,0,1,0.2,1000,0,"control_gamma0",0,-0.0833816089390511,-0.0833816089390511
225,"unweighted",1000,0,-0.00318963393602749,0.00189925387306028,0.0600596809376678,0.0578481574138613,0.943,0.00733150734842434,0.226760610206344,0.000107448980174025,-0.126811411527297,-0.129308501501523,-0.6,0,1,0.2,1000,0,"control_gamma0",0,-0.127833371509885,-0.127833371509885
225,"sensitivity",1000,0,-0.00318963393602749,0.00189925387306028,0.0600596809376678,NA,1,0,0.40774204918561,0.000107448980174025,-0.126811411527297,-0.129308501501523,-0.6,0,1,0.2,1000,0,"control_gamma0",0,-0.127833371509885,-0.127833371509885
225,"weighted",1000,0,-0.00228232235305686,0.00165782202754515,0.0524249356224107,0.0509382870048536,0.947,0.00708456067798138,0.199674415927355,0.000107448980174025,-0.126811411527297,-0.129308501501523,-0.6,0,1,0.2,1000,0,"control_gamma0",0,-0.127833371509885,-0.127833371509885
225,"borrowed",1000,0,-0.00245369314194266,0.00167443694027204,0.0529503452958298,0.0509261605828242,0.939,0.00756828910652864,0.199626881226478,0.000107448980174025,-0.126811411527297,-0.129308501501523,-0.6,0,1,0.2,1000,0,"control_gamma0",0,-0.127833371509885,-0.127833371509885
226,"borrowed",1000,0,-0.00199499212241982,0.00156099905469183,0.0493631243819592,0.0499848297481999,0.952,0.00675988165576884,0.195936932159676,-0.000195813376736526,-0.023432173622149,-0.0239543473557289,-0.2,0,0.3,0.4,1000,0,"control_gamma0",0,-0.0242926925690446,-0.0242926925690446
226,"unweighted",1000,0,-0.00207724034472723,0.0016070855699528,0.050820507958407,0.0516158833310353,0.954,0.00662449998113065,0.202330544718101,-0.000195813376736526,-0.023432173622149,-0.0239543473557289,-0.2,0,0.3,0.4,1000,0,"control_gamma0",0,-0.0242926925690446,-0.0242926925690446
226,"sensitivity",1000,0,-0.00207724034472723,0.0016070855699528,0.050820507958407,NA,0.997,0.00172945077987204,0.305802294420601,-0.000195813376736526,-0.023432173622149,-0.0239543473557289,-0.2,0,0.3,0.4,1000,0,"control_gamma0",0,-0.0242926925690446,-0.0242926925690446
226,"weighted",1000,0,-0.00169682347415021,0.00154475711536881,0.0488495091631694,0.0499705641136665,0.953,0.00669260786241059,0.195881011899872,-0.000195813376736526,-0.023432173622149,-0.0239543473557289,-0.2,0,0.3,0.4,1000,0,"control_gamma0",0,-0.0242926925690446,-0.0242926925690446
227,"weighted",1000,0,0.000729557501234201,0.00154482673325263,0.0488517106739569,0.04910511860694,0.947,0.00708456067798138,0.19248852785234,0.000228569246801869,-0.0508958875951841,-0.0494158233072376,-0.4,0,0.3,0.4,1000,0,"control_gamma0",0,-0.0491902441907718,-0.0491902441907718
227,"unweighted",1000,0,0.000801234396908554,0.0016619721893094,0.0525561752607425,0.0522813234993398,0.945,0.00720936890441875,0.204939022245587,0.000228569246801869,-0.0508958875951841,-0.0494158233072376,-0.4,0,0.3,0.4,1000,0,"control_gamma0",0,-0.0491902441907718,-0.0491902441907718
227,"borrowed",1000,0,0.000711852465433448,0.00156620099891859,0.0495276243021365,0.0491031648890028,0.94,0.00750999334220744,0.192480869418754,0.000228569246801869,-0.0508958875951841,-0.0494158233072376,-0.4,0,0.3,0.4,1000,0,"control_gamma0",0,-0.0491902441907718,-0.0491902441907718
227,"sensitivity",1000,0,0.000801234396908554,0.0016619721893094,0.0525561752607425,NA,0.999,0.000999499874937461,0.307775919877532,0.000228569246801869,-0.0508958875951841,-0.0494158233072376,-0.4,0,0.3,0.4,1000,0,"control_gamma0",0,-0.0491902441907718,-0.0491902441907718
228,"weighted",1000,0,-0.00142750999803457,0.0015231645514402,0.0481666923377972,0.0483760199638263,0.954,0.00662449998113065,0.18963051368898,-0.000180558542967379,-0.0741820880443877,-0.0761795766298595,-0.6,0,0.3,0.4,1000,0,"control_gamma0",0,-0.0747235461959365,-0.0747235461959365
228,"sensitivity",1000,0,-0.00128231799060827,0.00167434274673332,0.0529473666345976,NA,0.999,0.000999499874937461,0.310537140142923,-0.000180558542967379,-0.0741820880443877,-0.0761795766298595,-0.6,0,0.3,0.4,1000,0,"control_gamma0",0,-0.0747235461959365,-0.0747235461959365
228,"borrowed",1000,0,-0.00141781453761916,0.00153677211015339,0.048597001127079,0.048376790924218,0.954,0.00662449998113065,0.189633535798183,-0.000180558542967379,-0.0741820880443877,-0.0761795766298595,-0.6,0,0.3,0.4,1000,0,"control_gamma0",0,-0.0747235461959365,-0.0747235461959365
228,"unweighted",1000,0,-0.00128231799060827,0.00167434274673332,0.0529473666345976,0.0529621607703936,0.955,0.00655553201502365,0.207607855306783,-0.000180558542967379,-0.0741820880443877,-0.0761795766298595,-0.6,0,0.3,0.4,1000,0,"control_gamma0",0,-0.0747235461959365,-0.0747235461959365
229,"sensitivity",1000,0,0.00129426145132837,0.00164583158041349,0.052045764391412,NA,1,0,0.420849352464294,0.00030755142493574,-0.0503654464022532,-0.0501352476231403,-0.2,0,0.6,0.4,1000,0,"control_gamma0",0,-0.0491902441907718,-0.0491902441907718
229,"weighted",1000,0,0.000653343269803097,0.001502604674265,0.0475165319349278,0.0490988880120253,0.96,0.00619677335393187,0.19246410436907,0.00030755142493574,-0.0503654464022532,-0.0501352476231403,-0.2,0,0.6,0.4,1000,0,"control_gamma0",0,-0.0491902441907718,-0.0491902441907718
229,"borrowed",1000,0,0.000955114797026098,0.00158186281805227,0.0500228945097769,0.0490849881393675,0.946,0.00714730718522718,0.192409617869472,0.00030755142493574,-0.0503654464022532,-0.0501352476231403,-0.2,0,0.6,0.4,1000,0,"control_gamma0",0,-0.0491902441907718,-0.0491902441907718
229,"unweighted",1000,0,0.00129426145132837,0.00164583158041349,0.052045764391412,0.0522424970168434,0.948,0.00702111102319284,0.204786825230909,0.00030755142493574,-0.0503654464022532,-0.0501352476231403,-0.2,0,0.6,0.4,1000,0,"control_gamma0",0,-0.0491902441907718,-0.0491902441907718
230,"borrowed",1000,0,-5.31112771539331e-05,0.00155013174751965,0.0490194699549917,0.0478499841279342,0.945,0.00720936890441875,0.187568491103128,-0.000618291911443602,-0.101451919594652,-0.101733579972287,-0.4,0,0.6,0.4,1000,0,"control_gamma0",0,-0.100925918589961,-0.100925918589961
230,"unweighted",1000,0,0.000357087555464755,0.00173142548129273,0.0547524811973829,0.053600485494441,0.951,0.00682634602111555,0.210110042245932,-0.000618291911443602,-0.101451919594652,-0.101733579972287,-0.4,0,0.6,0.4,1000,0,"control_gamma0",0,-0.100925918589961,-0.100925918589961
230,"weighted",1000,0,0.000713523151718308,0.00150574412858124,0.0476158101974215,0.0478335602358725,0.95,0.00689202437604511,0.187504110629275,-0.000618291911443602,-0.101451919594652,-0.101733579972287,-0.4,0,0.6,0.4,1000,0,"control_gamma0",0,-0.100925918589961,-0.100925918589961
230,"sensitivity",1000,0,0.000357087555464755,0.00173142548129273,0.0547524811973829,NA,1,0,0.42671802631622,-0.000618291911443602,-0.101451919594652,-0.101733579972287,-0.4,0,0.6,0.4,1000,0,"control_gamma0",0,-0.100925918589961,-0.100925918589961
231,"borrowed",1000,0,0.000504314377323811,0.0015205483325055,0.0480839602308843,0.0475957254032161,0.95,0.00689202437604511,0.186571815216723,-0.000139420347620973,-0.156101763150124,-0.156203840935522,-0.6,0,0.6,0.4,1000,0,"control_gamma0",0,-0.155484902840395,-0.155484902840395
231,"unweighted",1000,0,0.00037290133073955,0.00176178096375459,0.0557124058379104,0.0550812354420379,0.942,0.00739161687318817,0.215914475380731,-0.000139420347620973,-0.156101763150124,-0.156203840935522,-0.6,0,0.6,0.4,1000,0,"control_gamma0",0,-0.155484902840395,-0.155484902840395
231,"weighted",1000,0,0.000152341556366309,0.00148285612068185,0.0468920278367617,0.0475957349763659,0.953,0.00669260786241059,0.186571852742781,-0.000139420347620973,-0.156101763150124,-0.156203840935522,-0.6,0,0.6,0.4,1000,0,"control_gamma0",0,-0.155484902840395,-0.155484902840395
231,"sensitivity",1000,0,0.00037290133073955,0.00176178096375459,0.0557124058379104,NA,1,0,0.431866745819924,-0.000139420347620973,-0.156101763150124,-0.156203840935522,-0.6,0,0.6,0.4,1000,0,"control_gamma0",0,-0.155484902840395,-0.155484902840395
232,"weighted",1000,0,0.000644380751790021,0.00150287470365879,0.0475250710141237,0.0481698835446166,0.945,0.00720936890441875,0.188822473773874,0.000285614995243599,-0.0845852030567728,-0.0827633427191509,-0.2,0,1,0.4,1000,0,"control_gamma0",0,-0.0833816089390511,-0.0833816089390511
232,"sensitivity",1000,0,0.000208588072784232,0.00177287880588752,0.0560633504204409,NA,1,0,0.594288258889589,0.000285614995243599,-0.0845852030567728,-0.0827633427191509,-0.2,0,1,0.4,1000,0,"control_gamma0",0,-0.0833816089390511,-0.0833816089390511
232,"unweighted",1000,0,0.000208588072784232,0.00177287880588752,0.0560633504204409,0.0531433422259513,0.933,0.00790638982089803,0.208318073561902,0.000285614995243599,-0.0845852030567728,-0.0827633427191509,-0.2,0,1,0.4,1000,0,"control_gamma0",0,-0.0833816089390511,-0.0833816089390511
232,"borrowed",1000,0,0.000223100041338502,0.00165910363856133,0.0524654637212657,0.0481534452780433,0.925,0.00832916562447884,0.18875803695297,0.000285614995243599,-0.0845852030567728,-0.0827633427191509,-0.2,0,1,0.4,1000,0,"control_gamma0",0,-0.0833816089390511,-0.0833816089390511
233,"weighted",1000,0,-0.000231608134317253,0.00149651473295382,0.0473239510813271,0.0478222254081466,0.951,0.00682634602111555,0.187459678921047,-0.000216759968552771,-0.175341107896583,-0.17592548578648,-0.4,0,1,0.4,1000,0,"control_gamma0",0,-0.174353387144778,-0.174353387144778
233,"sensitivity",1000,0,0.000129975012939253,0.00184224736757937,0.0582569769500025,NA,1,0,0.605393383541489,-0.000216759968552771,-0.175341107896583,-0.17592548578648,-0.4,0,1,0.4,1000,0,"control_gamma0",0,-0.174353387144778,-0.174353387144778
233,"borrowed",1000,0,-0.000469294342712143,0.00160132688044942,0.0506384022067231,0.0478189850978142,0.936,0.0077397674383666,0.187446977137947,-0.000216759968552771,-0.175341107896583,-0.17592548578648,-0.4,0,1,0.4,1000,0,"control_gamma0",0,-0.174353387144778,-0.174353387144778
233,"unweighted",1000,0,0.000129975012939253,0.00184224736757937,0.0582569769500025,0.0556535644075171,0.941,0.00745110730026082,0.218157963700027,-0.000216759968552771,-0.175341107896583,-0.17592548578648,-0.4,0,1,0.4,1000,0,"control_gamma0",0,-0.174353387144778,-0.174353387144778
234,"borrowed",1000,0,-0.00055498845842128,0.00175055475315793,0.055357401888129,0.0518163949387961,0.932,0.00796090447122687,0.203116535777488,-0.000288988861285303,-0.275537670971989,-0.276165575372877,-0.6,0,1,0.4,1000,0,"control_gamma0",0,-0.27443684570176,-0.27443684570176
234,"sensitivity",1000,0,-0.000942170853473669,0.00207695166502923,0.0656789785157145,NA,1,0,0.616784352288837,-0.000288988861285303,-0.275537670971989,-0.276165575372877,-0.6,0,1,0.4,1000,0,"control_gamma0",0,-0.27443684570176,-0.27443684570176
234,"weighted",1000,0,-0.000206141570241682,0.00168588699328548,0.0533124277643512,0.0518254142913321,0.94,0.00750999334220744,0.203151890989756,-0.000288988861285303,-0.275537670971989,-0.276165575372877,-0.6,0,1,0.4,1000,0,"control_gamma0",0,-0.27443684570176,-0.27443684570176
234,"unweighted",1000,0,-0.000942170853473669,0.00207695166502923,0.0656789785157145,0.0585346622046442,0.923,0.00843036179532053,0.229451659536641,-0.000288988861285303,-0.275537670971989,-0.276165575372877,-0.6,0,1,0.4,1000,0,"control_gamma0",0,-0.27443684570176,-0.27443684570176
235,"unweighted",1000,0,-0.00139152297923639,0.00144678249962456,0.0457512797768531,0.045380585351922,0.947,0.00708456067798138,0.177888625774226,0.000187591194275843,-0.0508142475329052,-0.0522712387795587,-0.2,0,0.3,0.8,1000,0,"control_gamma0",0,-0.0491902441907718,-0.0491902441907718
235,"weighted",1000,0,-0.00162366582437678,0.00135333417389015,0.0427961842483524,0.0435622682783348,0.954,0.00662449998113065,0.170760953820816,0.000187591194275843,-0.0508142475329052,-0.0522712387795587,-0.2,0,0.3,0.8,1000,0,"control_gamma0",0,-0.0491902441907718,-0.0491902441907718
235,"sensitivity",1000,0,-0.00139152297923639,0.00144678249962456,0.0457512797768531,NA,1,0,0.391688906811482,0.000187591194275843,-0.0508142475329052,-0.0522712387795587,-0.2,0,0.3,0.8,1000,0,"control_gamma0",0,-0.0491902441907718,-0.0491902441907718
235,"borrowed",1000,0,-0.000914688185489525,0.00141367358638257,0.0447042840098772,0.0435885394456686,0.942,0.00739161687318817,0.170863934904428,0.000187591194275843,-0.0508142475329052,-0.0522712387795587,-0.2,0,0.3,0.8,1000,0,"control_gamma0",0,-0.0491902441907718,-0.0491902441907718
236,"unweighted",1000,0,-0.000318383462514563,0.00147859450048574,0.0467572635733388,0.0464735002498852,0.954,0.00662449998113065,0.182172773450576,-0.000340192584110354,-0.101429255937006,-0.101636927903845,-0.4,0,0.3,0.8,1000,0,"control_gamma0",0,-0.100925918589961,-0.100925918589961
236,"sensitivity",1000,0,-0.000318383462514563,0.00147859450048574,0.0467572635733388,NA,1,0,0.396271744004665,-0.000340192584110354,-0.101429255937006,-0.101636927903845,-0.4,0,0.3,0.8,1000,0,"control_gamma0",0,-0.100925918589961,-0.100925918589961
236,"borrowed",1000,0,-0.000649003209188979,0.00139870558125769,0.0442309541276401,0.0429559109938882,0.942,0.00739161687318817,0.168384076942258,-0.000340192584110354,-0.101429255937006,-0.101636927903845,-0.4,0,0.3,0.8,1000,0,"control_gamma0",0,-0.100925918589961,-0.100925918589961
236,"weighted",1000,0,-1.79263266086991e-05,0.00136858117428754,0.0432783367357651,0.0429534340447255,0.951,0.00682634602111555,0.168374367479957,-0.000340192584110354,-0.101429255937006,-0.101636927903845,-0.4,0,0.3,0.8,1000,0,"control_gamma0",0,-0.100925918589961,-0.100925918589961
237,"sensitivity",1000,0,-0.000334621603614046,0.00153073591730821,0.0484061199492111,NA,1,0,0.400764198266732,0.000591393768293415,-0.154787203112889,-0.155136242203798,-0.6,0,0.3,0.8,1000,0,"control_gamma0",0,-0.155484902840395,-0.155484902840395
237,"unweighted",1000,0,-0.000334621603614046,0.00153073591730821,0.0484061199492111,0.0477221389447383,0.943,0.00733150734842434,0.187067347193807,0.000591393768293415,-0.154787203112889,-0.155136242203798,-0.6,0,0.3,0.8,1000,0,"control_gamma0",0,-0.155484902840395,-0.155484902840395
237,"borrowed",1000,0,-0.00100793533057316,0.00135174459246272,0.0427459172699828,0.0425737766434352,0.946,0.00714730718522718,0.166886137813971,0.000591393768293415,-0.154787203112889,-0.155136242203798,-0.6,0,0.3,0.8,1000,0,"control_gamma0",0,-0.155484902840395,-0.155484902840395
237,"weighted",1000,0,-0.000991927071339204,0.0013176112170779,0.0416665251655272,0.0425771161537756,0.96,0.00619677335393187,0.166899228453958,0.000591393768293415,-0.154787203112889,-0.155136242203798,-0.6,0,0.3,0.8,1000,0,"control_gamma0",0,-0.155484902840395,-0.155484902840395
238,"borrowed",1000,0,-0.000507209836246301,0.0015739683968635,0.049773250992125,0.0429957401479631,0.91,0.00904986187739901,0.168540204357301,-0.00030801038037849,-0.102082934416347,-0.103369916261447,-0.2,0,0.6,0.8,1000,0,"control_gamma0",0,-0.100925918589961,-0.100925918589961
238,"sensitivity",1000,0,-0.00116130167961734,0.00162441663990522,0.0513685645117806,NA,1,0,0.661849356526063,-0.00030801038037849,-0.102082934416347,-0.103369916261447,-0.2,0,0.6,0.8,1000,0,"control_gamma0",0,-0.100925918589961,-0.100925918589961
238,"weighted",1000,0,-0.000880624034262898,0.00138185665312369,0.0436981442372809,0.0429681417100598,0.95,0.00689202437604511,0.168432020468661,-0.00030801038037849,-0.102082934416347,-0.103369916261447,-0.2,0,0.6,0.8,1000,0,"control_gamma0",0,-0.100925918589961,-0.100925918589961
238,"unweighted",1000,0,-0.00116130167961734,0.00162441663990522,0.0513685645117806,0.0465185955272409,0.925,0.00832916562447884,0.182349543689556,-0.00030801038037849,-0.102082934416347,-0.103369916261447,-0.2,0,0.6,0.8,1000,0,"control_gamma0",0,-0.100925918589961,-0.100925918589961
239,"borrowed",1000,0,-0.0023926023507577,0.00151071905564076,0.0477731312044345,0.0425746429751086,0.923,0.00843036179532053,0.166889533771728,-0.000244937204302701,-0.212894999010824,-0.215095067503305,-0.4,0,0.6,0.8,1000,0,"control_gamma0",0,-0.213193220461042,-0.213193220461042
239,"unweighted",1000,0,-0.00251870206048045,0.00168713281291956,0.0533518240403257,0.0491912867217013,0.925,0.00832916562447884,0.192826300655436,-0.000244937204302701,-0.212894999010824,-0.215095067503305,-0.4,0,0.6,0.8,1000,0,"control_gamma0",0,-0.213193220461042,-0.213193220461042
239,"sensitivity",1000,0,-0.00251870206048045,0.00168713281291956,0.0533518240403257,NA,1,0,0.671346526795811,-0.000244937204302701,-0.212894999010824,-0.215095067503305,-0.4,0,0.6,0.8,1000,0,"control_gamma0",0,-0.213193220461042,-0.213193220461042
239,"weighted",1000,0,-0.00225919398156341,0.00137416292148984,0.0434548470805905,0.042585436092324,0.934,0.00785136930732467,0.166931842013774,-0.000244937204302701,-0.212894999010824,-0.215095067503305,-0.4,0,0.6,0.8,1000,0,"control_gamma0",0,-0.213193220461042,-0.213193220461042
240,"unweighted",1000,0,-0.0018681314509781,0.00185293577857611,0.0585949741831793,0.0523252021886316,0.917,0.00872416185085994,0.205111023546989,-0.00147470103290424,-0.338450550398148,-0.338705928321132,-0.6,0,0.6,0.8,1000,0,"control_gamma0",0,-0.339677367570161,-0.339677367570161
240,"sensitivity",1000,0,-0.0018681314509781,0.00185293577857611,0.0585949741831793,NA,1,0,0.684133555375901,-0.00147470103290424,-0.338450550398148,-0.338705928321132,-0.6,0,0.6,0.8,1000,0,"control_gamma0",0,-0.339677367570161,-0.339677367570161
240,"borrowed",1000,0,0.000544981301881819,0.00144615431318971,0.0457314147775595,0.0438905912933857,0.939,0.00756828910652864,0.172047956390406,-0.00147470103290424,-0.338450550398148,-0.338705928321132,-0.6,0,0.6,0.8,1000,0,"control_gamma0",0,-0.339677367570161,-0.339677367570161
240,"weighted",1000,0,0.000893768943352133,0.00138423703085012,0.0437734183903513,0.0439072581998984,0.951,0.00682634602111555,0.172113289463404,-0.00147470103290424,-0.338450550398148,-0.338705928321132,-0.6,0,0.6,0.8,1000,0,"control_gamma0",0,-0.339677367570161,-0.339677367570161
241,"unweighted",1000,0,-0.00134204757741624,0.00184056930863018,0.0582039120667277,0.0482860571180841,0.898,0.00957057991973318,0.189277865813778,0.00115909971088615,-0.175591827531454,-0.176108562781042,-0.2,0,1,0.8,1000,0,"control_gamma0",0,-0.174353387144778,-0.174353387144778
241,"sensitivity",1000,0,-0.00134204757741624,0.00184056930863018,0.0582039120667277,NA,1,0,1.15168073430256,0.00115909971088615,-0.175591827531454,-0.176108562781042,-0.2,0,1,0.8,1000,0,"control_gamma0",0,-0.174353387144778,-0.174353387144778
241,"borrowed",1000,0,-0.00181227382433677,0.00181539225403493,0.0574077436937738,0.042608393406361,0.864,0.0108399261990108,0.167021833031163,0.00115909971088615,-0.175591827531454,-0.176108562781042,-0.2,0,1,0.8,1000,0,"control_gamma0",0,-0.174353387144778,-0.174353387144778
241,"weighted",1000,0,-0.00240324195015186,0.00141033392033573,0.0445986744965537,0.0426192108181447,0.939,0.00756828910652864,0.167064236506167,0.00115909971088615,-0.175591827531454,-0.176108562781042,-0.2,0,1,0.8,1000,0,"control_gamma0",0,-0.174353387144778,-0.174353387144778
242,"sensitivity",1000,0,-0.000494840500360626,0.00199671971780988,0.0631418215724788,NA,1,0,1.16939399387979,0.000324977608466729,-0.386395797017259,-0.386464935235967,-0.4,0,1,0.8,1000,0,"control_gamma0",0,-0.385662480811985,-0.385662480811985
242,"borrowed",1000,0,-0.00028493569149327,0.00172964709872523,0.0546962438027385,0.0450519691868107,0.889,0.00993373041711924,0.176600474077515,0.000324977608466729,-0.386395797017259,-0.386464935235967,-0.4,0,1,0.8,1000,0,"control_gamma0",0,-0.385662480811985,-0.385662480811985
242,"unweighted",1000,0,-0.000494840500360626,0.00199671971780988,0.0631418215724788,0.0536059421975731,0.904,0.00931579304192617,0.210131432129158,0.000324977608466729,-0.386395797017259,-0.386464935235967,-0.4,0,1,0.8,1000,0,"control_gamma0",0,-0.385662480811985,-0.385662480811985
242,"weighted",1000,0,-0.000442896358278525,0.00151895646213843,0.0480336208698875,0.0450928628846671,0.944,0.00727076337120113,0.176760774427501,0.000324977608466729,-0.386395797017259,-0.386464935235967,-0.4,0,1,0.8,1000,0,"control_gamma0",0,-0.385662480811985,-0.385662480811985
