"fpr","tpr","diagnostic","target"
0,0,"ess","material error"
0,1.07184163456499e-06,"ess","material error"
0.000251007637597161,0.00297808841868867,"ess","material error"
0.000583766768819134,0.00575965591451668,"ess","material error"
0.000964965799154371,0.00852636454401807,"ess","material error"
0.00131279338246816,0.0114092102867578,"ess","material error"
0.00167027233137214,0.0143671286952437,"ess","material error"
0.00208985903819024,0.017233176556335,"ess","material error"
0.00247601908473315,0.0202286030526692,"ess","material error"
0.00285764894383951,0.0231913962471091,"ess","material error"
0.00325514593725044,0.0261308244978365,"ess","material error"
0.00365985378306946,0.029185457156699,"ess","material error"
0.00413242467720345,0.0321262265767884,"ess","material error"
0.00454685353920931,0.0352460491939818,"ess","material error"
0.00505150958094908,0.0382902775594816,"ess","material error"
0.00555345954648554,0.0413650309177851,"ess","material error"
0.00612070649433913,0.0443929663486237,"ess","material error"
0.00668748036233411,0.0474334582120733,"ess","material error"
0.00717717747642171,0.0506327526575565,"ess","material error"
0.00776456421136205,0.0538470105352119,"ess","material error"
0.00836903109942509,0.0570013933715139,"ess","material error"
0.00896191447219245,0.0602857050227638,"ess","material error"
0.00965837319597573,0.0634927365846751,"ess","material error"
0.0102332263793695,0.0667758100190956,"ess","material error"
0.0108734416907669,0.0700130193394095,"ess","material error"
0.0114985050348659,0.0733846421352999,"ess","material error"
0.012192938454972,0.076595434362564,"ess","material error"
0.0128639371836186,0.0798100469530332,"ess","material error"
0.0135302064363319,0.0830936254840645,"ess","material error"
0.0141501716725385,0.0863307653868187,"ess","material error"
0.0148019859276761,0.0896139793498008,"ess","material error"
0.0154440322337486,0.0928646860547392,"ess","material error"
0.016207708848381,0.0961132104465653,"ess","material error"
0.016873127437893,0.0993875774925376,"ess","material error"
0.0175339110254174,0.10267720177702,"ess","material error"
0.0182159782119661,0.105923373667767,"ess","material error"
0.0189158760531058,0.109134828245399,"ess","material error"
0.0196135245388511,0.112425160498642,"ess","material error"
0.0203437819735873,0.115639142048097,"ess","material error"
0.0209740334620701,0.119003989923236,"ess","material error"
0.0216885576954464,0.122052211268292,"ess","material error"
0.02245413979334,0.125221093812444,"ess","material error"
0.0232107419788817,0.128428449253095,"ess","material error"
0.0239476197042874,0.131524290903564,"ess","material error"
0.0247118513514927,0.13460642227854,"ess","material error"
0.0254571448536471,0.137762922758446,"ess","material error"
0.0262338841400249,0.140824302269187,"ess","material error"
0.0270018243697291,0.143855819292408,"ess","material error"
0.027721667078636,0.146980866389391,"ess","material error"
0.0284620072268906,0.150149496824402,"ess","material error"
0.029316135212058,0.153205854787965,"ess","material error"
0.0301254317732424,0.156392024966605,"ess","material error"
0.0308663862160874,0.159561322380266,"ess","material error"
0.0316284962252077,0.162931253974241,"ess","material error"
0.032414971721485,0.16620077276525,"ess","material error"
0.0332523808811701,0.169501039792214,"ess","material error"
0.0341802297955525,0.172915365334157,"ess","material error"
0.035090262421691,0.176422502362805,"ess","material error"
0.0359443180978981,0.180021947955391,"ess","material error"
0.0368848696031248,0.18357366317876,"ess","material error"
0.0377839706527915,0.187256553815001,"ess","material error"
0.0387931129078894,0.190733386457445,"ess","material error"
0.0398332834624892,0.19445638535296,"ess","material error"
0.040948339329415,0.198143535978393,"ess","material error"
0.0420432179193321,0.201813763077765,"ess","material error"
0.0431595212467623,0.205560643051644,"ess","material error"
0.0442556983425235,0.209230158792332,"ess","material error"
0.0454204238874476,0.213059101827074,"ess","material error"
0.0465676925199059,0.216853674398139,"ess","material error"
0.0477938458745003,0.22053788342657,"ess","material error"
0.0489430020139908,0.224403015478974,"ess","material error"
0.0501270969185355,0.228151941434509,"ess","material error"
0.0513112728252594,0.231908676568969,"ess","material error"
0.0525961808110333,0.235741945053187,"ess","material error"
0.0538143102495404,0.239532732640678,"ess","material error"
0.0550702769332376,0.243302972019974,"ess","material error"
0.0563493607118067,0.247057368564621,"ess","material error"
0.0575154155304753,0.250947642928997,"ess","material error"
0.0588458464444651,0.25471349075827,"ess","material error"
0.0600860578421828,0.258511374238328,"ess","material error"
0.0613473770655595,0.262350961611527,"ess","material error"
0.062782133175485,0.26628181533423,"ess","material error"
0.0640157106121354,0.270206660331226,"ess","material error"
0.0653406358157344,0.274090886223726,"ess","material error"
0.066795616507117,0.277780513509027,"ess","material error"
0.0681351627356271,0.281615562948046,"ess","material error"
0.0695511318833033,0.285309343258696,"ess","material error"
0.0710350208202805,0.289306455917853,"ess","material error"
0.072539232577397,0.293345730298017,"ess","material error"
0.0740920401154461,0.297325399728909,"ess","material error"
0.075588112746818,0.301381097043443,"ess","material error"
0.0773089443339241,0.305363524870923,"ess","material error"
0.0790841466859557,0.309443056445762,"ess","material error"
0.080875950056592,0.313639110297548,"ess","material error"
0.0826937328534491,0.31810886234233,"ess","material error"
0.0847360778289855,0.32256897854158,"ess","material error"
0.0869218697410879,0.327203369803767,"ess","material error"
0.0892230106484571,0.331686882296144,"ess","material error"
0.091178566333787,0.336581115261287,"ess","material error"
0.0932985788472136,0.341350675791184,"ess","material error"
0.0958192305829528,0.345906885496587,"ess","material error"
0.0982429411785559,0.350578469409313,"ess","material error"
0.100524618839268,0.355410208839171,"ess","material error"
0.102750157318904,0.360334909851164,"ess","material error"
0.105092258482075,0.364980864532795,"ess","material error"
0.107394829034985,0.36951765374989,"ess","material error"
0.109667403044712,0.373982570504613,"ess","material error"
0.111989563733413,0.37850464022073,"ess","material error"
0.114445718747593,0.38294953875185,"ess","material error"
0.116711873617674,0.387420908370853,"ess","material error"
0.119019446071893,0.391841052629994,"ess","material error"
0.121391230061797,0.39630055529363,"ess","material error"
0.123624067693482,0.400739675542784,"ess","material error"
0.125840293217997,0.40493579808027,"ess","material error"
0.128051094816458,0.409318982253932,"ess","material error"
0.130350328490845,0.413460223289438,"ess","material error"
0.132560933192374,0.417617768428393,"ess","material error"
0.134726876934808,0.421884114514554,"ess","material error"
0.137102981089127,0.425728142822692,"ess","material error"
0.139351019823214,0.429834690531213,"ess","material error"
0.141562226124286,0.433859880361333,"ess","material error"
0.143710283773472,0.437773787940899,"ess","material error"
0.145754159809955,0.441757315653564,"ess","material error"
0.147764695052335,0.445643934250101,"ess","material error"
0.14973226121071,0.449532786959839,"ess","material error"
0.151640038072542,0.45348978430077,"ess","material error"
0.153644122228224,0.457337644970314,"ess","material error"
0.155634211837128,0.461058807760119,"ess","material error"
0.157590309063941,0.464809296795041,"ess","material error"
0.15973176883782,0.468476991754589,"ess","material error"
0.161731610628849,0.472125877672145,"ess","material error"
0.163641753070949,0.475904478743197,"ess","material error"
0.165443214340948,0.479622790423787,"ess","material error"
0.167413720706953,0.483387517833376,"ess","material error"
0.169364848518953,0.487059812253399,"ess","material error"
0.171338506554496,0.490674399656135,"ess","material error"
0.173280628234935,0.494216119959744,"ess","material error"
0.175262798691227,0.497648466717726,"ess","material error"
0.177289073520646,0.501081807263686,"ess","material error"
0.179204018689474,0.504645014829037,"ess","material error"
0.181186054464668,0.50804265200268,"ess","material error"
0.183026214882454,0.511533198460698,"ess","material error"
0.184971935491152,0.515037889144358,"ess","material error"
0.187005840750957,0.518467862654906,"ess","material error"
0.189098933947516,0.521592133050556,"ess","material error"
0.19109229624115,0.524950195642576,"ess","material error"
0.193135825894874,0.528214034389605,"ess","material error"
0.195010253091753,0.53153197931293,"ess","material error"
0.196950876317617,0.534650331051858,"ess","material error"
0.199085016680343,0.537753648915647,"ess","material error"
0.201099525224874,0.54103298529683,"ess","material error"
0.203001489041968,0.544204652608371,"ess","material error"
0.205046263491876,0.547169591258182,"ess","material error"
0.207190826025736,0.550254556526451,"ess","material error"
0.20910487008392,0.553379865499419,"ess","material error"
0.211095304397315,0.556327444362332,"ess","material error"
0.21305107370233,0.55944536707683,"ess","material error"
0.21506534938702,0.562490068621367,"ess","material error"
0.217198325510479,0.565452297973107,"ess","material error"
0.219146618366301,0.568500745826056,"ess","material error"
0.221231756687089,0.571400312735772,"ess","material error"
0.223264253819161,0.574423098908206,"ess","material error"
0.225392093180399,0.577354939410576,"ess","material error"
0.227584898818922,0.580302557382545,"ess","material error"
0.229812260438271,0.583222323501363,"ess","material error"
0.232325563093455,0.586177614683916,"ess","material error"
0.234859890564779,0.589291276339034,"ess","material error"
0.237482939074008,0.592566065426918,"ess","material error"
0.240584795666402,0.59580186239048,"ess","material error"
0.243609756365074,0.599302513741575,"ess","material error"
0.247181166884869,0.603027958940768,"ess","material error"
0.250720037384687,0.606843975303237,"ess","material error"
0.254740543731266,0.610983262191559,"ess","material error"
0.25928189916219,0.615268352224992,"ess","material error"
0.264063362698563,0.619521812300346,"ess","material error"
0.269195205912233,0.62376111489607,"ess","material error"
0.274498824346205,0.628141690057995,"ess","material error"
0.280108698424622,0.632557632345734,"ess","material error"
0.285494027706433,0.637143265513934,"ess","material error"
0.29135364573241,0.641431240085369,"ess","material error"
0.297099062519388,0.645794333301718,"ess","material error"
0.302808382374794,0.650285812877595,"ess","material error"
0.308340848387716,0.654875320389045,"ess","material error"
0.313915706279939,0.659279385862541,"ess","material error"
0.319877337834665,0.663526816091317,"ess","material error"
0.325800607933329,0.667997729394431,"ess","material error"
0.331778367654333,0.672328522510149,"ess","material error"
0.337936294780395,0.676499798715935,"ess","material error"
0.343868938911187,0.680978272733956,"ess","material error"
0.349960977491141,0.685344733508042,"ess","material error"
0.356137930734689,0.690003088699696,"ess","material error"
0.36235937944801,0.69406244678993,"ess","material error"
0.368509152583656,0.698374520834082,"ess","material error"
0.374810661267441,0.702709292562111,"ess","material error"
0.381115843562461,0.706960433320061,"ess","material error"
0.387260997621973,0.711310044226709,"ess","material error"
0.393338864178188,0.71538413089331,"ess","material error"
0.399499660485129,0.719403100489505,"ess","material error"
0.405334348422656,0.724039844628465,"ess","material error"
0.411595534173339,0.72806002516912,"ess","material error"
0.417466488547621,0.732266637552975,"ess","material error"
0.423524810161434,0.736242807539155,"ess","material error"
0.429229217243608,0.740389552766751,"ess","material error"
0.434483804205996,0.744337853401899,"ess","material error"
0.43966861497179,0.747726308499556,"ess","material error"
0.444788618536237,0.750794393540261,"ess","material error"
0.449805147818479,0.753830890278279,"ess","material error"
0.454757990743395,0.756662736292691,"ess","material error"
0.459664998580149,0.759518948818306,"ess","material error"
0.464856960031113,0.762174203063995,"ess","material error"
0.469879503270883,0.764837303932056,"ess","material error"
0.475015326080215,0.767716311685682,"ess","material error"
0.480197768988092,0.770374364155217,"ess","material error"
0.485153300080582,0.773090562851798,"ess","material error"
0.490149783876662,0.775940427239231,"ess","material error"
0.495165197949078,0.778730350757339,"ess","material error"
0.499995390568911,0.781395055227433,"ess","material error"
0.505097570855332,0.78406283383938,"ess","material error"
0.509915606992704,0.786893458724005,"ess","material error"
0.515194937096358,0.789516972605237,"ess","material error"
0.520413472380511,0.792182866865641,"ess","material error"
0.525411955954128,0.794847853913382,"ess","material error"
0.530447578784324,0.797447660848892,"ess","material error"
0.535471925444149,0.800094607259523,"ess","material error"
0.5405122480872,0.803729101826567,"ess","material error"
0.545106558722977,0.807868839154628,"ess","material error"
0.548608353021195,0.811967055392908,"ess","material error"
0.552015883018534,0.815872321698412,"ess","material error"
0.555411478005,0.819597231645418,"ess","material error"
0.559073454100356,0.823297052836782,"ess","material error"
0.562659980250717,0.826812143135234,"ess","material error"
0.566249760145341,0.830408254608543,"ess","material error"
0.569857041030389,0.833883442631935,"ess","material error"
0.573231187677516,0.837564732919196,"ess","material error"
0.576640756292335,0.840972418378997,"ess","material error"
0.580259187597439,0.844376433855076,"ess","material error"
0.583882755664764,0.847612127790113,"ess","material error"
0.587442813413206,0.851051319808787,"ess","material error"
0.591217632128768,0.854261881896398,"ess","material error"
0.594794424737775,0.857464832538318,"ess","material error"
0.59844568424564,0.860485661494926,"ess","material error"
0.601967237046007,0.863540571026388,"ess","material error"
0.605399198805738,0.866544864946751,"ess","material error"
0.608882846639242,0.869415063694797,"ess","material error"
0.612416505214364,0.872000335966972,"ess","material error"
0.615678178460483,0.874626666810446,"ess","material error"
0.618890962468327,0.877184394095213,"ess","material error"
0.622053777271713,0.879763492750935,"ess","material error"
0.625147658849109,0.882136061815916,"ess","material error"
0.628355527626253,0.884420918269964,"ess","material error"
0.6312843774485,0.886744917865451,"ess","material error"
0.634248820002325,0.889004029132328,"ess","material error"
0.637396575277293,0.89108278834988,"ess","material error"
0.640509448567656,0.893279112730876,"ess","material error"
0.643557805416799,0.895347183749262,"ess","material error"
0.6466040392555,0.897514600724236,"ess","material error"
0.649617569502921,0.899612760581758,"ess","material error"
0.652507932838054,0.901837846574902,"ess","material error"
0.65555395437571,0.904000567981662,"ess","material error"
0.658611329403989,0.905972073181811,"ess","material error"
0.661557634064256,0.907974089520595,"ess","material error"
0.664715612096024,0.909849330545007,"ess","material error"
0.667814445826033,0.911787710371544,"ess","material error"
0.675516206185756,0.914431290138507,"ess","material error"
0.685531341795007,0.917597194054341,"ess","material error"
0.695892537336708,0.92044403059095,"ess","material error"
0.705684830693441,0.923686335524056,"ess","material error"
0.71557360102902,0.926859755365457,"ess","material error"
0.725839459556176,0.929701886279102,"ess","material error"
0.735681611351606,0.9326891072341,"ess","material error"
0.745486084326938,0.93560476350654,"ess","material error"
0.755254618427686,0.938708252562243,"ess","material error"
0.764927815513891,0.941704231204424,"ess","material error"
0.775128396085209,0.944552505570272,"ess","material error"
0.784781613797061,0.947746381800385,"ess","material error"
0.795017173273023,0.950508255700167,"ess","material error"
0.80493696263725,0.953521161513838,"ess","material error"
0.815162202436372,0.956358456092772,"ess","material error"
0.825390082152825,0.959282347205398,"ess","material error"
0.835450387116841,0.96225636627375,"ess","material error"
0.845615748791031,0.965083138556893,"ess","material error"
0.855623315406533,0.968157152113205,"ess","material error"
0.86348558920134,0.969994977976766,"ess","material error"
0.870833387678242,0.971930445516799,"ess","material error"
0.878499090485762,0.973615133229889,"ess","material error"
0.88597717059721,0.975492153945028,"ess","material error"
0.893738956110209,0.977052945593206,"ess","material error"
0.901442372022468,0.978763355511181,"ess","material error"
0.909062390546293,0.980360466352464,"ess","material error"
0.916505414612658,0.982042306416736,"ess","material error"
0.924353425996944,0.983602491188937,"ess","material error"
0.931751494328229,0.985258609048324,"ess","material error"
0.939130877530348,0.986947311479417,"ess","material error"
0.946868320948471,0.988445501536394,"ess","material error"
0.95447111144036,0.989994108982257,"ess","material error"
0.962170584618941,0.991517180954305,"ess","material error"
0.969884071644397,0.993222269036786,"ess","material error"
0.977415035814085,0.99502898550409,"ess","material error"
0.984726492571882,0.996764417385438,"ess","material error"
0.992232171819078,0.998429358287881,"ess","material error"
1,1,"ess","material error"
0,0,"ess_pct","material error"
0,1.4780482383055e-06,"ess_pct","material error"
0.000265006659031622,0.00292166574394428,"ess_pct","material error"
0.000651480916836716,0.0057328432107477,"ess_pct","material error"
0.00100060210458068,0.0085411654856524,"ess_pct","material error"
0.00136706057135504,0.0113284696839256,"ess_pct","material error"
0.00179426793879324,0.0140544395706482,"ess_pct","material error"
0.00223131464664556,0.0167349623827572,"ess_pct","material error"
0.00268254444403904,0.0194826641174866,"ess_pct","material error"
0.00307190432031087,0.0222752029939579,"ess_pct","material error"
0.00353184776059178,0.0251018534371784,"ess_pct","material error"
0.00400124538115408,0.0278459115014077,"ess_pct","material error"
0.00445802795882999,0.0306386759446103,"ess_pct","material error"
0.00495218367057861,0.0334634933961372,"ess_pct","material error"
0.00552556273110891,0.0362292664514133,"ess_pct","material error"
0.00598790900519796,0.0390834827187427,"ess_pct","material error"
0.00650338717453473,0.0418712577038764,"ess_pct","material error"
0.00702047601771633,0.044801663684517,"ess_pct","material error"
0.00749292348953384,0.0476553679353196,"ess_pct","material error"
0.00803017300907508,0.0504838825132363,"ess_pct","material error"
0.0085820403023218,0.0532796443326842,"ess_pct","material error"
0.00909623704259333,0.0561993362346308,"ess_pct","material error"
0.00965469490833459,0.0589962493609609,"ess_pct","material error"
0.0101613102181111,0.0618738997602587,"ess_pct","material error"
0.0107202281175633,0.0648108601570597,"ess_pct","material error"
0.011279202376533,0.0676126490940907,"ess_pct","material error"
0.0118948038800843,0.0705500236922609,"ess_pct","material error"
0.012529508161915,0.0735585470135469,"ess_pct","material error"
0.0131767702070908,0.0765989279762619,"ess_pct","material error"
0.0137816827682005,0.0796298593832945,"ess_pct","material error"
0.0143913659675207,0.0827701946181825,"ess_pct","material error"
0.0150423184326994,0.085927856300199,"ess_pct","material error"
0.0157092243802819,0.0889880595782033,"ess_pct","material error"
0.0164287212688933,0.0921037578523464,"ess_pct","material error"
0.0171847342713018,0.0953032398902527,"ess_pct","material error"
0.0179237087710949,0.0985938824521171,"ess_pct","material error"
0.0186278230928906,0.101920024954687,"ess_pct","material error"
0.0193115552562887,0.105393681370447,"ess_pct","material error"
0.0201026696589226,0.108790670319074,"ess_pct","material error"
0.0208876443446004,0.112289566668324,"ess_pct","material error"
0.0217274853677038,0.115679641938217,"ess_pct","material error"
0.0226563153687425,0.119210941069734,"ess_pct","material error"
0.023588879593289,0.122854170921391,"ess_pct","material error"
0.0245832236910088,0.126284126601619,"ess_pct","material error"
0.0256473865667826,0.129868649573935,"ess_pct","material error"
0.0265542846190861,0.133533575501397,"ess_pct","material error"
0.0274986911001334,0.137301823043715,"ess_pct","material error"
0.0285285982739549,0.141071853335257,"ess_pct","material error"
0.0296185028660558,0.144750895365343,"ess_pct","material error"
0.030675274173918,0.148493581537907,"ess_pct","material error"
0.0318195399436453,0.152291186901268,"ess_pct","material error"
0.032907149852555,0.156012006058719,"ess_pct","material error"
0.0340785644170684,0.159839158127995,"ess_pct","material error"
0.0352233763313994,0.163674975723069,"ess_pct","material error"
0.0363443621982363,0.167470541987203,"ess_pct","material error"
0.0375483228503628,0.171369777838903,"ess_pct","material error"
0.0386578963776087,0.175411752432921,"ess_pct","material error"
0.0397994812090984,0.179322183352984,"ess_pct","material error"
0.0410547243257985,0.183261972728582,"ess_pct","material error"
0.0422554474039405,0.187217526806711,"ess_pct","material error"
0.0434274172485225,0.191243646590464,"ess_pct","material error"
0.0446846672934968,0.195217470409165,"ess_pct","material error"
0.0458370600852934,0.199278159196268,"ess_pct","material error"
0.0471016341702399,0.203280638697786,"ess_pct","material error"
0.0483968582224934,0.207285108524284,"ess_pct","material error"
0.0496583385281898,0.21107841538324,"ess_pct","material error"
0.0509122463091205,0.215179242142532,"ess_pct","material error"
0.0521670753788859,0.219186515246442,"ess_pct","material error"
0.0535068475082669,0.223033859417944,"ess_pct","material error"
0.0548140752036495,0.226980439089852,"ess_pct","material error"
0.0560696286381545,0.230938206537752,"ess_pct","material error"
0.0574503013663264,0.234619513720398,"ess_pct","material error"
0.0586824859394492,0.238413999375344,"ess_pct","material error"
0.05972319075227,0.242371894066191,"ess_pct","material error"
0.0608391549404579,0.246123084950975,"ess_pct","material error"
0.0617850021630904,0.24995751523292,"ess_pct","material error"
0.0628188851533519,0.253708862919794,"ess_pct","material error"
0.063922950969264,0.25747250733413,"ess_pct","material error"
0.0650245857937903,0.261213135372832,"ess_pct","material error"
0.0660837015282238,0.264982134024556,"ess_pct","material error"
0.0672327322023722,0.268620705582867,"ess_pct","material error"
0.068276048095542,0.27232998365879,"ess_pct","material error"
0.0695032027762773,0.275927116913913,"ess_pct","material error"
0.0706589366582626,0.279670532445079,"ess_pct","material error"
0.0718398775935524,0.283360531963876,"ess_pct","material error"
0.0731044296459267,0.286898077602769,"ess_pct","material error"
0.0744160994863537,0.290426557062962,"ess_pct","material error"
0.0757739420121593,0.293959420809838,"ess_pct","material error"
0.0770071932435528,0.297544478777477,"ess_pct","material error"
0.0783561353350193,0.301037834086631,"ess_pct","material error"
0.0797109096408271,0.304536151237131,"ess_pct","material error"
0.0810405534925336,0.308080083517779,"ess_pct","material error"
0.0824175706386294,0.311576653521383,"ess_pct","material error"
0.0837007584279469,0.315158011168986,"ess_pct","material error"
0.0850730182531701,0.318605115042277,"ess_pct","material error"
0.086397721893961,0.322147326168484,"ess_pct","material error"
0.0877398920835274,0.325699487831609,"ess_pct","material error"
0.0891092116253314,0.329187732801246,"ess_pct","material error"
0.0905261484417991,0.332525126611084,"ess_pct","material error"
0.0919709211439835,0.335977037316188,"ess_pct","material error"
0.0934570673815868,0.339343467123612,"ess_pct","material error"
0.094884877679916,0.342803930422764,"ess_pct","material error"
0.0961831420200919,0.346333816873323,"ess_pct","material error"
0.0976681722400117,0.349843660386359,"ess_pct","material error"
0.0989941834635483,0.353296163457521,"ess_pct","material error"
0.100439514227346,0.356684594896039,"ess_pct","material error"
0.101796757140202,0.360119179292903,"ess_pct","material error"
0.103141006298364,0.363576128087779,"ess_pct","material error"
0.104571054323954,0.367210839550146,"ess_pct","material error"
0.106143419870927,0.370906861612998,"ess_pct","material error"
0.107736436219777,0.374637623032699,"ess_pct","material error"
0.109586759096551,0.378494206589537,"ess_pct","material error"
0.111603579456799,0.382482866729707,"ess_pct","material error"
0.11360044010242,0.387154447834934,"ess_pct","material error"
0.116070013717379,0.391983295871283,"ess_pct","material error"
0.119026899444906,0.396606520811358,"ess_pct","material error"
0.122113836344666,0.401517801996733,"ess_pct","material error"
0.125524972103209,0.406245017404373,"ess_pct","material error"
0.128818421217408,0.411269296089234,"ess_pct","material error"
0.132146335386209,0.41624574955197,"ess_pct","material error"
0.135728591420527,0.421225173932145,"ess_pct","material error"
0.139286929062984,0.426079105957921,"ess_pct","material error"
0.143024488106154,0.430959846623899,"ess_pct","material error"
0.146668422748482,0.435920213857865,"ess_pct","material error"
0.150418257251405,0.440951881739268,"ess_pct","material error"
0.15418752479214,0.445976964281797,"ess_pct","material error"
0.157975368854053,0.450852871616429,"ess_pct","material error"
0.161953366741565,0.455698933123479,"ess_pct","material error"
0.166035069553412,0.460249398236856,"ess_pct","material error"
0.170041002110613,0.464867031756615,"ess_pct","material error"
0.173966426479617,0.469625522659754,"ess_pct","material error"
0.178012598655844,0.474364642956588,"ess_pct","material error"
0.182049986291973,0.479187497904951,"ess_pct","material error"
0.18632643503337,0.483671745112264,"ess_pct","material error"
0.190511813459779,0.488339992088533,"ess_pct","material error"
0.194804906555087,0.492746886276574,"ess_pct","material error"
0.198922206773688,0.497494689633454,"ess_pct","material error"
0.203075467864185,0.502168927412542,"ess_pct","material error"
0.207258878759799,0.506801211551713,"ess_pct","material error"
0.211222714633248,0.511475175436801,"ess_pct","material error"
0.215338997461131,0.515951011127611,"ess_pct","material error"
0.219625899661395,0.520529583772066,"ess_pct","material error"
0.223878798810571,0.52498762856225,"ess_pct","material error"
0.227953212539984,0.529528350557661,"ess_pct","material error"
0.232000183212686,0.533949477831826,"ess_pct","material error"
0.235833491824914,0.538588598221583,"ess_pct","material error"
0.239628453006614,0.543016525314191,"ess_pct","material error"
0.243464692536054,0.547337179651003,"ess_pct","material error"
0.247006234960195,0.551937882930616,"ess_pct","material error"
0.250337300139215,0.556310388437537,"ess_pct","material error"
0.253600308867989,0.560508578727817,"ess_pct","material error"
0.256476623052661,0.564754801276665,"ess_pct","material error"
0.259337548168787,0.568947365607916,"ess_pct","material error"
0.262006139207908,0.57291641461128,"ess_pct","material error"
0.264727489274214,0.576860887259505,"ess_pct","material error"
0.26741618483861,0.580712749980682,"ess_pct","material error"
0.270006979113117,0.584677735036942,"ess_pct","material error"
0.272549101904767,0.588581316192473,"ess_pct","material error"
0.275218266672174,0.592399601598617,"ess_pct","material error"
0.278209178107419,0.596196098557555,"ess_pct","material error"
0.281038117871511,0.599823924148502,"ess_pct","material error"
0.28379235476012,0.603563835978254,"ess_pct","material error"
0.286650649728836,0.607030606151949,"ess_pct","material error"
0.289461072190674,0.610714666457518,"ess_pct","material error"
0.292397554361327,0.614158517873419,"ess_pct","material error"
0.295315403788786,0.617648744929901,"ess_pct","material error"
0.298065822135632,0.621172801323072,"ess_pct","material error"
0.300795683363982,0.624804673493826,"ess_pct","material error"
0.303626660966357,0.62828653904639,"ess_pct","material error"
0.306371247747565,0.631628189936082,"ess_pct","material error"
0.309080637808774,0.63516803685697,"ess_pct","material error"
0.31191204648656,0.638630584035697,"ess_pct","material error"
0.314720106245162,0.642038041892519,"ess_pct","material error"
0.317668037567776,0.645367148567618,"ess_pct","material error"
0.320447039355203,0.648796131815881,"ess_pct","material error"
0.323370295926027,0.652157461679304,"ess_pct","material error"
0.326289217527702,0.655452312735491,"ess_pct","material error"
0.329241585354746,0.658539875067321,"ess_pct","material error"
0.33206125430026,0.661857222712388,"ess_pct","material error"
0.334939110754315,0.665115937454395,"ess_pct","material error"
0.337894531772462,0.668163185723449,"ess_pct","material error"
0.340621016742901,0.671292831754034,"ess_pct","material error"
0.343302102435708,0.674545670865814,"ess_pct","material error"
0.346003881606378,0.677620115405267,"ess_pct","material error"
0.348638709586895,0.680786496464686,"ess_pct","material error"
0.351395135717638,0.683699602029882,"ess_pct","material error"
0.354158893367047,0.686666500964182,"ess_pct","material error"
0.356870350696185,0.689756898735484,"ess_pct","material error"
0.359663366869929,0.692593978965426,"ess_pct","material error"
0.362345175896728,0.695404307162102,"ess_pct","material error"
0.364851736285522,0.698364499121173,"ess_pct","material error"
0.36750555136377,0.701164207216762,"ess_pct","material error"
0.370174133532038,0.703924924363263,"ess_pct","material error"
0.372803897755041,0.706651183881787,"ess_pct","material error"
0.375293353224925,0.709451822498779,"ess_pct","material error"
0.377836405897545,0.712176106715978,"ess_pct","material error"
0.380542405915061,0.714681951034121,"ess_pct","material error"
0.382923637361367,0.717334361613719,"ess_pct","material error"
0.385541762368429,0.719916662707288,"ess_pct","material error"
0.388063947442763,0.722563731929505,"ess_pct","material error"
0.390546235864355,0.725101626220051,"ess_pct","material error"
0.392945663104499,0.727715583322644,"ess_pct","material error"
0.395495594163122,0.730206435094587,"ess_pct","material error"
0.398107784390995,0.732602962343455,"ess_pct","material error"
0.400678452142912,0.7349835327042,"ess_pct","material error"
0.403124478623114,0.737485722577777,"ess_pct","material error"
0.405639760976543,0.739951128519873,"ess_pct","material error"
0.40830300582943,0.742212412983835,"ess_pct","material error"
0.410846326185973,0.744500192627906,"ess_pct","material error"
0.413304964019504,0.746982214501277,"ess_pct","material error"
0.415792475214607,0.749449663842777,"ess_pct","material error"
0.418289870995282,0.75178579175184,"ess_pct","material error"
0.420812769753561,0.754136371078741,"ess_pct","material error"
0.423159302566165,0.756511333174202,"ess_pct","material error"
0.425584570955143,0.758939825844169,"ess_pct","material error"
0.428126306606067,0.761231497590526,"ess_pct","material error"
0.430617837255722,0.763506257247518,"ess_pct","material error"
0.433210486557053,0.765702339857484,"ess_pct","material error"
0.435654408068206,0.768017281494396,"ess_pct","material error"
0.438175872745519,0.770203236686022,"ess_pct","material error"
0.440774374171284,0.772354130507643,"ess_pct","material error"
0.443289915817292,0.774634086185173,"ess_pct","material error"
0.445873584700542,0.777033042113181,"ess_pct","material error"
0.448535441624863,0.779525919917231,"ess_pct","material error"
0.45170274118291,0.782014978287414,"ess_pct","material error"
0.455771202031801,0.785188777467103,"ess_pct","material error"
0.461097330490148,0.788711583415011,"ess_pct","material error"
0.467777178934706,0.792852284823849,"ess_pct","material error"
0.474574765090938,0.796871294051435,"ess_pct","material error"
0.481569484514553,0.800947804957424,"ess_pct","material error"
0.489092202089356,0.804988685094222,"ess_pct","material error"
0.496859039432198,0.80886403159791,"ess_pct","material error"
0.504464506163984,0.812600070912553,"ess_pct","material error"
0.512645192505285,0.816308494399503,"ess_pct","material error"
0.520660885691629,0.819876919204836,"ess_pct","material error"
0.528817684808923,0.823569018805292,"ess_pct","material error"
0.53694468122312,0.827400053373174,"ess_pct","material error"
0.545276080746972,0.831004429850914,"ess_pct","material error"
0.553697827371695,0.834563015626416,"ess_pct","material error"
0.562453145928318,0.838116830423079,"ess_pct","material error"
0.571079752151899,0.841511592787023,"ess_pct","material error"
0.579627319032398,0.844993118045065,"ess_pct","material error"
0.588138347057101,0.84852980366117,"ess_pct","material error"
0.596398097495955,0.852395282798914,"ess_pct","material error"
0.605071813932604,0.85587984322033,"ess_pct","material error"
0.613452477368315,0.859347031776088,"ess_pct","material error"
0.621865359375527,0.862935609956534,"ess_pct","material error"
0.630690341984402,0.866294985085168,"ess_pct","material error"
0.639730886154708,0.869650219876714,"ess_pct","material error"
0.648242023266902,0.873253520953247,"ess_pct","material error"
0.656920489684675,0.876625396878235,"ess_pct","material error"
0.666113969065852,0.879876958579745,"ess_pct","material error"
0.674960495675407,0.883322425219402,"ess_pct","material error"
0.683573749589839,0.886786437649416,"ess_pct","material error"
0.692115562105078,0.890202589208645,"ess_pct","material error"
0.701271253578667,0.893208240520248,"ess_pct","material error"
0.71001614882533,0.896485679752942,"ess_pct","material error"
0.718584886471441,0.899966260321525,"ess_pct","material error"
0.72687555464341,0.903677184699002,"ess_pct","material error"
0.735729203107868,0.906985880166473,"ess_pct","material error"
0.744200696266702,0.910412960585962,"ess_pct","material error"
0.752154884845577,0.914137821891479,"ess_pct","material error"
0.75964621207469,0.917822260164238,"ess_pct","material error"
0.765474444370229,0.921102340792791,"ess_pct","material error"
0.770491844913905,0.92385493161206,"ess_pct","material error"
0.775508483403524,0.926588913831429,"ess_pct","material error"
0.780471441496209,0.929178115813268,"ess_pct","material error"
0.78554452341312,0.931781644312059,"ess_pct","material error"
0.790711764978847,0.934274351315944,"ess_pct","material error"
0.795887096940576,0.936945624149359,"ess_pct","material error"
0.80125211335199,0.939492635943498,"ess_pct","material error"
0.806578699797999,0.941943600065473,"ess_pct","material error"
0.811992404295145,0.944409710623553,"ess_pct","material error"
0.817468350999036,0.94689498657963,"ess_pct","material error"
0.823103947248995,0.949426402085536,"ess_pct","material error"
0.828654318895013,0.951854542578094,"ess_pct","material error"
0.834437265076197,0.95417989610442,"ess_pct","material error"
0.840423032178819,0.956524440492071,"ess_pct","material error"
0.846523434652699,0.958826885511225,"ess_pct","material error"
0.852797613502998,0.961005616952645,"ess_pct","material error"
0.859159007803982,0.963159810233918,"ess_pct","material error"
0.865586664965024,0.965393067147762,"ess_pct","material error"
0.872254493825927,0.967285391322868,"ess_pct","material error"
0.879122404732999,0.969339263336807,"ess_pct","material error"
0.88586165473399,0.97134837930839,"ess_pct","material error"
0.892777338171048,0.973290165997591,"ess_pct","material error"
0.899575487626313,0.975237257546733,"ess_pct","material error"
0.906308359904941,0.977175742491106,"ess_pct","material error"
0.913575729731623,0.978931371035229,"ess_pct","material error"
0.920445156175646,0.980761581666245,"ess_pct","material error"
0.927350102286602,0.982593697802952,"ess_pct","material error"
0.934353176493529,0.984354533597592,"ess_pct","material error"
0.941697842600992,0.986003339238038,"ess_pct","material error"
0.948891453698445,0.987680307318944,"ess_pct","material error"
0.955984447167495,0.989503057194936,"ess_pct","material error"
0.963337006534273,0.991175000512503,"ess_pct","material error"
0.970766519335434,0.99297683650866,"ess_pct","material error"
0.977903155593667,0.994905479876867,"ess_pct","material error"
0.984978102874586,0.996692466509074,"ess_pct","material error"
0.99237122330887,0.998393828457935,"ess_pct","material error"
1,1,"ess_pct","material error"
0,0,"cv_w","material error"
0,1.4780482383055e-06,"cv_w","material error"
0.000265006659031622,0.00292166574394428,"cv_w","material error"
0.000651480916836716,0.0057328432107477,"cv_w","material error"
0.00100060210458068,0.0085411654856524,"cv_w","material error"
0.00136706057135504,0.0113284696839256,"cv_w","material error"
0.00179426793879324,0.0140544395706482,"cv_w","material error"
0.00223131464664556,0.0167349623827572,"cv_w","material error"
0.00268254444403904,0.0194826641174866,"cv_w","material error"
0.00307190432031087,0.0222752029939579,"cv_w","material error"
0.00353184776059178,0.0251018534371784,"cv_w","material error"
0.00400124538115408,0.0278459115014077,"cv_w","material error"
0.00445802795882999,0.0306386759446103,"cv_w","material error"
0.00495218367057861,0.0334634933961372,"cv_w","material error"
0.00552556273110891,0.0362292664514133,"cv_w","material error"
0.00598790900519796,0.0390834827187427,"cv_w","material error"
0.00650338717453473,0.0418712577038764,"cv_w","material error"
0.00702047601771633,0.044801663684517,"cv_w","material error"
0.00749292348953384,0.0476553679353196,"cv_w","material error"
0.00803017300907508,0.0504838825132363,"cv_w","material error"
0.0085820403023218,0.0532796443326842,"cv_w","material error"
0.00909623704259333,0.0561993362346308,"cv_w","material error"
0.00965469490833459,0.0589962493609609,"cv_w","material error"
0.0101613102181111,0.0618738997602587,"cv_w","material error"
0.0107202281175633,0.0648108601570597,"cv_w","material error"
0.011279202376533,0.0676126490940907,"cv_w","material error"
0.0118948038800843,0.0705500236922609,"cv_w","material error"
0.012529508161915,0.0735585470135469,"cv_w","material error"
0.0131767702070908,0.0765989279762619,"cv_w","material error"
0.0137816827682005,0.0796298593832945,"cv_w","material error"
0.0143913659675207,0.0827701946181825,"cv_w","material error"
0.0150423184326994,0.085927856300199,"cv_w","material error"
0.0157092243802819,0.0889880595782033,"cv_w","material error"
0.0164287212688933,0.0921037578523464,"cv_w","material error"
0.0171847342713018,0.0953032398902527,"cv_w","material error"
0.0179237087710949,0.0985938824521171,"cv_w","material error"
0.0186278230928906,0.101920024954687,"cv_w","material error"
0.0193115552562887,0.105393681370447,"cv_w","material error"
0.0201026696589226,0.108790670319074,"cv_w","material error"
0.0208876443446004,0.112289566668324,"cv_w","material error"
0.0217274853677038,0.115679641938217,"cv_w","material error"
0.0226563153687425,0.119210941069734,"cv_w","material error"
0.023588879593289,0.122854170921391,"cv_w","material error"
0.0245832236910088,0.126284126601619,"cv_w","material error"
0.0256473865667826,0.129868649573935,"cv_w","material error"
0.0265542846190861,0.133533575501397,"cv_w","material error"
0.0274986911001334,0.137301823043715,"cv_w","material error"
0.0285285982739549,0.141071853335257,"cv_w","material error"
0.0296185028660558,0.144750895365343,"cv_w","material error"
0.030675274173918,0.148493581537907,"cv_w","material error"
0.0318195399436453,0.152291186901268,"cv_w","material error"
0.032907149852555,0.156012006058719,"cv_w","material error"
0.0340785644170684,0.159839158127995,"cv_w","material error"
0.0352233763313994,0.163674975723069,"cv_w","material error"
0.0363443621982363,0.167470541987203,"cv_w","material error"
0.0375483228503628,0.171369777838903,"cv_w","material error"
0.0386578963776087,0.175411752432921,"cv_w","material error"
0.0397994812090984,0.179322183352984,"cv_w","material error"
0.0410547243257985,0.183261972728582,"cv_w","material error"
0.0422554474039405,0.187217526806711,"cv_w","material error"
0.0434274172485225,0.191243646590464,"cv_w","material error"
0.0446846672934968,0.195217470409165,"cv_w","material error"
0.0458370600852934,0.199278159196268,"cv_w","material error"
0.0471016341702399,0.203280638697786,"cv_w","material error"
0.0483968582224934,0.207285108524284,"cv_w","material error"
0.0496583385281898,0.21107841538324,"cv_w","material error"
0.0509122463091205,0.215179242142532,"cv_w","material error"
0.0521670753788859,0.219186515246442,"cv_w","material error"
0.0535068475082669,0.223033859417944,"cv_w","material error"
0.0548140752036495,0.226980439089852,"cv_w","material error"
0.0560696286381545,0.230938206537752,"cv_w","material error"
0.0574503013663264,0.234619513720398,"cv_w","material error"
0.0586824859394492,0.238413999375344,"cv_w","material error"
0.05972319075227,0.242371894066191,"cv_w","material error"
0.0608391549404579,0.246123084950975,"cv_w","material error"
0.0617850021630904,0.24995751523292,"cv_w","material error"
0.0628188851533519,0.253708862919794,"cv_w","material error"
0.063922950969264,0.25747250733413,"cv_w","material error"
0.0650245857937903,0.261213135372832,"cv_w","material error"
0.0660837015282238,0.264982134024556,"cv_w","material error"
0.0672327322023722,0.268620705582867,"cv_w","material error"
0.068276048095542,0.27232998365879,"cv_w","material error"
0.0695032027762773,0.275927116913913,"cv_w","material error"
0.0706589366582626,0.279670532445079,"cv_w","material error"
0.0718398775935524,0.283360531963876,"cv_w","material error"
0.0731044296459267,0.286898077602769,"cv_w","material error"
0.0744160994863537,0.290426557062962,"cv_w","material error"
0.0757739420121593,0.293959420809838,"cv_w","material error"
0.0770071932435528,0.297544478777477,"cv_w","material error"
0.0783561353350193,0.301037834086631,"cv_w","material error"
0.0797109096408271,0.304536151237131,"cv_w","material error"
0.0810405534925336,0.308080083517779,"cv_w","material error"
0.0824175706386294,0.311576653521383,"cv_w","material error"
0.0837007584279469,0.315158011168986,"cv_w","material error"
0.0850730182531701,0.318605115042277,"cv_w","material error"
0.086397721893961,0.322147326168484,"cv_w","material error"
0.0877398920835274,0.325699487831609,"cv_w","material error"
0.0891092116253314,0.329187732801246,"cv_w","material error"
0.0905261484417991,0.332525126611084,"cv_w","material error"
0.0919709211439835,0.335977037316188,"cv_w","material error"
0.0934570673815868,0.339343467123612,"cv_w","material error"
0.094884877679916,0.342803930422764,"cv_w","material error"
0.0961831420200919,0.346333816873323,"cv_w","material error"
0.0976681722400117,0.349843660386359,"cv_w","material error"
0.0989941834635483,0.353296163457521,"cv_w","material error"
0.100439514227346,0.356684594896039,"cv_w","material error"
0.101796757140202,0.360119179292903,"cv_w","material error"
0.103141006298364,0.363576128087779,"cv_w","material error"
0.104571054323954,0.367210839550146,"cv_w","material error"
0.106143419870927,0.370906861612998,"cv_w","material error"
0.107736436219777,0.374637623032699,"cv_w","material error"
0.109586759096551,0.378494206589537,"cv_w","material error"
0.111603579456799,0.382482866729707,"cv_w","material error"
0.11360044010242,0.387154447834934,"cv_w","material error"
0.116070013717379,0.391983295871283,"cv_w","material error"
0.119026899444906,0.396606520811358,"cv_w","material error"
0.122113836344666,0.401517801996733,"cv_w","material error"
0.125524972103209,0.406245017404373,"cv_w","material error"
0.128818421217408,0.411269296089234,"cv_w","material error"
0.132146335386209,0.41624574955197,"cv_w","material error"
0.135728591420527,0.421225173932145,"cv_w","material error"
0.139286929062984,0.426079105957921,"cv_w","material error"
0.143024488106154,0.430959846623899,"cv_w","material error"
0.146668422748482,0.435920213857865,"cv_w","material error"
0.150418257251405,0.440951881739268,"cv_w","material error"
0.15418752479214,0.445976964281797,"cv_w","material error"
0.157975368854053,0.450852871616429,"cv_w","material error"
0.161953366741565,0.455698933123479,"cv_w","material error"
0.166035069553412,0.460249398236856,"cv_w","material error"
0.170041002110613,0.464867031756615,"cv_w","material error"
0.173966426479617,0.469625522659754,"cv_w","material error"
0.178012598655844,0.474364642956588,"cv_w","material error"
0.182049986291973,0.479187497904951,"cv_w","material error"
0.18632643503337,0.483671745112264,"cv_w","material error"
0.190511813459779,0.488339992088533,"cv_w","material error"
0.194804906555087,0.492746886276574,"cv_w","material error"
0.198922206773688,0.497494689633454,"cv_w","material error"
0.203075467864185,0.502168927412542,"cv_w","material error"
0.207258878759799,0.506801211551713,"cv_w","material error"
0.211222714633248,0.511475175436801,"cv_w","material error"
0.215338997461131,0.515951011127611,"cv_w","material error"
0.219625899661395,0.520529583772066,"cv_w","material error"
0.223878798810571,0.52498762856225,"cv_w","material error"
0.227953212539984,0.529528350557661,"cv_w","material error"
0.232000183212686,0.533949477831826,"cv_w","material error"
0.235833491824914,0.538588598221583,"cv_w","material error"
0.239628453006614,0.543016525314191,"cv_w","material error"
0.243464692536054,0.547337179651003,"cv_w","material error"
0.247006234960195,0.551937882930616,"cv_w","material error"
0.250337300139215,0.556310388437537,"cv_w","material error"
0.253600308867989,0.560508578727817,"cv_w","material error"
0.256476623052661,0.564754801276665,"cv_w","material error"
0.259337548168787,0.568947365607916,"cv_w","material error"
0.262006139207908,0.57291641461128,"cv_w","material error"
0.264727489274214,0.576860887259505,"cv_w","material error"
0.26741618483861,0.580712749980682,"cv_w","material error"
0.270006979113117,0.584677735036942,"cv_w","material error"
0.272549101904767,0.588581316192473,"cv_w","material error"
0.275218266672174,0.592399601598617,"cv_w","material error"
0.278209178107419,0.596196098557555,"cv_w","material error"
0.281038117871511,0.599823924148502,"cv_w","material error"
0.28379235476012,0.603563835978254,"cv_w","material error"
0.286650649728836,0.607030606151949,"cv_w","material error"
0.289461072190674,0.610714666457518,"cv_w","material error"
0.292397554361327,0.614158517873419,"cv_w","material error"
0.295315403788786,0.617648744929901,"cv_w","material error"
0.298065822135632,0.621172801323072,"cv_w","material error"
0.300795683363982,0.624804673493826,"cv_w","material error"
0.303626660966357,0.62828653904639,"cv_w","material error"
0.306371247747565,0.631628189936082,"cv_w","material error"
0.309080637808774,0.63516803685697,"cv_w","material error"
0.31191204648656,0.638630584035697,"cv_w","material error"
0.314720106245162,0.642038041892519,"cv_w","material error"
0.317668037567776,0.645367148567618,"cv_w","material error"
0.320447039355203,0.648796131815881,"cv_w","material error"
0.323370295926027,0.652157461679304,"cv_w","material error"
0.326289217527702,0.655452312735491,"cv_w","material error"
0.329241585354746,0.658539875067321,"cv_w","material error"
0.33206125430026,0.661857222712388,"cv_w","material error"
0.334939110754315,0.665115937454395,"cv_w","material error"
0.337894531772462,0.668163185723449,"cv_w","material error"
0.340621016742901,0.671292831754034,"cv_w","material error"
0.343302102435708,0.674545670865814,"cv_w","material error"
0.346003881606378,0.677620115405267,"cv_w","material error"
0.348638709586895,0.680786496464686,"cv_w","material error"
0.351395135717638,0.683699602029882,"cv_w","material error"
0.354158893367047,0.686666500964182,"cv_w","material error"
0.356870350696185,0.689756898735484,"cv_w","material error"
0.359663366869929,0.692593978965426,"cv_w","material error"
0.362345175896728,0.695404307162102,"cv_w","material error"
0.364851736285522,0.698364499121173,"cv_w","material error"
0.36750555136377,0.701164207216762,"cv_w","material error"
0.370174133532038,0.703924924363263,"cv_w","material error"
0.372803897755041,0.706651183881787,"cv_w","material error"
0.375293353224925,0.709451822498779,"cv_w","material error"
0.377836405897545,0.712176106715978,"cv_w","material error"
0.380542405915061,0.714681951034121,"cv_w","material error"
0.382923637361367,0.717334361613719,"cv_w","material error"
0.385541762368429,0.719916662707288,"cv_w","material error"
0.388063947442763,0.722563731929505,"cv_w","material error"
0.390546235864355,0.725101626220051,"cv_w","material error"
0.392945663104499,0.727715583322644,"cv_w","material error"
0.395495594163122,0.730206435094587,"cv_w","material error"
0.398107784390995,0.732602962343455,"cv_w","material error"
0.400678452142912,0.7349835327042,"cv_w","material error"
0.403124478623114,0.737485722577777,"cv_w","material error"
0.405639760976543,0.739951128519873,"cv_w","material error"
0.40830300582943,0.742212412983835,"cv_w","material error"
0.410846326185973,0.744500192627906,"cv_w","material error"
0.413304964019504,0.746982214501277,"cv_w","material error"
0.415792475214607,0.749449663842777,"cv_w","material error"
0.418289870995282,0.75178579175184,"cv_w","material error"
0.420812769753561,0.754136371078741,"cv_w","material error"
0.423159302566165,0.756511333174202,"cv_w","material error"
0.425584570955143,0.758939825844169,"cv_w","material error"
0.428126306606067,0.761231497590526,"cv_w","material error"
0.430617837255722,0.763506257247518,"cv_w","material error"
0.433210486557053,0.765702339857484,"cv_w","material error"
0.435654408068206,0.768017281494396,"cv_w","material error"
0.438175872745519,0.770203236686022,"cv_w","material error"
0.440774374171284,0.772354130507643,"cv_w","material error"
0.443289915817292,0.774634086185173,"cv_w","material error"
0.445873584700542,0.777033042113181,"cv_w","material error"
0.448535441624863,0.779525919917231,"cv_w","material error"
0.45170274118291,0.782014978287414,"cv_w","material error"
0.455771202031801,0.785188777467103,"cv_w","material error"
0.461097330490148,0.788711583415011,"cv_w","material error"
0.467777178934706,0.792852284823849,"cv_w","material error"
0.474574765090938,0.796871294051435,"cv_w","material error"
0.481569484514553,0.800947804957424,"cv_w","material error"
0.489092202089356,0.804988685094222,"cv_w","material error"
0.496859039432198,0.80886403159791,"cv_w","material error"
0.504464506163984,0.812600070912553,"cv_w","material error"
0.512645192505285,0.816308494399503,"cv_w","material error"
0.520660885691629,0.819876919204836,"cv_w","material error"
0.528817684808923,0.823569018805292,"cv_w","material error"
0.53694468122312,0.827400053373174,"cv_w","material error"
0.545276080746972,0.831004429850914,"cv_w","material error"
0.553697827371695,0.834563015626416,"cv_w","material error"
0.562453145928318,0.838116830423079,"cv_w","material error"
0.571079752151899,0.841511592787023,"cv_w","material error"
0.579627319032398,0.844993118045065,"cv_w","material error"
0.588138347057101,0.84852980366117,"cv_w","material error"
0.596398097495955,0.852395282798914,"cv_w","material error"
0.605071813932604,0.85587984322033,"cv_w","material error"
0.613452477368315,0.859347031776088,"cv_w","material error"
0.621865359375527,0.862935609956534,"cv_w","material error"
0.630690341984402,0.866294985085168,"cv_w","material error"
0.639730886154708,0.869650219876714,"cv_w","material error"
0.648242023266902,0.873253520953247,"cv_w","material error"
0.656920489684675,0.876625396878235,"cv_w","material error"
0.666113969065852,0.879876958579745,"cv_w","material error"
0.674960495675407,0.883322425219402,"cv_w","material error"
0.683573749589839,0.886786437649416,"cv_w","material error"
0.692115562105078,0.890202589208645,"cv_w","material error"
0.701271253578667,0.893208240520248,"cv_w","material error"
0.71001614882533,0.896485679752942,"cv_w","material error"
0.718584886471441,0.899966260321525,"cv_w","material error"
0.72687555464341,0.903677184699002,"cv_w","material error"
0.735729203107868,0.906985880166473,"cv_w","material error"
0.744200696266702,0.910412960585962,"cv_w","material error"
0.752154884845577,0.914137821891479,"cv_w","material error"
0.75964621207469,0.917822260164238,"cv_w","material error"
0.765474444370229,0.921102340792791,"cv_w","material error"
0.770491844913905,0.92385493161206,"cv_w","material error"
0.775508483403524,0.926588913831429,"cv_w","material error"
0.780471441496209,0.929178115813268,"cv_w","material error"
0.78554452341312,0.931781644312059,"cv_w","material error"
0.790711764978847,0.934274351315944,"cv_w","material error"
0.795887096940576,0.936945624149359,"cv_w","material error"
0.80125211335199,0.939492635943498,"cv_w","material error"
0.806578699797999,0.941943600065473,"cv_w","material error"
0.811992404295145,0.944409710623553,"cv_w","material error"
0.817468350999036,0.94689498657963,"cv_w","material error"
0.823103947248995,0.949426402085536,"cv_w","material error"
0.828654318895013,0.951854542578094,"cv_w","material error"
0.834437265076197,0.95417989610442,"cv_w","material error"
0.840423032178819,0.956524440492071,"cv_w","material error"
0.846523434652699,0.958826885511225,"cv_w","material error"
0.852797613502998,0.961005616952645,"cv_w","material error"
0.859159007803982,0.963159810233918,"cv_w","material error"
0.865586664965024,0.965393067147762,"cv_w","material error"
0.872254493825927,0.967285391322868,"cv_w","material error"
0.879122404732999,0.969339263336807,"cv_w","material error"
0.88586165473399,0.97134837930839,"cv_w","material error"
0.892777338171048,0.973290165997591,"cv_w","material error"
0.899575487626313,0.975237257546733,"cv_w","material error"
0.906308359904941,0.977175742491106,"cv_w","material error"
0.913575729731623,0.978931371035229,"cv_w","material error"
0.920445156175646,0.980761581666245,"cv_w","material error"
0.927350102286602,0.982593697802952,"cv_w","material error"
0.934353176493529,0.984354533597592,"cv_w","material error"
0.941697842600992,0.986003339238038,"cv_w","material error"
0.948891453698445,0.987680307318944,"cv_w","material error"
0.955984447167495,0.989503057194936,"cv_w","material error"
0.963337006534273,0.991175000512503,"cv_w","material error"
0.970766519335434,0.99297683650866,"cv_w","material error"
0.977903155593667,0.994905479876867,"cv_w","material error"
0.984978102874586,0.996692466509074,"cv_w","material error"
0.99237122330887,0.998393828457935,"cv_w","material error"
1,1,"cv_w","material error"
0,0,"max_w","material error"
0,1.07184163456497e-06,"max_w","material error"
0.000245251673376797,0.0029397169807084,"max_w","material error"
0.00055304316333858,0.0058293348152909,"max_w","material error"
0.000879643061077984,0.00872589807374984,"max_w","material error"
0.00119929121228935,0.0117309576447614,"max_w","material error"
0.00150448140640595,0.0147167570159116,"max_w","material error"
0.00191806184738816,0.0177021799178678,"max_w","material error"
0.00229855320546364,0.0207679749329527,"max_w","material error"
0.00271251970039051,0.0236986328924813,"max_w","material error"
0.00314695669143617,0.0266890854156788,"max_w","material error"
0.00360645168761534,0.0296198564927251,"max_w","material error"
0.00402719537889589,0.032735278780004,"max_w","material error"
0.0044476619358622,0.0358441605777573,"max_w","material error"
0.00485419620777022,0.0389554285203756,"max_w","material error"
0.00525025807574106,0.0420293991652123,"max_w","material error"
0.00578533764918661,0.0451250164931634,"max_w","material error"
0.00622473221279333,0.0482418026983898,"max_w","material error"
0.00671093248233645,0.051459633019022,"max_w","material error"
0.00724743988713671,0.0547271964625483,"max_w","material error"
0.00772952612660387,0.0578590669369678,"max_w","material error"
0.00833107737359261,0.0610331919383509,"max_w","material error"
0.008915880978814,0.0642937146997569,"max_w","material error"
0.00940274705549447,0.067441412299064,"max_w","material error"
0.00997262604751194,0.0705887853802632,"max_w","material error"
0.0105391558482757,0.0737233253477248,"max_w","material error"
0.0111355366680182,0.0770267398715185,"max_w","material error"
0.0117154714303175,0.0803096260717763,"max_w","material error"
0.0123186249190878,0.0834243918342085,"max_w","material error"
0.0128681296650708,0.0866976849608168,"max_w","material error"
0.013520050650124,0.0898631202697106,"max_w","material error"
0.0142228152747552,0.0930455797708462,"max_w","material error"
0.0148527807491853,0.096359910113105,"max_w","material error"
0.0155296570180679,0.0996991101264352,"max_w","material error"
0.0162080374968597,0.102979662726342,"max_w","material error"
0.0168883625408669,0.106364153567233,"max_w","material error"
0.0175906363742283,0.109554741570569,"max_w","material error"
0.0182747650107255,0.112858213746258,"max_w","material error"
0.018958567343575,0.116188232006778,"max_w","material error"
0.0196613783316395,0.11956424576452,"max_w","material error"
0.0203906203890871,0.122867558321479,"max_w","material error"
0.0210619794693788,0.126366859741843,"max_w","material error"
0.0218068820037183,0.129726814400018,"max_w","material error"
0.0225386831084467,0.133131797483427,"max_w","material error"
0.0232256596302222,0.13651715962875,"max_w","material error"
0.024038535161819,0.139812254644216,"max_w","material error"
0.0247668524906558,0.143197406046601,"max_w","material error"
0.0256520130526539,0.146599584112331,"max_w","material error"
0.0264620881496689,0.150126122428904,"max_w","material error"
0.0272773340236685,0.153523806625078,"max_w","material error"
0.028180916794679,0.156860154248225,"max_w","material error"
0.02896104984601,0.160289993822722,"max_w","material error"
0.0297254589338435,0.163849172909182,"max_w","material error"
0.030536217956275,0.167482057017539,"max_w","material error"
0.03142888615734,0.170949440065771,"max_w","material error"
0.0324133447669574,0.174398382159162,"max_w","material error"
0.0333525808256479,0.17791475059207,"max_w","material error"
0.0343359264286646,0.181435434758328,"max_w","material error"
0.0353495485611538,0.184778529136779,"max_w","material error"
0.0363203626765691,0.188338770776891,"max_w","material error"
0.0373119452798354,0.191884839369714,"max_w","material error"
0.0382619097922853,0.195498997009701,"max_w","material error"
0.039295734986484,0.198996896025839,"max_w","material error"
0.0403039794548323,0.202564414737555,"max_w","material error"
0.0413777553253251,0.206089407010658,"max_w","material error"
0.0423963552824893,0.209722757877009,"max_w","material error"
0.0434350563694113,0.213486560994698,"max_w","material error"
0.0444765972227549,0.217040655755305,"max_w","material error"
0.0455627689227516,0.220530234058183,"max_w","material error"
0.0465881482045076,0.224220668392481,"max_w","material error"
0.0477462745473795,0.227820272670364,"max_w","material error"
0.0488266967007893,0.231587883219773,"max_w","material error"
0.0498544558345603,0.235486492724733,"max_w","material error"
0.0509389851060982,0.239285718110801,"max_w","material error"
0.0521555021676199,0.242963476208055,"max_w","material error"
0.0532440538769087,0.246721556670942,"max_w","material error"
0.0544128431953663,0.250443953182796,"max_w","material error"
0.0556497643029883,0.254288363785021,"max_w","material error"
0.057019052956879,0.258041211648695,"max_w","material error"
0.0583061514877446,0.261838110844596,"max_w","material error"
0.0596369895389263,0.265794751473838,"max_w","material error"
0.0608723801443116,0.26967834695489,"max_w","material error"
0.0621117709430744,0.273503753121915,"max_w","material error"
0.0634803184678081,0.277272068222859,"max_w","material error"
0.0648650332929096,0.281031954061472,"max_w","material error"
0.066231544021958,0.28498028182016,"max_w","material error"
0.0675939129157181,0.289062329655736,"max_w","material error"
0.0690277912831051,0.292945818581136,"max_w","material error"
0.0705634389402166,0.296798146820247,"max_w","material error"
0.0720014631868282,0.300817010966748,"max_w","material error"
0.0735022065456147,0.304802460269696,"max_w","material error"
0.0749777787611766,0.308871667474114,"max_w","material error"
0.0766095643924425,0.312711373053328,"max_w","material error"
0.0781371792988352,0.316731042685502,"max_w","material error"
0.0798077713253002,0.320858126580105,"max_w","material error"
0.0816113925973283,0.324857964410928,"max_w","material error"
0.0832945438572212,0.328923740044808,"max_w","material error"
0.0851125905394592,0.332837442983107,"max_w","material error"
0.0866873452224067,0.336998770808145,"max_w","material error"
0.0885227391760669,0.34098303421029,"max_w","material error"
0.0902660828303097,0.344984414430508,"max_w","material error"
0.0922368753118222,0.349010971608457,"max_w","material error"
0.0940658557228962,0.353026345065864,"max_w","material error"
0.0958537318525612,0.357153371026209,"max_w","material error"
0.0977744831732364,0.361261340396748,"max_w","material error"
0.099574168098669,0.365564404438879,"max_w","material error"
0.101657707628365,0.369601425486469,"max_w","material error"
0.103628979404966,0.373699084665478,"max_w","material error"
0.105587667879307,0.377932979895047,"max_w","material error"
0.107672271371689,0.382173808462301,"max_w","material error"
0.109666363117253,0.386369487546141,"max_w","material error"
0.111689717218953,0.390550194585026,"max_w","material error"
0.113704967258746,0.394721577345042,"max_w","material error"
0.115670324455326,0.398961923414882,"max_w","material error"
0.117921594217106,0.403076894718667,"max_w","material error"
0.120053064993099,0.407150560195711,"max_w","material error"
0.122192084803425,0.411349310026293,"max_w","material error"
0.124267594834312,0.415805434228665,"max_w","material error"
0.126563584414483,0.419955470885183,"max_w","material error"
0.1288017682324,0.424302778666482,"max_w","material error"
0.131138877983445,0.428480831773712,"max_w","material error"
0.133424702587224,0.432749513108189,"max_w","material error"
0.135730600967993,0.436792931742883,"max_w","material error"
0.137948927205946,0.441046062753702,"max_w","material error"
0.140241953801979,0.444958741172735,"max_w","material error"
0.142592121385879,0.449091408314057,"max_w","material error"
0.145019691520962,0.453188866593942,"max_w","material error"
0.147285703738168,0.457324568963927,"max_w","material error"
0.149682093610892,0.461273347852611,"max_w","material error"
0.151917417178717,0.465356447884319,"max_w","material error"
0.154258778584833,0.469382395607541,"max_w","material error"
0.156553758206621,0.473452891814352,"max_w","material error"
0.158975746958042,0.477562598477196,"max_w","material error"
0.161470376231945,0.481542121069574,"max_w","material error"
0.163919909215731,0.48559368248473,"max_w","material error"
0.166239308672218,0.48960902962875,"max_w","material error"
0.16873301963322,0.493396374349504,"max_w","material error"
0.171122053352684,0.497321485466815,"max_w","material error"
0.173547196530799,0.501222479548247,"max_w","material error"
0.176051435993272,0.505096331485173,"max_w","material error"
0.17850430717422,0.508935009817578,"max_w","material error"
0.180949471743353,0.512756030180987,"max_w","material error"
0.183415640449951,0.516795620763458,"max_w","material error"
0.186116095765974,0.520536564837338,"max_w","material error"
0.188703917166544,0.524390278024241,"max_w","material error"
0.191221889905257,0.528318154132488,"max_w","material error"
0.193792805441623,0.531980533067404,"max_w","material error"
0.196467442145571,0.535786328907167,"max_w","material error"
0.198990466114717,0.539615113235069,"max_w","material error"
0.201539810678222,0.543299782310038,"max_w","material error"
0.204219158583291,0.547104639597658,"max_w","material error"
0.20690379237678,0.550798597498706,"max_w","material error"
0.209515563696695,0.554560129325951,"max_w","material error"
0.212347682342261,0.558090194933878,"max_w","material error"
0.21498192047112,0.561740356890603,"max_w","material error"
0.217694210041931,0.56521197985223,"max_w","material error"
0.220465090984761,0.568851284637762,"max_w","material error"
0.223329762417138,0.572483627684202,"max_w","material error"
0.226080890372134,0.576197247256975,"max_w","material error"
0.228868611187228,0.579842896328541,"max_w","material error"
0.231865121448147,0.583290506915094,"max_w","material error"
0.234846458717672,0.58680201524152,"max_w","material error"
0.237579569374737,0.590518903848539,"max_w","material error"
0.240443693931132,0.5941336290144,"max_w","material error"
0.243308406361227,0.597627044144797,"max_w","material error"
0.246333068028303,0.601331485363155,"max_w","material error"
0.249225214764135,0.604877625904579,"max_w","material error"
0.252321168164761,0.608339996145818,"max_w","material error"
0.255214450789097,0.611897837869816,"max_w","material error"
0.258513226729495,0.615342059679191,"max_w","material error"
0.261583729778243,0.618919672697803,"max_w","material error"
0.264781295721173,0.622531204240043,"max_w","material error"
0.267888667345661,0.626099727372984,"max_w","material error"
0.271136612110592,0.62950057273004,"max_w","material error"
0.274352624089276,0.632994985631137,"max_w","material error"
0.277731337726244,0.636264778226506,"max_w","material error"
0.281037820578149,0.639846669998245,"max_w","material error"
0.284204634097471,0.643299330027974,"max_w","material error"
0.287563039539217,0.646692864994223,"max_w","material error"
0.290888686606183,0.65040921031829,"max_w","material error"
0.294462403607197,0.653911543032504,"max_w","material error"
0.297845813161049,0.657514980762221,"max_w","material error"
0.301321916575452,0.660944783276722,"max_w","material error"
0.304943157782563,0.664180926867995,"max_w","material error"
0.308707866664851,0.667313327312436,"max_w","material error"
0.312249414063857,0.670606522338247,"max_w","material error"
0.315733267065754,0.674090848170585,"max_w","material error"
0.319426150045405,0.677679002223387,"max_w","material error"
0.323079545030843,0.681027885089889,"max_w","material error"
0.326835666329901,0.684387162870254,"max_w","material error"
0.330612850206154,0.687668081111703,"max_w","material error"
0.334284366901837,0.691236742921845,"max_w","material error"
0.33805552297484,0.694557529356668,"max_w","material error"
0.341685272407025,0.697944229378141,"max_w","material error"
0.345257603457434,0.701355437134351,"max_w","material error"
0.349308601376648,0.704552728061992,"max_w","material error"
0.353167385215099,0.707791743655472,"max_w","material error"
0.357027720553417,0.71115418737625,"max_w","material error"
0.360903202989835,0.714396657886268,"max_w","material error"
0.365069216108576,0.717526931489942,"max_w","material error"
0.369004392479888,0.720845258820214,"max_w","material error"
0.373055373376658,0.723967038314795,"max_w","material error"
0.376752411750658,0.727338429522481,"max_w","material error"
0.380713626107797,0.730505518658279,"max_w","material error"
0.384619088664336,0.733716732868229,"max_w","material error"
0.388563607300539,0.736743083710673,"max_w","material error"
0.392502354189413,0.739934319067242,"max_w","material error"
0.396460012174401,0.743165550260279,"max_w","material error"
0.400531589868745,0.746224733909231,"max_w","material error"
0.404492311354205,0.749485923686689,"max_w","material error"
0.408389613986449,0.752552567241885,"max_w","material error"
0.412625290857752,0.755518280238021,"max_w","material error"
0.416623977907576,0.758470610296723,"max_w","material error"
0.420561059114343,0.76157179093854,"max_w","material error"
0.424659149444985,0.764645636241015,"max_w","material error"
0.42886798024388,0.767840992412788,"max_w","material error"
0.433185895299156,0.77073636472894,"max_w","material error"
0.437309717211631,0.773813898100627,"max_w","material error"
0.441647047203389,0.776889642183861,"max_w","material error"
0.446062329918912,0.779864400863943,"max_w","material error"
0.450349457846371,0.782964452239821,"max_w","material error"
0.455025844533339,0.785982014708513,"max_w","material error"
0.459347859660024,0.789180279314639,"max_w","material error"
0.463800692568303,0.792286788973912,"max_w","material error"
0.468365583565912,0.795297553974624,"max_w","material error"
0.472994467864281,0.79837566549443,"max_w","material error"
0.477609358155316,0.801453747502892,"max_w","material error"
0.48214888421296,0.804630641260385,"max_w","material error"
0.48734749922181,0.807798175286225,"max_w","material error"
0.492269316105319,0.811007190639897,"max_w","material error"
0.497226277982175,0.814283784163655,"max_w","material error"
0.502302148163422,0.817638074461611,"max_w","material error"
0.507479104569787,0.821077411164217,"max_w","material error"
0.512672620157904,0.824338753852226,"max_w","material error"
0.517929470446026,0.827521468526438,"max_w","material error"
0.523197350738401,0.830884412177225,"max_w","material error"
0.528760948583638,0.834207805599778,"max_w","material error"
0.534180750771961,0.837628634902891,"max_w","material error"
0.53984799324372,0.841158524356827,"max_w","material error"
0.545378844761754,0.844789237293265,"max_w","material error"
0.550895731102718,0.848465010003858,"max_w","material error"
0.556781084246893,0.851960288396945,"max_w","material error"
0.562605863983214,0.855614981063167,"max_w","material error"
0.5682880594133,0.858950733666801,"max_w","material error"
0.573992994371062,0.862386933613886,"max_w","material error"
0.579962146069926,0.86559804120432,"max_w","material error"
0.585785803703524,0.86889653325521,"max_w","material error"
0.591720165782527,0.87201669876656,"max_w","material error"
0.59792697759157,0.874771776700042,"max_w","material error"
0.603830298165107,0.87772202052872,"max_w","material error"
0.609728214772001,0.880530083599173,"max_w","material error"
0.61584348898798,0.883482657452918,"max_w","material error"
0.622001469399093,0.88629763172755,"max_w","material error"
0.628156346271029,0.8891031438296,"max_w","material error"
0.634326928625177,0.891943263140355,"max_w","material error"
0.641036769417255,0.894320561855236,"max_w","material error"
0.647684311900449,0.896973814291626,"max_w","material error"
0.6544011942902,0.899689278730301,"max_w","material error"
0.66097636111774,0.902574029313107,"max_w","material error"
0.667889809040401,0.905316549386264,"max_w","material error"
0.675084394133346,0.908051913415553,"max_w","material error"
0.682212498970443,0.910813295024329,"max_w","material error"
0.689441801937245,0.913666835206349,"max_w","material error"
0.696558712059966,0.916251431720983,"max_w","material error"
0.703869455853093,0.91905339763026,"max_w","material error"
0.711487458595909,0.921956175400314,"max_w","material error"
0.718931357699829,0.924857132542436,"max_w","material error"
0.726471126788618,0.92788767595444,"max_w","material error"
0.73445404277959,0.930701733549274,"max_w","material error"
0.742423812169257,0.933461297076453,"max_w","material error"
0.750668772681642,0.936100655872461,"max_w","material error"
0.759268383646674,0.938815041514818,"max_w","material error"
0.767937305688002,0.941643723547539,"max_w","material error"
0.776911217659162,0.944489498263383,"max_w","material error"
0.786133556136619,0.94744046877626,"max_w","material error"
0.795855474034804,0.950530536111922,"max_w","material error"
0.805562143059857,0.953470837490485,"max_w","material error"
0.815186295967583,0.956484723642273,"max_w","material error"
0.825186697093187,0.959384162321287,"max_w","material error"
0.835229782596425,0.96218958190658,"max_w","material error"
0.84509729645479,0.964970278298212,"max_w","material error"
0.854498976329199,0.967869950391061,"max_w","material error"
0.863145468423552,0.970108650515596,"max_w","material error"
0.870877100595083,0.971926468145009,"max_w","material error"
0.878495422029194,0.973612201552091,"max_w","material error"
0.886065710681728,0.975320604111065,"max_w","material error"
0.893585309493032,0.977043282260337,"max_w","material error"
0.901292933844932,0.978723488427747,"max_w","material error"
0.90879394180983,0.980282132668621,"max_w","material error"
0.916305578013337,0.981884378614327,"max_w","material error"
0.923887754865025,0.983530132899333,"max_w","material error"
0.931319464999967,0.985313741396729,"max_w","material error"
0.939242088333514,0.986959308950664,"max_w","material error"
0.946679112587761,0.988725971603462,"max_w","material error"
0.954288760007785,0.990338814537388,"max_w","material error"
0.961997790029955,0.991868842241791,"max_w","material error"
0.969802817046004,0.993406292506225,"max_w","material error"
0.977516861196875,0.9950711867259,"max_w","material error"
0.984969313539428,0.996748965389401,"max_w","material error"
0.992499677727908,0.998303594912271,"max_w","material error"
1,1,"max_w","material error"
0,0,"smd_matched","material error"
0,2.74631988822694e-06,"smd_matched","material error"
0.00165325097143857,0.00340790874396417,"smd_matched","material error"
0.00386420482346141,0.00675441182110796,"smd_matched","material error"
0.00654859715095245,0.00999638672029085,"smd_matched","material error"
0.00953351853387603,0.0129757148640729,"smd_matched","material error"
0.0123713653569902,0.0162938661778167,"smd_matched","material error"
0.0155329214902769,0.0193673297336503,"smd_matched","material error"
0.0188389434300872,0.022395562867254,"smd_matched","material error"
0.0222086415084057,0.0253995370799526,"smd_matched","material error"
0.0255862224274135,0.0285106433502526,"smd_matched","material error"
0.0289358349621925,0.0315432866377311,"smd_matched","material error"
0.0322650665191786,0.0345118592203329,"smd_matched","material error"
0.0358326333923165,0.0374970423128786,"smd_matched","material error"
0.0391377510048345,0.0405245856101221,"smd_matched","material error"
0.0424483506975781,0.0437809606154767,"smd_matched","material error"
0.0457808394999619,0.0465585519613101,"smd_matched","material error"
0.0488132984028206,0.0495758893597859,"smd_matched","material error"
0.0518370914510079,0.0526529487329905,"smd_matched","material error"
0.0549439463828857,0.0557004847843737,"smd_matched","material error"
0.0580921781565685,0.0586778239229143,"smd_matched","material error"
0.0612537133360051,0.0616240440632356,"smd_matched","material error"
0.0642697543705745,0.0646146931392813,"smd_matched","material error"
0.0671649495502883,0.0678298648399461,"smd_matched","material error"
0.0700745601208506,0.0709183685263049,"smd_matched","material error"
0.0732290434649664,0.0739340261592148,"smd_matched","material error"
0.0759428207935768,0.0771189044260372,"smd_matched","material error"
0.0790068481904176,0.0801171448883512,"smd_matched","material error"
0.0819839788990385,0.0830669931590115,"smd_matched","material error"
0.0846703189484182,0.0862528971159192,"smd_matched","material error"
0.0875373717856065,0.089276472711058,"smd_matched","material error"
0.0901367849644069,0.0924068739463771,"smd_matched","material error"
0.0928558432051044,0.095428020729528,"smd_matched","material error"
0.0955936180528552,0.0985708083894112,"smd_matched","material error"
0.0983535761522078,0.101748441940093,"smd_matched","material error"
0.101103145907468,0.104760401282689,"smd_matched","material error"
0.103634640960981,0.107918550760359,"smd_matched","material error"
0.106328147184333,0.111130998948571,"smd_matched","material error"
0.108731139031602,0.114389673840276,"smd_matched","material error"
0.111349260615579,0.117665493094133,"smd_matched","material error"
0.113932991373941,0.120839366957632,"smd_matched","material error"
0.116557767072252,0.123980654302817,"smd_matched","material error"
0.119207791674113,0.12703950632196,"smd_matched","material error"
0.121772057751589,0.130233783362877,"smd_matched","material error"
0.124420503622529,0.133477133282096,"smd_matched","material error"
0.126989885037509,0.136725006483791,"smd_matched","material error"
0.129339145315032,0.139965662232982,"smd_matched","material error"
0.13192087821116,0.143068151753147,"smd_matched","material error"
0.13465033474,0.146169801346623,"smd_matched","material error"
0.137151878692806,0.149388737109038,"smd_matched","material error"
0.139598647454825,0.152689773852015,"smd_matched","material error"
0.142178891751974,0.155901867898553,"smd_matched","material error"
0.144761596243464,0.159025172261057,"smd_matched","material error"
0.147131449114129,0.162320246181927,"smd_matched","material error"
0.149555235145288,0.165638139601313,"smd_matched","material error"
0.152090967341218,0.168854300906124,"smd_matched","material error"
0.154602450876502,0.17211700621247,"smd_matched","material error"
0.156996309935076,0.175292576343199,"smd_matched","material error"
0.159552191593306,0.178472968407662,"smd_matched","material error"
0.161939011704242,0.18184209319081,"smd_matched","material error"
0.164430941497053,0.184986341348618,"smd_matched","material error"
0.166962744257129,0.188232955806401,"smd_matched","material error"
0.169432863871297,0.19143692142558,"smd_matched","material error"
0.172028830741494,0.19470506368845,"smd_matched","material error"
0.174593872704341,0.198159360661482,"smd_matched","material error"
0.177044626772654,0.201488305525539,"smd_matched","material error"
0.179400910294807,0.204942351131942,"smd_matched","material error"
0.181823906372769,0.208211985845959,"smd_matched","material error"
0.184265502596884,0.211529013307393,"smd_matched","material error"
0.186804372662055,0.214747436787552,"smd_matched","material error"
0.189336257219685,0.218021197988287,"smd_matched","material error"
0.191775765687805,0.221367033471069,"smd_matched","material error"
0.194084605198839,0.224763562172187,"smd_matched","material error"
0.196604408279913,0.228066973303598,"smd_matched","material error"
0.198816461834641,0.231406079151132,"smd_matched","material error"
0.201290625863426,0.234653915185241,"smd_matched","material error"
0.203846529144386,0.237990194778168,"smd_matched","material error"
0.206394145374867,0.241258553063767,"smd_matched","material error"
0.209051595902613,0.244392715251282,"smd_matched","material error"
0.211515062551738,0.247631116946559,"smd_matched","material error"
0.214051943375359,0.250811357438717,"smd_matched","material error"
0.216705876280876,0.254208136811044,"smd_matched","material error"
0.219122877332032,0.257615513101743,"smd_matched","material error"
0.22180437484706,0.261068540397754,"smd_matched","material error"
0.224346443734695,0.264493597418383,"smd_matched","material error"
0.226982337960702,0.26783445104233,"smd_matched","material error"
0.229599623419485,0.271121232155228,"smd_matched","material error"
0.232203111211067,0.274422405476553,"smd_matched","material error"
0.234563761122605,0.277786403315173,"smd_matched","material error"
0.237100469616025,0.281089641929364,"smd_matched","material error"
0.239656555060883,0.28434017780358,"smd_matched","material error"
0.242299084173063,0.287642002568221,"smd_matched","material error"
0.245066641276215,0.291049273725986,"smd_matched","material error"
0.247655164620528,0.294477751509233,"smd_matched","material error"
0.250410788218517,0.297814513287361,"smd_matched","material error"
0.252966107491976,0.301061653088658,"smd_matched","material error"
0.25566428723229,0.304382557665193,"smd_matched","material error"
0.258530121591395,0.30765353714833,"smd_matched","material error"
0.261167890390239,0.311248477937146,"smd_matched","material error"
0.263805031338562,0.314475930469569,"smd_matched","material error"
0.266310813083116,0.317904953406478,"smd_matched","material error"
0.269006056094199,0.321297636020437,"smd_matched","material error"
0.271641285714849,0.324600927388981,"smd_matched","material error"
0.274286630798275,0.327956570507553,"smd_matched","material error"
0.277021202028503,0.331256097887426,"smd_matched","material error"
0.27972571207769,0.334636789049636,"smd_matched","material error"
0.282639263019218,0.337839741792708,"smd_matched","material error"
0.285420825381167,0.341196304094262,"smd_matched","material error"
0.288295030794007,0.344533218975292,"smd_matched","material error"
0.290922890574771,0.348064685239561,"smd_matched","material error"
0.293656484638056,0.351442826418798,"smd_matched","material error"
0.296543588140693,0.354826707223214,"smd_matched","material error"
0.299257804277191,0.358153283726782,"smd_matched","material error"
0.302032492865507,0.361533308244491,"smd_matched","material error"
0.304931349610657,0.364759042996529,"smd_matched","material error"
0.307678306335599,0.368177323189338,"smd_matched","material error"
0.310278638557243,0.37168172557602,"smd_matched","material error"
0.313055969002772,0.375022537624344,"smd_matched","material error"
0.315926401667194,0.378452689595671,"smd_matched","material error"
0.318578011456224,0.382070748593535,"smd_matched","material error"
0.321312458930187,0.385605871221579,"smd_matched","material error"
0.324328111616416,0.389049641605166,"smd_matched","material error"
0.327131426954697,0.392572601359994,"smd_matched","material error"
0.330175096530031,0.395917718708602,"smd_matched","material error"
0.333220693841301,0.399165234199682,"smd_matched","material error"
0.336327275004082,0.402367422015374,"smd_matched","material error"
0.339367370535237,0.40573667814096,"smd_matched","material error"
0.342196853215199,0.409033399064229,"smd_matched","material error"
0.345110605399241,0.412431810123974,"smd_matched","material error"
0.348088891661707,0.415694535229238,"smd_matched","material error"
0.35080667171378,0.419157393280362,"smd_matched","material error"
0.353635016606452,0.422593115072156,"smd_matched","material error"
0.356402218031822,0.426157216235559,"smd_matched","material error"
0.35928913726491,0.429666218993784,"smd_matched","material error"
0.362244586343948,0.433092112440353,"smd_matched","material error"
0.365169784408303,0.436634210288055,"smd_matched","material error"
0.36801217449574,0.440080552258722,"smd_matched","material error"
0.370980527147204,0.443520312727104,"smd_matched","material error"
0.374100048764835,0.446812499834143,"smd_matched","material error"
0.377073702573695,0.450251634592654,"smd_matched","material error"
0.379975509095328,0.453728675957508,"smd_matched","material error"
0.383088437658406,0.457049131142791,"smd_matched","material error"
0.386065797073646,0.460627573049468,"smd_matched","material error"
0.389262872624485,0.463996050990889,"smd_matched","material error"
0.392452932204741,0.467496050801893,"smd_matched","material error"
0.395468857834658,0.470986137893045,"smd_matched","material error"
0.398513626522038,0.474371103109589,"smd_matched","material error"
0.401541990617238,0.477691022649027,"smd_matched","material error"
0.404371479764129,0.48114598109791,"smd_matched","material error"
0.407162217304089,0.484642144500331,"smd_matched","material error"
0.410168441342609,0.48806381426931,"smd_matched","material error"
0.413221159852255,0.491486319775917,"smd_matched","material error"
0.416373609455532,0.494843912672606,"smd_matched","material error"
0.419205768861914,0.498407147868132,"smd_matched","material error"
0.422139844904638,0.50199418816428,"smd_matched","material error"
0.424983533392609,0.505511810549099,"smd_matched","material error"
0.428248183634029,0.508768411794014,"smd_matched","material error"
0.431417273163281,0.512143086569007,"smd_matched","material error"
0.43463784701381,0.515520538966087,"smd_matched","material error"
0.437820697768519,0.518965344028977,"smd_matched","material error"
0.441118868515346,0.522465282414627,"smd_matched","material error"
0.444537130637911,0.525801642850477,"smd_matched","material error"
0.447914449236958,0.529254796415819,"smd_matched","material error"
0.451200089974293,0.532826947916998,"smd_matched","material error"
0.454898789193003,0.536194942913433,"smd_matched","material error"
0.458518843457468,0.539500953690592,"smd_matched","material error"
0.462054609460362,0.542902955598817,"smd_matched","material error"
0.46551689575134,0.54641776350474,"smd_matched","material error"
0.469014598113664,0.549839598441975,"smd_matched","material error"
0.472355017435361,0.553218681858694,"smd_matched","material error"
0.475688058795722,0.556479828050172,"smd_matched","material error"
0.479088824525783,0.559818462357168,"smd_matched","material error"
0.482625099343349,0.563083434547328,"smd_matched","material error"
0.485756564589132,0.566473183819384,"smd_matched","material error"
0.488974708794093,0.569898838295908,"smd_matched","material error"
0.492354308052827,0.573300683540661,"smd_matched","material error"
0.495738796728218,0.576576103407701,"smd_matched","material error"
0.499093596771336,0.580039830660457,"smd_matched","material error"
0.502713410494843,0.583340933042208,"smd_matched","material error"
0.506115710612006,0.586719381783551,"smd_matched","material error"
0.509135807548985,0.590291320375076,"smd_matched","material error"
0.512302912395587,0.593920631677582,"smd_matched","material error"
0.51557677469156,0.597362118084413,"smd_matched","material error"
0.51895097471887,0.600788514715832,"smd_matched","material error"
0.52225824811439,0.604149912501827,"smd_matched","material error"
0.525541022998286,0.607723574356639,"smd_matched","material error"
0.529137845804568,0.611125389821151,"smd_matched","material error"
0.532276519943437,0.614697271208945,"smd_matched","material error"
0.535823448809965,0.618049076560587,"smd_matched","material error"
0.539403737164176,0.621639200912859,"smd_matched","material error"
0.543013355275987,0.625249301284202,"smd_matched","material error"
0.546688036869749,0.628553888336532,"smd_matched","material error"
0.550335618310024,0.632004832670999,"smd_matched","material error"
0.554258647134067,0.635432225980384,"smd_matched","material error"
0.557857978367073,0.638855130309298,"smd_matched","material error"
0.561516105254931,0.642354354917761,"smd_matched","material error"
0.565130792670897,0.645804264403161,"smd_matched","material error"
0.568810392047077,0.649191002735967,"smd_matched","material error"
0.572525843551697,0.652633012475601,"smd_matched","material error"
0.57627795979958,0.655897933790808,"smd_matched","material error"
0.579983665624291,0.659353710192057,"smd_matched","material error"
0.583644405598537,0.662759816397719,"smd_matched","material error"
0.587146222525761,0.666264262857843,"smd_matched","material error"
0.590667480427915,0.669679315110375,"smd_matched","material error"
0.594316391823262,0.673079220638846,"smd_matched","material error"
0.597651795602058,0.676596521553665,"smd_matched","material error"
0.601496556170198,0.680052491789091,"smd_matched","material error"
0.60481545693518,0.683721371694364,"smd_matched","material error"
0.608482349722714,0.686998937827758,"smd_matched","material error"
0.612043261454347,0.690623941653355,"smd_matched","material error"
0.61582048979097,0.693895336884266,"smd_matched","material error"
0.619557132366784,0.697144885150601,"smd_matched","material error"
0.623024919279453,0.700644905443389,"smd_matched","material error"
0.626614345270974,0.70403691349095,"smd_matched","material error"
0.630378752007885,0.707558560248721,"smd_matched","material error"
0.634042447044116,0.710815518554972,"smd_matched","material error"
0.63772421258643,0.714480860943759,"smd_matched","material error"
0.641458192146394,0.718173922712844,"smd_matched","material error"
0.645113665439369,0.721644837631574,"smd_matched","material error"
0.648578522728902,0.725370576742815,"smd_matched","material error"
0.652019817593589,0.728815306411273,"smd_matched","material error"
0.655741252570714,0.732363166795453,"smd_matched","material error"
0.659630502096774,0.735600391839487,"smd_matched","material error"
0.663551303102458,0.738954004464024,"smd_matched","material error"
0.667300627459721,0.742320526273417,"smd_matched","material error"
0.671218208219049,0.745573276673422,"smd_matched","material error"
0.674925549916858,0.748871099205176,"smd_matched","material error"
0.678528266107116,0.752348297805685,"smd_matched","material error"
0.682369870750087,0.755763370704834,"smd_matched","material error"
0.686091938923639,0.75925271176764,"smd_matched","material error"
0.689721621661517,0.762601509280923,"smd_matched","material error"
0.693403772865545,0.765890093904614,"smd_matched","material error"
0.697046365828166,0.769279055967002,"smd_matched","material error"
0.700615386978553,0.772830480243941,"smd_matched","material error"
0.704158348460492,0.776393311738966,"smd_matched","material error"
0.707766184789667,0.780097239903643,"smd_matched","material error"
0.711523526215234,0.783294813326954,"smd_matched","material error"
0.715339622818335,0.786743153950723,"smd_matched","material error"
0.719078411940473,0.790159713021214,"smd_matched","material error"
0.722842519137906,0.793704796970581,"smd_matched","material error"
0.72678153027907,0.797027347345579,"smd_matched","material error"
0.730898065699111,0.800382033662,"smd_matched","material error"
0.735106759551463,0.803726710844775,"smd_matched","material error"
0.739199714817676,0.8070941266619,"smd_matched","material error"
0.743476395668871,0.810495577896843,"smd_matched","material error"
0.748288661370075,0.813563221174851,"smd_matched","material error"
0.753035726207998,0.816894734234928,"smd_matched","material error"
0.757596813631761,0.820294757141915,"smd_matched","material error"
0.762158541837332,0.823710670090923,"smd_matched","material error"
0.766634605831819,0.827292590915708,"smd_matched","material error"
0.771204694993309,0.830690911961877,"smd_matched","material error"
0.775703003862788,0.833964404136656,"smd_matched","material error"
0.780217122240858,0.837447980383647,"smd_matched","material error"
0.784600102151589,0.840975554265851,"smd_matched","material error"
0.789042198853773,0.844210403596173,"smd_matched","material error"
0.793335600156696,0.847503980543869,"smd_matched","material error"
0.797742667381392,0.850923520177222,"smd_matched","material error"
0.801907412321782,0.854479643976932,"smd_matched","material error"
0.805832685991824,0.858036310314004,"smd_matched","material error"
0.809592811015929,0.861569292537504,"smd_matched","material error"
0.813606481188056,0.865056878259921,"smd_matched","material error"
0.81736565960011,0.868655296631664,"smd_matched","material error"
0.821445695906425,0.87220789916168,"smd_matched","material error"
0.825648251528114,0.875624146234246,"smd_matched","material error"
0.829774889938568,0.879205961394622,"smd_matched","material error"
0.834022181003922,0.882562012077998,"smd_matched","material error"
0.838338111551318,0.885981571729008,"smd_matched","material error"
0.842309937402088,0.889554543930681,"smd_matched","material error"
0.847063001938464,0.892788196474068,"smd_matched","material error"
0.851940312916379,0.896117437230076,"smd_matched","material error"
0.856410224189825,0.899598767794567,"smd_matched","material error"
0.861175169275803,0.902775367091394,"smd_matched","material error"
0.866193637820371,0.906000481524606,"smd_matched","material error"
0.870631487707556,0.909580616755532,"smd_matched","material error"
0.87499050067723,0.913029334527148,"smd_matched","material error"
0.87911025469854,0.916676999363906,"smd_matched","material error"
0.883459654081406,0.920216665266878,"smd_matched","material error"
0.887831167306378,0.923845303392551,"smd_matched","material error"
0.892360761016828,0.92718188528019,"smd_matched","material error"
0.896641820742167,0.930863175917579,"smd_matched","material error"
0.901816041819106,0.934062216089894,"smd_matched","material error"
0.906863710430176,0.93725005716146,"smd_matched","material error"
0.911786200779103,0.940619935041106,"smd_matched","material error"
0.917344798820862,0.943969040391124,"smd_matched","material error"
0.922658107249783,0.94728907521146,"smd_matched","material error"
0.927907744846193,0.950525573003755,"smd_matched","material error"
0.933151397061344,0.953768883390225,"smd_matched","material error"
0.938196499866109,0.957015730804594,"smd_matched","material error"
0.942773324443585,0.960555808964911,"smd_matched","material error"
0.94743409770161,0.963969565785878,"smd_matched","material error"
0.952063538121363,0.967459365307293,"smd_matched","material error"
0.956880819426883,0.970754469984008,"smd_matched","material error"
0.961903858399515,0.973924395675915,"smd_matched","material error"
0.966364366396993,0.97737079535539,"smd_matched","material error"
0.970663581466768,0.980909084748324,"smd_matched","material error"
0.975202463097721,0.984543323547633,"smd_matched","material error"
0.980232171942722,0.987868078426673,"smd_matched","material error"
0.985492698881806,0.990895486134076,"smd_matched","material error"
0.990517544637696,0.993927838875797,"smd_matched","material error"
0.995267033526367,0.997121949667498,"smd_matched","material error"
1,1,"smd_matched","material error"
0,0,"smd_pre","material error"
0,8.72030266388556e-07,"smd_pre","material error"
0.000510216180614013,0.00352267472804681,"smd_pre","material error"
0.00100950660701491,0.00701764022701487,"smd_pre","material error"
0.00155013961038296,0.0105619218678354,"smd_pre","material error"
0.00223280725255441,0.0139815214709961,"smd_pre","material error"
0.00283832438153621,0.0174386300278831,"smd_pre","material error"
0.0035266475833318,0.0206693679122238,"smd_pre","material error"
0.00419490299988488,0.0241492724556893,"smd_pre","material error"
0.00497798158467816,0.027414105823257,"smd_pre","material error"
0.00569155909688687,0.0307624060095469,"smd_pre","material error"
0.00638407995759052,0.0342391613055388,"smd_pre","material error"
0.00710662334978773,0.0377007285673058,"smd_pre","material error"
0.00775290389472434,0.0412213147676825,"smd_pre","material error"
0.00859447431786954,0.0445364913927607,"smd_pre","material error"
0.00939118840735269,0.0479932333843912,"smd_pre","material error"
0.0102181222784404,0.0513552496445861,"smd_pre","material error"
0.0110055162672018,0.0546475705913302,"smd_pre","material error"
0.0117876512500831,0.0579569514858055,"smd_pre","material error"
0.0126602747726706,0.0612821199894824,"smd_pre","material error"
0.0133756344288051,0.0647780593741491,"smd_pre","material error"
0.0142029357129103,0.0683628761365944,"smd_pre","material error"
0.0150055212819987,0.0717654054211716,"smd_pre","material error"
0.0158059665725332,0.0750834029046851,"smd_pre","material error"
0.0167103296565516,0.0784396572522284,"smd_pre","material error"
0.0175177729850296,0.08185082973153,"smd_pre","material error"
0.0183054826893681,0.0853577070940257,"smd_pre","material error"
0.0192428063117809,0.088763887235861,"smd_pre","material error"
0.0200532984271365,0.0922429558031021,"smd_pre","material error"
0.0208839443391004,0.095627455471031,"smd_pre","material error"
0.0217368375043073,0.0989337963718904,"smd_pre","material error"
0.0225381904464665,0.10236172143629,"smd_pre","material error"
0.0233377852847978,0.10573424588957,"smd_pre","material error"
0.024155609517262,0.109167852349432,"smd_pre","material error"
0.0251119220824978,0.112608600541499,"smd_pre","material error"
0.0260408573818525,0.116013994552027,"smd_pre","material error"
0.026895971482508,0.119459994365984,"smd_pre","material error"
0.0276726000962637,0.12281279290038,"smd_pre","material error"
0.0285044005234887,0.126185056386788,"smd_pre","material error"
0.0294000634942436,0.12951633979961,"smd_pre","material error"
0.0302674440960891,0.132958137946028,"smd_pre","material error"
0.0311238311950017,0.136373782243511,"smd_pre","material error"
0.0321046021977921,0.139731970256692,"smd_pre","material error"
0.0330999654499137,0.14305243811736,"smd_pre","material error"
0.0339582428355183,0.146505298060362,"smd_pre","material error"
0.034828783645922,0.149899214926592,"smd_pre","material error"
0.0358137425244937,0.153201555764825,"smd_pre","material error"
0.0367426209969738,0.156555166421862,"smd_pre","material error"
0.0375312368119792,0.160104360578879,"smd_pre","material error"
0.0384464028416603,0.163396074659811,"smd_pre","material error"
0.0393893362801302,0.166796792365669,"smd_pre","material error"
0.040336918023932,0.170169347731521,"smd_pre","material error"
0.0412298231421567,0.173558853009132,"smd_pre","material error"
0.0421317420076136,0.176949173437175,"smd_pre","material error"
0.0431362121231892,0.180178307400531,"smd_pre","material error"
0.0440521228399508,0.183601617463522,"smd_pre","material error"
0.0451338182027032,0.186895154298391,"smd_pre","material error"
0.0459791682889954,0.190185285123767,"smd_pre","material error"
0.0468567486995179,0.193587315533102,"smd_pre","material error"
0.0477647911166338,0.196897530173257,"smd_pre","material error"
0.0486583056711399,0.200330807260352,"smd_pre","material error"
0.049533933879811,0.203701122717479,"smd_pre","material error"
0.0504798916791034,0.206974239031809,"smd_pre","material error"
0.0513897793093367,0.210251219963461,"smd_pre","material error"
0.0523423750625299,0.21360987844379,"smd_pre","material error"
0.0532729683768607,0.216807952156644,"smd_pre","material error"
0.0541522863339817,0.220162918706417,"smd_pre","material error"
0.0551129713596569,0.223400003370929,"smd_pre","material error"
0.0559145798663973,0.226777360523479,"smd_pre","material error"
0.0568878317606019,0.230000518888273,"smd_pre","material error"
0.0579283290309977,0.233258125448901,"smd_pre","material error"
0.058867880811205,0.236416806184626,"smd_pre","material error"
0.0598015993345956,0.239690754076635,"smd_pre","material error"
0.0606864459025436,0.242918769488742,"smd_pre","material error"
0.0614806456445366,0.246027182289204,"smd_pre","material error"
0.0631232235812703,0.250323377675879,"smd_pre","material error"
0.0649368220336341,0.25460276411978,"smd_pre","material error"
0.0666432219447921,0.259041240212032,"smd_pre","material error"
0.0685579489985705,0.263379487096676,"smd_pre","material error"
0.0701584962804219,0.267844837446165,"smd_pre","material error"
0.0721666792488101,0.272198045668108,"smd_pre","material error"
0.0742664591490629,0.276454365275168,"smd_pre","material error"
0.0763797820817624,0.280718416266721,"smd_pre","material error"
0.078502467958027,0.28498872764591,"smd_pre","material error"
0.080523813950782,0.289160795957055,"smd_pre","material error"
0.0826863245539711,0.293479211153291,"smd_pre","material error"
0.0850030390196128,0.29759235177439,"smd_pre","material error"
0.0873141444700903,0.301757010910071,"smd_pre","material error"
0.0895276136173851,0.306058639244281,"smd_pre","material error"
0.0918797257757556,0.310234548274022,"smd_pre","material error"
0.0942164577963707,0.31452295950888,"smd_pre","material error"
0.0966670501875403,0.318704956559117,"smd_pre","material error"
0.0990735934086482,0.322780785243781,"smd_pre","material error"
0.101384425840702,0.327108902947237,"smd_pre","material error"
0.103721940953678,0.331491269291042,"smd_pre","material error"
0.1061342960807,0.335695631304341,"smd_pre","material error"
0.108619953207992,0.339790029936878,"smd_pre","material error"
0.111146787567307,0.343980323461611,"smd_pre","material error"
0.11375074558544,0.348187012104867,"smd_pre","material error"
0.116312094148667,0.352430281103565,"smd_pre","material error"
0.119116202842188,0.356616515512697,"smd_pre","material error"
0.121835904188893,0.360789405179385,"smd_pre","material error"
0.124422706400598,0.365126156909655,"smd_pre","material error"
0.127265645446586,0.369205424122922,"smd_pre","material error"
0.130022048740881,0.373299120881682,"smd_pre","material error"
0.132450780178258,0.377734905696063,"smd_pre","material error"
0.135161433856241,0.381892636194982,"smd_pre","material error"
0.137796109294082,0.386148432498011,"smd_pre","material error"
0.140514854926459,0.390219589967852,"smd_pre","material error"
0.143053055063723,0.394494533061064,"smd_pre","material error"
0.145618046070328,0.39852149174368,"smd_pre","material error"
0.148538555314597,0.402585479980955,"smd_pre","material error"
0.151201281522387,0.406714756516957,"smd_pre","material error"
0.153969581946623,0.410934430151538,"smd_pre","material error"
0.156716924086105,0.415262794653401,"smd_pre","material error"
0.159441331778938,0.419329935446518,"smd_pre","material error"
0.162211080909058,0.423408410685001,"smd_pre","material error"
0.165020643977229,0.427419941202641,"smd_pre","material error"
0.167764214806237,0.43141581928215,"smd_pre","material error"
0.170600188735671,0.435435869568084,"smd_pre","material error"
0.173533376703787,0.439322994427804,"smd_pre","material error"
0.176361685138998,0.443372948780522,"smd_pre","material error"
0.179073443777383,0.447506719593868,"smd_pre","material error"
0.181816216529485,0.451535161352097,"smd_pre","material error"
0.184679978999316,0.455609765185407,"smd_pre","material error"
0.187422288728953,0.459932608389043,"smd_pre","material error"
0.190409586790837,0.463990021864518,"smd_pre","material error"
0.193059222199771,0.468041764199876,"smd_pre","material error"
0.195912710965347,0.472000446560191,"smd_pre","material error"
0.198824485118517,0.475981553950905,"smd_pre","material error"
0.20161815288025,0.480116723941464,"smd_pre","material error"
0.204485479274442,0.484086440410459,"smd_pre","material error"
0.207310397006641,0.488139424246269,"smd_pre","material error"
0.210116736599331,0.492219941121309,"smd_pre","material error"
0.212926113259753,0.496342807427784,"smd_pre","material error"
0.215640783695067,0.500402362760864,"smd_pre","material error"
0.21846470675312,0.504481619527636,"smd_pre","material error"
0.221369549654809,0.508464772798797,"smd_pre","material error"
0.224077866343036,0.512600933247513,"smd_pre","material error"
0.226944571477961,0.516668082201954,"smd_pre","material error"
0.230140235642285,0.520525127363219,"smd_pre","material error"
0.232957568497117,0.524662142465679,"smd_pre","material error"
0.235674405697747,0.52878421320639,"smd_pre","material error"
0.238583952248347,0.532639373754953,"smd_pre","material error"
0.241240099341481,0.536567807314201,"smd_pre","material error"
0.243854315479941,0.540593480425223,"smd_pre","material error"
0.246481021237281,0.544502816162229,"smd_pre","material error"
0.249131159827261,0.548591685988123,"smd_pre","material error"
0.251684429922184,0.552479264617405,"smd_pre","material error"
0.253941533167623,0.556591854512434,"smd_pre","material error"
0.25724899870604,0.560680568555002,"smd_pre","material error"
0.261836538964428,0.564519845928519,"smd_pre","material error"
0.266337228795661,0.568529443453141,"smd_pre","material error"
0.270617224139287,0.572817259107302,"smd_pre","material error"
0.274840723070265,0.577042186414016,"smd_pre","material error"
0.279738250964122,0.581095319177657,"smd_pre","material error"
0.284710234428518,0.584993592339298,"smd_pre","material error"
0.289572477133615,0.588976159039862,"smd_pre","material error"
0.29462301911699,0.592878720095312,"smd_pre","material error"
0.299481875074995,0.596740560784685,"smd_pre","material error"
0.304606581449216,0.600416025715466,"smd_pre","material error"
0.30969070979343,0.604207776571281,"smd_pre","material error"
0.314760154541513,0.608228684318464,"smd_pre","material error"
0.319811474402626,0.612149288165609,"smd_pre","material error"
0.325040878756997,0.616072732022575,"smd_pre","material error"
0.330131530533294,0.619866989710358,"smd_pre","material error"
0.335733965863634,0.623583732131764,"smd_pre","material error"
0.340963766289517,0.627243550500566,"smd_pre","material error"
0.346305365452213,0.631043781166836,"smd_pre","material error"
0.351821711870013,0.634899870082221,"smd_pre","material error"
0.357315842200287,0.638587345868814,"smd_pre","material error"
0.363246927518752,0.642329971044651,"smd_pre","material error"
0.369177336914328,0.645869564311619,"smd_pre","material error"
0.374611300457382,0.649378629529693,"smd_pre","material error"
0.380029579736341,0.653284592289854,"smd_pre","material error"
0.38564366183483,0.656753383664155,"smd_pre","material error"
0.391465277014891,0.660131068035359,"smd_pre","material error"
0.396796971033218,0.663888787218965,"smd_pre","material error"
0.402680574342066,0.667400885772277,"smd_pre","material error"
0.408265220858827,0.671216617663688,"smd_pre","material error"
0.41420591175062,0.674737920426484,"smd_pre","material error"
0.419953963779747,0.678166730915863,"smd_pre","material error"
0.425727755002858,0.681675848692858,"smd_pre","material error"
0.431607241937113,0.685115191075745,"smd_pre","material error"
0.437358366457439,0.688689627250427,"smd_pre","material error"
0.443230645225807,0.692286947121859,"smd_pre","material error"
0.449136155820662,0.695934223104205,"smd_pre","material error"
0.455104117327014,0.699453366380939,"smd_pre","material error"
0.461170487919543,0.703036254944033,"smd_pre","material error"
0.467113668104014,0.706362949850253,"smd_pre","material error"
0.472862736744663,0.710049238719322,"smd_pre","material error"
0.478696921740894,0.713642033039223,"smd_pre","material error"
0.484538168474037,0.71722506511102,"smd_pre","material error"
0.490352216758197,0.720787391253492,"smd_pre","material error"
0.496653692715741,0.724289748582267,"smd_pre","material error"
0.502270627032616,0.727818768365626,"smd_pre","material error"
0.508194064898261,0.731345752062126,"smd_pre","material error"
0.513848510208321,0.734758516541737,"smd_pre","material error"
0.52005995248175,0.738115792512808,"smd_pre","material error"
0.526072079977691,0.74148987728354,"smd_pre","material error"
0.53206438687553,0.744980460500158,"smd_pre","material error"
0.538140937848572,0.748415755389167,"smd_pre","material error"
0.543965479929994,0.751968593046953,"smd_pre","material error"
0.549779446398532,0.755466091646345,"smd_pre","material error"
0.556152607523859,0.758718942183982,"smd_pre","material error"
0.562122689103692,0.762178819565445,"smd_pre","material error"
0.568267739470152,0.76557437351243,"smd_pre","material error"
0.573886422123886,0.769153959090172,"smd_pre","material error"
0.580062466344959,0.772453198130633,"smd_pre","material error"
0.585857734378056,0.775895567907314,"smd_pre","material error"
0.591670128128613,0.779531169410932,"smd_pre","material error"
0.597307210066318,0.783017676340526,"smd_pre","material error"
0.6031476394824,0.786611603647929,"smd_pre","material error"
0.608951976462275,0.790095439213281,"smd_pre","material error"
0.615004303718355,0.793397838187423,"smd_pre","material error"
0.620783633049769,0.797120591064113,"smd_pre","material error"
0.626389279328517,0.800630468431762,"smd_pre","material error"
0.632260604840033,0.804201328771743,"smd_pre","material error"
0.638299119102088,0.807610081863167,"smd_pre","material error"
0.64407197840634,0.811216697350902,"smd_pre","material error"
0.650004403822708,0.814664327132894,"smd_pre","material error"
0.656119157235813,0.818023856282016,"smd_pre","material error"
0.661547489286893,0.821648695546945,"smd_pre","material error"
0.666812440999642,0.825258738790332,"smd_pre","material error"
0.671962180256306,0.828864584697953,"smd_pre","material error"
0.676127429522851,0.832328792346808,"smd_pre","material error"
0.679570729848599,0.835053406412038,"smd_pre","material error"
0.682876723724814,0.837534689326588,"smd_pre","material error"
0.686257665623679,0.840183951398359,"smd_pre","material error"
0.689824928241401,0.842763750556757,"smd_pre","material error"
0.693099765351026,0.845331986687457,"smd_pre","material error"
0.696638706877594,0.847907467461341,"smd_pre","material error"
0.699952928767879,0.850433200401279,"smd_pre","material error"
0.703532859620268,0.852920214066247,"smd_pre","material error"
0.707094213831602,0.85545679732187,"smd_pre","material error"
0.710693207723399,0.857966711332687,"smd_pre","material error"
0.714263706103932,0.860400149503226,"smd_pre","material error"
0.717947307835765,0.862825873264822,"smd_pre","material error"
0.721704812747844,0.865406084015059,"smd_pre","material error"
0.725576313790462,0.867796957621689,"smd_pre","material error"
0.729353841651951,0.870254581709672,"smd_pre","material error"
0.733136848462745,0.872686619070732,"smd_pre","material error"
0.737121918876038,0.874923453582129,"smd_pre","material error"
0.741138926750757,0.877319083607796,"smd_pre","material error"
0.745158096296043,0.879543596806649,"smd_pre","material error"
0.749162420052475,0.881995216119631,"smd_pre","material error"
0.753173604333332,0.884295633866155,"smd_pre","material error"
0.757310672584248,0.88662349193928,"smd_pre","material error"
0.761414935169162,0.888885982385619,"smd_pre","material error"
0.765662307058856,0.891169481709589,"smd_pre","material error"
0.769998373373903,0.893379812487808,"smd_pre","material error"
0.774293395819383,0.895674020120444,"smd_pre","material error"
0.778497160283424,0.897982012880512,"smd_pre","material error"
0.78266679594607,0.900302774846525,"smd_pre","material error"
0.786920960929733,0.90262990852062,"smd_pre","material error"
0.791161647913879,0.904847495367879,"smd_pre","material error"
0.795378044949366,0.907165297711721,"smd_pre","material error"
0.799568074578773,0.90945357728579,"smd_pre","material error"
0.803864120468728,0.911568214919717,"smd_pre","material error"
0.808404169906581,0.91363863809668,"smd_pre","material error"
0.812775185576746,0.915799568713307,"smd_pre","material error"
0.817099701204548,0.918080046389053,"smd_pre","material error"
0.821457349760833,0.920222560490681,"smd_pre","material error"
0.826054662340569,0.922426384409307,"smd_pre","material error"
0.830498969821513,0.924627480487336,"smd_pre","material error"
0.835134778898038,0.926781890859802,"smd_pre","material error"
0.839491257161298,0.928966780182643,"smd_pre","material error"
0.843970403411414,0.931085408377056,"smd_pre","material error"
0.848586079551961,0.933283194875387,"smd_pre","material error"
0.853279649556979,0.935314750894207,"smd_pre","material error"
0.857781810271215,0.937553031265577,"smd_pre","material error"
0.862392360198663,0.939702032639617,"smd_pre","material error"
0.866782804231461,0.94189652294282,"smd_pre","material error"
0.871321937514186,0.944039331178526,"smd_pre","material error"
0.875950882469993,0.946168786836918,"smd_pre","material error"
0.880509663489101,0.948345177284452,"smd_pre","material error"
0.885215225026698,0.950308065890373,"smd_pre","material error"
0.889708824770258,0.952469972601229,"smd_pre","material error"
0.894553820203256,0.954598918013708,"smd_pre","material error"
0.899126921353353,0.956799860658864,"smd_pre","material error"
0.903747996725425,0.958915202778188,"smd_pre","material error"
0.908291531868308,0.961021284407544,"smd_pre","material error"
0.913060124998521,0.96311427658064,"smd_pre","material error"
0.917824126264534,0.965148859470927,"smd_pre","material error"
0.922656935365855,0.96714986276101,"smd_pre","material error"
0.927340355738657,0.969243618833939,"smd_pre","material error"
0.93214220197341,0.971208889566812,"smd_pre","material error"
0.93681949426638,0.973325638045313,"smd_pre","material error"
0.94157598138208,0.975408203965066,"smd_pre","material error"
0.946312590898466,0.977543770169204,"smd_pre","material error"
0.951061268668303,0.979616974725039,"smd_pre","material error"
0.955982892371033,0.981665265046962,"smd_pre","material error"
0.96066764786686,0.983859826190446,"smd_pre","material error"
0.965657652944726,0.985841104215772,"smd_pre","material error"
0.970653639253875,0.987827800380203,"smd_pre","material error"
0.975494932604999,0.989863189282747,"smd_pre","material error"
0.980395397829439,0.99195821525753,"smd_pre","material error"
0.985244119019888,0.993975200050286,"smd_pre","material error"
0.99030612873605,0.995990434402485,"smd_pre","material error"
0.99520095677438,0.997964548744947,"smd_pre","material error"
1,1,"smd_pre","material error"
0,0,"maha","material error"
0,6.30997440338236e-06,"maha","material error"
0.000472301863213102,0.00363151232622027,"maha","material error"
0.00105522386413299,0.00720449065075624,"maha","material error"
0.00173721255298943,0.0106494534083951,"maha","material error"
0.00242136552832809,0.0140324374601706,"maha","material error"
0.00313806405764137,0.0174766957377253,"maha","material error"
0.00375620843737146,0.0209898878013495,"maha","material error"
0.00447980438254317,0.024436141141003,"maha","material error"
0.00515763768350141,0.0279846845121761,"maha","material error"
0.00592002285307724,0.0314249679931521,"maha","material error"
0.0066679837117578,0.0348373016507957,"maha","material error"
0.00744722681830002,0.0382928379142838,"maha","material error"
0.00816405256403785,0.0418068364531692,"maha","material error"
0.00898305527286021,0.0451292033353951,"maha","material error"
0.00983614725789926,0.0485783418314769,"maha","material error"
0.0105888947901853,0.0522344203682212,"maha","material error"
0.0113733348974486,0.0556431768528718,"maha","material error"
0.0121952789358748,0.059123437818986,"maha","material error"
0.0131219886249564,0.062530645277952,"maha","material error"
0.0139339286947655,0.0658693496025573,"maha","material error"
0.0146472498741679,0.0693706549724425,"maha","material error"
0.0154344898056222,0.072796032806202,"maha","material error"
0.0162607885207697,0.0762112129983902,"maha","material error"
0.0170774511317425,0.0796281626658345,"maha","material error"
0.0179542122941252,0.0831042894555228,"maha","material error"
0.0187732157601489,0.0865614454680292,"maha","material error"
0.0196100396387903,0.0899404461397397,"maha","material error"
0.0204040210977327,0.0934871562868581,"maha","material error"
0.0212851476200591,0.0968019000733693,"maha","material error"
0.0221361314934575,0.100222778950359,"maha","material error"
0.0229745943891545,0.103617529405314,"maha","material error"
0.0238308362514878,0.107021099660306,"maha","material error"
0.0247291317185708,0.110365739382397,"maha","material error"
0.0256101900784915,0.113765265924668,"maha","material error"
0.0265578997850115,0.116995487845573,"maha","material error"
0.0275016541445989,0.120249955384152,"maha","material error"
0.0283827769543926,0.123760793577051,"maha","material error"
0.0293057117537287,0.127065280784673,"maha","material error"
0.0302800905641153,0.130343149816743,"maha","material error"
0.0311720643470897,0.133678968005878,"maha","material error"
0.0321230616575037,0.136918648307979,"maha","material error"
0.0330461494319644,0.140234356629532,"maha","material error"
0.0339545731848662,0.143739191377456,"maha","material error"
0.034781867582259,0.147222390761072,"maha","material error"
0.0357315518645722,0.15055413271797,"maha","material error"
0.0366956704483319,0.15379135062595,"maha","material error"
0.0376168882317988,0.157148567007075,"maha","material error"
0.0384651162783861,0.160505372317069,"maha","material error"
0.0392584540611081,0.16401419893046,"maha","material error"
0.0401781594909175,0.167363362232893,"maha","material error"
0.0411148934321836,0.170600119797208,"maha","material error"
0.0419359910371048,0.174039552557768,"maha","material error"
0.0429632778655462,0.177254420190769,"maha","material error"
0.0438847917795021,0.180657115352409,"maha","material error"
0.044865486925731,0.183941252288047,"maha","material error"
0.0457238299642776,0.187223054127157,"maha","material error"
0.0467012652854359,0.190647015324087,"maha","material error"
0.0476522868208374,0.194054387916735,"maha","material error"
0.0485516569994082,0.197414793414661,"maha","material error"
0.0494503840078967,0.200693634734153,"maha","material error"
0.0503299436644415,0.20400161933564,"maha","material error"
0.05122855009249,0.207290292936083,"maha","material error"
0.0521104641861998,0.210637195813534,"maha","material error"
0.0530272301613723,0.21388730976825,"maha","material error"
0.0540012106211957,0.217082377982199,"maha","material error"
0.0549312046147642,0.220345956958,"maha","material error"
0.0557481031170725,0.223702035619035,"maha","material error"
0.05664697538589,0.226887893579975,"maha","material error"
0.0575020485474194,0.230110636571025,"maha","material error"
0.058293702814771,0.233341799983046,"maha","material error"
0.0591641526985216,0.236553427663857,"maha","material error"
0.0599935139023932,0.239821197094104,"maha","material error"
0.0607286055429898,0.243012688428024,"maha","material error"
0.0614916603389312,0.246027034559154,"maha","material error"
0.0631014636233174,0.250150561661637,"maha","material error"
0.0647111574718931,0.254645598660268,"maha","material error"
0.066544109064472,0.259063239221386,"maha","material error"
0.0685758708149763,0.263252601049488,"maha","material error"
0.0704672225767704,0.267638142147936,"maha","material error"
0.0726911521357608,0.272092866128442,"maha","material error"
0.07484566728503,0.276705156201524,"maha","material error"
0.077025328899591,0.280881465462545,"maha","material error"
0.0791390824881355,0.285295905479237,"maha","material error"
0.081408325313467,0.289809708297491,"maha","material error"
0.0837402410013879,0.294168056847104,"maha","material error"
0.0859850401366231,0.2984433113764,"maha","material error"
0.0884552511941583,0.302654740116048,"maha","material error"
0.0908732027493259,0.306763335206695,"maha","material error"
0.093525581229206,0.310822274196664,"maha","material error"
0.0959347116819829,0.315149340721717,"maha","material error"
0.0983609664736402,0.319573914163483,"maha","material error"
0.100819674794478,0.323935534097801,"maha","material error"
0.103495563427255,0.328230702908093,"maha","material error"
0.105919347567009,0.332454469282926,"maha","material error"
0.108504983981056,0.336665843504935,"maha","material error"
0.111235193989695,0.340844852858053,"maha","material error"
0.113777889190994,0.345020642732478,"maha","material error"
0.116401345699436,0.349288866445246,"maha","material error"
0.11907285105289,0.353507365828675,"maha","material error"
0.12171855421733,0.3577839597943,"maha","material error"
0.124422802301696,0.361845324982366,"maha","material error"
0.126968800396566,0.366083026000068,"maha","material error"
0.129500352789955,0.370356877761169,"maha","material error"
0.132174665647898,0.374429231680959,"maha","material error"
0.135144828282338,0.378628655440945,"maha","material error"
0.137715499330855,0.382770352857628,"maha","material error"
0.140451267706892,0.386929167180238,"maha","material error"
0.143160974661274,0.391076386548054,"maha","material error"
0.146033549842151,0.395206180838388,"maha","material error"
0.148589183299628,0.399416603123684,"maha","material error"
0.151320085294588,0.403559347148426,"maha","material error"
0.154075663240103,0.40757511469851,"maha","material error"
0.156702661795467,0.41179254853961,"maha","material error"
0.159476354858027,0.415832676985906,"maha","material error"
0.162149507013057,0.419921027098749,"maha","material error"
0.164720146893719,0.424126965226741,"maha","material error"
0.167430723251445,0.428360075337036,"maha","material error"
0.170272482713992,0.432425751988809,"maha","material error"
0.173258475921632,0.436417208589978,"maha","material error"
0.175971849894049,0.440384819764095,"maha","material error"
0.178894364370229,0.444568907418827,"maha","material error"
0.181717282564644,0.448619041973557,"maha","material error"
0.184441803240951,0.452685677091103,"maha","material error"
0.187121227926832,0.456762014715868,"maha","material error"
0.189982443023886,0.46089799235095,"maha","material error"
0.192808933534007,0.464881525286856,"maha","material error"
0.195723243072318,0.468832125652243,"maha","material error"
0.198418707815349,0.472919210760024,"maha","material error"
0.201163492991944,0.477024280485593,"maha","material error"
0.203995460952917,0.481100039635785,"maha","material error"
0.206815558756131,0.485089456559111,"maha","material error"
0.209557992258116,0.48883217790797,"maha","material error"
0.212343758968568,0.492915672033636,"maha","material error"
0.215149839028925,0.496875793724873,"maha","material error"
0.218054330393172,0.500598045822772,"maha","material error"
0.220569293395963,0.504625449460716,"maha","material error"
0.223364200379629,0.508641736070941,"maha","material error"
0.226030697897894,0.512689917784307,"maha","material error"
0.228866814779894,0.516749536449253,"maha","material error"
0.231587809292897,0.520790298214211,"maha","material error"
0.234335785278664,0.524834248444836,"maha","material error"
0.237009597053399,0.528893153810156,"maha","material error"
0.239718402537509,0.532885569530005,"maha","material error"
0.242322433979915,0.536888361229447,"maha","material error"
0.244705277643468,0.540780820329878,"maha","material error"
0.247250517820015,0.544752913702584,"maha","material error"
0.249607386972278,0.548702141986356,"maha","material error"
0.251908214822518,0.552547103492813,"maha","material error"
0.25396551173743,0.556593618337579,"maha","material error"
0.257497284777188,0.560663501074069,"maha","material error"
0.26175360561742,0.564771957356943,"maha","material error"
0.266208488351622,0.569019812235678,"maha","material error"
0.270724822588059,0.573088431142337,"maha","material error"
0.275712739539516,0.577096404367814,"maha","material error"
0.280731130921288,0.580905895001723,"maha","material error"
0.285886555074849,0.584629245221963,"maha","material error"
0.290980111935,0.588385571822706,"maha","material error"
0.296033660957077,0.592389166204593,"maha","material error"
0.301067713107175,0.596176312441978,"maha","material error"
0.306325084557791,0.599931901389703,"maha","material error"
0.311745396640226,0.60378250361087,"maha","material error"
0.317107390129313,0.607575074385836,"maha","material error"
0.322408612654295,0.611446615623714,"maha","material error"
0.32796869476546,0.615247405699706,"maha","material error"
0.333465007265163,0.618951057750787,"maha","material error"
0.339006890645518,0.622704240871078,"maha","material error"
0.344495487302925,0.626390596924159,"maha","material error"
0.349938169873645,0.630165374448039,"maha","material error"
0.355845730893802,0.63360161082727,"maha","material error"
0.361433676887661,0.63715260435251,"maha","material error"
0.367344948141283,0.640728626435474,"maha","material error"
0.373224509758514,0.644256719810738,"maha","material error"
0.378817839639722,0.647900972969628,"maha","material error"
0.384527570910812,0.651591751284537,"maha","material error"
0.390212359326618,0.655278626528341,"maha","material error"
0.395704321752752,0.658910824042076,"maha","material error"
0.401565458072841,0.662483812789804,"maha","material error"
0.407262781900299,0.666227453952419,"maha","material error"
0.412995149245763,0.669863613494657,"maha","material error"
0.419087635384126,0.673242912567291,"maha","material error"
0.424709504651348,0.676975984359604,"maha","material error"
0.430191329912406,0.680789013808456,"maha","material error"
0.435979261811586,0.684539226664212,"maha","material error"
0.44157684946156,0.688089097713736,"maha","material error"
0.44716562829647,0.691731585349946,"maha","material error"
0.452913749554198,0.695188416599218,"maha","material error"
0.459103426774921,0.698532768103334,"maha","material error"
0.464912118024027,0.702102889876232,"maha","material error"
0.470876809842559,0.705666274052617,"maha","material error"
0.476910479780778,0.709062858154432,"maha","material error"
0.482889273675195,0.712581117070205,"maha","material error"
0.488908270506475,0.716002232476657,"maha","material error"
0.494972511795062,0.71947920110485,"maha","material error"
0.501022516326672,0.722920455718359,"maha","material error"
0.507017628031785,0.726305797695696,"maha","material error"
0.51290091540648,0.729683482066901,"maha","material error"
0.518649471335922,0.733157109775915,"maha","material error"
0.524610625782718,0.736647335134841,"maha","material error"
0.530390149134031,0.740195682889754,"maha","material error"
0.536297656449586,0.743734054504607,"maha","material error"
0.542319244108826,0.747148744011791,"maha","material error"
0.548248569342557,0.750614380022754,"maha","material error"
0.554096310977213,0.754165224097848,"maha","material error"
0.5599924576695,0.757737507184945,"maha","material error"
0.565819794908149,0.761122826310578,"maha","material error"
0.571811193023256,0.76477765203901,"maha","material error"
0.577852104692753,0.76820202564147,"maha","material error"
0.583898904149906,0.771502692913454,"maha","material error"
0.589900431038743,0.774797995519321,"maha","material error"
0.595783600095464,0.778341688839086,"maha","material error"
0.601384188490642,0.781763848568428,"maha","material error"
0.607182913758134,0.785500455062371,"maha","material error"
0.612857580952433,0.788939441872739,"maha","material error"
0.618424469703606,0.792650847964143,"maha","material error"
0.623565464938385,0.796340066421713,"maha","material error"
0.629371834721735,0.799892792563179,"maha","material error"
0.635188207828198,0.803303893895744,"maha","material error"
0.641053812120271,0.806635639485664,"maha","material error"
0.646618344401778,0.810385494940764,"maha","material error"
0.651958551440245,0.814193703594061,"maha","material error"
0.657094219848821,0.817892414649622,"maha","material error"
0.662140661640918,0.821606056551782,"maha","material error"
0.667071457444052,0.825245195956269,"maha","material error"
0.672030227536013,0.828812378934693,"maha","material error"
0.676137847078749,0.83229508399358,"maha","material error"
0.679532952969637,0.834926599627613,"maha","material error"
0.682887698226307,0.837573637445061,"maha","material error"
0.68631600303762,0.840112817698951,"maha","material error"
0.689831717619208,0.842589697938848,"maha","material error"
0.693271155888072,0.845066340521018,"maha","material error"
0.696570373453009,0.847620594999629,"maha","material error"
0.700004126165648,0.850214248428186,"maha","material error"
0.703349640282816,0.852914442052191,"maha","material error"
0.706884827281602,0.855543499952772,"maha","material error"
0.710454956143236,0.858034444763796,"maha","material error"
0.713992940457023,0.860506464119719,"maha","material error"
0.717658399200557,0.862931355099918,"maha","material error"
0.721264206565305,0.86538721209825,"maha","material error"
0.724863830107715,0.867953950136499,"maha","material error"
0.728850946510885,0.87037083975564,"maha","material error"
0.732556256953524,0.872946214105875,"maha","material error"
0.736530290349801,0.875165485123747,"maha","material error"
0.740629051208899,0.877509512083524,"maha","material error"
0.744471194229797,0.879975263869844,"maha","material error"
0.748623608453708,0.882308383711126,"maha","material error"
0.752715876209442,0.884518448103764,"maha","material error"
0.756723745009708,0.886809943565546,"maha","material error"
0.760757563147225,0.889131131552621,"maha","material error"
0.764857765219933,0.89138420709676,"maha","material error"
0.768911569444875,0.893742816708448,"maha","material error"
0.773099618417027,0.896165433617607,"maha","material error"
0.777387106632905,0.898366894996456,"maha","material error"
0.781522315301696,0.900654532764086,"maha","material error"
0.785732725711467,0.902889512369988,"maha","material error"
0.790013851489219,0.905148673649449,"maha","material error"
0.794333857068441,0.907387033022429,"maha","material error"
0.798954066933153,0.909423074504362,"maha","material error"
0.803516124473036,0.911538010189804,"maha","material error"
0.8078986494731,0.913715494581074,"maha","material error"
0.812065846251077,0.916031155067313,"maha","material error"
0.81666007561068,0.918091449389542,"maha","material error"
0.821082188581844,0.92024838259017,"maha","material error"
0.825731009338824,0.922504595346862,"maha","material error"
0.830425743043664,0.924630430642379,"maha","material error"
0.834801920590149,0.92688961444709,"maha","material error"
0.839305987638296,0.929098822227263,"maha","material error"
0.843916659839638,0.931226204909617,"maha","material error"
0.8487008048305,0.933149349504855,"maha","material error"
0.853144527015087,0.93523583351255,"maha","material error"
0.857747665586208,0.937445102339417,"maha","material error"
0.862102435011873,0.939603746806248,"maha","material error"
0.866587014358585,0.941835337177938,"maha","material error"
0.870969722469796,0.943974251483219,"maha","material error"
0.875767416187232,0.946058800930912,"maha","material error"
0.880292090881765,0.948229671386031,"maha","material error"
0.884913762039375,0.950425443016942,"maha","material error"
0.88966734814702,0.952408266796845,"maha","material error"
0.894260032599953,0.954576891255877,"maha","material error"
0.898888174384108,0.956746465366451,"maha","material error"
0.903377987832648,0.958981169446087,"maha","material error"
0.908114288667393,0.961044172021734,"maha","material error"
0.913071290283253,0.963068121687528,"maha","material error"
0.917644785526902,0.965180710829381,"maha","material error"
0.922409050820611,0.967217591621768,"maha","material error"
0.927243926890172,0.969285858250741,"maha","material error"
0.932008400169377,0.971395863517737,"maha","material error"
0.936838954096563,0.973341971137783,"maha","material error"
0.941796756486548,0.975384903714391,"maha","material error"
0.946591910023788,0.977501460891482,"maha","material error"
0.951326852059922,0.979557598162231,"maha","material error"
0.955964402340659,0.981701753995586,"maha","material error"
0.960746058997852,0.983783507700475,"maha","material error"
0.96574135122284,0.985937470832437,"maha","material error"
0.970622480689142,0.98797685813034,"maha","material error"
0.975504122926595,0.989981870262271,"maha","material error"
0.980420040514301,0.991980318731806,"maha","material error"
0.985516227282098,0.993838335316696,"maha","material error"
0.990206535151503,0.995861241638955,"maha","material error"
0.995169483234492,0.997985467195122,"maha","material error"
1,1,"maha","material error"
0,0,"smd_unmatched","material error"
0,5.85788816039419e-07,"smd_unmatched","material error"
0.000386323666157072,0.00234180897284601,"smd_unmatched","material error"
0.000886243932269225,0.00479513479605135,"smd_unmatched","material error"
0.00143898590348159,0.0072976564721868,"smd_unmatched","material error"
0.00205794746233831,0.00990383769291274,"smd_unmatched","material error"
0.00271137267726309,0.0125113821036329,"smd_unmatched","material error"
0.00341372696809753,0.0152532970568332,"smd_unmatched","material error"
0.00408628729102283,0.0180159133213685,"smd_unmatched","material error"
0.00484700519927691,0.0207263155677138,"smd_unmatched","material error"
0.00559799789522295,0.0233939561187762,"smd_unmatched","material error"
0.00630842672983182,0.0260498888196274,"smd_unmatched","material error"
0.00702739860169974,0.0288282355797502,"smd_unmatched","material error"
0.00778892085416494,0.0315480655209045,"smd_unmatched","material error"
0.008555520628121,0.0343111411422577,"smd_unmatched","material error"
0.00934008455688993,0.0370981757112786,"smd_unmatched","material error"
0.0100421843322507,0.0399032400450741,"smd_unmatched","material error"
0.0108709626179239,0.0425660621228227,"smd_unmatched","material error"
0.0115909069687368,0.0454080383445295,"smd_unmatched","material error"
0.0123752742576575,0.0481357749583524,"smd_unmatched","material error"
0.0131605665031688,0.0508857359882541,"smd_unmatched","material error"
0.0139702286844398,0.0536825450666238,"smd_unmatched","material error"
0.0146612760953399,0.0564949091700545,"smd_unmatched","material error"
0.0154608826834098,0.0592569595542417,"smd_unmatched","material error"
0.0162605472707094,0.0619991393043689,"smd_unmatched","material error"
0.0170564650551141,0.0647398054649049,"smd_unmatched","material error"
0.0178830183939531,0.0674672975576614,"smd_unmatched","material error"
0.0185446640846642,0.0703303448874534,"smd_unmatched","material error"
0.0193212187550881,0.0730480456135927,"smd_unmatched","material error"
0.0200373691973033,0.0757954066772747,"smd_unmatched","material error"
0.020816639023543,0.0784727426581568,"smd_unmatched","material error"
0.0214920206163658,0.0811895910121142,"smd_unmatched","material error"
0.0222607441658921,0.083900419674601,"smd_unmatched","material error"
0.0229783692546112,0.086663540987422,"smd_unmatched","material error"
0.0237087426307358,0.0894397533757126,"smd_unmatched","material error"
0.0245476721768848,0.0922676399580711,"smd_unmatched","material error"
0.025488919382212,0.0950546392840933,"smd_unmatched","material error"
0.0266128023973085,0.098043517264712,"smd_unmatched","material error"
0.0278656428223403,0.101047352439168,"smd_unmatched","material error"
0.0294150281962223,0.104127904096374,"smd_unmatched","material error"
0.0310006732156342,0.107177323594008,"smd_unmatched","material error"
0.032513367209657,0.110468061301699,"smd_unmatched","material error"
0.0343590146827141,0.113614623348886,"smd_unmatched","material error"
0.0361638378946455,0.116958718291172,"smd_unmatched","material error"
0.0380828184979519,0.120178428800486,"smd_unmatched","material error"
0.040061004732688,0.123438757007979,"smd_unmatched","material error"
0.0420330016238944,0.126807036709494,"smd_unmatched","material error"
0.044060401505426,0.129999091224582,"smd_unmatched","material error"
0.0460459040749975,0.133379627286488,"smd_unmatched","material error"
0.0481389850156113,0.136778904228296,"smd_unmatched","material error"
0.0501960572500092,0.140196395233627,"smd_unmatched","material error"
0.0525137252015984,0.143622081617617,"smd_unmatched","material error"
0.0548124216493184,0.146956666542183,"smd_unmatched","material error"
0.0570951441284608,0.150465917920112,"smd_unmatched","material error"
0.059202855817195,0.15400707127756,"smd_unmatched","material error"
0.0614678846368353,0.157421053981849,"smd_unmatched","material error"
0.0637116931177336,0.16075823373379,"smd_unmatched","material error"
0.0658756539828563,0.164190685175158,"smd_unmatched","material error"
0.0682797082127656,0.16752546937028,"smd_unmatched","material error"
0.0705832043338527,0.170892949890074,"smd_unmatched","material error"
0.0727205740926731,0.174474274420953,"smd_unmatched","material error"
0.0748310977788546,0.177874343981123,"smd_unmatched","material error"
0.0770103990504147,0.18128183623372,"smd_unmatched","material error"
0.0790553743123348,0.184823078968149,"smd_unmatched","material error"
0.0810762011839827,0.188459534229906,"smd_unmatched","material error"
0.0833059069636772,0.191808174706131,"smd_unmatched","material error"
0.0853755555880202,0.195113048152367,"smd_unmatched","material error"
0.0876004811167985,0.198278645199166,"smd_unmatched","material error"
0.0896160289404911,0.201505073355694,"smd_unmatched","material error"
0.0914549461157981,0.204757953051074,"smd_unmatched","material error"
0.0933606937617706,0.207972300228394,"smd_unmatched","material error"
0.0952094758019017,0.211208193520661,"smd_unmatched","material error"
0.0968648318284253,0.21436964718699,"smd_unmatched","material error"
0.0984168215215394,0.217524471043977,"smd_unmatched","material error"
0.0997433603264591,0.220672594818061,"smd_unmatched","material error"
0.100641308625667,0.224024108837854,"smd_unmatched","material error"
0.10164673159356,0.227299049343595,"smd_unmatched","material error"
0.10333916337714,0.23069586818452,"smd_unmatched","material error"
0.105614615804615,0.234037029370988,"smd_unmatched","material error"
0.108332501817285,0.237305283317575,"smd_unmatched","material error"
0.111163350730343,0.240683298018712,"smd_unmatched","material error"
0.114354507153645,0.243849972744685,"smd_unmatched","material error"
0.117557977528296,0.247082237829057,"smd_unmatched","material error"
0.121260330958228,0.25018095248714,"smd_unmatched","material error"
0.124785794257077,0.253352719801362,"smd_unmatched","material error"
0.128659507602739,0.256419702488799,"smd_unmatched","material error"
0.132471168811078,0.259607830543621,"smd_unmatched","material error"
0.136598871441455,0.2626452503506,"smd_unmatched","material error"
0.140623038806767,0.265650012759085,"smd_unmatched","material error"
0.144863416825739,0.268670982995304,"smd_unmatched","material error"
0.148871243225049,0.271806677630646,"smd_unmatched","material error"
0.153059883949918,0.274717104049238,"smd_unmatched","material error"
0.157393333542201,0.277612936166878,"smd_unmatched","material error"
0.161718699726232,0.280584570530284,"smd_unmatched","material error"
0.165908718657275,0.283633459707997,"smd_unmatched","material error"
0.170465186693603,0.286606620288532,"smd_unmatched","material error"
0.174724688308674,0.289780611039051,"smd_unmatched","material error"
0.179037327043784,0.292744459573785,"smd_unmatched","material error"
0.183464022545866,0.295692253050638,"smd_unmatched","material error"
0.187646555660685,0.29873513966853,"smd_unmatched","material error"
0.191901800407879,0.30173321127498,"smd_unmatched","material error"
0.196240517430443,0.304578913949859,"smd_unmatched","material error"
0.200685367354774,0.307547641681028,"smd_unmatched","material error"
0.204907869312888,0.310536204739102,"smd_unmatched","material error"
0.20917592788425,0.313459031526797,"smd_unmatched","material error"
0.213593782019204,0.316373005245655,"smd_unmatched","material error"
0.217685745747979,0.319300558812952,"smd_unmatched","material error"
0.221625332285563,0.322382712680795,"smd_unmatched","material error"
0.225727782017827,0.325438565552669,"smd_unmatched","material error"
0.22929095522998,0.328613588923325,"smd_unmatched","material error"
0.233051850523809,0.331781727496536,"smd_unmatched","material error"
0.23700585681644,0.334845353745251,"smd_unmatched","material error"
0.240520062230897,0.338112356746538,"smd_unmatched","material error"
0.244103473369422,0.341269740632877,"smd_unmatched","material error"
0.247518079827176,0.344423451541833,"smd_unmatched","material error"
0.250892598043202,0.347566237922149,"smd_unmatched","material error"
0.253919365085759,0.350975551520565,"smd_unmatched","material error"
0.257105473547831,0.354208261435986,"smd_unmatched","material error"
0.260053163292181,0.357650107987525,"smd_unmatched","material error"
0.262985096275493,0.360976060587441,"smd_unmatched","material error"
0.265740768982166,0.364422058265049,"smd_unmatched","material error"
0.268354467737846,0.367986495003538,"smd_unmatched","material error"
0.270650424446673,0.371548024048164,"smd_unmatched","material error"
0.27268793371258,0.375274948972665,"smd_unmatched","material error"
0.274785992942067,0.378943812726428,"smd_unmatched","material error"
0.276850044780879,0.38277883581968,"smd_unmatched","material error"
0.278743296581105,0.386732706627722,"smd_unmatched","material error"
0.280455873420803,0.390660490547426,"smd_unmatched","material error"
0.282261639583204,0.394461171638946,"smd_unmatched","material error"
0.284183088027964,0.398403385582026,"smd_unmatched","material error"
0.285967905155889,0.402270313113318,"smd_unmatched","material error"
0.28778895280983,0.406285863195509,"smd_unmatched","material error"
0.289644268867972,0.410252656582614,"smd_unmatched","material error"
0.29155034787198,0.414204856954854,"smd_unmatched","material error"
0.293560746284127,0.418055706427182,"smd_unmatched","material error"
0.295502825442207,0.422072544504105,"smd_unmatched","material error"
0.297606194405246,0.426137967280389,"smd_unmatched","material error"
0.299607806291023,0.430102669839438,"smd_unmatched","material error"
0.301663842622369,0.434177966396162,"smd_unmatched","material error"
0.303660513532757,0.438205550266722,"smd_unmatched","material error"
0.305668698542696,0.442334601880039,"smd_unmatched","material error"
0.307874283102872,0.446266020854096,"smd_unmatched","material error"
0.310139026764095,0.450262005412522,"smd_unmatched","material error"
0.31236883666605,0.454210151465265,"smd_unmatched","material error"
0.314863821976897,0.458174370929123,"smd_unmatched","material error"
0.317387242122408,0.462237550454466,"smd_unmatched","material error"
0.319970913334102,0.466166115767055,"smd_unmatched","material error"
0.322392252375532,0.469900278638303,"smd_unmatched","material error"
0.324905774838065,0.473791136505998,"smd_unmatched","material error"
0.327708181541877,0.477606424424146,"smd_unmatched","material error"
0.330303968011322,0.481511993007516,"smd_unmatched","material error"
0.33310667867468,0.485371138997038,"smd_unmatched","material error"
0.335863556552376,0.489218114160091,"smd_unmatched","material error"
0.33861770098369,0.493230644336105,"smd_unmatched","material error"
0.341331314220393,0.497152030690976,"smd_unmatched","material error"
0.344079450620407,0.500974328352377,"smd_unmatched","material error"
0.347163430729804,0.504789704196274,"smd_unmatched","material error"
0.3500218664936,0.508702490192418,"smd_unmatched","material error"
0.353072154561929,0.512424095037594,"smd_unmatched","material error"
0.356132447458928,0.51611739546909,"smd_unmatched","material error"
0.359386183319032,0.519883731703824,"smd_unmatched","material error"
0.36257619555678,0.52358632272497,"smd_unmatched","material error"
0.365696068236168,0.527424472678859,"smd_unmatched","material error"
0.368886514622416,0.531098189184035,"smd_unmatched","material error"
0.3719695088534,0.534944234225567,"smd_unmatched","material error"
0.375063273754516,0.538749291089319,"smd_unmatched","material error"
0.378355211971955,0.542413571587636,"smd_unmatched","material error"
0.381951041275015,0.54612648403226,"smd_unmatched","material error"
0.385299858532808,0.549717916495024,"smd_unmatched","material error"
0.388561875405129,0.553527981662926,"smd_unmatched","material error"
0.391986492674805,0.557330480158328,"smd_unmatched","material error"
0.395258505828706,0.56113068092185,"smd_unmatched","material error"
0.39869296142089,0.564976111464376,"smd_unmatched","material error"
0.402304074120463,0.568517710193149,"smd_unmatched","material error"
0.405769256145544,0.572236420382746,"smd_unmatched","material error"
0.409364030947844,0.576118782626481,"smd_unmatched","material error"
0.413051875671761,0.579665996601217,"smd_unmatched","material error"
0.416785101814698,0.583191904906543,"smd_unmatched","material error"
0.420466224596274,0.5869423823093,"smd_unmatched","material error"
0.424199097373622,0.59054631207628,"smd_unmatched","material error"
0.427776369598662,0.594201862530632,"smd_unmatched","material error"
0.431660692531966,0.597713194302063,"smd_unmatched","material error"
0.435744957258448,0.601212228266853,"smd_unmatched","material error"
0.439580358895435,0.604758775531904,"smd_unmatched","material error"
0.443606908099617,0.608370895555106,"smd_unmatched","material error"
0.447286519700871,0.612181711427413,"smd_unmatched","material error"
0.451363093426698,0.615648804230299,"smd_unmatched","material error"
0.455447638670425,0.619126026780956,"smd_unmatched","material error"
0.459462302477627,0.622617020726798,"smd_unmatched","material error"
0.463435585612241,0.626260604497342,"smd_unmatched","material error"
0.46728045571623,0.629795359608202,"smd_unmatched","material error"
0.47134927817662,0.633309263424786,"smd_unmatched","material error"
0.47549783006477,0.636963693939742,"smd_unmatched","material error"
0.479769254978277,0.640334612389718,"smd_unmatched","material error"
0.484113620387787,0.643856241443699,"smd_unmatched","material error"
0.488436800288154,0.647546318672664,"smd_unmatched","material error"
0.492474559819281,0.651185228195331,"smd_unmatched","material error"
0.49658054472323,0.654775480725107,"smd_unmatched","material error"
0.50088830100491,0.658362019974483,"smd_unmatched","material error"
0.5055254416905,0.661742841377515,"smd_unmatched","material error"
0.509963172838385,0.66504670791281,"smd_unmatched","material error"
0.514318522850284,0.668412414933494,"smd_unmatched","material error"
0.518724386321298,0.671901083516982,"smd_unmatched","material error"
0.522801155233199,0.675425672726949,"smd_unmatched","material error"
0.527333346412626,0.678992033760372,"smd_unmatched","material error"
0.531751961926432,0.682393953775047,"smd_unmatched","material error"
0.536038911925533,0.685831232038862,"smd_unmatched","material error"
0.54033876107032,0.689473372009807,"smd_unmatched","material error"
0.544432384575937,0.693185900881241,"smd_unmatched","material error"
0.548925158418432,0.696551349989986,"smd_unmatched","material error"
0.553397510198781,0.700200650184993,"smd_unmatched","material error"
0.557755243122234,0.70362974384767,"smd_unmatched","material error"
0.562420001201966,0.706912055530853,"smd_unmatched","material error"
0.566916983710654,0.710142210930916,"smd_unmatched","material error"
0.571487648992147,0.713553397139112,"smd_unmatched","material error"
0.575891926886337,0.717072224060152,"smd_unmatched","material error"
0.580561542658077,0.720355830751223,"smd_unmatched","material error"
0.585082476376019,0.72386577533772,"smd_unmatched","material error"
0.589797375306128,0.727133739262241,"smd_unmatched","material error"
0.594341399179039,0.730508606247262,"smd_unmatched","material error"
0.599036332721275,0.733711550367031,"smd_unmatched","material error"
0.603714557236812,0.73710004240463,"smd_unmatched","material error"
0.608265059281545,0.740399431905699,"smd_unmatched","material error"
0.612870098470256,0.744061120391305,"smd_unmatched","material error"
0.617195610734047,0.747632026001902,"smd_unmatched","material error"
0.622004368114016,0.750763202828858,"smd_unmatched","material error"
0.626498498711781,0.75422558876978,"smd_unmatched","material error"
0.631136514441371,0.757627514468199,"smd_unmatched","material error"
0.63609716772392,0.760940688779164,"smd_unmatched","material error"
0.641063799423713,0.76431584647157,"smd_unmatched","material error"
0.645942915302832,0.767461155076852,"smd_unmatched","material error"
0.650634132699911,0.77081762467571,"smd_unmatched","material error"
0.65549989982944,0.774155216303801,"smd_unmatched","material error"
0.660252242152601,0.777502723068303,"smd_unmatched","material error"
0.66472269404599,0.7812276649922,"smd_unmatched","material error"
0.669675630407014,0.784540767931896,"smd_unmatched","material error"
0.674867773731893,0.787883453573227,"smd_unmatched","material error"
0.679450679761477,0.791493047090905,"smd_unmatched","material error"
0.684366710993028,0.794950956504223,"smd_unmatched","material error"
0.689410577927816,0.798452827424789,"smd_unmatched","material error"
0.694299892152154,0.802045484998333,"smd_unmatched","material error"
0.69914375940161,0.805422195802957,"smd_unmatched","material error"
0.703813098629373,0.809004653038168,"smd_unmatched","material error"
0.708901276055379,0.812277280318186,"smd_unmatched","material error"
0.713908470051681,0.815771980686687,"smd_unmatched","material error"
0.718993198607965,0.81890721533217,"smd_unmatched","material error"
0.72412361972636,0.82225905678548,"smd_unmatched","material error"
0.728988654492657,0.825596261523745,"smd_unmatched","material error"
0.733726029379629,0.828914169887592,"smd_unmatched","material error"
0.738572132349711,0.832337841806899,"smd_unmatched","material error"
0.743477468110482,0.83557323888465,"smd_unmatched","material error"
0.748446532174137,0.838859833496169,"smd_unmatched","material error"
0.753617436528608,0.842129958986353,"smd_unmatched","material error"
0.758757078204756,0.845425454058182,"smd_unmatched","material error"
0.763865930045643,0.848653266676346,"smd_unmatched","material error"
0.768954273542309,0.8518990363863,"smd_unmatched","material error"
0.77404497723146,0.855212997118762,"smd_unmatched","material error"
0.779080779950523,0.858621449504594,"smd_unmatched","material error"
0.784184158406997,0.861821883552857,"smd_unmatched","material error"
0.789028346294109,0.865268984886759,"smd_unmatched","material error"
0.794131104419111,0.868481692452739,"smd_unmatched","material error"
0.799075199486303,0.87185882183238,"smd_unmatched","material error"
0.804197191709323,0.875020754000144,"smd_unmatched","material error"
0.80901233738015,0.878396028319959,"smd_unmatched","material error"
0.813880342231703,0.881530170772554,"smd_unmatched","material error"
0.819000816054928,0.884708173866415,"smd_unmatched","material error"
0.824221368196096,0.887955010173973,"smd_unmatched","material error"
0.829273228584742,0.891369995797668,"smd_unmatched","material error"
0.834355512413883,0.894577585299587,"smd_unmatched","material error"
0.839044340879784,0.897979582537436,"smd_unmatched","material error"
0.84422257765722,0.901198292017003,"smd_unmatched","material error"
0.849244871109973,0.904533421819003,"smd_unmatched","material error"
0.854342624261881,0.907842544663382,"smd_unmatched","material error"
0.859810917157198,0.910913492873303,"smd_unmatched","material error"
0.864734573776958,0.91435618536418,"smd_unmatched","material error"
0.870155688070522,0.917625479400561,"smd_unmatched","material error"
0.875439137881942,0.920988495924026,"smd_unmatched","material error"
0.880724257403149,0.924219418044436,"smd_unmatched","material error"
0.885447931114959,0.92765257454294,"smd_unmatched","material error"
0.89097606055692,0.930720068387505,"smd_unmatched","material error"
0.896194130886724,0.934040204741268,"smd_unmatched","material error"
0.901403686851855,0.937328556048666,"smd_unmatched","material error"
0.906294124703476,0.940641470764207,"smd_unmatched","material error"
0.911466635823102,0.943943323359982,"smd_unmatched","material error"
0.916519389078635,0.947341903210436,"smd_unmatched","material error"
0.921663166493502,0.950656631354255,"smd_unmatched","material error"
0.926662595149583,0.953984336482294,"smd_unmatched","material error"
0.931935351439428,0.957391334721534,"smd_unmatched","material error"
0.937136496793834,0.960823114037878,"smd_unmatched","material error"
0.942531581680501,0.963904022770016,"smd_unmatched","material error"
0.94750133914075,0.967197993883964,"smd_unmatched","material error"
0.953049501306011,0.97042945131225,"smd_unmatched","material error"
0.958342094398354,0.973885757868624,"smd_unmatched","material error"
0.963498775327077,0.977282804611301,"smd_unmatched","material error"
0.968569721045775,0.980592941363006,"smd_unmatched","material error"
0.973876047592412,0.983771309298516,"smd_unmatched","material error"
0.979318848128975,0.986903891183043,"smd_unmatched","material error"
0.984600563333185,0.990154057200294,"smd_unmatched","material error"
0.989746238205998,0.993338869782048,"smd_unmatched","material error"
0.994805769302732,0.996789185888512,"smd_unmatched","material error"
1,1,"smd_unmatched","material error"
0,0,"bias_hat","material error"
0,5.85788816039257e-07,"bias_hat","material error"
0.000323569251165653,0.00184344425233669,"bias_hat","material error"
0.000668311318409149,0.00378326296818918,"bias_hat","material error"
0.00106854816142041,0.00574739974797434,"bias_hat","material error"
0.00146338172155321,0.00778888800938796,"bias_hat","material error"
0.00187439947928156,0.00986784032249656,"bias_hat","material error"
0.00225393553854603,0.0119597602031241,"bias_hat","material error"
0.00270897983301816,0.0140731055385536,"bias_hat","material error"
0.00314928568343788,0.0161930286020907,"bias_hat","material error"
0.00361885371181587,0.0183082819027389,"bias_hat","material error"
0.00408730806933592,0.0203502159989016,"bias_hat","material error"
0.00458096759282683,0.0225075718366453,"bias_hat","material error"
0.00514512820266363,0.0246701423232306,"bias_hat","material error"
0.00569254619418992,0.0269344479113125,"bias_hat","material error"
0.00628915628822869,0.0291657382755422,"bias_hat","material error"
0.00697539633473264,0.0314575091456358,"bias_hat","material error"
0.00766458391076302,0.0338493396488862,"bias_hat","material error"
0.00839193167133492,0.0362090382956668,"bias_hat","material error"
0.00921996902542138,0.0386268900747602,"bias_hat","material error"
0.0099963921815218,0.0412487969766571,"bias_hat","material error"
0.0108042581678579,0.0437842053935908,"bias_hat","material error"
0.0116634566127593,0.046374377042702,"bias_hat","material error"
0.0125289158073921,0.0491365251816631,"bias_hat","material error"
0.0133787059044609,0.0518772121562211,"bias_hat","material error"
0.0143131536629089,0.054526905394942,"bias_hat","material error"
0.0152952644298381,0.0571335488242217,"bias_hat","material error"
0.016259657489017,0.0597890187563134,"bias_hat","material error"
0.017168123062744,0.0625425160439066,"bias_hat","material error"
0.0182323853292672,0.0652306324154536,"bias_hat","material error"
0.0192516188470977,0.0678603384536481,"bias_hat","material error"
0.0202540985871433,0.0706387802668953,"bias_hat","material error"
0.021191017383763,0.073435805131528,"bias_hat","material error"
0.0221525322223661,0.0762056464705863,"bias_hat","material error"
0.0231474927578225,0.0790518971653782,"bias_hat","material error"
0.024089127845277,0.0818356420758485,"bias_hat","material error"
0.0251265254694188,0.084546712406332,"bias_hat","material error"
0.0261001314816329,0.0874754236862385,"bias_hat","material error"
0.0272062828256516,0.0903588717099124,"bias_hat","material error"
0.0283132991785502,0.0932790914872291,"bias_hat","material error"
0.0294930677795698,0.0962125444898904,"bias_hat","material error"
0.0306746592385267,0.0992257368988892,"bias_hat","material error"
0.0318596826363441,0.102261800500569,"bias_hat","material error"
0.0332176730989907,0.105205097772891,"bias_hat","material error"
0.034638338538421,0.108303657647159,"bias_hat","material error"
0.0363251599811803,0.111157154563669,"bias_hat","material error"
0.0381159207416435,0.114125962315287,"bias_hat","material error"
0.0398673443469201,0.117043747266477,"bias_hat","material error"
0.041732422686568,0.120072216277835,"bias_hat","material error"
0.0435236484401585,0.123031303458546,"bias_hat","material error"
0.0455096733774215,0.125996315897821,"bias_hat","material error"
0.0474732066198486,0.128925559333549,"bias_hat","material error"
0.0495094529487276,0.131856094048015,"bias_hat","material error"
0.0515775336467052,0.134955754309883,"bias_hat","material error"
0.0536456055995483,0.137928121416647,"bias_hat","material error"
0.0558317546421596,0.140818154559705,"bias_hat","material error"
0.057952115873901,0.143778446932193,"bias_hat","material error"
0.0599992292196342,0.146770453467965,"bias_hat","material error"
0.062296976249801,0.149637768615831,"bias_hat","material error"
0.0644568340078655,0.152593836917297,"bias_hat","material error"
0.066719548491356,0.15559033366591,"bias_hat","material error"
0.0690630496809765,0.158450046225234,"bias_hat","material error"
0.0713264857154727,0.161298480507629,"bias_hat","material error"
0.0737852605872864,0.164117462401217,"bias_hat","material error"
0.0760122349459876,0.166990298697769,"bias_hat","material error"
0.078443799965767,0.169812872387597,"bias_hat","material error"
0.0807049032243218,0.172786917349779,"bias_hat","material error"
0.0830634622891988,0.17574901674699,"bias_hat","material error"
0.085200493293829,0.178784696104239,"bias_hat","material error"
0.0873744356802089,0.181864493591744,"bias_hat","material error"
0.0896460245777234,0.18482041058044,"bias_hat","material error"
0.0917406782910148,0.187898652069737,"bias_hat","material error"
0.093945477842942,0.190974971772247,"bias_hat","material error"
0.0962725581782236,0.193824340783675,"bias_hat","material error"
0.0983463484309017,0.19698838261621,"bias_hat","material error"
0.100289418787945,0.200239596178774,"bias_hat","material error"
0.102541043061526,0.203394240102379,"bias_hat","material error"
0.104675560449917,0.206460116396396,"bias_hat","material error"
0.106812314459852,0.209546258812339,"bias_hat","material error"
0.109025905065016,0.21268522994285,"bias_hat","material error"
0.111095656932825,0.215807289241267,"bias_hat","material error"
0.11314534894494,0.21913049634568,"bias_hat","material error"
0.115294602853126,0.22231888359164,"bias_hat","material error"
0.11751630943221,0.225601023170608,"bias_hat","material error"
0.119365573559842,0.228789529509264,"bias_hat","material error"
0.121525768562694,0.232006651146922,"bias_hat","material error"
0.12349495802468,0.235367911859089,"bias_hat","material error"
0.125625335032228,0.238705246502122,"bias_hat","material error"
0.127883731707303,0.24201177036645,"bias_hat","material error"
0.130044396588429,0.245355156393851,"bias_hat","material error"
0.132230309289044,0.248676905693512,"bias_hat","material error"
0.134495061579987,0.251966665331887,"bias_hat","material error"
0.136488900047758,0.255444303645127,"bias_hat","material error"
0.138590814077193,0.25887635300802,"bias_hat","material error"
0.140874374545933,0.26219620145835,"bias_hat","material error"
0.143054744873903,0.265747014173955,"bias_hat","material error"
0.145471302299852,0.269125042300938,"bias_hat","material error"
0.147939031658814,0.272620736466129,"bias_hat","material error"
0.150238702258874,0.27587679856802,"bias_hat","material error"
0.15260858082432,0.279206242440391,"bias_hat","material error"
0.154947830579223,0.282584071502757,"bias_hat","material error"
0.157315309432453,0.28603289855348,"bias_hat","material error"
0.159620978120105,0.289429473260345,"bias_hat","material error"
0.162069808994248,0.292769248123849,"bias_hat","material error"
0.164337508913367,0.2962120907907,"bias_hat","material error"
0.166783830970526,0.299547863195107,"bias_hat","material error"
0.169130538598764,0.303113248017285,"bias_hat","material error"
0.171655812156426,0.306606664759862,"bias_hat","material error"
0.174212420227114,0.310116134911108,"bias_hat","material error"
0.176750271668122,0.313582075897208,"bias_hat","material error"
0.179320547065314,0.316870568125448,"bias_hat","material error"
0.18191729749402,0.320208130593582,"bias_hat","material error"
0.184458686443557,0.323625337565733,"bias_hat","material error"
0.18697979286576,0.32709322337411,"bias_hat","material error"
0.189683783250367,0.330493831451054,"bias_hat","material error"
0.192586472033508,0.333647252755823,"bias_hat","material error"
0.195390878111423,0.337098925968086,"bias_hat","material error"
0.198138663184313,0.340468103313206,"bias_hat","material error"
0.200888171444228,0.343754746981565,"bias_hat","material error"
0.203810869626793,0.347055493973553,"bias_hat","material error"
0.206573877175582,0.350496911961381,"bias_hat","material error"
0.209378213904472,0.353910777623894,"bias_hat","material error"
0.212141793782718,0.357424050963843,"bias_hat","material error"
0.215016401764954,0.360715723664965,"bias_hat","material error"
0.217864181891359,0.364105290923302,"bias_hat","material error"
0.22084084269643,0.367399859944585,"bias_hat","material error"
0.223794609028749,0.370879266602882,"bias_hat","material error"
0.226849561851174,0.373983499890074,"bias_hat","material error"
0.229940272722623,0.377309477613847,"bias_hat","material error"
0.232903849648901,0.380687255851161,"bias_hat","material error"
0.235834512561526,0.384020864867477,"bias_hat","material error"
0.238771459314438,0.387233617043049,"bias_hat","material error"
0.241685093192241,0.390658846100206,"bias_hat","material error"
0.244639264416492,0.393977615807726,"bias_hat","material error"
0.247803676459208,0.397382402374307,"bias_hat","material error"
0.251028676093545,0.400519813087839,"bias_hat","material error"
0.254143766407046,0.403850311507686,"bias_hat","material error"
0.257377559899956,0.407050187262773,"bias_hat","material error"
0.260370910664114,0.410459775972,"bias_hat","material error"
0.263728367151949,0.413673138192427,"bias_hat","material error"
0.267125475121952,0.417024353046464,"bias_hat","material error"
0.270377563904021,0.420292300657138,"bias_hat","material error"
0.273692331365684,0.423670899338084,"bias_hat","material error"
0.276890358231049,0.426890867471864,"bias_hat","material error"
0.279969198495361,0.430353035362348,"bias_hat","material error"
0.283067831618413,0.433770622185782,"bias_hat","material error"
0.286249073792288,0.437156562405269,"bias_hat","material error"
0.289627538310101,0.440385524893314,"bias_hat","material error"
0.293030237023937,0.44378077924354,"bias_hat","material error"
0.296288638313108,0.447222517180663,"bias_hat","material error"
0.299579300519738,0.450636959901809,"bias_hat","material error"
0.3027132800585,0.454010092060073,"bias_hat","material error"
0.306119421983643,0.457368321784192,"bias_hat","material error"
0.309603896599316,0.460670531537271,"bias_hat","material error"
0.313056633678054,0.464043502034889,"bias_hat","material error"
0.316412886906723,0.467488051768836,"bias_hat","material error"
0.31978097955271,0.470915873210349,"bias_hat","material error"
0.323007322821182,0.474344780692017,"bias_hat","material error"
0.326477576636943,0.477546887697219,"bias_hat","material error"
0.329816104692697,0.480873060734876,"bias_hat","material error"
0.333225763810087,0.48414997679246,"bias_hat","material error"
0.33678633051051,0.487492713773465,"bias_hat","material error"
0.340408477456018,0.490753074204878,"bias_hat","material error"
0.34388177853339,0.494167802983657,"bias_hat","material error"
0.347431595797973,0.497362224135311,"bias_hat","material error"
0.351048647664805,0.500527213825973,"bias_hat","material error"
0.354877690450184,0.503811733275693,"bias_hat","material error"
0.358334304742695,0.507283816592734,"bias_hat","material error"
0.361731277780981,0.510857072123752,"bias_hat","material error"
0.36527199143367,0.51430876471045,"bias_hat","material error"
0.368938678296636,0.517667988009265,"bias_hat","material error"
0.372633865350236,0.520937009488482,"bias_hat","material error"
0.376064062011377,0.524430500751745,"bias_hat","material error"
0.379742793369915,0.527824147022287,"bias_hat","material error"
0.383335907063438,0.531342275471854,"bias_hat","material error"
0.387105201788807,0.53476398153409,"bias_hat","material error"
0.390872084100648,0.53824271651569,"bias_hat","material error"
0.394747030687796,0.541590953652983,"bias_hat","material error"
0.398316458820004,0.545023695887121,"bias_hat","material error"
0.401911472541167,0.548645834104356,"bias_hat","material error"
0.405699315643005,0.552010378123906,"bias_hat","material error"
0.409326742821007,0.555452989121789,"bias_hat","material error"
0.412890042717182,0.559029151173161,"bias_hat","material error"
0.41678215033575,0.562561210702993,"bias_hat","material error"
0.420590551034873,0.566109990520097,"bias_hat","material error"
0.424366704335116,0.569521119066043,"bias_hat","material error"
0.428181171179793,0.573103456599549,"bias_hat","material error"
0.432071465657294,0.576579560502532,"bias_hat","material error"
0.43610747741932,0.579910342589944,"bias_hat","material error"
0.439940708352832,0.583515877852166,"bias_hat","material error"
0.443958718521804,0.586894237365734,"bias_hat","material error"
0.447839509918857,0.590417850109445,"bias_hat","material error"
0.451635565499434,0.594190901641148,"bias_hat","material error"
0.455564146144163,0.597888296989206,"bias_hat","material error"
0.459350806328577,0.601413988066851,"bias_hat","material error"
0.46314377236461,0.605008616093864,"bias_hat","material error"
0.467145582680108,0.608521335599585,"bias_hat","material error"
0.47132937200161,0.612316462459731,"bias_hat","material error"
0.475296909667043,0.615953549599144,"bias_hat","material error"
0.479376465505654,0.619334306190582,"bias_hat","material error"
0.483502652167149,0.622899182226626,"bias_hat","material error"
0.487535885355986,0.626491586910075,"bias_hat","material error"
0.492017795211757,0.629979983947191,"bias_hat","material error"
0.496067874305621,0.633677119182479,"bias_hat","material error"
0.500115195059236,0.637298371250608,"bias_hat","material error"
0.504238862330074,0.640945518531774,"bias_hat","material error"
0.508252566724319,0.644715981901726,"bias_hat","material error"
0.51238583564538,0.648382008844169,"bias_hat","material error"
0.516746079462938,0.651978833211415,"bias_hat","material error"
0.520922325195666,0.655491649772479,"bias_hat","material error"
0.524829580135793,0.659142458527431,"bias_hat","material error"
0.529281405506904,0.662696006858167,"bias_hat","material error"
0.533461825012025,0.66636492370675,"bias_hat","material error"
0.537887261301172,0.670055738060227,"bias_hat","material error"
0.542183244422175,0.673800921138458,"bias_hat","material error"
0.546510601575053,0.677480028320188,"bias_hat","material error"
0.551032924362461,0.680917928610912,"bias_hat","material error"
0.555339863068166,0.684609147881383,"bias_hat","material error"
0.559717551146077,0.688281942290304,"bias_hat","material error"
0.564107930369669,0.691911384162653,"bias_hat","material error"
0.568735405389389,0.695665708219416,"bias_hat","material error"
0.573097579166051,0.699401753954829,"bias_hat","material error"
0.577419528282973,0.703086550554835,"bias_hat","material error"
0.582086914467949,0.706874164804503,"bias_hat","material error"
0.586652148007197,0.710693180387272,"bias_hat","material error"
0.5910694610274,0.714544411078323,"bias_hat","material error"
0.59558560725795,0.718242711086455,"bias_hat","material error"
0.600292667565558,0.721946415238728,"bias_hat","material error"
0.604612844608855,0.725670035287427,"bias_hat","material error"
0.609072834769189,0.729741685173398,"bias_hat","material error"
0.613797208840768,0.733546573840606,"bias_hat","material error"
0.618230267939878,0.737362453115443,"bias_hat","material error"
0.622951352185347,0.740985572853183,"bias_hat","material error"
0.627637877443343,0.744668773577406,"bias_hat","material error"
0.63261234711121,0.748241575242534,"bias_hat","material error"
0.63722454161549,0.752107333081709,"bias_hat","material error"
0.641950672637369,0.755886946414398,"bias_hat","material error"
0.646902097490608,0.759686394038207,"bias_hat","material error"
0.651554331548504,0.763532078175748,"bias_hat","material error"
0.656452188407319,0.767178277280093,"bias_hat","material error"
0.661241344244038,0.771083288584975,"bias_hat","material error"
0.666032389002823,0.774909111335441,"bias_hat","material error"
0.671122460478624,0.778457858506804,"bias_hat","material error"
0.676106398902512,0.782411074350238,"bias_hat","material error"
0.680984165090222,0.786309925189218,"bias_hat","material error"
0.68607189204734,0.790105179969693,"bias_hat","material error"
0.691019474134322,0.793864161713913,"bias_hat","material error"
0.696147195003601,0.797666050432243,"bias_hat","material error"
0.701223454634397,0.801483802398857,"bias_hat","material error"
0.706385531318563,0.805125993008336,"bias_hat","material error"
0.711361156322418,0.808804079063323,"bias_hat","material error"
0.716424475129631,0.812693857618636,"bias_hat","material error"
0.721607344362276,0.816377094041793,"bias_hat","material error"
0.726610672794913,0.820413108459117,"bias_hat","material error"
0.731915742597192,0.82450112029594,"bias_hat","material error"
0.737303779383606,0.828243446945163,"bias_hat","material error"
0.742788461464019,0.831850795730992,"bias_hat","material error"
0.747714413439454,0.835750557203672,"bias_hat","material error"
0.753253233356507,0.839499496069066,"bias_hat","material error"
0.758546743676188,0.843437166820566,"bias_hat","material error"
0.764148968669577,0.847225255140931,"bias_hat","material error"
0.769211518822083,0.85105636492696,"bias_hat","material error"
0.774654914421978,0.854882954904411,"bias_hat","material error"
0.780319739334373,0.858576241379759,"bias_hat","material error"
0.785925643576334,0.862147312356031,"bias_hat","material error"
0.791047409788762,0.865998350305653,"bias_hat","material error"
0.796552923280431,0.8699999944143,"bias_hat","material error"
0.801995018036005,0.873846884128053,"bias_hat","material error"
0.807235605733309,0.877880042091906,"bias_hat","material error"
0.812563753805105,0.88157279937858,"bias_hat","material error"
0.818261157618083,0.885366031557773,"bias_hat","material error"
0.823979160188872,0.889228124152774,"bias_hat","material error"
0.829778441933992,0.89295055087032,"bias_hat","material error"
0.835365791996689,0.896911100756408,"bias_hat","material error"
0.84085178409638,0.90074457442152,"bias_hat","material error"
0.846666866510475,0.904806407752585,"bias_hat","material error"
0.852336755181256,0.908639011865112,"bias_hat","material error"
0.858257907154219,0.912379075737246,"bias_hat","material error"
0.864389554901799,0.916079689384301,"bias_hat","material error"
0.87014574982645,0.919745607857029,"bias_hat","material error"
0.87595484448621,0.923596999861208,"bias_hat","material error"
0.882079303373143,0.927492680830808,"bias_hat","material error"
0.888246902038979,0.931131218076124,"bias_hat","material error"
0.894380244619189,0.934944158531111,"bias_hat","material error"
0.90044492493481,0.938581462903645,"bias_hat","material error"
0.906422763999936,0.942306579419407,"bias_hat","material error"
0.912762448640588,0.94586517969724,"bias_hat","material error"
0.918873257291934,0.949713760464093,"bias_hat","material error"
0.924861376232926,0.953596375257037,"bias_hat","material error"
0.930980711596655,0.957630890774686,"bias_hat","material error"
0.937197327235864,0.961422441203353,"bias_hat","material error"
0.943265228220407,0.965107668814795,"bias_hat","material error"
0.949455920330981,0.968854731952128,"bias_hat","material error"
0.955462447890833,0.97258933984213,"bias_hat","material error"
0.961717850550994,0.976312933040755,"bias_hat","material error"
0.968109599937316,0.980160672745646,"bias_hat","material error"
0.974359471601675,0.984268106077776,"bias_hat","material error"
0.980633867824176,0.988350443100249,"bias_hat","material error"
0.987048642914341,0.992112739410794,"bias_hat","material error"
0.993254078798695,0.996143588999842,"bias_hat","material error"
1,1,"bias_hat","material error"
0,0,"orc_cross","material error"
0,8.72030266388906e-07,"orc_cross","material error"
0.000209561637327265,0.00170979630319843,"orc_cross","material error"
0.00051919001980925,0.00351662461571054,"orc_cross","material error"
0.000880620610089655,0.00543706054802841,"orc_cross","material error"
0.00127257865154355,0.00741264726317224,"orc_cross","material error"
0.00169002442036228,0.00951161027500384,"orc_cross","material error"
0.00213352729808821,0.0115945113316224,"orc_cross","material error"
0.00264054594087555,0.0136958683529208,"orc_cross","material error"
0.00313437904340602,0.0158524316389267,"orc_cross","material error"
0.00366133924388902,0.0180693133526748,"orc_cross","material error"
0.00423313636686666,0.0201944435471164,"orc_cross","material error"
0.00478609945800696,0.022351397624732,"orc_cross","material error"
0.00546756623098031,0.0245368638269704,"orc_cross","material error"
0.00610891523414809,0.026833552283852,"orc_cross","material error"
0.00674363392160599,0.02908254883839,"orc_cross","material error"
0.00744290022070676,0.0313313388917214,"orc_cross","material error"
0.00813913950861131,0.0335998862290353,"orc_cross","material error"
0.00886917066943074,0.03593750324701,"orc_cross","material error"
0.00959969364442995,0.0382361307369108,"orc_cross","material error"
0.0104203294868963,0.0404878366797999,"orc_cross","material error"
0.0111952459615239,0.0428403691678911,"orc_cross","material error"
0.0119638812892743,0.0452476032844916,"orc_cross","material error"
0.0128234373493549,0.0476453984921921,"orc_cross","material error"
0.0136711350179887,0.0500611093038162,"orc_cross","material error"
0.0146140045881586,0.052372043346276,"orc_cross","material error"
0.0154951452674345,0.0547316013209615,"orc_cross","material error"
0.0164814652231422,0.0570568821361429,"orc_cross","material error"
0.0173908254415197,0.0594987701865044,"orc_cross","material error"
0.0182996328327772,0.0619163400815898,"orc_cross","material error"
0.019228126599795,0.0644332100817196,"orc_cross","material error"
0.0202187417508368,0.0670148822931231,"orc_cross","material error"
0.0211904456484175,0.06951903674488,"orc_cross","material error"
0.0221881733956191,0.0721266830277919,"orc_cross","material error"
0.0233077352207034,0.074622498111649,"orc_cross","material error"
0.0244601542025002,0.0771436917532219,"orc_cross","material error"
0.0256095693874976,0.0796675591776115,"orc_cross","material error"
0.0267847109111147,0.0823366628190045,"orc_cross","material error"
0.0279602550033637,0.0849621776115305,"orc_cross","material error"
0.0291063087082486,0.087519076839898,"orc_cross","material error"
0.0304488911821322,0.0899771968207967,"orc_cross","material error"
0.0316808962784999,0.0926238131414738,"orc_cross","material error"
0.0330211054351801,0.0951081701821452,"orc_cross","material error"
0.0343519681406347,0.0976638809898764,"orc_cross","material error"
0.035740531804323,0.100244370303899,"orc_cross","material error"
0.0370553459049385,0.102974510649519,"orc_cross","material error"
0.0384522922003286,0.105623715125198,"orc_cross","material error"
0.0398414433860161,0.108366499165712,"orc_cross","material error"
0.0413367664862999,0.111001367084572,"orc_cross","material error"
0.0428575855642549,0.113545273607816,"orc_cross","material error"
0.0444522021985311,0.11610669465388,"orc_cross","material error"
0.0460429389701979,0.118806575575463,"orc_cross","material error"
0.0476795432243861,0.121462034609289,"orc_cross","material error"
0.0493066756419652,0.124066118009952,"orc_cross","material error"
0.0509927418868001,0.126757445585802,"orc_cross","material error"
0.0526694662380819,0.129531086918579,"orc_cross","material error"
0.0545114190787925,0.132202606551721,"orc_cross","material error"
0.0562747798616324,0.134898992723865,"orc_cross","material error"
0.0578914759257096,0.137843111358098,"orc_cross","material error"
0.0596326090824116,0.140637580664018,"orc_cross","material error"
0.0614853516485922,0.143381631984258,"orc_cross","material error"
0.0633118414313363,0.146208843234318,"orc_cross","material error"
0.0652474347774766,0.149041566292956,"orc_cross","material error"
0.0670526077967831,0.151837605555415,"orc_cross","material error"
0.068912533879482,0.154491592921619,"orc_cross","material error"
0.0707473304276398,0.157355208308115,"orc_cross","material error"
0.0727602987659072,0.160154222558154,"orc_cross","material error"
0.0746580830824341,0.163011719092871,"orc_cross","material error"
0.076675496053489,0.165819805300631,"orc_cross","material error"
0.078687527760586,0.168578217040243,"orc_cross","material error"
0.0806457534492455,0.171443317155098,"orc_cross","material error"
0.0827561860898929,0.174239494272475,"orc_cross","material error"
0.0847067665987553,0.177190458057156,"orc_cross","material error"
0.086761030767415,0.180032274822504,"orc_cross","material error"
0.0888959207273261,0.182810849664547,"orc_cross","material error"
0.0911023084108455,0.18559053921161,"orc_cross","material error"
0.0933338656461803,0.188329515447857,"orc_cross","material error"
0.095407335756559,0.191163064808832,"orc_cross","material error"
0.0974697296738728,0.194076521089165,"orc_cross","material error"
0.0997037045153491,0.196848508880531,"orc_cross","material error"
0.101855433643512,0.199675083414603,"orc_cross","material error"
0.10400203165588,0.202505262944151,"orc_cross","material error"
0.106122797078949,0.205404780610524,"orc_cross","material error"
0.108315493180249,0.208107919699072,"orc_cross","material error"
0.11068961798087,0.21070137307315,"orc_cross","material error"
0.112934722421003,0.21348686081143,"orc_cross","material error"
0.11516368393975,0.216259206379394,"orc_cross","material error"
0.117467831819265,0.219026010789277,"orc_cross","material error"
0.119872661285004,0.221739526161121,"orc_cross","material error"
0.122093793870828,0.224531754729144,"orc_cross","material error"
0.124413416730484,0.227266900435161,"orc_cross","material error"
0.126672172356278,0.230025223863261,"orc_cross","material error"
0.128927700742648,0.232798946635884,"orc_cross","material error"
0.131099792391091,0.235566430235204,"orc_cross","material error"
0.133286755042933,0.238396047538616,"orc_cross","material error"
0.135675937400017,0.240993853367891,"orc_cross","material error"
0.137863406720844,0.243737268684233,"orc_cross","material error"
0.140021411048778,0.246502555084573,"orc_cross","material error"
0.142336885319875,0.249269126894507,"orc_cross","material error"
0.144521512305932,0.252044176869971,"orc_cross","material error"
0.146647072564331,0.254842011013053,"orc_cross","material error"
0.149024188433842,0.257555405821594,"orc_cross","material error"
0.151252004832103,0.260318802042771,"orc_cross","material error"
0.153472144166634,0.263086436613734,"orc_cross","material error"
0.155805300301183,0.265715475107358,"orc_cross","material error"
0.158166685766521,0.268205488079982,"orc_cross","material error"
0.160394877007168,0.270813178214984,"orc_cross","material error"
0.162778719025986,0.27336847473555,"orc_cross","material error"
0.165007807539737,0.276048881399218,"orc_cross","material error"
0.167081464060553,0.278876793671135,"orc_cross","material error"
0.169125712215838,0.2816136375581,"orc_cross","material error"
0.171224606751697,0.284349351832265,"orc_cross","material error"
0.173342190084261,0.286985314388114,"orc_cross","material error"
0.175465417161392,0.289560765581312,"orc_cross","material error"
0.177638394568426,0.292163426270009,"orc_cross","material error"
0.179694213386045,0.294778571380522,"orc_cross","material error"
0.181842947099088,0.297366935768804,"orc_cross","material error"
0.183965418644086,0.299872654565388,"orc_cross","material error"
0.186090338425016,0.302349407879988,"orc_cross","material error"
0.188116997416475,0.304876870515155,"orc_cross","material error"
0.19022734882512,0.30744562614895,"orc_cross","material error"
0.192134245693262,0.310146677185427,"orc_cross","material error"
0.194054193615775,0.312610473695122,"orc_cross","material error"
0.195980652146119,0.315085905657082,"orc_cross","material error"
0.197865888703215,0.317611394989987,"orc_cross","material error"
0.199750312215393,0.32001346609819,"orc_cross","material error"
0.201424146050185,0.322675379306882,"orc_cross","material error"
0.203128787609952,0.325240128530737,"orc_cross","material error"
0.204793324951025,0.327726820390642,"orc_cross","material error"
0.20642809860615,0.330189310898151,"orc_cross","material error"
0.208006764447233,0.332618557016227,"orc_cross","material error"
0.209563719450234,0.335106801672697,"orc_cross","material error"
0.211132611546786,0.337608825315287,"orc_cross","material error"
0.212432721229006,0.340145525554669,"orc_cross","material error"
0.213760116823022,0.342512527477311,"orc_cross","material error"
0.215055365133363,0.344967663042421,"orc_cross","material error"
0.216330435955721,0.347375758995845,"orc_cross","material error"
0.217496354563388,0.349784028648599,"orc_cross","material error"
0.218546645453342,0.352301035268202,"orc_cross","material error"
0.219615101959665,0.354643604230768,"orc_cross","material error"
0.220621646697551,0.356983717234447,"orc_cross","material error"
0.221506021301937,0.359383505128108,"orc_cross","material error"
0.222373802169545,0.361713005284182,"orc_cross","material error"
0.223199935909795,0.364063068375945,"orc_cross","material error"
0.223927300362,0.366390618782265,"orc_cross","material error"
0.224446863554254,0.368775488803088,"orc_cross","material error"
0.224956139222087,0.371058613939655,"orc_cross","material error"
0.225435884164561,0.373264466455047,"orc_cross","material error"
0.225802055548669,0.375393787340567,"orc_cross","material error"
0.226121803037945,0.377436810102975,"orc_cross","material error"
0.226325422685426,0.379324758499218,"orc_cross","material error"
0.230658963348525,0.381601749457125,"orc_cross","material error"
0.238980593667805,0.384354538890356,"orc_cross","material error"
0.246641481041749,0.386951187198,"orc_cross","material error"
0.249435157194818,0.390267581926974,"orc_cross","material error"
0.252232269603918,0.393583976655948,"orc_cross","material error"
0.262535883312403,0.397894166870873,"orc_cross","material error"
0.274635431690726,0.40244044032876,"orc_cross","material error"
0.282742541454929,0.40762036869698,"orc_cross","material error"
0.28655163126513,0.413016060572647,"orc_cross","material error"
0.29136181699898,0.417808398897974,"orc_cross","material error"
0.304028620341108,0.418454114937863,"orc_cross","material error"
0.316586227102701,0.419218778669311,"orc_cross","material error"
0.323504610455195,0.421142202055333,"orc_cross","material error"
0.328477254738032,0.423502856241642,"orc_cross","material error"
0.33898892556762,0.425311580067948,"orc_cross","material error"
0.357720039007392,0.42657327522484,"orc_cross","material error"
0.375890470004799,0.428021234624009,"orc_cross","material error"
0.382669057735007,0.432303351520141,"orc_cross","material error"
0.389372047832537,0.436667816818123,"orc_cross","material error"
0.399337648489472,0.440835893654715,"orc_cross","material error"
0.410344663807482,0.445390508898767,"orc_cross","material error"
0.418752495063761,0.450216125247085,"orc_cross","material error"
0.42235575313771,0.455194460449744,"orc_cross","material error"
0.425747337840159,0.460408611530423,"orc_cross","material error"
0.440778208970291,0.468562226246168,"orc_cross","material error"
0.456672267615372,0.476065662898229,"orc_cross","material error"
0.466046030441935,0.483469158535341,"orc_cross","material error"
0.471155055908622,0.491266803568586,"orc_cross","material error"
0.479383094613252,0.49754707532251,"orc_cross","material error"
0.496592475705677,0.499022026697838,"orc_cross","material error"
0.513921973036692,0.500366135612451,"orc_cross","material error"
0.521140706983838,0.504115732843271,"orc_cross","material error"
0.52730275402088,0.508291711799215,"orc_cross","material error"
0.544226124069691,0.511816680889447,"orc_cross","material error"
0.569286739302633,0.514832004870469,"orc_cross","material error"
0.591097916290943,0.518382593463504,"orc_cross","material error"
0.59970596673195,0.525338288472966,"orc_cross","material error"
0.608314017172956,0.532293983482427,"orc_cross","material error"
0.613935961123179,0.538606344970722,"orc_cross","material error"
0.619028492560919,0.544876587568638,"orc_cross","material error"
0.622371969678955,0.550266664780577,"orc_cross","material error"
0.623918284892855,0.554945551249292,"orc_cross","material error"
0.626284638063827,0.560509148307986,"orc_cross","material error"
0.632994909751488,0.570925953776861,"orc_cross","material error"
0.639867912706896,0.581165496289809,"orc_cross","material error"
0.642888381757995,0.589027629746751,"orc_cross","material error"
0.644996524832901,0.596276160663936,"orc_cross","material error"
0.650242651460829,0.602305299499388,"orc_cross","material error"
0.659376165447118,0.606799822987596,"orc_cross","material error"
0.667590508217022,0.611648575315499,"orc_cross","material error"
0.670211226149868,0.616571179781524,"orc_cross","material error"
0.673046137375303,0.621260463775647,"orc_cross","material error"
0.682799431953269,0.628747959535772,"orc_cross","material error"
0.695540332975076,0.636522040805511,"orc_cross","material error"
0.704614748811959,0.644397096901311,"orc_cross","material error"
0.708451328670381,0.651883939102658,"orc_cross","material error"
0.71224009646981,0.659252625754981,"orc_cross","material error"
0.713794832303908,0.664703153035182,"orc_cross","material error"
0.715438299959804,0.670057024858602,"orc_cross","material error"
0.716362258292094,0.674169793220764,"orc_cross","material error"
0.716908067404168,0.677839942602204,"orc_cross","material error"
0.718233115422634,0.684508212215918,"orc_cross","material error"
0.720353241577122,0.692925718069988,"orc_cross","material error"
0.722130734930764,0.700602328163364,"orc_cross","material error"
0.722914609573847,0.706228745394502,"orc_cross","material error"
0.724139738049937,0.711769298418921,"orc_cross","material error"
0.726825973931106,0.717509374162978,"orc_cross","material error"
0.729582407614048,0.72317298353389,"orc_cross","material error"
0.730844548800774,0.727148795722467,"orc_cross","material error"
0.731815203747642,0.730760206375553,"orc_cross","material error"
0.734036369760171,0.736988494719637,"orc_cross","material error"
0.737735793913621,0.745958000289569,"orc_cross","material error"
0.741079369210392,0.754562820079892,"orc_cross","material error"
0.742417447308819,0.760104867524356,"orc_cross","material error"
0.743778204697051,0.765622210448266,"orc_cross","material error"
0.747473898058271,0.768105389074943,"orc_cross","material error"
0.751868869521778,0.769681238037606,"orc_cross","material error"
0.75497524497369,0.771432437268529,"orc_cross","material error"
0.756470280674487,0.773228265878059,"orc_cross","material error"
0.75823268352722,0.775130773099074,"orc_cross","material error"
0.764325165469859,0.778039168927967,"orc_cross","material error"
0.770366103572035,0.781003711394484,"orc_cross","material error"
0.773500762054305,0.783998486665882,"orc_cross","material error"
0.77532144909587,0.787154791494753,"orc_cross","material error"
0.778964467882742,0.789267952582111,"orc_cross","material error"
0.785797653903161,0.789601921100717,"orc_cross","material error"
0.792503551601891,0.790055541143376,"orc_cross","material error"
0.795144945810408,0.791366077248033,"orc_cross","material error"
0.797802170292436,0.792659369456576,"orc_cross","material error"
0.805187477484874,0.793680806364125,"orc_cross","material error"
0.814901773284031,0.79475819795497,"orc_cross","material error"
0.822743089273573,0.796273725273603,"orc_cross","material error"
0.82630150861179,0.798679248781455,"orc_cross","material error"
0.829792083920679,0.801158674701223,"orc_cross","material error"
0.835199746469226,0.804034553468933,"orc_cross","material error"
0.840530066824339,0.80713684235315,"orc_cross","material error"
0.843754385156328,0.810095223086147,"orc_cross","material error"
0.845640202466061,0.812835121415906,"orc_cross","material error"
0.84894130790394,0.8160869619082,"orc_cross","material error"
0.856821330233857,0.820866163702735,"orc_cross","material error"
0.865069375584676,0.825244478504635,"orc_cross","material error"
0.868178420743143,0.82975339902356,"orc_cross","material error"
0.870661327187312,0.834244179859555,"orc_cross","material error"
0.87626489451019,0.837299484725474,"orc_cross","material error"
0.884520155998746,0.839195327932485,"orc_cross","material error"
0.891883494648416,0.841158175992968,"orc_cross","material error"
0.895119202553828,0.843496448305999,"orc_cross","material error"
0.898342246240433,0.84584851573592,"orc_cross","material error"
0.909789343162016,0.847901032056184,"orc_cross","material error"
0.923010109156964,0.84982249476598,"orc_cross","material error"
0.931972983871332,0.852822193665603,"orc_cross","material error"
0.936337390277899,0.856862438524974,"orc_cross","material error"
0.940289084713344,0.861059087761571,"orc_cross","material error"
0.942237441882858,0.865300030456815,"orc_cross","material error"
0.944395410670255,0.869312643492385,"orc_cross","material error"
0.945454834837307,0.872265380768453,"orc_cross","material error"
0.946217155021376,0.874861370946988,"orc_cross","material error"
0.948126920392351,0.878741247572509,"orc_cross","material error"
0.951508196326675,0.884602956540395,"orc_cross","material error"
0.954841100349181,0.890247853107612,"orc_cross","material error"
0.955917970123765,0.894214397107113,"orc_cross","material error"
0.956939331147082,0.898238383435875,"orc_cross","material error"
0.959009998472463,0.90298899683417,"orc_cross","material error"
0.961748312722809,0.907783503786209,"orc_cross","material error"
0.963986842623772,0.911849192190293,"orc_cross","material error"
0.965214819554558,0.914699361876549,"orc_cross","material error"
0.966459434425869,0.917544604735344,"orc_cross","material error"
0.972740337740888,0.922368848610273,"orc_cross","material error"
0.9790464402668,0.927158780651098,"orc_cross","material error"
0.982379035907378,0.93170430685826,"orc_cross","material error"
0.984166726080153,0.93603868331711,"orc_cross","material error"
0.985652022046361,0.939987759170469,"orc_cross","material error"
0.986321375180682,0.943120045927752,"orc_cross","material error"
0.986961535343412,0.946284132550592,"orc_cross","material error"
0.98724851448876,0.94830176784025,"orc_cross","material error"
0.987503642138205,0.950306212033621,"orc_cross","material error"
0.988469392953763,0.95451574558117,"orc_cross","material error"
0.989492189565517,0.959193732946461,"orc_cross","material error"
0.99017380216714,0.96301461102493,"orc_cross","material error"
0.990565737912297,0.966027437335644,"orc_cross","material error"
0.991229899248979,0.969247517203802,"orc_cross","material error"
0.992134550920044,0.97292849076647,"orc_cross","material error"
0.993133021191666,0.976379311103459,"orc_cross","material error"
0.993582148665827,0.978402759141771,"orc_cross","material error"
0.994014993572949,0.980443943758944,"orc_cross","material error"
0.995508628338585,0.984499496975167,"orc_cross","material error"
0.997292732469772,0.989551571428627,"orc_cross","material error"
0.998736065733659,0.993838755918726,"orc_cross","material error"
0.999354803281111,0.996933788929686,"orc_cross","material error"
1,1,"orc_cross","material error"
0,0,"lambda_norm","material error"
0,2.27141896835204e-06,"lambda_norm","material error"
0.000448868249798373,0.00323788064075299,"lambda_norm","material error"
0.0009683580944426,0.00668201960901631,"lambda_norm","material error"
0.00164967401836651,0.0101020420666454,"lambda_norm","material error"
0.00239342716122396,0.0134979497549435,"lambda_norm","material error"
0.00326857085766081,0.0170213077645731,"lambda_norm","material error"
0.00410714600096563,0.0205305513167924,"lambda_norm","material error"
0.00493394756818994,0.0241369215554482,"lambda_norm","material error"
0.00579093255844587,0.0276574312162675,"lambda_norm","material error"
0.00664240903526059,0.0313352009418971,"lambda_norm","material error"
0.0074877599966941,0.0351542205077643,"lambda_norm","material error"
0.00834424687524177,0.0389767314368646,"lambda_norm","material error"
0.00940546146697353,0.0427873184403849,"lambda_norm","material error"
0.0103240132715665,0.0466551726108562,"lambda_norm","material error"
0.0112097737510449,0.0504995518636432,"lambda_norm","material error"
0.0121551107020533,0.0542948626759439,"lambda_norm","material error"
0.0132343304684528,0.058102636366823,"lambda_norm","material error"
0.014210813947816,0.0620378166578908,"lambda_norm","material error"
0.0153295097421478,0.0658167686150225,"lambda_norm","material error"
0.0164696687828916,0.0695987337622382,"lambda_norm","material error"
0.0175148517819941,0.0735172333817582,"lambda_norm","material error"
0.0185468842502944,0.0774193846761397,"lambda_norm","material error"
0.0197370695397328,0.0811609162307751,"lambda_norm","material error"
0.0208647273762512,0.0848719537847539,"lambda_norm","material error"
0.0219190918289257,0.0886723736178788,"lambda_norm","material error"
0.0230502266056962,0.0925020632944988,"lambda_norm","material error"
0.0241726594884076,0.096249976202417,"lambda_norm","material error"
0.0251994375591235,0.100086336276846,"lambda_norm","material error"
0.0263551386113622,0.103833012303364,"lambda_norm","material error"
0.0274646862069716,0.107663417356008,"lambda_norm","material error"
0.0285711302545476,0.11147952492074,"lambda_norm","material error"
0.0296862870938934,0.115135628489188,"lambda_norm","material error"
0.030766393054652,0.118903443962591,"lambda_norm","material error"
0.0318508381911527,0.122679556305778,"lambda_norm","material error"
0.0329205246391236,0.126406563230538,"lambda_norm","material error"
0.034086042949803,0.129994748934726,"lambda_norm","material error"
0.035256686384285,0.133779982051419,"lambda_norm","material error"
0.0363352914902066,0.137484131535197,"lambda_norm","material error"
0.0374051018934565,0.141215985158979,"lambda_norm","material error"
0.0384677357586844,0.144865299601659,"lambda_norm","material error"
0.0394658861727411,0.148604191441601,"lambda_norm","material error"
0.0405267452966139,0.152242304398674,"lambda_norm","material error"
0.041608335926985,0.155755790570832,"lambda_norm","material error"
0.0426118096486788,0.159439438965962,"lambda_norm","material error"
0.0436812768073835,0.163140641493444,"lambda_norm","material error"
0.0447876525483485,0.16677016697626,"lambda_norm","material error"
0.0458891758283386,0.170235031278945,"lambda_norm","material error"
0.046960215359781,0.17369877344529,"lambda_norm","material error"
0.0481512908266258,0.177145059904562,"lambda_norm","material error"
0.0491911767927178,0.180777489962841,"lambda_norm","material error"
0.050335264123249,0.184190259629446,"lambda_norm","material error"
0.0513960984798523,0.187712155703978,"lambda_norm","material error"
0.0524215885622622,0.191374406782678,"lambda_norm","material error"
0.0535964510910218,0.19484968682924,"lambda_norm","material error"
0.0547286019870581,0.198362525984426,"lambda_norm","material error"
0.0560258915067647,0.201873018417303,"lambda_norm","material error"
0.0573766152035935,0.205357017343816,"lambda_norm","material error"
0.0586776370534679,0.209020333196488,"lambda_norm","material error"
0.0601517431183851,0.212556944929939,"lambda_norm","material error"
0.0617357148520895,0.21614083074536,"lambda_norm","material error"
0.0633100630304365,0.219758417398334,"lambda_norm","material error"
0.0649142009068963,0.223531695434153,"lambda_norm","material error"
0.0667277641165611,0.227254074385164,"lambda_norm","material error"
0.0685712514609166,0.231175621118344,"lambda_norm","material error"
0.0706016313411849,0.235003493962204,"lambda_norm","material error"
0.0727325785789615,0.238958304824071,"lambda_norm","material error"
0.074847922960382,0.243088826516805,"lambda_norm","material error"
0.0769269189982407,0.247185456330549,"lambda_norm","material error"
0.0791955578624009,0.251293550729755,"lambda_norm","material error"
0.0815734459601853,0.255368070009057,"lambda_norm","material error"
0.0839656595233655,0.259697678075236,"lambda_norm","material error"
0.0866303312806683,0.26368356475744,"lambda_norm","material error"
0.0892136071094599,0.267825347965451,"lambda_norm","material error"
0.0918156686269528,0.27177654271904,"lambda_norm","material error"
0.0946429534430854,0.275954114891511,"lambda_norm","material error"
0.0973428597883723,0.280318307792447,"lambda_norm","material error"
0.100046615620369,0.284456938862207,"lambda_norm","material error"
0.10289673162387,0.288561447872486,"lambda_norm","material error"
0.105891662453603,0.292727378739627,"lambda_norm","material error"
0.108924616210568,0.296795458356985,"lambda_norm","material error"
0.11202430745259,0.301064739160219,"lambda_norm","material error"
0.11476221608279,0.305493047066935,"lambda_norm","material error"
0.117923241835434,0.309695146191202,"lambda_norm","material error"
0.120614866538183,0.313950430615965,"lambda_norm","material error"
0.123882891175768,0.318025467170506,"lambda_norm","material error"
0.12713031176319,0.322185506777701,"lambda_norm","material error"
0.13023751215672,0.326346315629755,"lambda_norm","material error"
0.133465443712541,0.330418167138749,"lambda_norm","material error"
0.136507812002509,0.334647079844522,"lambda_norm","material error"
0.13964429928688,0.338709391726125,"lambda_norm","material error"
0.142569970912937,0.343087423556649,"lambda_norm","material error"
0.14554256530655,0.34730434080153,"lambda_norm","material error"
0.148602638833983,0.351427069405807,"lambda_norm","material error"
0.15177553503668,0.355644745670567,"lambda_norm","material error"
0.154838409507901,0.359733453388518,"lambda_norm","material error"
0.157734888563269,0.363810656253715,"lambda_norm","material error"
0.161047601565607,0.367684068279807,"lambda_norm","material error"
0.164115708918069,0.371923671565066,"lambda_norm","material error"
0.166958774548738,0.376127060857895,"lambda_norm","material error"
0.169988235011277,0.380119756241874,"lambda_norm","material error"
0.173076097550618,0.384086323146515,"lambda_norm","material error"
0.176179159890766,0.388012487351342,"lambda_norm","material error"
0.178922490871735,0.392146807708193,"lambda_norm","material error"
0.181971044048213,0.395904697960205,"lambda_norm","material error"
0.184894883385917,0.399603547999876,"lambda_norm","material error"
0.187555742981569,0.40363083922733,"lambda_norm","material error"
0.190214601795365,0.407581151255545,"lambda_norm","material error"
0.192956096044926,0.411527108054809,"lambda_norm","material error"
0.195523008607496,0.41526495811834,"lambda_norm","material error"
0.198009025380591,0.419135867554396,"lambda_norm","material error"
0.200331587323572,0.423026566464376,"lambda_norm","material error"
0.202848884766154,0.42674731250099,"lambda_norm","material error"
0.20514346055563,0.430425658537098,"lambda_norm","material error"
0.207328587521869,0.433951930292906,"lambda_norm","material error"
0.209387056596299,0.437466044905671,"lambda_norm","material error"
0.211039839100429,0.441066663754219,"lambda_norm","material error"
0.212542207799238,0.444650493715519,"lambda_norm","material error"
0.214043809233,0.448103833102526,"lambda_norm","material error"
0.215456705157882,0.451494035990575,"lambda_norm","material error"
0.2167783517436,0.454808352693139,"lambda_norm","material error"
0.218047431460753,0.458065559467156,"lambda_norm","material error"
0.219349847643467,0.461391989487915,"lambda_norm","material error"
0.220593216109404,0.464660111890184,"lambda_norm","material error"
0.221977260430817,0.467973520340279,"lambda_norm","material error"
0.223367944389962,0.471271641424939,"lambda_norm","material error"
0.224703064931124,0.474798744901511,"lambda_norm","material error"
0.226244049534596,0.478173577319315,"lambda_norm","material error"
0.227569075887208,0.481626162838608,"lambda_norm","material error"
0.228868923579607,0.48525242107544,"lambda_norm","material error"
0.230133951845303,0.488622276958828,"lambda_norm","material error"
0.231512987995082,0.492118483138744,"lambda_norm","material error"
0.232939714004583,0.49571098858151,"lambda_norm","material error"
0.234266213083491,0.499366031703137,"lambda_norm","material error"
0.235634591749516,0.502927947767465,"lambda_norm","material error"
0.237101338217432,0.50640563554736,"lambda_norm","material error"
0.238478537188685,0.510017677916143,"lambda_norm","material error"
0.239870577932934,0.513608766225622,"lambda_norm","material error"
0.241254292364493,0.517212160844966,"lambda_norm","material error"
0.242523810651796,0.520807183715926,"lambda_norm","material error"
0.243950468026176,0.524405565805901,"lambda_norm","material error"
0.245349228559997,0.527989698287238,"lambda_norm","material error"
0.246773538211052,0.531543691184393,"lambda_norm","material error"
0.248163442518707,0.535181620819643,"lambda_norm","material error"
0.249629221793013,0.538705489390253,"lambda_norm","material error"
0.25107165592424,0.542273598385024,"lambda_norm","material error"
0.252540433845903,0.545857885472415,"lambda_norm","material error"
0.253971537143142,0.549402309132644,"lambda_norm","material error"
0.255425986003026,0.552947336534901,"lambda_norm","material error"
0.256887236468102,0.556565956936999,"lambda_norm","material error"
0.258380192373897,0.560189451150604,"lambda_norm","material error"
0.2600345323169,0.563736293892258,"lambda_norm","material error"
0.261626823293859,0.56727991911394,"lambda_norm","material error"
0.263439401358598,0.570771347843612,"lambda_norm","material error"
0.265249250138172,0.574275171794769,"lambda_norm","material error"
0.267142231139657,0.577912038303445,"lambda_norm","material error"
0.26931527581857,0.581325733304452,"lambda_norm","material error"
0.271584216375646,0.584689139930766,"lambda_norm","material error"
0.273930397590872,0.588052475259764,"lambda_norm","material error"
0.276343332380062,0.591433761973639,"lambda_norm","material error"
0.27886646315905,0.594690085056269,"lambda_norm","material error"
0.281654177620697,0.597907929525019,"lambda_norm","material error"
0.284341298788842,0.60133407504863,"lambda_norm","material error"
0.287269800789812,0.604573688507992,"lambda_norm","material error"
0.2902117247481,0.607759811611845,"lambda_norm","material error"
0.292922139872115,0.611210627378458,"lambda_norm","material error"
0.295879918019247,0.614567659750358,"lambda_norm","material error"
0.298724416357065,0.61792280502851,"lambda_norm","material error"
0.301778799870633,0.621230182474964,"lambda_norm","material error"
0.304953904638808,0.624564293673321,"lambda_norm","material error"
0.308002318968669,0.627939617006429,"lambda_norm","material error"
0.311328222930688,0.631187447481646,"lambda_norm","material error"
0.314545475749638,0.634565918408514,"lambda_norm","material error"
0.317880663057315,0.637965319668442,"lambda_norm","material error"
0.32126925582548,0.641453390568679,"lambda_norm","material error"
0.324709852699414,0.644936555665025,"lambda_norm","material error"
0.328105666640052,0.648382359595837,"lambda_norm","material error"
0.331627910887289,0.651794904699082,"lambda_norm","material error"
0.335165940933905,0.655244335195376,"lambda_norm","material error"
0.338690268752259,0.658562263730768,"lambda_norm","material error"
0.342243673841883,0.661994969978706,"lambda_norm","material error"
0.345837767307711,0.665340581068767,"lambda_norm","material error"
0.349554764197576,0.668522777792775,"lambda_norm","material error"
0.353422953835394,0.671783754396482,"lambda_norm","material error"
0.357178594130534,0.675177928557555,"lambda_norm","material error"
0.361219605209638,0.678376701907912,"lambda_norm","material error"
0.365135387622834,0.681450550474916,"lambda_norm","material error"
0.369140651569602,0.68496709642693,"lambda_norm","material error"
0.373188773055416,0.688402219928156,"lambda_norm","material error"
0.377326433135952,0.691544638690381,"lambda_norm","material error"
0.381292277058407,0.694900319155451,"lambda_norm","material error"
0.385356532164875,0.69823960672188,"lambda_norm","material error"
0.389895860786139,0.701453505615355,"lambda_norm","material error"
0.394093988483635,0.704493160720085,"lambda_norm","material error"
0.398629955951412,0.707684111475003,"lambda_norm","material error"
0.40288199702556,0.710943817523947,"lambda_norm","material error"
0.407267316343713,0.714181209340611,"lambda_norm","material error"
0.411419354155832,0.717654631841317,"lambda_norm","material error"
0.415934236269905,0.721024208884846,"lambda_norm","material error"
0.420241117065322,0.72441099874617,"lambda_norm","material error"
0.424897927881785,0.72781174322928,"lambda_norm","material error"
0.429756454419533,0.730959320992284,"lambda_norm","material error"
0.434447574930829,0.7342473786938,"lambda_norm","material error"
0.439366769698634,0.737519609761903,"lambda_norm","material error"
0.444339728237387,0.74053749679009,"lambda_norm","material error"
0.44943796453142,0.743555450545254,"lambda_norm","material error"
0.454251347367947,0.746960998913656,"lambda_norm","material error"
0.459368822919646,0.750113409616258,"lambda_norm","material error"
0.464298503932504,0.753456912865108,"lambda_norm","material error"
0.469651161210455,0.756610903273388,"lambda_norm","material error"
0.474675961062873,0.759835893470096,"lambda_norm","material error"
0.479849791633045,0.762930754179263,"lambda_norm","material error"
0.484897315249407,0.766016453640151,"lambda_norm","material error"
0.490275764526888,0.76917210673844,"lambda_norm","material error"
0.495369470333427,0.772617708660185,"lambda_norm","material error"
0.500946862951475,0.775620023427078,"lambda_norm","material error"
0.506402285682689,0.77849058506019,"lambda_norm","material error"
0.511624751233373,0.781817928497777,"lambda_norm","material error"
0.516999978294075,0.784996526078351,"lambda_norm","material error"
0.522179651338643,0.78813591196237,"lambda_norm","material error"
0.527623100039223,0.79141496335016,"lambda_norm","material error"
0.53286417004228,0.794660678214587,"lambda_norm","material error"
0.538345136449123,0.797630201438621,"lambda_norm","material error"
0.543876962621946,0.800656601183714,"lambda_norm","material error"
0.549657964528353,0.803687669074976,"lambda_norm","material error"
0.555216214748836,0.806785340086746,"lambda_norm","material error"
0.56123481718687,0.809732805931659,"lambda_norm","material error"
0.566994289357886,0.812835405599025,"lambda_norm","material error"
0.572597209947761,0.815932173511438,"lambda_norm","material error"
0.578214026725856,0.819170412212264,"lambda_norm","material error"
0.583621485784214,0.822291777633965,"lambda_norm","material error"
0.589165730069664,0.825515284689768,"lambda_norm","material error"
0.594767377033088,0.828587650572901,"lambda_norm","material error"
0.60048391278641,0.831616554864795,"lambda_norm","material error"
0.606175812448069,0.834547877351676,"lambda_norm","material error"
0.611892777238906,0.837512867254598,"lambda_norm","material error"
0.617789449109551,0.840493236354557,"lambda_norm","material error"
0.623349870650653,0.843566344461049,"lambda_norm","material error"
0.629249339057103,0.846526798561817,"lambda_norm","material error"
0.635136404635161,0.849549449256294,"lambda_norm","material error"
0.641180087067043,0.852429117750628,"lambda_norm","material error"
0.646870783409739,0.855488097105345,"lambda_norm","material error"
0.652637608976859,0.858404271654437,"lambda_norm","material error"
0.658595999314405,0.861289609591334,"lambda_norm","material error"
0.664677488174774,0.864268156039353,"lambda_norm","material error"
0.670164783933864,0.867420613555301,"lambda_norm","material error"
0.675815292024554,0.870416826198932,"lambda_norm","material error"
0.681483420502529,0.87346405253035,"lambda_norm","material error"
0.687228823383851,0.876377202819595,"lambda_norm","material error"
0.692955690142328,0.879438185224136,"lambda_norm","material error"
0.698704322672765,0.882478989639012,"lambda_norm","material error"
0.704244499972686,0.885520654257331,"lambda_norm","material error"
0.710077183817131,0.888519621184242,"lambda_norm","material error"
0.71561009469125,0.891410636659735,"lambda_norm","material error"
0.720914596194476,0.894367971372276,"lambda_norm","material error"
0.726174829393642,0.897381174062228,"lambda_norm","material error"
0.731478602887698,0.900404492026472,"lambda_norm","material error"
0.736857103412324,0.903256327275472,"lambda_norm","material error"
0.742289331085665,0.906101440728277,"lambda_norm","material error"
0.747485948894315,0.909019175918194,"lambda_norm","material error"
0.75235079243705,0.911866896750468,"lambda_norm","material error"
0.756971444285931,0.914830054599604,"lambda_norm","material error"
0.761353459092185,0.917893888570395,"lambda_norm","material error"
0.765958486615155,0.920913782565837,"lambda_norm","material error"
0.770594323263255,0.923702490634435,"lambda_norm","material error"
0.775574768021137,0.926425802413678,"lambda_norm","material error"
0.780602422009964,0.929062863764617,"lambda_norm","material error"
0.785724930211271,0.931666667202058,"lambda_norm","material error"
0.790760114893344,0.93431341460699,"lambda_norm","material error"
0.796110385792486,0.936758361744626,"lambda_norm","material error"
0.801400999079271,0.939349718772768,"lambda_norm","material error"
0.80669260350385,0.941923140281639,"lambda_norm","material error"
0.812269155369005,0.944358660895349,"lambda_norm","material error"
0.817766483221532,0.946914567878635,"lambda_norm","material error"
0.823276270424157,0.949318119284393,"lambda_norm","material error"
0.829107289125935,0.951713229597009,"lambda_norm","material error"
0.835099994972313,0.953980403663382,"lambda_norm","material error"
0.841233653547647,0.956325105074886,"lambda_norm","material error"
0.847387353053843,0.958582055615179,"lambda_norm","material error"
0.853553005432491,0.960822807235151,"lambda_norm","material error"
0.859951220658361,0.962850778800914,"lambda_norm","material error"
0.866456964984514,0.964932944815841,"lambda_norm","material error"
0.873091845526536,0.966938835432581,"lambda_norm","material error"
0.879662391719535,0.968927877814145,"lambda_norm","material error"
0.886392454995218,0.970936331739207,"lambda_norm","material error"
0.893195883505953,0.97284435829974,"lambda_norm","material error"
0.899724205047179,0.974892059700595,"lambda_norm","material error"
0.906579239734087,0.976886084406614,"lambda_norm","material error"
0.913576723206998,0.978622458431093,"lambda_norm","material error"
0.920691152368434,0.980449337610068,"lambda_norm","material error"
0.927708793651666,0.982260654451915,"lambda_norm","material error"
0.935099728440107,0.98393117606702,"lambda_norm","material error"
0.942111973788414,0.985978308786887,"lambda_norm","material error"
0.949113287011525,0.987720951033871,"lambda_norm","material error"
0.956551889138444,0.989401360907906,"lambda_norm","material error"
0.963661136643959,0.991198914821119,"lambda_norm","material error"
0.970995127761032,0.992919510070185,"lambda_norm","material error"
0.978109143948386,0.994666578692304,"lambda_norm","material error"
0.985273578037436,0.996691609243707,"lambda_norm","material error"
0.992412512924987,0.998469165956884,"lambda_norm","material error"
1,1,"lambda_norm","material error"
0,0,"ess","transport error"
0,2.67209448294967e-06,"ess","transport error"
0.000944060271268541,0.00413281571639278,"ess","transport error"
0.00184501508613611,0.008179125560556,"ess","transport error"
0.00278705334175477,0.0121470323314466,"ess","transport error"
0.00372922647119782,0.0163132765718233,"ess","transport error"
0.00474329558797585,0.0203903038229039,"ess","transport error"
0.00577917831403433,0.0243151541789542,"ess","transport error"
0.00690266926153829,0.0281030620203841,"ess","transport error"
0.0080211214626669,0.0318185191115116,"ess","transport error"
0.00913906432404706,0.0355209601806398,"ess","transport error"
0.0103223346282384,0.0392552493817838,"ess","transport error"
0.0115160168278829,0.0428461485479587,"ess","transport error"
0.0127329183465913,0.0466278138258702,"ess","transport error"
0.0139743091628045,0.0503629795057591,"ess","transport error"
0.0152236836437813,0.0541332950212836,"ess","transport error"
0.0164926284165667,0.0578818514911901,"ess","transport error"
0.0177492716545006,0.0617121987109023,"ess","transport error"
0.019119719870651,0.0652501683966012,"ess","transport error"
0.0205348085429025,0.0689028550005051,"ess","transport error"
0.0218749389311057,0.0727681266920769,"ess","transport error"
0.0233263322002674,0.0764575918293858,"ess","transport error"
0.0247797989164292,0.0802269426172771,"ess","transport error"
0.0261536535313192,0.0841906876810447,"ess","transport error"
0.0276144291562499,0.0878517756527471,"ess","transport error"
0.0291260884145165,0.0915926593770208,"ess","transport error"
0.0305945445717666,0.0953028008457103,"ess","transport error"
0.032092434245858,0.0988349527107199,"ess","transport error"
0.0336057667810998,0.102461199841552,"ess","transport error"
0.0350210886057065,0.106258420603941,"ess","transport error"
0.0365760458594712,0.10966932251781,"ess","transport error"
0.0380153473188453,0.113459408017598,"ess","transport error"
0.039553109434291,0.117159971732723,"ess","transport error"
0.0410453207284079,0.120849835651129,"ess","transport error"
0.0425852588481841,0.124364285363658,"ess","transport error"
0.0441001922691971,0.127933441575911,"ess","transport error"
0.0455951705945377,0.131548452119485,"ess","transport error"
0.0472150248916219,0.134828441750789,"ess","transport error"
0.0487486256099129,0.138369650448265,"ess","transport error"
0.0503043010923375,0.141922486282414,"ess","transport error"
0.0517781683948716,0.145259125077413,"ess","transport error"
0.0533803122918502,0.148495359008129,"ess","transport error"
0.054991930964422,0.15176324402456,"ess","transport error"
0.0564714035605613,0.155255712930009,"ess","transport error"
0.0579675385351906,0.158718159491017,"ess","transport error"
0.0594904969648841,0.162201689635931,"ess","transport error"
0.0610182955924239,0.165513107939429,"ess","transport error"
0.0624780775075311,0.169012440116662,"ess","transport error"
0.0640087668202672,0.17231590636373,"ess","transport error"
0.0655561505644309,0.175713428422594,"ess","transport error"
0.0671228660228328,0.179058700229568,"ess","transport error"
0.0687278158779821,0.182444934588778,"ess","transport error"
0.0702809817542961,0.185821452877986,"ess","transport error"
0.0719587316916658,0.189231275748178,"ess","transport error"
0.0735722136946638,0.192727415984197,"ess","transport error"
0.0752559963828472,0.196142659526185,"ess","transport error"
0.0770476798916874,0.199633737453075,"ess","transport error"
0.0788958176397131,0.203070217866062,"ess","transport error"
0.0807570277628087,0.206529794607892,"ess","transport error"
0.082615283222271,0.210117704214157,"ess","transport error"
0.0844881941281633,0.213858390795725,"ess","transport error"
0.086330901737629,0.217511319466383,"ess","transport error"
0.0883797322808913,0.220994709234778,"ess","transport error"
0.0904028198544311,0.224700431234945,"ess","transport error"
0.0923702404825397,0.228543449660358,"ess","transport error"
0.0944278265670686,0.232256273446491,"ess","transport error"
0.0963722343686248,0.236197896679158,"ess","transport error"
0.0985557918104482,0.239716635122785,"ess","transport error"
0.100601085290861,0.243684180854289,"ess","transport error"
0.102654138626078,0.247558153292853,"ess","transport error"
0.10478052679482,0.251365433313856,"ess","transport error"
0.106856312280619,0.255190859373989,"ess","transport error"
0.108907466134231,0.259139638536516,"ess","transport error"
0.111187574751929,0.262589183410546,"ess","transport error"
0.113340035874839,0.266288697200158,"ess","transport error"
0.115466321301161,0.270149899078584,"ess","transport error"
0.117623845807687,0.273902908934741,"ess","transport error"
0.119803522323425,0.277594489093193,"ess","transport error"
0.122002048053882,0.281342927869998,"ess","transport error"
0.12416026419804,0.285095877139028,"ess","transport error"
0.126332731662392,0.28895013644842,"ess","transport error"
0.128743605925139,0.292499549084394,"ess","transport error"
0.13096560011508,0.296282580509264,"ess","transport error"
0.13322857820048,0.300039928936512,"ess","transport error"
0.135464037410759,0.303781141034809,"ess","transport error"
0.137687751811229,0.307620843422721,"ess","transport error"
0.139883275840662,0.311434540204819,"ess","transport error"
0.142353595420931,0.315032379715902,"ess","transport error"
0.144814503764162,0.318830125297122,"ess","transport error"
0.147205395543705,0.322905915842684,"ess","transport error"
0.149630718320086,0.326872266686571,"ess","transport error"
0.15219365640026,0.330687146962185,"ess","transport error"
0.154791178707422,0.334746204852818,"ess","transport error"
0.157430733477266,0.338963935840712,"ess","transport error"
0.160172407594624,0.343504764466341,"ess","transport error"
0.163113823325474,0.347790761105419,"ess","transport error"
0.166219418577632,0.352209803673911,"ess","transport error"
0.169283509361716,0.356740625911461,"ess","transport error"
0.17230774660842,0.361524623309741,"ess","transport error"
0.17541127076189,0.366110726951239,"ess","transport error"
0.178628791859725,0.370773161611473,"ess","transport error"
0.181851367774975,0.375438694905479,"ess","transport error"
0.185145034343151,0.379818595431886,"ess","transport error"
0.188425325653824,0.384334087432357,"ess","transport error"
0.191602343818041,0.388905842171178,"ess","transport error"
0.194631021564378,0.393722404929418,"ess","transport error"
0.19758502930143,0.398592587871017,"ess","transport error"
0.200685127291234,0.403125074421764,"ess","transport error"
0.203855982359871,0.407531261818847,"ess","transport error"
0.206915462279816,0.411956208670654,"ess","transport error"
0.210026192213794,0.416150233978939,"ess","transport error"
0.213226464572436,0.420239904326867,"ess","transport error"
0.216268131597213,0.424568944418593,"ess","transport error"
0.219149605088696,0.428921272524627,"ess","transport error"
0.222155209099357,0.433202798061583,"ess","transport error"
0.225125005971403,0.437272006553637,"ess","transport error"
0.228089761136946,0.441162397492142,"ess","transport error"
0.231079974947889,0.445095601076828,"ess","transport error"
0.233935471506853,0.449113655987205,"ess","transport error"
0.236869972217779,0.453105896219823,"ess","transport error"
0.239777878584385,0.456907214255419,"ess","transport error"
0.242617993142786,0.460544928106386,"ess","transport error"
0.245508209678892,0.463862427772753,"ess","transport error"
0.248224383110848,0.467580272159616,"ess","transport error"
0.250887729970594,0.47140932505906,"ess","transport error"
0.253600964624472,0.475035939202467,"ess","transport error"
0.256323324627889,0.478613604796065,"ess","transport error"
0.259004412872252,0.482011106248036,"ess","transport error"
0.261727309765588,0.485213451392549,"ess","transport error"
0.264437482615395,0.488766315219981,"ess","transport error"
0.267138341921864,0.491926905391385,"ess","transport error"
0.269880111025656,0.494995112426384,"ess","transport error"
0.272498483009168,0.498137212363016,"ess","transport error"
0.275319990553351,0.500999169730988,"ess","transport error"
0.278033425274335,0.504032903753151,"ess","transport error"
0.280826414264136,0.506649145176129,"ess","transport error"
0.283506994122247,0.509471174815972,"ess","transport error"
0.286148737447539,0.512292741703502,"ess","transport error"
0.288843001771834,0.515015516261822,"ess","transport error"
0.291555002723691,0.517685073490099,"ess","transport error"
0.294229150809214,0.520283364908673,"ess","transport error"
0.29686111749364,0.522905524775872,"ess","transport error"
0.299584948007679,0.525462988028118,"ess","transport error"
0.302352303733295,0.527890476802298,"ess","transport error"
0.304988933957559,0.530266753723491,"ess","transport error"
0.307672306517303,0.532758322218051,"ess","transport error"
0.310398079728175,0.534972778740273,"ess","transport error"
0.313027918886709,0.537266653358403,"ess","transport error"
0.315589030450521,0.539531953875634,"ess","transport error"
0.318223149645046,0.541978032499224,"ess","transport error"
0.320933034325512,0.544219182977431,"ess","transport error"
0.323478184726785,0.546579589105641,"ess","transport error"
0.326037272801149,0.54875378243279,"ess","transport error"
0.328732802773226,0.550923956830145,"ess","transport error"
0.331283358235041,0.553178849408134,"ess","transport error"
0.333771577923183,0.555460455311623,"ess","transport error"
0.336388826235775,0.557529559590147,"ess","transport error"
0.338998045565015,0.559608795588891,"ess","transport error"
0.341634138280554,0.561691674032693,"ess","transport error"
0.344172981095488,0.5638972528072,"ess","transport error"
0.346731757408605,0.566019399601843,"ess","transport error"
0.3493080547734,0.568232038807991,"ess","transport error"
0.351843233687862,0.570649915257884,"ess","transport error"
0.354469865391309,0.572898659236263,"ess","transport error"
0.357081304216196,0.575235750330505,"ess","transport error"
0.359870586762738,0.577689436289633,"ess","transport error"
0.36263189797111,0.580712754559643,"ess","transport error"
0.365548652811087,0.583724493279028,"ess","transport error"
0.368734597069914,0.586806370307137,"ess","transport error"
0.371920874554756,0.590338305619929,"ess","transport error"
0.375528798432008,0.594140053202963,"ess","transport error"
0.379034471813952,0.598509560276574,"ess","transport error"
0.382957486026645,0.603236491996949,"ess","transport error"
0.38732117791354,0.607886695704956,"ess","transport error"
0.391751134786843,0.612831203862701,"ess","transport error"
0.396447523571851,0.617570606131298,"ess","transport error"
0.401289985940576,0.622513908821706,"ess","transport error"
0.406397485397861,0.627261616542156,"ess","transport error"
0.411433976657869,0.63212143109739,"ess","transport error"
0.416563392687142,0.637136086190618,"ess","transport error"
0.421688955848637,0.642044100232645,"ess","transport error"
0.426970831326687,0.64651629795342,"ess","transport error"
0.43211585877815,0.651328551564713,"ess","transport error"
0.437182930525193,0.65612170439465,"ess","transport error"
0.442445932439153,0.660750101449168,"ess","transport error"
0.447812067881889,0.665397416820969,"ess","transport error"
0.453206714143957,0.66972339539026,"ess","transport error"
0.458562071024621,0.674306318199632,"ess","transport error"
0.463961597214592,0.678857410062848,"ess","transport error"
0.469467497185047,0.683114421934799,"ess","transport error"
0.475220954652259,0.687287847684627,"ess","transport error"
0.48060159992984,0.691657830532072,"ess","transport error"
0.486115135324233,0.695903906930398,"ess","transport error"
0.491753442202837,0.700093509478965,"ess","transport error"
0.49735460911612,0.704240904231014,"ess","transport error"
0.502910573742656,0.708389448132322,"ess","transport error"
0.508213705219303,0.712732460641993,"ess","transport error"
0.513483679895347,0.717302815892809,"ess","transport error"
0.518938171476587,0.721751135073278,"ess","transport error"
0.524403953951033,0.725773049888121,"ess","transport error"
0.529587657007571,0.730387181866004,"ess","transport error"
0.534695361366367,0.735255488406375,"ess","transport error"
0.539730950564679,0.739891446895564,"ess","transport error"
0.544404216767159,0.744336021737563,"ess","transport error"
0.548894000086114,0.747967627518408,"ess","transport error"
0.553238375422528,0.751236526635125,"ess","transport error"
0.557592013947096,0.75410669488615,"ess","transport error"
0.561912698290734,0.756432413797494,"ess","transport error"
0.566162552536652,0.758992503978901,"ess","transport error"
0.570532474272625,0.761320113615146,"ess","transport error"
0.574846183727039,0.763443785718247,"ess","transport error"
0.57932290648906,0.765727276812488,"ess","transport error"
0.583738848493466,0.767842332412147,"ess","transport error"
0.588016063511272,0.770069988687786,"ess","transport error"
0.592418354078161,0.772215690437928,"ess","transport error"
0.596817612620928,0.774276127917385,"ess","transport error"
0.600983986556667,0.776501525121841,"ess","transport error"
0.605359412709917,0.778593380927997,"ess","transport error"
0.609626398470326,0.780775968578882,"ess","transport error"
0.614141183138445,0.782652037918545,"ess","transport error"
0.618543891398111,0.784940351695985,"ess","transport error"
0.62286346057939,0.786978727951213,"ess","transport error"
0.627147400218833,0.789105417303577,"ess","transport error"
0.63142502473026,0.791345581238775,"ess","transport error"
0.635880151306112,0.795344044456439,"ess","transport error"
0.64011979102989,0.800297777710966,"ess","transport error"
0.64392565815986,0.80400672465506,"ess","transport error"
0.647656531723344,0.807294281658633,"ess","transport error"
0.651344657022488,0.810279711207982,"ess","transport error"
0.655202622469578,0.813211192431632,"ess","transport error"
0.658896428931927,0.816168128613513,"ess","transport error"
0.662591313428386,0.819331348969454,"ess","transport error"
0.666294464838379,0.82220584166771,"ess","transport error"
0.669886819952253,0.825427341470118,"ess","transport error"
0.673376008392656,0.828497126713499,"ess","transport error"
0.677010558714695,0.831513182067203,"ess","transport error"
0.680559012229388,0.834485910099093,"ess","transport error"
0.684230453950871,0.837275878800155,"ess","transport error"
0.687879179528101,0.840174685934142,"ess","transport error"
0.691438169188358,0.842894418502301,"ess","transport error"
0.694932905633046,0.845632762893687,"ess","transport error"
0.698413856939858,0.848161852739225,"ess","transport error"
0.701803711386075,0.850704854452628,"ess","transport error"
0.705149679123087,0.853238619187097,"ess","transport error"
0.7083761488632,0.85570079420152,"ess","transport error"
0.711473766724788,0.858069007708385,"ess","transport error"
0.714561890738986,0.860173384521152,"ess","transport error"
0.717564132361465,0.862556788283742,"ess","transport error"
0.720450032661525,0.864727754064053,"ess","transport error"
0.723403911648632,0.866703502498524,"ess","transport error"
0.726134345730735,0.868959518671031,"ess","transport error"
0.728921799479062,0.870910451341203,"ess","transport error"
0.731725769186487,0.87284006501386,"ess","transport error"
0.734591782437346,0.874706924882546,"ess","transport error"
0.73733890818024,0.876579199099811,"ess","transport error"
0.740148952997033,0.878428575134558,"ess","transport error"
0.742890786843186,0.880303556526107,"ess","transport error"
0.745589541016723,0.882341795567047,"ess","transport error"
0.748384249160356,0.884243435105401,"ess","transport error"
0.751115835726442,0.885964859555425,"ess","transport error"
0.753752034141441,0.887862175134848,"ess","transport error"
0.756485330076533,0.889609618537746,"ess","transport error"
0.759205981445753,0.891407069465675,"ess","transport error"
0.764918323401932,0.894871500560732,"ess","transport error"
0.772282106412319,0.898970049632976,"ess","transport error"
0.779699695832552,0.902986481085167,"ess","transport error"
0.786906526605583,0.90733089422221,"ess","transport error"
0.794074991871749,0.911927036968342,"ess","transport error"
0.801485767639905,0.915701514718594,"ess","transport error"
0.808679938957089,0.919598680103565,"ess","transport error"
0.815784990802219,0.923590182992525,"ess","transport error"
0.822977536134245,0.927584129858275,"ess","transport error"
0.830067760543318,0.931481784038603,"ess","transport error"
0.837429834184697,0.935299275780312,"ess","transport error"
0.84454727448815,0.93952149007799,"ess","transport error"
0.851877486563281,0.943352668089706,"ess","transport error"
0.859157757665802,0.947162339105694,"ess","transport error"
0.866493234835721,0.951131357408213,"ess","transport error"
0.873967772450301,0.954738178350859,"ess","transport error"
0.881281531104222,0.958691555201938,"ess","transport error"
0.888641475479325,0.962368762676056,"ess","transport error"
0.895980785328538,0.966320673141064,"ess","transport error"
0.901651651900441,0.968386811117026,"ess","transport error"
0.9070423180918,0.970478506107394,"ess","transport error"
0.912557421922551,0.972284604953192,"ess","transport error"
0.918070534751073,0.974069057147446,"ess","transport error"
0.923587601931245,0.975818944527136,"ess","transport error"
0.929113075565279,0.977747940491382,"ess","transport error"
0.934572624903242,0.979445456939916,"ess","transport error"
0.939937795204929,0.98127075846047,"ess","transport error"
0.945512380227308,0.983011219072555,"ess","transport error"
0.950819949728358,0.984892732059216,"ess","transport error"
0.956154425412328,0.986691498974653,"ess","transport error"
0.961672211565528,0.988216191350372,"ess","transport error"
0.967042469984025,0.990121794965366,"ess","transport error"
0.972550660612587,0.991645789062004,"ess","transport error"
0.978109345269934,0.993449094791473,"ess","transport error"
0.983606640691847,0.995268460939831,"ess","transport error"
0.988961966593619,0.996911511619963,"ess","transport error"
0.994418363511386,0.998480893856936,"ess","transport error"
1,1,"ess","transport error"
0,0,"ess_pct","transport error"
0,3.68476500235191e-06,"ess_pct","transport error"
0.000964979861328093,0.00394212792604161,"ess_pct","transport error"
0.00198192751761435,0.0077199563724444,"ess_pct","transport error"
0.00298222323684782,0.0114593117778964,"ess_pct","transport error"
0.00404175397051938,0.014944053633955,"ess_pct","transport error"
0.00510497066817454,0.0184253472696249,"ess_pct","transport error"
0.00611343235554793,0.0220505038950789,"ess_pct","transport error"
0.00717657325725314,0.0256515295535386,"ess_pct","transport error"
0.00821913452032789,0.0292829306949666,"ess_pct","transport error"
0.00936396121401911,0.0327606543653349,"ess_pct","transport error"
0.0105026245875104,0.0360840886659884,"ess_pct","transport error"
0.0116347912081723,0.039522032356678,"ess_pct","transport error"
0.0128253778580181,0.0428955079988093,"ess_pct","transport error"
0.0140038200414209,0.0463880377344283,"ess_pct","transport error"
0.0152297532181986,0.0495996625655523,"ess_pct","transport error"
0.0164581232067043,0.0527796798706589,"ess_pct","transport error"
0.0176994127288721,0.0562652760644477,"ess_pct","transport error"
0.0188897810297076,0.0596527340441544,"ess_pct","transport error"
0.0201089406514863,0.0630322003278222,"ess_pct","transport error"
0.021336739208587,0.0663333525353918,"ess_pct","transport error"
0.0225928942534202,0.069721821595019,"ess_pct","transport error"
0.0237996266144919,0.0731324008321053,"ess_pct","transport error"
0.0250477223684499,0.0764293908444275,"ess_pct","transport error"
0.0263238218473746,0.079898417279728,"ess_pct","transport error"
0.0275421272320026,0.083273847881706,"ess_pct","transport error"
0.0289083115905894,0.0865187057589628,"ess_pct","transport error"
0.0302673428525958,0.0900229173281554,"ess_pct","transport error"
0.0316710903499574,0.0934524587160395,"ess_pct","transport error"
0.0330472875942123,0.0968593857655277,"ess_pct","transport error"
0.0344655216449139,0.100375094625978,"ess_pct","transport error"
0.0359539644837198,0.103750588334729,"ess_pct","transport error"
0.0373132265850358,0.107470113520198,"ess_pct","transport error"
0.0387822278377751,0.111008954991723,"ess_pct","transport error"
0.0403033088768001,0.114636649127499,"ess_pct","transport error"
0.0418252216616069,0.118441835376376,"ess_pct","transport error"
0.0433713289070243,0.122139030926344,"ess_pct","transport error"
0.0450433600979072,0.125618663055165,"ess_pct","transport error"
0.0466725619771413,0.129379024273299,"ess_pct","transport error"
0.048349284640496,0.133176770519027,"ess_pct","transport error"
0.0499809904837822,0.137041680506572,"ess_pct","transport error"
0.0517813461650765,0.140790539334165,"ess_pct","transport error"
0.0536419907373452,0.144574849117488,"ess_pct","transport error"
0.0553391257529871,0.148683385780917,"ess_pct","transport error"
0.0572156262100602,0.152611979714418,"ess_pct","transport error"
0.0589978205565148,0.156710844531804,"ess_pct","transport error"
0.0608715338657316,0.16078398044419,"ess_pct","transport error"
0.0628271256410519,0.164749153274424,"ess_pct","transport error"
0.0646814165626547,0.169076758453487,"ess_pct","transport error"
0.0666452483415479,0.17301203625694,"ess_pct","transport error"
0.068667465833258,0.177076105905242,"ess_pct","transport error"
0.0705985026706615,0.181178636209106,"ess_pct","transport error"
0.072626819431609,0.18536442184256,"ess_pct","transport error"
0.0746800543811623,0.189394697125705,"ess_pct","transport error"
0.0766613196402119,0.193562815979586,"ess_pct","transport error"
0.0788035417714297,0.197537305554612,"ess_pct","transport error"
0.0809977791594422,0.201392410993316,"ess_pct","transport error"
0.0830342766747913,0.20567037462298,"ess_pct","transport error"
0.0851963360788918,0.20980173998288,"ess_pct","transport error"
0.087320057427505,0.213985701091516,"ess_pct","transport error"
0.0894830457879766,0.21810223987443,"ess_pct","transport error"
0.0916615913961585,0.222254518952729,"ess_pct","transport error"
0.0938104541852108,0.226463523310709,"ess_pct","transport error"
0.0959978532382262,0.230669869414656,"ess_pct","transport error"
0.098219259686407,0.234821287077507,"ess_pct","transport error"
0.100292267131772,0.238979195077288,"ess_pct","transport error"
0.102570341919453,0.243020136034883,"ess_pct","transport error"
0.104808879035257,0.246996748764475,"ess_pct","transport error"
0.106968591025522,0.251137076393224,"ess_pct","transport error"
0.109228820931014,0.25501337880023,"ess_pct","transport error"
0.111448421481935,0.258948237923648,"ess_pct","transport error"
0.113554004126491,0.263013515876812,"ess_pct","transport error"
0.115639499271492,0.26704225084336,"ess_pct","transport error"
0.117695857412936,0.271081004484123,"ess_pct","transport error"
0.119715131699122,0.274964893734193,"ess_pct","transport error"
0.121716290445533,0.278670567346133,"ess_pct","transport error"
0.123738699572466,0.282318753269434,"ess_pct","transport error"
0.125856027643028,0.285788707700776,"ess_pct","transport error"
0.127955514898314,0.289269765823103,"ess_pct","transport error"
0.130027210091543,0.292823052145357,"ess_pct","transport error"
0.132030122759543,0.296584837604417,"ess_pct","transport error"
0.134058443222928,0.300128881880754,"ess_pct","transport error"
0.136176480037912,0.30351500415008,"ess_pct","transport error"
0.138306187696983,0.307022737825377,"ess_pct","transport error"
0.140417054261563,0.310545053154485,"ess_pct","transport error"
0.14248642697757,0.314088988868018,"ess_pct","transport error"
0.144584798441419,0.317616232039656,"ess_pct","transport error"
0.146767369976757,0.320925427298555,"ess_pct","transport error"
0.148866953880361,0.324375662915379,"ess_pct","transport error"
0.15098379569119,0.327838824414968,"ess_pct","transport error"
0.153104879219106,0.331312342074788,"ess_pct","transport error"
0.155238202656066,0.334779820349635,"ess_pct","transport error"
0.157424371041078,0.338035468684203,"ess_pct","transport error"
0.159550140583232,0.341501882780102,"ess_pct","transport error"
0.161670891004511,0.344896611911282,"ess_pct","transport error"
0.163829609820238,0.348239504441099,"ess_pct","transport error"
0.165973530108818,0.351716917223191,"ess_pct","transport error"
0.168118682570628,0.355103527536642,"ess_pct","transport error"
0.170185994764933,0.358570976243556,"ess_pct","transport error"
0.172355491679862,0.361969450908837,"ess_pct","transport error"
0.174519119912527,0.365291875802879,"ess_pct","transport error"
0.176680662277391,0.368699086263928,"ess_pct","transport error"
0.178807584830892,0.372073272519157,"ess_pct","transport error"
0.181028776369379,0.375507934788733,"ess_pct","transport error"
0.183156491572272,0.378761218659818,"ess_pct","transport error"
0.185307130180117,0.382082322623588,"ess_pct","transport error"
0.187397600337014,0.385532498408157,"ess_pct","transport error"
0.189492185170609,0.388985825400891,"ess_pct","transport error"
0.191757445057493,0.39239700579826,"ess_pct","transport error"
0.194105384522036,0.395999546729616,"ess_pct","transport error"
0.196463301622758,0.399702780318452,"ess_pct","transport error"
0.198997708424387,0.403675657060522,"ess_pct","transport error"
0.201677964996021,0.407816118340756,"ess_pct","transport error"
0.204634705217326,0.412441282965364,"ess_pct","transport error"
0.207920609313344,0.417356897506625,"ess_pct","transport error"
0.211457211530362,0.422028156689101,"ess_pct","transport error"
0.215127156596751,0.427209519321023,"ess_pct","transport error"
0.218817734100568,0.432725572488362,"ess_pct","transport error"
0.222622406513176,0.43818243014521,"ess_pct","transport error"
0.226351139749265,0.443933251901782,"ess_pct","transport error"
0.230318208057677,0.449379115650928,"ess_pct","transport error"
0.234096767710265,0.455240533745808,"ess_pct","transport error"
0.238018203392346,0.461054172623495,"ess_pct","transport error"
0.241942080333999,0.466801797922115,"ess_pct","transport error"
0.246033327389635,0.472310363226376,"ess_pct","transport error"
0.250201878084858,0.477529943209598,"ess_pct","transport error"
0.25422273075822,0.483049680165326,"ess_pct","transport error"
0.258325319410321,0.488667401464865,"ess_pct","transport error"
0.262330061054525,0.494241625186199,"ess_pct","transport error"
0.266215467602016,0.500279771205993,"ess_pct","transport error"
0.270206737687325,0.506004906384024,"ess_pct","transport error"
0.274232729451487,0.511863525340122,"ess_pct","transport error"
0.278321754458908,0.517641756585278,"ess_pct","transport error"
0.282370872982522,0.523392989496387,"ess_pct","transport error"
0.286428989459379,0.52931775192123,"ess_pct","transport error"
0.290425540186928,0.535142581168825,"ess_pct","transport error"
0.294620853347814,0.540503395827927,"ess_pct","transport error"
0.298848806298468,0.545641099740317,"ess_pct","transport error"
0.302923712323192,0.551400203347234,"ess_pct","transport error"
0.307042824244017,0.556480887808119,"ess_pct","transport error"
0.310992646520502,0.562194100969514,"ess_pct","transport error"
0.3151596821512,0.567712607228707,"ess_pct","transport error"
0.319264450038001,0.573100359671783,"ess_pct","transport error"
0.323288660574519,0.57854856257447,"ess_pct","transport error"
0.327250162198484,0.583888009079815,"ess_pct","transport error"
0.33130330801528,0.588804992671278,"ess_pct","transport error"
0.335165229747783,0.593896123159354,"ess_pct","transport error"
0.339039475931057,0.598780050642271,"ess_pct","transport error"
0.342989477776758,0.603243028637623,"ess_pct","transport error"
0.346702265977887,0.607563875262582,"ess_pct","transport error"
0.350348323542515,0.61154618316703,"ess_pct","transport error"
0.353773262170773,0.615528724807785,"ess_pct","transport error"
0.357280785274234,0.618988140338369,"ess_pct","transport error"
0.360499534388829,0.622583364965195,"ess_pct","transport error"
0.363875026623665,0.625600923653543,"ess_pct","transport error"
0.367118863101192,0.628853016869276,"ess_pct","transport error"
0.370449839380393,0.631754523852949,"ess_pct","transport error"
0.373700357898098,0.634709393519396,"ess_pct","transport error"
0.377024863420053,0.637485236148568,"ess_pct","transport error"
0.380562183179117,0.640184848513026,"ess_pct","transport error"
0.383885629888559,0.642924219488603,"ess_pct","transport error"
0.387249345584991,0.645570680118931,"ess_pct","transport error"
0.390493130779129,0.648323522509414,"ess_pct","transport error"
0.393813854131676,0.65116426195943,"ess_pct","transport error"
0.397056686599532,0.654076304004948,"ess_pct","transport error"
0.400361194577076,0.656793792802217,"ess_pct","transport error"
0.403593636008935,0.659444239483001,"ess_pct","transport error"
0.406833125967705,0.662277980516375,"ess_pct","transport error"
0.410065061720578,0.6650441418072,"ess_pct","transport error"
0.413158276210791,0.667809968119391,"ess_pct","transport error"
0.416375554195964,0.670452180478384,"ess_pct","transport error"
0.41960607915281,0.673177289307174,"ess_pct","transport error"
0.422772103720526,0.675973111019314,"ess_pct","transport error"
0.426034414981571,0.678548208015765,"ess_pct","transport error"
0.429216924374803,0.681249403959992,"ess_pct","transport error"
0.432516783006326,0.68367980385804,"ess_pct","transport error"
0.435775441621398,0.686106095140564,"ess_pct","transport error"
0.438862293761108,0.688829510194967,"ess_pct","transport error"
0.442067237704043,0.691268417378446,"ess_pct","transport error"
0.445261355050235,0.693764732868612,"ess_pct","transport error"
0.448412096819419,0.69612705006785,"ess_pct","transport error"
0.451462215393406,0.698496565889625,"ess_pct","transport error"
0.454546821042138,0.700904771743923,"ess_pct","transport error"
0.45755672937685,0.703238808314798,"ess_pct","transport error"
0.460557362069976,0.70565926595576,"ess_pct","transport error"
0.463503807169922,0.708006577479339,"ess_pct","transport error"
0.466463074432521,0.710453941652624,"ess_pct","transport error"
0.469515040446185,0.712677027374272,"ess_pct","transport error"
0.472452737821804,0.71497098842275,"ess_pct","transport error"
0.475304294532336,0.717258793384245,"ess_pct","transport error"
0.478121583727559,0.719588518529403,"ess_pct","transport error"
0.481007638612634,0.721628637552493,"ess_pct","transport error"
0.483871391294734,0.723705515353723,"ess_pct","transport error"
0.486698054134646,0.72574717254402,"ess_pct","transport error"
0.489391340439039,0.728154561460622,"ess_pct","transport error"
0.492149802595929,0.730242849044393,"ess_pct","transport error"
0.494882109836768,0.732339145352096,"ess_pct","transport error"
0.497533507666461,0.73425940013183,"ess_pct","transport error"
0.500275640665743,0.736266315252104,"ess_pct","transport error"
0.503005261755282,0.738226818740466,"ess_pct","transport error"
0.505624030508251,0.740273339957294,"ess_pct","transport error"
0.508232188124335,0.742329124358866,"ess_pct","transport error"
0.510910384929134,0.744191950811324,"ess_pct","transport error"
0.513570478503608,0.746064888149565,"ess_pct","transport error"
0.516196331094,0.747929392913355,"ess_pct","transport error"
0.51880686379629,0.749823092090766,"ess_pct","transport error"
0.521441076159508,0.751713503008498,"ess_pct","transport error"
0.524090417548432,0.753433177366057,"ess_pct","transport error"
0.5266357216065,0.755331087703472,"ess_pct","transport error"
0.529261823807,0.757143229837323,"ess_pct","transport error"
0.531893409578812,0.758974373463427,"ess_pct","transport error"
0.534436421393074,0.760877749421654,"ess_pct","transport error"
0.537031612819846,0.762666805374774,"ess_pct","transport error"
0.539502318108452,0.764561618868876,"ess_pct","transport error"
0.542074581682617,0.766376280178802,"ess_pct","transport error"
0.544661924739485,0.768102664363542,"ess_pct","transport error"
0.547195426733477,0.769877145327824,"ess_pct","transport error"
0.549783547317712,0.771500215948373,"ess_pct","transport error"
0.552304351141925,0.7732990238816,"ess_pct","transport error"
0.554774278090983,0.77520096763525,"ess_pct","transport error"
0.557322430736431,0.776895484413574,"ess_pct","transport error"
0.559891063322769,0.778600272730702,"ess_pct","transport error"
0.562560116059202,0.780364106159752,"ess_pct","transport error"
0.565280591997471,0.782357994712846,"ess_pct","transport error"
0.568308453850585,0.78442128195225,"ess_pct","transport error"
0.572164215852263,0.787154523046657,"ess_pct","transport error"
0.576853713518659,0.790664309565492,"ess_pct","transport error"
0.582750894196868,0.794308022594118,"ess_pct","transport error"
0.588536508902666,0.798437625553246,"ess_pct","transport error"
0.594449455317338,0.802710028537885,"ess_pct","transport error"
0.600793119986078,0.806514719310278,"ess_pct","transport error"
0.607228051261115,0.810185565608464,"ess_pct","transport error"
0.613332309514238,0.814462572840277,"ess_pct","transport error"
0.619925389097625,0.818175551247384,"ess_pct","transport error"
0.626236877074116,0.82227656480532,"ess_pct","transport error"
0.63278656077598,0.826066615644029,"ess_pct","transport error"
0.639279078077694,0.830362688824625,"ess_pct","transport error"
0.645870132353889,0.834234081363484,"ess_pct","transport error"
0.652382826653206,0.838566452360365,"ess_pct","transport error"
0.659277394368116,0.842185626494778,"ess_pct","transport error"
0.665968066360175,0.845916868073872,"ess_pct","transport error"
0.672641880194461,0.849720717981517,"ess_pct","transport error"
0.679358705207487,0.853381839644786,"ess_pct","transport error"
0.686072510533793,0.85719297704685,"ess_pct","transport error"
0.692755971137432,0.861306367723591,"ess_pct","transport error"
0.699372925034305,0.86486053207546,"ess_pct","transport error"
0.705987559343963,0.868814575465668,"ess_pct","transport error"
0.712808732984987,0.872447080382555,"ess_pct","transport error"
0.719748261653038,0.876156535654287,"ess_pct","transport error"
0.726395317121242,0.880277658184862,"ess_pct","transport error"
0.733156902478848,0.883794229730149,"ess_pct","transport error"
0.740124924601041,0.887540623965322,"ess_pct","transport error"
0.747025345158617,0.891112740437593,"ess_pct","transport error"
0.753707508632812,0.895016171290336,"ess_pct","transport error"
0.760268418562844,0.899116586672131,"ess_pct","transport error"
0.767093526444385,0.90274878053743,"ess_pct","transport error"
0.773787311137151,0.906495663567961,"ess_pct","transport error"
0.780504855625981,0.910170604809064,"ess_pct","transport error"
0.787126153759774,0.914069725375473,"ess_pct","transport error"
0.793985648160391,0.917492454560123,"ess_pct","transport error"
0.800597429705747,0.921215056522576,"ess_pct","transport error"
0.807029644972179,0.925030948570395,"ess_pct","transport error"
0.813196510924701,0.928605864506994,"ess_pct","transport error"
0.818287212518939,0.931185548659876,"ess_pct","transport error"
0.822667166539224,0.933239555623786,"ess_pct","transport error"
0.827047660543449,0.935242829438387,"ess_pct","transport error"
0.831314402959138,0.937218127653763,"ess_pct","transport error"
0.835616158858493,0.939380837626777,"ess_pct","transport error"
0.839973942867832,0.941287171260812,"ess_pct","transport error"
0.844458876000157,0.943125517904218,"ess_pct","transport error"
0.84891675010495,0.945283073308009,"ess_pct","transport error"
0.853340724380103,0.947239492596202,"ess_pct","transport error"
0.857820464314947,0.949235555092282,"ess_pct","transport error"
0.86241509915627,0.950964874979008,"ess_pct","transport error"
0.867093426480232,0.952890538247632,"ess_pct","transport error"
0.871608096940314,0.955016068033522,"ess_pct","transport error"
0.876311892501139,0.956720979892335,"ess_pct","transport error"
0.881036053098667,0.958938809476892,"ess_pct","transport error"
0.88590587612325,0.960749954976055,"ess_pct","transport error"
0.890787094618931,0.962676633923344,"ess_pct","transport error"
0.895779670975469,0.964310321315785,"ess_pct","transport error"
0.900788886781199,0.966251029324631,"ess_pct","transport error"
0.90576047968367,0.968152348045257,"ess_pct","transport error"
0.910964946944229,0.970019673270568,"ess_pct","transport error"
0.916047130970584,0.971940670765327,"ess_pct","transport error"
0.921220946349582,0.973787301537843,"ess_pct","transport error"
0.926356575713586,0.975488690261286,"ess_pct","transport error"
0.931407813733054,0.977346525239074,"ess_pct","transport error"
0.936713336926256,0.97912980305487,"ess_pct","transport error"
0.941798859400795,0.980944249509694,"ess_pct","transport error"
0.946880910190887,0.982874515072267,"ess_pct","transport error"
0.952004749402792,0.984717686189332,"ess_pct","transport error"
0.957369444578946,0.986195530386634,"ess_pct","transport error"
0.962520921516253,0.988230728251269,"ess_pct","transport error"
0.967753793239183,0.99001356170765,"ess_pct","transport error"
0.973110883892928,0.991602527498877,"ess_pct","transport error"
0.978554940116313,0.993358286770848,"ess_pct","transport error"
0.98385871364089,0.995225231116661,"ess_pct","transport error"
0.989089571736565,0.996878375103524,"ess_pct","transport error"
0.994495547528405,0.998445091184001,"ess_pct","transport error"
1,1,"ess_pct","transport error"
0,0,"cv_w","transport error"
0,3.68476500235191e-06,"cv_w","transport error"
0.000964979861328093,0.00394212792604161,"cv_w","transport error"
0.00198192751761435,0.0077199563724444,"cv_w","transport error"
0.00298222323684782,0.0114593117778964,"cv_w","transport error"
0.00404175397051938,0.014944053633955,"cv_w","transport error"
0.00510497066817454,0.0184253472696249,"cv_w","transport error"
0.00611343235554793,0.0220505038950789,"cv_w","transport error"
0.00717657325725314,0.0256515295535386,"cv_w","transport error"
0.00821913452032789,0.0292829306949666,"cv_w","transport error"
0.00936396121401911,0.0327606543653349,"cv_w","transport error"
0.0105026245875104,0.0360840886659884,"cv_w","transport error"
0.0116347912081723,0.039522032356678,"cv_w","transport error"
0.0128253778580181,0.0428955079988093,"cv_w","transport error"
0.0140038200414209,0.0463880377344283,"cv_w","transport error"
0.0152297532181986,0.0495996625655523,"cv_w","transport error"
0.0164581232067043,0.0527796798706589,"cv_w","transport error"
0.0176994127288721,0.0562652760644477,"cv_w","transport error"
0.0188897810297076,0.0596527340441544,"cv_w","transport error"
0.0201089406514863,0.0630322003278222,"cv_w","transport error"
0.021336739208587,0.0663333525353918,"cv_w","transport error"
0.0225928942534202,0.069721821595019,"cv_w","transport error"
0.0237996266144919,0.0731324008321053,"cv_w","transport error"
0.0250477223684499,0.0764293908444275,"cv_w","transport error"
0.0263238218473746,0.079898417279728,"cv_w","transport error"
0.0275421272320026,0.083273847881706,"cv_w","transport error"
0.0289083115905894,0.0865187057589628,"cv_w","transport error"
0.0302673428525958,0.0900229173281554,"cv_w","transport error"
0.0316710903499574,0.0934524587160395,"cv_w","transport error"
0.0330472875942123,0.0968593857655277,"cv_w","transport error"
0.0344655216449139,0.100375094625978,"cv_w","transport error"
0.0359539644837198,0.103750588334729,"cv_w","transport error"
0.0373132265850358,0.107470113520198,"cv_w","transport error"
0.0387822278377751,0.111008954991723,"cv_w","transport error"
0.0403033088768001,0.114636649127499,"cv_w","transport error"
0.0418252216616069,0.118441835376376,"cv_w","transport error"
0.0433713289070243,0.122139030926344,"cv_w","transport error"
0.0450433600979072,0.125618663055165,"cv_w","transport error"
0.0466725619771413,0.129379024273299,"cv_w","transport error"
0.048349284640496,0.133176770519027,"cv_w","transport error"
0.0499809904837822,0.137041680506572,"cv_w","transport error"
0.0517813461650765,0.140790539334165,"cv_w","transport error"
0.0536419907373452,0.144574849117488,"cv_w","transport error"
0.0553391257529871,0.148683385780917,"cv_w","transport error"
0.0572156262100602,0.152611979714418,"cv_w","transport error"
0.0589978205565148,0.156710844531804,"cv_w","transport error"
0.0608715338657316,0.16078398044419,"cv_w","transport error"
0.0628271256410519,0.164749153274424,"cv_w","transport error"
0.0646814165626547,0.169076758453487,"cv_w","transport error"
0.0666452483415479,0.17301203625694,"cv_w","transport error"
0.068667465833258,0.177076105905242,"cv_w","transport error"
0.0705985026706615,0.181178636209106,"cv_w","transport error"
0.072626819431609,0.18536442184256,"cv_w","transport error"
0.0746800543811623,0.189394697125705,"cv_w","transport error"
0.0766613196402119,0.193562815979586,"cv_w","transport error"
0.0788035417714297,0.197537305554612,"cv_w","transport error"
0.0809977791594422,0.201392410993316,"cv_w","transport error"
0.0830342766747913,0.20567037462298,"cv_w","transport error"
0.0851963360788918,0.20980173998288,"cv_w","transport error"
0.087320057427505,0.213985701091516,"cv_w","transport error"
0.0894830457879766,0.21810223987443,"cv_w","transport error"
0.0916615913961585,0.222254518952729,"cv_w","transport error"
0.0938104541852108,0.226463523310709,"cv_w","transport error"
0.0959978532382262,0.230669869414656,"cv_w","transport error"
0.098219259686407,0.234821287077507,"cv_w","transport error"
0.100292267131772,0.238979195077288,"cv_w","transport error"
0.102570341919453,0.243020136034883,"cv_w","transport error"
0.104808879035257,0.246996748764475,"cv_w","transport error"
0.106968591025522,0.251137076393224,"cv_w","transport error"
0.109228820931014,0.25501337880023,"cv_w","transport error"
0.111448421481935,0.258948237923648,"cv_w","transport error"
0.113554004126491,0.263013515876812,"cv_w","transport error"
0.115639499271492,0.26704225084336,"cv_w","transport error"
0.117695857412936,0.271081004484123,"cv_w","transport error"
0.119715131699122,0.274964893734193,"cv_w","transport error"
0.121716290445533,0.278670567346133,"cv_w","transport error"
0.123738699572466,0.282318753269434,"cv_w","transport error"
0.125856027643028,0.285788707700776,"cv_w","transport error"
0.127955514898314,0.289269765823103,"cv_w","transport error"
0.130027210091543,0.292823052145357,"cv_w","transport error"
0.132030122759543,0.296584837604417,"cv_w","transport error"
0.134058443222928,0.300128881880754,"cv_w","transport error"
0.136176480037912,0.30351500415008,"cv_w","transport error"
0.138306187696983,0.307022737825377,"cv_w","transport error"
0.140417054261563,0.310545053154485,"cv_w","transport error"
0.14248642697757,0.314088988868018,"cv_w","transport error"
0.144584798441419,0.317616232039656,"cv_w","transport error"
0.146767369976757,0.320925427298555,"cv_w","transport error"
0.148866953880361,0.324375662915379,"cv_w","transport error"
0.15098379569119,0.327838824414968,"cv_w","transport error"
0.153104879219106,0.331312342074788,"cv_w","transport error"
0.155238202656066,0.334779820349635,"cv_w","transport error"
0.157424371041078,0.338035468684203,"cv_w","transport error"
0.159550140583232,0.341501882780102,"cv_w","transport error"
0.161670891004511,0.344896611911282,"cv_w","transport error"
0.163829609820238,0.348239504441099,"cv_w","transport error"
0.165973530108818,0.351716917223191,"cv_w","transport error"
0.168118682570628,0.355103527536642,"cv_w","transport error"
0.170185994764933,0.358570976243556,"cv_w","transport error"
0.172355491679862,0.361969450908837,"cv_w","transport error"
0.174519119912527,0.365291875802879,"cv_w","transport error"
0.176680662277391,0.368699086263928,"cv_w","transport error"
0.178807584830892,0.372073272519157,"cv_w","transport error"
0.181028776369379,0.375507934788733,"cv_w","transport error"
0.183156491572272,0.378761218659818,"cv_w","transport error"
0.185307130180117,0.382082322623588,"cv_w","transport error"
0.187397600337014,0.385532498408157,"cv_w","transport error"
0.189492185170609,0.388985825400891,"cv_w","transport error"
0.191757445057493,0.39239700579826,"cv_w","transport error"
0.194105384522036,0.395999546729616,"cv_w","transport error"
0.196463301622758,0.399702780318452,"cv_w","transport error"
0.198997708424387,0.403675657060522,"cv_w","transport error"
0.201677964996021,0.407816118340756,"cv_w","transport error"
0.204634705217326,0.412441282965364,"cv_w","transport error"
0.207920609313344,0.417356897506625,"cv_w","transport error"
0.211457211530362,0.422028156689101,"cv_w","transport error"
0.215127156596751,0.427209519321023,"cv_w","transport error"
0.218817734100568,0.432725572488362,"cv_w","transport error"
0.222622406513176,0.43818243014521,"cv_w","transport error"
0.226351139749265,0.443933251901782,"cv_w","transport error"
0.230318208057677,0.449379115650928,"cv_w","transport error"
0.234096767710265,0.455240533745808,"cv_w","transport error"
0.238018203392346,0.461054172623495,"cv_w","transport error"
0.241942080333999,0.466801797922115,"cv_w","transport error"
0.246033327389635,0.472310363226376,"cv_w","transport error"
0.250201878084858,0.477529943209598,"cv_w","transport error"
0.25422273075822,0.483049680165326,"cv_w","transport error"
0.258325319410321,0.488667401464865,"cv_w","transport error"
0.262330061054525,0.494241625186199,"cv_w","transport error"
0.266215467602016,0.500279771205993,"cv_w","transport error"
0.270206737687325,0.506004906384024,"cv_w","transport error"
0.274232729451487,0.511863525340122,"cv_w","transport error"
0.278321754458908,0.517641756585278,"cv_w","transport error"
0.282370872982522,0.523392989496387,"cv_w","transport error"
0.286428989459379,0.52931775192123,"cv_w","transport error"
0.290425540186928,0.535142581168825,"cv_w","transport error"
0.294620853347814,0.540503395827927,"cv_w","transport error"
0.298848806298468,0.545641099740317,"cv_w","transport error"
0.302923712323192,0.551400203347234,"cv_w","transport error"
0.307042824244017,0.556480887808119,"cv_w","transport error"
0.310992646520502,0.562194100969514,"cv_w","transport error"
0.3151596821512,0.567712607228707,"cv_w","transport error"
0.319264450038001,0.573100359671783,"cv_w","transport error"
0.323288660574519,0.57854856257447,"cv_w","transport error"
0.327250162198484,0.583888009079815,"cv_w","transport error"
0.33130330801528,0.588804992671278,"cv_w","transport error"
0.335165229747783,0.593896123159354,"cv_w","transport error"
0.339039475931057,0.598780050642271,"cv_w","transport error"
0.342989477776758,0.603243028637623,"cv_w","transport error"
0.346702265977887,0.607563875262582,"cv_w","transport error"
0.350348323542515,0.61154618316703,"cv_w","transport error"
0.353773262170773,0.615528724807785,"cv_w","transport error"
0.357280785274234,0.618988140338369,"cv_w","transport error"
0.360499534388829,0.622583364965195,"cv_w","transport error"
0.363875026623665,0.625600923653543,"cv_w","transport error"
0.367118863101192,0.628853016869276,"cv_w","transport error"
0.370449839380393,0.631754523852949,"cv_w","transport error"
0.373700357898098,0.634709393519396,"cv_w","transport error"
0.377024863420053,0.637485236148568,"cv_w","transport error"
0.380562183179117,0.640184848513026,"cv_w","transport error"
0.383885629888559,0.642924219488603,"cv_w","transport error"
0.387249345584991,0.645570680118931,"cv_w","transport error"
0.390493130779129,0.648323522509414,"cv_w","transport error"
0.393813854131676,0.65116426195943,"cv_w","transport error"
0.397056686599532,0.654076304004948,"cv_w","transport error"
0.400361194577076,0.656793792802217,"cv_w","transport error"
0.403593636008935,0.659444239483001,"cv_w","transport error"
0.406833125967705,0.662277980516375,"cv_w","transport error"
0.410065061720578,0.6650441418072,"cv_w","transport error"
0.413158276210791,0.667809968119391,"cv_w","transport error"
0.416375554195964,0.670452180478384,"cv_w","transport error"
0.41960607915281,0.673177289307174,"cv_w","transport error"
0.422772103720526,0.675973111019314,"cv_w","transport error"
0.426034414981571,0.678548208015765,"cv_w","transport error"
0.429216924374803,0.681249403959992,"cv_w","transport error"
0.432516783006326,0.68367980385804,"cv_w","transport error"
0.435775441621398,0.686106095140564,"cv_w","transport error"
0.438862293761108,0.688829510194967,"cv_w","transport error"
0.442067237704043,0.691268417378446,"cv_w","transport error"
0.445261355050235,0.693764732868612,"cv_w","transport error"
0.448412096819419,0.69612705006785,"cv_w","transport error"
0.451462215393406,0.698496565889625,"cv_w","transport error"
0.454546821042138,0.700904771743923,"cv_w","transport error"
0.45755672937685,0.703238808314798,"cv_w","transport error"
0.460557362069976,0.70565926595576,"cv_w","transport error"
0.463503807169922,0.708006577479339,"cv_w","transport error"
0.466463074432521,0.710453941652624,"cv_w","transport error"
0.469515040446185,0.712677027374272,"cv_w","transport error"
0.472452737821804,0.71497098842275,"cv_w","transport error"
0.475304294532336,0.717258793384245,"cv_w","transport error"
0.478121583727559,0.719588518529403,"cv_w","transport error"
0.481007638612634,0.721628637552493,"cv_w","transport error"
0.483871391294734,0.723705515353723,"cv_w","transport error"
0.486698054134646,0.72574717254402,"cv_w","transport error"
0.489391340439039,0.728154561460622,"cv_w","transport error"
0.492149802595929,0.730242849044393,"cv_w","transport error"
0.494882109836768,0.732339145352096,"cv_w","transport error"
0.497533507666461,0.73425940013183,"cv_w","transport error"
0.500275640665743,0.736266315252104,"cv_w","transport error"
0.503005261755282,0.738226818740466,"cv_w","transport error"
0.505624030508251,0.740273339957294,"cv_w","transport error"
0.508232188124335,0.742329124358866,"cv_w","transport error"
0.510910384929134,0.744191950811324,"cv_w","transport error"
0.513570478503608,0.746064888149565,"cv_w","transport error"
0.516196331094,0.747929392913355,"cv_w","transport error"
0.51880686379629,0.749823092090766,"cv_w","transport error"
0.521441076159508,0.751713503008498,"cv_w","transport error"
0.524090417548432,0.753433177366057,"cv_w","transport error"
0.5266357216065,0.755331087703472,"cv_w","transport error"
0.529261823807,0.757143229837323,"cv_w","transport error"
0.531893409578812,0.758974373463427,"cv_w","transport error"
0.534436421393074,0.760877749421654,"cv_w","transport error"
0.537031612819846,0.762666805374774,"cv_w","transport error"
0.539502318108452,0.764561618868876,"cv_w","transport error"
0.542074581682617,0.766376280178802,"cv_w","transport error"
0.544661924739485,0.768102664363542,"cv_w","transport error"
0.547195426733477,0.769877145327824,"cv_w","transport error"
0.549783547317712,0.771500215948373,"cv_w","transport error"
0.552304351141925,0.7732990238816,"cv_w","transport error"
0.554774278090983,0.77520096763525,"cv_w","transport error"
0.557322430736431,0.776895484413574,"cv_w","transport error"
0.559891063322769,0.778600272730702,"cv_w","transport error"
0.562560116059202,0.780364106159752,"cv_w","transport error"
0.565280591997471,0.782357994712846,"cv_w","transport error"
0.568308453850585,0.78442128195225,"cv_w","transport error"
0.572164215852263,0.787154523046657,"cv_w","transport error"
0.576853713518659,0.790664309565492,"cv_w","transport error"
0.582750894196868,0.794308022594118,"cv_w","transport error"
0.588536508902666,0.798437625553246,"cv_w","transport error"
0.594449455317338,0.802710028537885,"cv_w","transport error"
0.600793119986078,0.806514719310278,"cv_w","transport error"
0.607228051261115,0.810185565608464,"cv_w","transport error"
0.613332309514238,0.814462572840277,"cv_w","transport error"
0.619925389097625,0.818175551247384,"cv_w","transport error"
0.626236877074116,0.82227656480532,"cv_w","transport error"
0.63278656077598,0.826066615644029,"cv_w","transport error"
0.639279078077694,0.830362688824625,"cv_w","transport error"
0.645870132353889,0.834234081363484,"cv_w","transport error"
0.652382826653206,0.838566452360365,"cv_w","transport error"
0.659277394368116,0.842185626494778,"cv_w","transport error"
0.665968066360175,0.845916868073872,"cv_w","transport error"
0.672641880194461,0.849720717981517,"cv_w","transport error"
0.679358705207487,0.853381839644786,"cv_w","transport error"
0.686072510533793,0.85719297704685,"cv_w","transport error"
0.692755971137432,0.861306367723591,"cv_w","transport error"
0.699372925034305,0.86486053207546,"cv_w","transport error"
0.705987559343963,0.868814575465668,"cv_w","transport error"
0.712808732984987,0.872447080382555,"cv_w","transport error"
0.719748261653038,0.876156535654287,"cv_w","transport error"
0.726395317121242,0.880277658184862,"cv_w","transport error"
0.733156902478848,0.883794229730149,"cv_w","transport error"
0.740124924601041,0.887540623965322,"cv_w","transport error"
0.747025345158617,0.891112740437593,"cv_w","transport error"
0.753707508632812,0.895016171290336,"cv_w","transport error"
0.760268418562844,0.899116586672131,"cv_w","transport error"
0.767093526444385,0.90274878053743,"cv_w","transport error"
0.773787311137151,0.906495663567961,"cv_w","transport error"
0.780504855625981,0.910170604809064,"cv_w","transport error"
0.787126153759774,0.914069725375473,"cv_w","transport error"
0.793985648160391,0.917492454560123,"cv_w","transport error"
0.800597429705747,0.921215056522576,"cv_w","transport error"
0.807029644972179,0.925030948570395,"cv_w","transport error"
0.813196510924701,0.928605864506994,"cv_w","transport error"
0.818287212518939,0.931185548659876,"cv_w","transport error"
0.822667166539224,0.933239555623786,"cv_w","transport error"
0.827047660543449,0.935242829438387,"cv_w","transport error"
0.831314402959138,0.937218127653763,"cv_w","transport error"
0.835616158858493,0.939380837626777,"cv_w","transport error"
0.839973942867832,0.941287171260812,"cv_w","transport error"
0.844458876000157,0.943125517904218,"cv_w","transport error"
0.84891675010495,0.945283073308009,"cv_w","transport error"
0.853340724380103,0.947239492596202,"cv_w","transport error"
0.857820464314947,0.949235555092282,"cv_w","transport error"
0.86241509915627,0.950964874979008,"cv_w","transport error"
0.867093426480232,0.952890538247632,"cv_w","transport error"
0.871608096940314,0.955016068033522,"cv_w","transport error"
0.876311892501139,0.956720979892335,"cv_w","transport error"
0.881036053098667,0.958938809476892,"cv_w","transport error"
0.88590587612325,0.960749954976055,"cv_w","transport error"
0.890787094618931,0.962676633923344,"cv_w","transport error"
0.895779670975469,0.964310321315785,"cv_w","transport error"
0.900788886781199,0.966251029324631,"cv_w","transport error"
0.90576047968367,0.968152348045257,"cv_w","transport error"
0.910964946944229,0.970019673270568,"cv_w","transport error"
0.916047130970584,0.971940670765327,"cv_w","transport error"
0.921220946349582,0.973787301537843,"cv_w","transport error"
0.926356575713586,0.975488690261286,"cv_w","transport error"
0.931407813733054,0.977346525239074,"cv_w","transport error"
0.936713336926256,0.97912980305487,"cv_w","transport error"
0.941798859400795,0.980944249509694,"cv_w","transport error"
0.946880910190887,0.982874515072267,"cv_w","transport error"
0.952004749402792,0.984717686189332,"cv_w","transport error"
0.957369444578946,0.986195530386634,"cv_w","transport error"
0.962520921516253,0.988230728251269,"cv_w","transport error"
0.967753793239183,0.99001356170765,"cv_w","transport error"
0.973110883892928,0.991602527498877,"cv_w","transport error"
0.978554940116313,0.993358286770848,"cv_w","transport error"
0.98385871364089,0.995225231116661,"cv_w","transport error"
0.989089571736565,0.996878375103524,"cv_w","transport error"
0.994495547528405,0.998445091184001,"cv_w","transport error"
1,1,"cv_w","transport error"
0,0,"max_w","transport error"
0,2.67209448294932e-06,"max_w","transport error"
0.000962478710975542,0.00394400897756874,"max_w","transport error"
0.00187933045273027,0.00812498120127758,"max_w","transport error"
0.00283469301602314,0.0122122677414213,"max_w","transport error"
0.00385909442801405,0.0162605991555241,"max_w","transport error"
0.00492789160811922,0.020034808361,"max_w","transport error"
0.00604302355122853,0.0239074203105046,"max_w","transport error"
0.00715341989677937,0.0279104725078002,"max_w","transport error"
0.00819244142325202,0.0319679231218453,"max_w","transport error"
0.00934323871328394,0.0357596107580763,"max_w","transport error"
0.0104936224245953,0.039472301403314,"max_w","transport error"
0.0117139930263296,0.0432455453176984,"max_w","transport error"
0.0129595477926882,0.0468957409523554,"max_w","transport error"
0.0141409402791153,0.0507840844308339,"max_w","transport error"
0.0153479204655165,0.0544433183518125,"max_w","transport error"
0.016673802509036,0.0580336244856509,"max_w","transport error"
0.017937649349481,0.0616779427544318,"max_w","transport error"
0.0192773358273766,0.065382090292256,"max_w","transport error"
0.020682084490814,0.0690730157255099,"max_w","transport error"
0.0219686041854965,0.0727754519618079,"max_w","transport error"
0.0233686262253749,0.0764299624726707,"max_w","transport error"
0.0248399811111978,0.0799541698899335,"max_w","transport error"
0.0261432345429245,0.0836386174975513,"max_w","transport error"
0.0274768127378613,0.087420062127673,"max_w","transport error"
0.0288177546370757,0.0911294278235817,"max_w","transport error"
0.0303366908549437,0.0945917521907008,"max_w","transport error"
0.0318089862504497,0.0981545313820006,"max_w","transport error"
0.0331666263443108,0.10184377977322,"max_w","transport error"
0.0346128896521114,0.105409566155888,"max_w","transport error"
0.0360570314384926,0.10899351538213,"max_w","transport error"
0.037556055971462,0.112526997557276,"max_w","transport error"
0.0390786269897213,0.116092440524828,"max_w","transport error"
0.0406870095150515,0.119486128033019,"max_w","transport error"
0.0421832613353652,0.12320960700396,"max_w","transport error"
0.0437660004342863,0.126833492949732,"max_w","transport error"
0.0452371341395963,0.130503288205333,"max_w","transport error"
0.0468064041501119,0.133992210338624,"max_w","transport error"
0.0483840139122131,0.137511326830422,"max_w","transport error"
0.0499739075793338,0.141145031846649,"max_w","transport error"
0.0515794637442599,0.144603352505796,"max_w","transport error"
0.0532749743258706,0.148014501378624,"max_w","transport error"
0.0548883190825833,0.151623779130333,"max_w","transport error"
0.056565027191448,0.155043062483187,"max_w","transport error"
0.058148966561867,0.158682131964052,"max_w","transport error"
0.0598056202254891,0.162132033274613,"max_w","transport error"
0.0613992876903805,0.165841901340693,"max_w","transport error"
0.0631703504333614,0.169273555295182,"max_w","transport error"
0.064914256363853,0.172925627769203,"max_w","transport error"
0.0665885081988214,0.176563656387578,"max_w","transport error"
0.0682835737653026,0.180201065450239,"max_w","transport error"
0.069926923128778,0.183953960729871,"max_w","transport error"
0.0716997801184462,0.187441551473614,"max_w","transport error"
0.0735281607830847,0.191005079531237,"max_w","transport error"
0.0753157614042654,0.194550075499158,"max_w","transport error"
0.0771324372891428,0.198175999271054,"max_w","transport error"
0.0789836997371942,0.201701648151486,"max_w","transport error"
0.0808256258986662,0.205397133434926,"max_w","transport error"
0.0826082388159357,0.208981734106922,"max_w","transport error"
0.0845121533898958,0.212480920269741,"max_w","transport error"
0.0863967586563691,0.216082437643741,"max_w","transport error"
0.088338748940267,0.219499170808314,"max_w","transport error"
0.0902119628165557,0.223143258236388,"max_w","transport error"
0.0921256857182616,0.226720953101639,"max_w","transport error"
0.0940763898034631,0.230214948542659,"max_w","transport error"
0.0960210978276065,0.233854479825021,"max_w","transport error"
0.0980953296278511,0.237328699808595,"max_w","transport error"
0.0999799059094687,0.241086015717816,"max_w","transport error"
0.10185934798276,0.244825300562626,"max_w","transport error"
0.103876187580132,0.248321977052384,"max_w","transport error"
0.105844317998065,0.252157702532539,"max_w","transport error"
0.10791856610034,0.255754644156305,"max_w","transport error"
0.110033379205535,0.259364430662766,"max_w","transport error"
0.112125012142196,0.262978175264699,"max_w","transport error"
0.1142591916151,0.266468468956447,"max_w","transport error"
0.116326162548056,0.270094355633378,"max_w","transport error"
0.118412845186617,0.273766218030301,"max_w","transport error"
0.12060040406659,0.277502731874584,"max_w","transport error"
0.122844949570343,0.281130605261325,"max_w","transport error"
0.125037849881265,0.284862456028451,"max_w","transport error"
0.127359250487965,0.288570513435384,"max_w","transport error"
0.129585908147025,0.292236007227215,"max_w","transport error"
0.131811387930717,0.29577225562423,"max_w","transport error"
0.134014003549734,0.29961314258621,"max_w","transport error"
0.136235995655798,0.303395371561331,"max_w","transport error"
0.138554118093173,0.307193374817405,"max_w","transport error"
0.140954798808859,0.31096603828362,"max_w","transport error"
0.143335824604481,0.314520607679465,"max_w","transport error"
0.14573385231028,0.31820230548454,"max_w","transport error"
0.148188402704295,0.321796186817305,"max_w","transport error"
0.15057542959305,0.325761266104322,"max_w","transport error"
0.153050689306204,0.329495460768068,"max_w","transport error"
0.155474548294605,0.333298050309988,"max_w","transport error"
0.15792349213094,0.337160829241626,"max_w","transport error"
0.160537749957675,0.340983920168767,"max_w","transport error"
0.163189785923896,0.34469205024341,"max_w","transport error"
0.165767213172544,0.348551411586043,"max_w","transport error"
0.168325126598919,0.35248010669525,"max_w","transport error"
0.170859790583517,0.356463289541654,"max_w","transport error"
0.173549937658711,0.360058480288999,"max_w","transport error"
0.176070159384769,0.364161519276327,"max_w","transport error"
0.178785177185045,0.368125167242095,"max_w","transport error"
0.181413245771356,0.372041762509543,"max_w","transport error"
0.184039269033961,0.376133691339516,"max_w","transport error"
0.186828624367337,0.379851549298146,"max_w","transport error"
0.189530090091126,0.384096900317951,"max_w","transport error"
0.192283384498851,0.388231720940979,"max_w","transport error"
0.194997072736141,0.392379522941105,"max_w","transport error"
0.197770574617571,0.396581056946905,"max_w","transport error"
0.200654556160794,0.400676846758787,"max_w","transport error"
0.203451277934434,0.404781526363291,"max_w","transport error"
0.206320183553078,0.408624552494522,"max_w","transport error"
0.209185544507066,0.412437243852397,"max_w","transport error"
0.212033336181331,0.416360312787022,"max_w","transport error"
0.215035234019464,0.420098679091525,"max_w","transport error"
0.217842391186885,0.424228329579203,"max_w","transport error"
0.220729267766471,0.42835480704767,"max_w","transport error"
0.223795534807266,0.432195464889706,"max_w","transport error"
0.226858807725688,0.435884387012744,"max_w","transport error"
0.229976591833167,0.439678710375382,"max_w","transport error"
0.233025928084055,0.443607797857173,"max_w","transport error"
0.236166637220847,0.447238997529322,"max_w","transport error"
0.239096669663306,0.451249787081867,"max_w","transport error"
0.242127080834662,0.455123121292333,"max_w","transport error"
0.244983771105434,0.459081689986755,"max_w","transport error"
0.248074107421696,0.462760537358731,"max_w","transport error"
0.251154104526802,0.466605318465502,"max_w","transport error"
0.254171946781087,0.47036829821242,"max_w","transport error"
0.257181046261476,0.47405612929474,"max_w","transport error"
0.260185543502307,0.477660797128844,"max_w","transport error"
0.263219380218526,0.481287464172182,"max_w","transport error"
0.266229010362116,0.485001111234413,"max_w","transport error"
0.269386839604196,0.488533705598953,"max_w","transport error"
0.272496606021497,0.492141293183682,"max_w","transport error"
0.275673468053701,0.495523629771898,"max_w","transport error"
0.278770339018737,0.498798942964493,"max_w","transport error"
0.281776828073979,0.502359592522308,"max_w","transport error"
0.284803164884361,0.50589589834597,"max_w","transport error"
0.287864499360229,0.509322848456771,"max_w","transport error"
0.291003037036041,0.512572010365282,"max_w","transport error"
0.293973092026752,0.516303065899399,"max_w","transport error"
0.297005806425688,0.51970546311786,"max_w","transport error"
0.300239778894944,0.522862777237263,"max_w","transport error"
0.303364946031632,0.52636971871645,"max_w","transport error"
0.306549656781816,0.529601326800345,"max_w","transport error"
0.309722593662188,0.532877692131866,"max_w","transport error"
0.31277559973086,0.53614068875573,"max_w","transport error"
0.315960066014741,0.53948962497893,"max_w","transport error"
0.31903373673733,0.542950444717823,"max_w","transport error"
0.322082208673573,0.546229514456558,"max_w","transport error"
0.325338549171087,0.5492864142535,"max_w","transport error"
0.328503720523954,0.552464892251545,"max_w","transport error"
0.331672758474313,0.555597692217635,"max_w","transport error"
0.334797314890016,0.558939032173589,"max_w","transport error"
0.337870278822285,0.562259536881549,"max_w","transport error"
0.340878715950219,0.565618470703299,"max_w","transport error"
0.344033710992114,0.568937740971034,"max_w","transport error"
0.347241987427241,0.572270113981853,"max_w","transport error"
0.35043182717398,0.575574361320412,"max_w","transport error"
0.353593996437372,0.578924984970009,"max_w","transport error"
0.356812863743552,0.582110271758795,"max_w","transport error"
0.359999865809335,0.585547759535743,"max_w","transport error"
0.363210084322492,0.58872546226496,"max_w","transport error"
0.36639026032144,0.592130692640927,"max_w","transport error"
0.369524798743623,0.595427164991861,"max_w","transport error"
0.372878918489986,0.598759952738135,"max_w","transport error"
0.37610288300166,0.601886010811549,"max_w","transport error"
0.379347983270558,0.605267738318105,"max_w","transport error"
0.382528322711142,0.608609652848688,"max_w","transport error"
0.385854065802641,0.612157530247292,"max_w","transport error"
0.389163275569848,0.61548763214202,"max_w","transport error"
0.392576635251587,0.618809020360201,"max_w","transport error"
0.395867452884304,0.622293987371042,"max_w","transport error"
0.399123874522509,0.625887436513432,"max_w","transport error"
0.402430587685851,0.629415774468183,"max_w","transport error"
0.405747645320183,0.632782434609621,"max_w","transport error"
0.409197648802374,0.636171488024084,"max_w","transport error"
0.412476895958453,0.639577725940264,"max_w","transport error"
0.415783932640321,0.643239900068003,"max_w","transport error"
0.419297541836923,0.646748496419783,"max_w","transport error"
0.4228758156378,0.650125075054028,"max_w","transport error"
0.426318894547275,0.653805888512956,"max_w","transport error"
0.429766612321776,0.657286028120294,"max_w","transport error"
0.433139098715634,0.660994135013496,"max_w","transport error"
0.436549218841823,0.664674828186121,"max_w","transport error"
0.439961930558307,0.668139453627392,"max_w","transport error"
0.443417534488437,0.671743374677241,"max_w","transport error"
0.447103793629082,0.675203046243484,"max_w","transport error"
0.450600902607415,0.678755041047134,"max_w","transport error"
0.454131344242746,0.682471631298723,"max_w","transport error"
0.457696326788776,0.685904700385166,"max_w","transport error"
0.4612615714757,0.689767057778675,"max_w","transport error"
0.464820114127338,0.693310251824352,"max_w","transport error"
0.468342896166695,0.696784264480357,"max_w","transport error"
0.471803889493889,0.700423493059794,"max_w","transport error"
0.475434789567821,0.704114232173363,"max_w","transport error"
0.479023700185956,0.707563728397292,"max_w","transport error"
0.482668469439099,0.71109005631745,"max_w","transport error"
0.486214985014017,0.714771936727282,"max_w","transport error"
0.490018419508999,0.71788180921243,"max_w","transport error"
0.493663635848115,0.721499513054314,"max_w","transport error"
0.497334465417631,0.7248339087957,"max_w","transport error"
0.50091100351165,0.728226249330453,"max_w","transport error"
0.50449464462602,0.731796772456821,"max_w","transport error"
0.508138728244208,0.73507151986431,"max_w","transport error"
0.511718421697747,0.738262458318892,"max_w","transport error"
0.515327907436579,0.741723394925933,"max_w","transport error"
0.519017578663101,0.744997926827241,"max_w","transport error"
0.522695607902436,0.748201903893914,"max_w","transport error"
0.52648676505311,0.751132327118956,"max_w","transport error"
0.530077840325382,0.754247592955476,"max_w","transport error"
0.533917457457052,0.756984118240331,"max_w","transport error"
0.537598826382179,0.759709711632481,"max_w","transport error"
0.541249501115018,0.762768270696779,"max_w","transport error"
0.545054562291312,0.76554616958694,"max_w","transport error"
0.548968039108283,0.768471443776908,"max_w","transport error"
0.552768862830045,0.771419203692702,"max_w","transport error"
0.556561994661993,0.774326379921229,"max_w","transport error"
0.560489662900417,0.777242690095903,"max_w","transport error"
0.564408127936009,0.780157666541253,"max_w","transport error"
0.568335952306446,0.78299758807696,"max_w","transport error"
0.572496766596637,0.785708378766417,"max_w","transport error"
0.576512564800666,0.78851763803751,"max_w","transport error"
0.580564721227045,0.791300385979454,"max_w","transport error"
0.584608599292014,0.794183590075496,"max_w","transport error"
0.588776375669917,0.796887030278923,"max_w","transport error"
0.59286673087413,0.799878229989923,"max_w","transport error"
0.596985858883864,0.802790013069936,"max_w","transport error"
0.601583721330088,0.805453488271132,"max_w","transport error"
0.60588015145318,0.808737309725775,"max_w","transport error"
0.61033146677584,0.811633192226077,"max_w","transport error"
0.614812340205117,0.814921282949262,"max_w","transport error"
0.619501462102714,0.817819468793919,"max_w","transport error"
0.624111702178181,0.820650867743908,"max_w","transport error"
0.62868684422587,0.823605954055922,"max_w","transport error"
0.633320505147447,0.82679402028844,"max_w","transport error"
0.638118280963973,0.829995847664715,"max_w","transport error"
0.642995432988434,0.832716025080605,"max_w","transport error"
0.647999678095438,0.835845156233058,"max_w","transport error"
0.652993852320221,0.838897638804423,"max_w","transport error"
0.658022919903319,0.841877678583327,"max_w","transport error"
0.66322773667218,0.844668701539319,"max_w","transport error"
0.668447385904881,0.847630225203177,"max_w","transport error"
0.67338233369195,0.85060762617078,"max_w","transport error"
0.678313127060263,0.853914677856735,"max_w","transport error"
0.683397297950604,0.85673258065093,"max_w","transport error"
0.68847496257981,0.859400608827064,"max_w","transport error"
0.693553195271191,0.861922309935861,"max_w","transport error"
0.698620819532953,0.864318365245824,"max_w","transport error"
0.703654956204638,0.866517738777103,"max_w","transport error"
0.70852083868464,0.869056097504309,"max_w","transport error"
0.713659250423989,0.87139801128175,"max_w","transport error"
0.718682102583889,0.873999208778348,"max_w","transport error"
0.72367678105667,0.876686961141166,"max_w","transport error"
0.72874550017628,0.879192031000129,"max_w","transport error"
0.733884865686138,0.881710387205627,"max_w","transport error"
0.73916917666114,0.884137497379071,"max_w","transport error"
0.744437114659469,0.886976909610523,"max_w","transport error"
0.749792601953091,0.889485045549454,"max_w","transport error"
0.755251952693616,0.892120122277515,"max_w","transport error"
0.76088510535939,0.894769355026966,"max_w","transport error"
0.766439709970508,0.897633492685914,"max_w","transport error"
0.772114257885426,0.900497401817162,"max_w","transport error"
0.777518358816834,0.903523825882774,"max_w","transport error"
0.783188947855095,0.906496983950407,"max_w","transport error"
0.789083899716908,0.909611607012077,"max_w","transport error"
0.794855195256868,0.912769313893111,"max_w","transport error"
0.800808903806721,0.915742719532417,"max_w","transport error"
0.806833568458282,0.919081217215794,"max_w","transport error"
0.812876805238978,0.922169997603433,"max_w","transport error"
0.819029045369558,0.925247669005676,"max_w","transport error"
0.825469041130812,0.928264425079995,"max_w","transport error"
0.831962900038511,0.931527654626311,"max_w","transport error"
0.838578966763665,0.93514740642796,"max_w","transport error"
0.845388934983802,0.938887985902773,"max_w","transport error"
0.852564075638002,0.942795130330626,"max_w","transport error"
0.859582748153035,0.946946012246075,"max_w","transport error"
0.866692467792278,0.950673076846653,"max_w","transport error"
0.8738853173052,0.954786708747071,"max_w","transport error"
0.88116335406077,0.958423346206521,"max_w","transport error"
0.888271281798007,0.962237486208635,"max_w","transport error"
0.895234402836923,0.965692640934654,"max_w","transport error"
0.901471532565369,0.968504610798178,"max_w","transport error"
0.907038684512753,0.970602590300283,"max_w","transport error"
0.91255389895474,0.972282160976409,"max_w","transport error"
0.918052676567202,0.973956983354776,"max_w","transport error"
0.923526621957401,0.975634249709931,"max_w","transport error"
0.929069937183641,0.977424288136841,"max_w","transport error"
0.934431816801085,0.97911377437593,"max_w","transport error"
0.939779759402916,0.980999477037086,"max_w","transport error"
0.945197497694041,0.982891464209979,"max_w","transport error"
0.950633901631074,0.984639955031506,"max_w","transport error"
0.956356235610626,0.986174074174833,"max_w","transport error"
0.961782048521909,0.987939323694329,"max_w","transport error"
0.967239496246406,0.989656741096702,"max_w","transport error"
0.972707866830361,0.991391615476127,"max_w","transport error"
0.978245065255305,0.993116015669321,"max_w","transport error"
0.983830987929275,0.994705997139215,"max_w","transport error"
0.989210703608364,0.996485561379895,"max_w","transport error"
0.994591304177336,0.998165969990919,"max_w","transport error"
1,1,"max_w","transport error"
0,0,"smd_matched","transport error"
1.62679855402766e-06,0,"smd_matched","transport error"
0.00232235542146803,0.00321160310946433,"smd_matched","transport error"
0.00494607089734224,0.00651632197459575,"smd_matched","transport error"
0.00783419173134248,0.0097333506298024,"smd_matched","transport error"
0.010834018574273,0.012641596856334,"smd_matched","transport error"
0.0138931022843266,0.0157457403156435,"smd_matched","transport error"
0.0170714516139523,0.0186170062155062,"smd_matched","transport error"
0.0203089704481423,0.0215188051561697,"smd_matched","transport error"
0.0235706247750483,0.0244314697823515,"smd_matched","transport error"
0.026933433660803,0.0272069007761053,"smd_matched","transport error"
0.0302055061183957,0.0300926467931308,"smd_matched","transport error"
0.0334115292655468,0.0330412937510207,"smd_matched","transport error"
0.0368022948516406,0.0359010689122373,"smd_matched","transport error"
0.0400546905260948,0.0387360814936475,"smd_matched","transport error"
0.043419982057548,0.041681322840968,"smd_matched","transport error"
0.0465122941153577,0.0446412656567835,"smd_matched","transport error"
0.0494865848973134,0.0478808335941664,"smd_matched","transport error"
0.0525892142882044,0.0507056279520885,"smd_matched","transport error"
0.0556604607690545,0.0538144633173716,"smd_matched","transport error"
0.0587390865124722,0.0568296053550509,"smd_matched","transport error"
0.0617880348476864,0.0599281954441345,"smd_matched","transport error"
0.0648446807309605,0.0627100445721896,"smd_matched","transport error"
0.0678917671147879,0.0657636885964752,"smd_matched","transport error"
0.0709025314334102,0.0686935620567684,"smd_matched","transport error"
0.0740366876021169,0.0715875028961719,"smd_matched","transport error"
0.076984330167306,0.0744914846823254,"smd_matched","transport error"
0.0800495245336823,0.0773865943454067,"smd_matched","transport error"
0.0830107157980917,0.0803627929880295,"smd_matched","transport error"
0.085930082136196,0.0833138263023122,"smd_matched","transport error"
0.0888537135687807,0.086332972235266,"smd_matched","transport error"
0.0916355222527263,0.0894885040336584,"smd_matched","transport error"
0.0944600798874487,0.0925166614685589,"smd_matched","transport error"
0.0973662949125943,0.0955552319520403,"smd_matched","transport error"
0.100294359554304,0.0986489577066124,"smd_matched","transport error"
0.103139474298741,0.1016505516028,"smd_matched","transport error"
0.105891419208435,0.104816505064685,"smd_matched","transport error"
0.108849780321043,0.107689059808585,"smd_matched","transport error"
0.111626259130738,0.110653403708454,"smd_matched","transport error"
0.114495072705035,0.113856097014061,"smd_matched","transport error"
0.117294946458134,0.117001389584967,"smd_matched","transport error"
0.120118720875387,0.120076317876939,"smd_matched","transport error"
0.122868364661056,0.123326288522459,"smd_matched","transport error"
0.125685069536867,0.126398751904671,"smd_matched","transport error"
0.12859025338189,0.129449780212944,"smd_matched","transport error"
0.131406084285779,0.132673427980281,"smd_matched","transport error"
0.134087128558563,0.135848582631524,"smd_matched","transport error"
0.136847876542337,0.1389751541041,"smd_matched","transport error"
0.139687342285144,0.142169499895238,"smd_matched","transport error"
0.142455043788314,0.145339344198182,"smd_matched","transport error"
0.145245427130868,0.148469658429892,"smd_matched","transport error"
0.148067827590859,0.151605959701163,"smd_matched","transport error"
0.150848941789766,0.1547013474972,"smd_matched","transport error"
0.153538751895835,0.15803119589957,"smd_matched","transport error"
0.156260556946998,0.161429740658589,"smd_matched","transport error"
0.159029580495079,0.1646799463856,"smd_matched","transport error"
0.161825781075433,0.167865958505194,"smd_matched","transport error"
0.164452629139093,0.171228058855481,"smd_matched","transport error"
0.167217875940277,0.174459705117558,"smd_matched","transport error"
0.170005807184778,0.177607284883722,"smd_matched","transport error"
0.172699163852747,0.180877713409071,"smd_matched","transport error"
0.175516503265036,0.183989825262964,"smd_matched","transport error"
0.178226661122861,0.187279191370562,"smd_matched","transport error"
0.181034072568649,0.190660999839376,"smd_matched","transport error"
0.183940131627567,0.19400774151197,"smd_matched","transport error"
0.186763277036841,0.197080570357805,"smd_matched","transport error"
0.189511974936188,0.200522049383508,"smd_matched","transport error"
0.192215364365965,0.203875644425042,"smd_matched","transport error"
0.194995597447344,0.207074495273077,"smd_matched","transport error"
0.197744322873296,0.210424288683303,"smd_matched","transport error"
0.20050212212097,0.213854880573164,"smd_matched","transport error"
0.203259747988845,0.21721502500871,"smd_matched","transport error"
0.205938630413181,0.220678101095149,"smd_matched","transport error"
0.208731499345255,0.22400220686679,"smd_matched","transport error"
0.211292625860466,0.227554883287979,"smd_matched","transport error"
0.214043484839413,0.23079330605162,"smd_matched","transport error"
0.21686379047046,0.234181916603545,"smd_matched","transport error"
0.219590521357292,0.237772514792112,"smd_matched","transport error"
0.222346621786152,0.241203225686368,"smd_matched","transport error"
0.225033491758232,0.244658383420473,"smd_matched","transport error"
0.227758336009535,0.248008091382445,"smd_matched","transport error"
0.230697923661454,0.251311726873388,"smd_matched","transport error"
0.233487030405194,0.254631680000144,"smd_matched","transport error"
0.236463543063537,0.25799499317685,"smd_matched","transport error"
0.239309181078636,0.261460742329042,"smd_matched","transport error"
0.24222087961521,0.2646933435434,"smd_matched","transport error"
0.245124072396124,0.267776405478534,"smd_matched","transport error"
0.247945579337346,0.271201661672224,"smd_matched","transport error"
0.250632446152028,0.274690732439191,"smd_matched","transport error"
0.25342418132771,0.278065088251291,"smd_matched","transport error"
0.256155202961923,0.281616196327744,"smd_matched","transport error"
0.258979420600716,0.285137689488626,"smd_matched","transport error"
0.261930967425386,0.288725709011149,"smd_matched","transport error"
0.264818002036097,0.292151916447479,"smd_matched","transport error"
0.267766899783077,0.295542898655856,"smd_matched","transport error"
0.270400927221064,0.29949167031974,"smd_matched","transport error"
0.27329402294525,0.302921974103329,"smd_matched","transport error"
0.276238577155117,0.306466531683592,"smd_matched","transport error"
0.279211931130705,0.310078177619555,"smd_matched","transport error"
0.282010663136469,0.313506888146492,"smd_matched","transport error"
0.284817202865766,0.317048531779781,"smd_matched","transport error"
0.287711265897838,0.320645731715601,"smd_matched","transport error"
0.29049836287399,0.324307284841316,"smd_matched","transport error"
0.293338419148131,0.327903935298768,"smd_matched","transport error"
0.296187526995045,0.331564898889378,"smd_matched","transport error"
0.29912398481596,0.334978946846625,"smd_matched","transport error"
0.302123222602968,0.338253352277685,"smd_matched","transport error"
0.305064412797579,0.341796574828967,"smd_matched","transport error"
0.308072611037117,0.345260388694037,"smd_matched","transport error"
0.311003938719615,0.348863756177543,"smd_matched","transport error"
0.313890531234324,0.352560291575757,"smd_matched","transport error"
0.316984994504209,0.355813161694053,"smd_matched","transport error"
0.31984044121031,0.35945960420998,"smd_matched","transport error"
0.322815514586079,0.362900050352309,"smd_matched","transport error"
0.325756898025085,0.366434833714854,"smd_matched","transport error"
0.328785661073069,0.369669383144176,"smd_matched","transport error"
0.331700131988563,0.373201469836918,"smd_matched","transport error"
0.334642305037271,0.37668979840253,"smd_matched","transport error"
0.337674688047329,0.380274022186724,"smd_matched","transport error"
0.340688008320101,0.383812685971318,"smd_matched","transport error"
0.343675910202015,0.387476521205275,"smd_matched","transport error"
0.34682631159988,0.390992364051875,"smd_matched","transport error"
0.349809259479,0.394833745369096,"smd_matched","transport error"
0.352909311698699,0.398391629877066,"smd_matched","transport error"
0.35594886629734,0.40196603935814,"smd_matched","transport error"
0.358956834254244,0.405725991688118,"smd_matched","transport error"
0.362115461351023,0.409087829560893,"smd_matched","transport error"
0.364978692681058,0.412940099398699,"smd_matched","transport error"
0.368045060284951,0.41641980456592,"smd_matched","transport error"
0.370976538033745,0.420304193792579,"smd_matched","transport error"
0.373924853045188,0.423909217232295,"smd_matched","transport error"
0.376996735757578,0.427226793583706,"smd_matched","transport error"
0.38003476402684,0.430840856898293,"smd_matched","transport error"
0.383146240956405,0.434333551025397,"smd_matched","transport error"
0.386182727338586,0.438120760680848,"smd_matched","transport error"
0.389322530537146,0.441680697041954,"smd_matched","transport error"
0.392351678947028,0.445242742721945,"smd_matched","transport error"
0.395453913581792,0.448822855251033,"smd_matched","transport error"
0.398590993138862,0.452298936358686,"smd_matched","transport error"
0.401736488834825,0.455709816026944,"smd_matched","transport error"
0.404840437405801,0.459194942655854,"smd_matched","transport error"
0.407989442081296,0.462673403553817,"smd_matched","transport error"
0.411222780703853,0.466071941578786,"smd_matched","transport error"
0.414402639559038,0.469768780548329,"smd_matched","transport error"
0.417688276646676,0.473329270869385,"smd_matched","transport error"
0.420894160122292,0.476727819841704,"smd_matched","transport error"
0.424027854482641,0.480246442999473,"smd_matched","transport error"
0.427091707031328,0.483852295983071,"smd_matched","transport error"
0.430154772029991,0.48725804685911,"smd_matched","transport error"
0.433100986237382,0.491153066226767,"smd_matched","transport error"
0.436252943707502,0.4945816589053,"smd_matched","transport error"
0.439385449273285,0.498220461597073,"smd_matched","transport error"
0.442537927212853,0.501884212889846,"smd_matched","transport error"
0.445625417628012,0.50546435139701,"smd_matched","transport error"
0.448765548466022,0.509159059263914,"smd_matched","transport error"
0.451802186283241,0.512870812542075,"smd_matched","transport error"
0.455010059176933,0.516354350316023,"smd_matched","transport error"
0.458236108518167,0.519796241024504,"smd_matched","transport error"
0.461512901426731,0.52317130810158,"smd_matched","transport error"
0.464800553034186,0.526566143542581,"smd_matched","transport error"
0.468217161074937,0.52986886354312,"smd_matched","transport error"
0.471520928992912,0.533564806560533,"smd_matched","transport error"
0.474908437618964,0.537088295421008,"smd_matched","transport error"
0.478302711712972,0.540631010426067,"smd_matched","transport error"
0.481924733594722,0.543827970984534,"smd_matched","transport error"
0.485373073888576,0.547387793684483,"smd_matched","transport error"
0.488826103967585,0.550938289752643,"smd_matched","transport error"
0.492286140656493,0.554540979795265,"smd_matched","transport error"
0.495694338209863,0.558226235845054,"smd_matched","transport error"
0.498999620922465,0.561810920746544,"smd_matched","transport error"
0.502175395596207,0.565626601821093,"smd_matched","transport error"
0.505393531777944,0.569641090578831,"smd_matched","transport error"
0.508743497323985,0.573285112435985,"smd_matched","transport error"
0.51188596151141,0.57701418790215,"smd_matched","transport error"
0.515202794214412,0.58033431265923,"smd_matched","transport error"
0.518568833606138,0.583826439193859,"smd_matched","transport error"
0.521903671115834,0.587147982332881,"smd_matched","transport error"
0.525254901327846,0.590789361249174,"smd_matched","transport error"
0.528730244672049,0.594222648865276,"smd_matched","transport error"
0.532071251524973,0.597823447007049,"smd_matched","transport error"
0.535313017262875,0.601286364524999,"smd_matched","transport error"
0.538612733361376,0.605047638324839,"smd_matched","transport error"
0.541981263860374,0.608340965071993,"smd_matched","transport error"
0.545416486322892,0.611588471364676,"smd_matched","transport error"
0.548694016933348,0.61515585226586,"smd_matched","transport error"
0.552102527538147,0.618634634118189,"smd_matched","transport error"
0.555609871526323,0.622121886160414,"smd_matched","transport error"
0.558925328807326,0.625596532216742,"smd_matched","transport error"
0.562343532202813,0.629198774498986,"smd_matched","transport error"
0.565944275821159,0.632717495735485,"smd_matched","transport error"
0.569572878190471,0.636248418809086,"smd_matched","transport error"
0.573107241548564,0.639591001553267,"smd_matched","transport error"
0.576692522823066,0.643010564929691,"smd_matched","transport error"
0.580407177675834,0.646574941993957,"smd_matched","transport error"
0.583877110989148,0.650279027249436,"smd_matched","transport error"
0.587489164339571,0.653734917232828,"smd_matched","transport error"
0.591005378370442,0.657353250228987,"smd_matched","transport error"
0.594558486823399,0.660835099637376,"smd_matched","transport error"
0.598152280269777,0.664380873676799,"smd_matched","transport error"
0.601687377320625,0.667831764853867,"smd_matched","transport error"
0.60531870505203,0.671227426469477,"smd_matched","transport error"
0.608811416879803,0.674960530744993,"smd_matched","transport error"
0.612293390544291,0.67855241560623,"smd_matched","transport error"
0.615786923984276,0.681925584897125,"smd_matched","transport error"
0.61928831989768,0.685574561142393,"smd_matched","transport error"
0.622651431243978,0.689246823037047,"smd_matched","transport error"
0.626304890586857,0.692927443710262,"smd_matched","transport error"
0.629724932462654,0.696693176937864,"smd_matched","transport error"
0.633245429398347,0.700005603646555,"smd_matched","transport error"
0.63691073214079,0.703286955667728,"smd_matched","transport error"
0.64049151920618,0.706629889650657,"smd_matched","transport error"
0.644010294424776,0.710069127582842,"smd_matched","transport error"
0.64746849586714,0.71365761360244,"smd_matched","transport error"
0.651027532113162,0.716882776438273,"smd_matched","transport error"
0.654776816158473,0.72010562955636,"smd_matched","transport error"
0.65828036200955,0.723429337699705,"smd_matched","transport error"
0.662000353818389,0.726909281031458,"smd_matched","transport error"
0.665796293342247,0.730280487561954,"smd_matched","transport error"
0.669398434831706,0.733700310667257,"smd_matched","transport error"
0.672999305652658,0.737243116995052,"smd_matched","transport error"
0.676367648946736,0.740999999406915,"smd_matched","transport error"
0.680063364780472,0.744396955817207,"smd_matched","transport error"
0.683664129100722,0.747874833692788,"smd_matched","transport error"
0.687433487206682,0.751019001496826,"smd_matched","transport error"
0.691059016809749,0.754335005158816,"smd_matched","transport error"
0.69472386015605,0.757658840829847,"smd_matched","transport error"
0.69824968128592,0.761109202823125,"smd_matched","transport error"
0.701825648680756,0.764511579656925,"smd_matched","transport error"
0.705539324219492,0.767828246853834,"smd_matched","transport error"
0.709263223753963,0.770962420316468,"smd_matched","transport error"
0.712785329571876,0.774344607092183,"smd_matched","transport error"
0.716336289795182,0.777597730757514,"smd_matched","transport error"
0.719849166782193,0.781153947236539,"smd_matched","transport error"
0.7234010679851,0.784751150648732,"smd_matched","transport error"
0.726980693736144,0.788189342392875,"smd_matched","transport error"
0.730715179148221,0.791503718654621,"smd_matched","transport error"
0.73420709738088,0.794982624271657,"smd_matched","transport error"
0.737905952894601,0.798375329370941,"smd_matched","transport error"
0.741499649550915,0.801921438382568,"smd_matched","transport error"
0.745161823567787,0.805568518848092,"smd_matched","transport error"
0.748875044401942,0.808920960173347,"smd_matched","transport error"
0.752765428497331,0.812089992944589,"smd_matched","transport error"
0.756748388593761,0.81509472366268,"smd_matched","transport error"
0.760581711471608,0.81847160471205,"smd_matched","transport error"
0.764521413054229,0.821984557437459,"smd_matched","transport error"
0.768670202538617,0.825239802033291,"smd_matched","transport error"
0.77294203243552,0.828457982983579,"smd_matched","transport error"
0.777128192548628,0.831702466118365,"smd_matched","transport error"
0.781295519692206,0.835067563741321,"smd_matched","transport error"
0.785508300510044,0.838422590238035,"smd_matched","transport error"
0.789665760486602,0.841808063536381,"smd_matched","transport error"
0.793688569528792,0.845254104688707,"smd_matched","transport error"
0.797860583794085,0.848638870277175,"smd_matched","transport error"
0.801981154159905,0.851993707366528,"smd_matched","transport error"
0.805952824097813,0.855405986027065,"smd_matched","transport error"
0.809953733963297,0.858437813434242,"smd_matched","transport error"
0.814102884959614,0.861468448998493,"smd_matched","transport error"
0.818128541240141,0.864701274967813,"smd_matched","transport error"
0.821949356163957,0.868147238836216,"smd_matched","transport error"
0.825677262778574,0.87147669295403,"smd_matched","transport error"
0.829586602150527,0.87461792538378,"smd_matched","transport error"
0.833347841199673,0.877967657607172,"smd_matched","transport error"
0.837284282517686,0.881337139905748,"smd_matched","transport error"
0.841270641894577,0.884489318600101,"smd_matched","transport error"
0.845254964958322,0.887856665643056,"smd_matched","transport error"
0.849207636595029,0.891122037859938,"smd_matched","transport error"
0.853233634660082,0.894423533696356,"smd_matched","transport error"
0.857113915044225,0.897786298930008,"smd_matched","transport error"
0.861326257338917,0.901027167125477,"smd_matched","transport error"
0.865703845464896,0.904148286595511,"smd_matched","transport error"
0.869838180526945,0.907565981260467,"smd_matched","transport error"
0.874042122753598,0.910732231663924,"smd_matched","transport error"
0.878542573601998,0.913460013337857,"smd_matched","transport error"
0.88280731648994,0.916488125553062,"smd_matched","transport error"
0.886874999479082,0.919803872137709,"smd_matched","transport error"
0.890813114929163,0.923511156419849,"smd_matched","transport error"
0.894925989748845,0.926837334603978,"smd_matched","transport error"
0.899103689254157,0.930172550933654,"smd_matched","transport error"
0.903271763528947,0.933249467424059,"smd_matched","transport error"
0.907444450107017,0.936491406721813,"smd_matched","transport error"
0.911943157432122,0.939584487115639,"smd_matched","transport error"
0.916378155205943,0.942574109033618,"smd_matched","transport error"
0.920780285845139,0.945815936536321,"smd_matched","transport error"
0.925664557982301,0.948704256892957,"smd_matched","transport error"
0.930402952299247,0.951467935137897,"smd_matched","transport error"
0.934995173730836,0.954465635093253,"smd_matched","transport error"
0.939627302692203,0.957296109642753,"smd_matched","transport error"
0.944074777303769,0.960373356136412,"smd_matched","transport error"
0.948331382889006,0.9637132547728,"smd_matched","transport error"
0.952488513457262,0.967384858786274,"smd_matched","transport error"
0.956816381231522,0.970442382793596,"smd_matched","transport error"
0.961139748083063,0.973543579883461,"smd_matched","transport error"
0.965565100948561,0.976462245905016,"smd_matched","transport error"
0.969721591832621,0.979674077235311,"smd_matched","transport error"
0.973790946468888,0.983043701940668,"smd_matched","transport error"
0.978107764595426,0.986261893017905,"smd_matched","transport error"
0.982596825560772,0.989316537584607,"smd_matched","transport error"
0.987133416504848,0.992056675472515,"smd_matched","transport error"
0.991514630823806,0.994823041381916,"smd_matched","transport error"
0.995869976744942,0.997353775873049,"smd_matched","transport error"
1,1,"smd_matched","transport error"
0,0,"smd_pre","transport error"
0,2.17396599333197e-06,"smd_pre","transport error"
0.00141463854107163,0.00421389680706886,"smd_pre","transport error"
0.00282792696169764,0.00833472666815797,"smd_pre","transport error"
0.00430557895519557,0.0124198907936319,"smd_pre","transport error"
0.00583982276374295,0.0163417619512351,"smd_pre","transport error"
0.00728540626083029,0.0205207681639241,"smd_pre","transport error"
0.00864911919666962,0.0247048642474159,"smd_pre","transport error"
0.010189168728703,0.0287135031729434,"smd_pre","transport error"
0.0116617483322007,0.032781741016064,"smd_pre","transport error"
0.0131508664605196,0.0367997187975041,"smd_pre","transport error"
0.0146948012454834,0.040850050759405,"smd_pre","transport error"
0.0163160233686964,0.0446187765263345,"smd_pre","transport error"
0.0178712729517265,0.0486051882168028,"smd_pre","transport error"
0.0194208686136841,0.0526336423463639,"smd_pre","transport error"
0.0210801619048588,0.0564315311458008,"smd_pre","transport error"
0.0226472066439334,0.0604635726200801,"smd_pre","transport error"
0.0242091178419973,0.0642360940892666,"smd_pre","transport error"
0.0257641332856392,0.0680658859980498,"smd_pre","transport error"
0.0273482878931178,0.0720581330016422,"smd_pre","transport error"
0.0289780239125391,0.0758572083394791,"smd_pre","transport error"
0.0306986677870415,0.0797992491901522,"smd_pre","transport error"
0.0323141907214545,0.0836621430244687,"smd_pre","transport error"
0.0339186124184172,0.0873552081986776,"smd_pre","transport error"
0.0355767076025824,0.0911999574968043,"smd_pre","transport error"
0.037218888636483,0.0949853970596347,"smd_pre","transport error"
0.0389515407588291,0.0985750819799421,"smd_pre","transport error"
0.0406791409960947,0.102341284536579,"smd_pre","transport error"
0.0423288636197017,0.106272528353407,"smd_pre","transport error"
0.0439636451964771,0.110085623462052,"smd_pre","transport error"
0.0455834328232635,0.113827387889932,"smd_pre","transport error"
0.0472096283484814,0.117705329147599,"smd_pre","transport error"
0.0487931762024222,0.121619870049346,"smd_pre","transport error"
0.0504695829934742,0.125345385107974,"smd_pre","transport error"
0.0522443220257651,0.129050943516335,"smd_pre","transport error"
0.053986755620197,0.132729979004692,"smd_pre","transport error"
0.0556871252533192,0.136486805313688,"smd_pre","transport error"
0.0572378159552689,0.140428085094221,"smd_pre","transport error"
0.0588402909334813,0.144349776524223,"smd_pre","transport error"
0.0605272166353603,0.147987310919128,"smd_pre","transport error"
0.0622092578293041,0.151844110815048,"smd_pre","transport error"
0.0638818844364245,0.15564547752057,"smd_pre","transport error"
0.0656355811884723,0.159300192335264,"smd_pre","transport error"
0.067339048619289,0.163111893524371,"smd_pre","transport error"
0.0690447223588364,0.166872089447965,"smd_pre","transport error"
0.0707460865371143,0.170536780644507,"smd_pre","transport error"
0.072476575780733,0.174161312777342,"smd_pre","transport error"
0.0742003747777055,0.177789524095791,"smd_pre","transport error"
0.075958452624627,0.181380158245868,"smd_pre","transport error"
0.0776583154918937,0.184917561874921,"smd_pre","transport error"
0.0794757291113274,0.188307391345397,"smd_pre","transport error"
0.0812168042630819,0.191960914012172,"smd_pre","transport error"
0.0829399093150414,0.19558384116462,"smd_pre","transport error"
0.0846743192181451,0.199185700654334,"smd_pre","transport error"
0.0863600462647655,0.202869100074944,"smd_pre","transport error"
0.088102381844423,0.206557842926468,"smd_pre","transport error"
0.0898890291844747,0.210186778318056,"smd_pre","transport error"
0.0915011495764529,0.213899915422404,"smd_pre","transport error"
0.0932318355398697,0.217480546558086,"smd_pre","transport error"
0.0948883865849641,0.221227009482288,"smd_pre","transport error"
0.0966492109973711,0.224801968453446,"smd_pre","transport error"
0.0983336896315898,0.228492701543798,"smd_pre","transport error"
0.100036714073372,0.232054053812938,"smd_pre","transport error"
0.101716635285436,0.235624320313777,"smd_pre","transport error"
0.103452943552555,0.239276876201454,"smd_pre","transport error"
0.105066460156945,0.242986127160926,"smd_pre","transport error"
0.106715955177495,0.246795847792024,"smd_pre","transport error"
0.1083956964744,0.250405356500041,"smd_pre","transport error"
0.110003943380162,0.254233464998173,"smd_pre","transport error"
0.111666393882538,0.257915152487849,"smd_pre","transport error"
0.113456268444853,0.261329053666254,"smd_pre","transport error"
0.115109399693668,0.264797703392202,"smd_pre","transport error"
0.116795388561789,0.268399587681264,"smd_pre","transport error"
0.118475046920094,0.271780887817734,"smd_pre","transport error"
0.119973701756657,0.275379630497171,"smd_pre","transport error"
0.122651347776761,0.279281463746571,"smd_pre","transport error"
0.125359752045739,0.283476368821392,"smd_pre","transport error"
0.128047673511858,0.287862977547288,"smd_pre","transport error"
0.130829407228364,0.292170632720049,"smd_pre","transport error"
0.133446489353378,0.296634918889988,"smd_pre","transport error"
0.13629154858206,0.300967150556597,"smd_pre","transport error"
0.139159216979231,0.305211428357287,"smd_pre","transport error"
0.14203788577975,0.309465461718998,"smd_pre","transport error"
0.144895656791902,0.313848478946539,"smd_pre","transport error"
0.147602460291993,0.318346739893356,"smd_pre","transport error"
0.150513046428478,0.322735550070206,"smd_pre","transport error"
0.153437913596987,0.326971267034457,"smd_pre","transport error"
0.156360241541498,0.331330874008153,"smd_pre","transport error"
0.159258727930454,0.33586714152039,"smd_pre","transport error"
0.162230548021216,0.340157859763106,"smd_pre","transport error"
0.165235742925006,0.344546817245912,"smd_pre","transport error"
0.168201985463581,0.349143620997032,"smd_pre","transport error"
0.171082041545567,0.353718852156511,"smd_pre","transport error"
0.174015643134115,0.358437772548642,"smd_pre","transport error"
0.177070022522488,0.362856087865163,"smd_pre","transport error"
0.180027519425197,0.36744161660649,"smd_pre","transport error"
0.183000876277297,0.371885319006561,"smd_pre","transport error"
0.186016349130634,0.376502658510686,"smd_pre","transport error"
0.189130278552595,0.380955943936623,"smd_pre","transport error"
0.192180473858289,0.385652945039106,"smd_pre","transport error"
0.195421540452582,0.390063699734797,"smd_pre","transport error"
0.198606473005362,0.394448214437289,"smd_pre","transport error"
0.201807413633766,0.398812961656536,"smd_pre","transport error"
0.204999037006007,0.403270583249079,"smd_pre","transport error"
0.208125743572623,0.407802389262565,"smd_pre","transport error"
0.211233218287566,0.41237812744753,"smd_pre","transport error"
0.214386087892036,0.416835220854615,"smd_pre","transport error"
0.217504911281018,0.421473751257036,"smd_pre","transport error"
0.22060050708415,0.425978036285161,"smd_pre","transport error"
0.223698509261774,0.430489938089427,"smd_pre","transport error"
0.226665422042553,0.435008073947036,"smd_pre","transport error"
0.229881278363948,0.439536268929884,"smd_pre","transport error"
0.232896080588329,0.444373345792845,"smd_pre","transport error"
0.236086842082467,0.448981937276161,"smd_pre","transport error"
0.239353551725785,0.45348494375366,"smd_pre","transport error"
0.242435093133901,0.458053740653904,"smd_pre","transport error"
0.245502542438624,0.462833232280257,"smd_pre","transport error"
0.248589178925097,0.467473199119252,"smd_pre","transport error"
0.251648972269321,0.472007907304306,"smd_pre","transport error"
0.254741845140985,0.476714589094064,"smd_pre","transport error"
0.257850297179673,0.481288317895517,"smd_pre","transport error"
0.26102063949175,0.485722695258616,"smd_pre","transport error"
0.264099516368035,0.490434464393993,"smd_pre","transport error"
0.267170285556819,0.495001993323596,"smd_pre","transport error"
0.270361248742424,0.499507316004203,"smd_pre","transport error"
0.273593900954429,0.504126226229339,"smd_pre","transport error"
0.276855548586734,0.508626685371725,"smd_pre","transport error"
0.279881877004581,0.513186411154661,"smd_pre","transport error"
0.282930648480689,0.51797327214825,"smd_pre","transport error"
0.286091054925867,0.522504491379429,"smd_pre","transport error"
0.289322084710841,0.526801830251902,"smd_pre","transport error"
0.292456183859456,0.531294666107386,"smd_pre","transport error"
0.29560545898554,0.535816051648415,"smd_pre","transport error"
0.298697141819546,0.540598009225372,"smd_pre","transport error"
0.30184948756766,0.545238484717545,"smd_pre","transport error"
0.304964543019728,0.549620880981283,"smd_pre","transport error"
0.308103203914906,0.554249734765656,"smd_pre","transport error"
0.311222025176745,0.5589422475125,"smd_pre","transport error"
0.314365508102961,0.563378725409761,"smd_pre","transport error"
0.317546311491922,0.567916212875778,"smd_pre","transport error"
0.320835400766073,0.572367506008948,"smd_pre","transport error"
0.324112958432222,0.576537892372922,"smd_pre","transport error"
0.327239205536779,0.581034921972123,"smd_pre","transport error"
0.330398667532177,0.585250082023393,"smd_pre","transport error"
0.333404194849797,0.589607626713646,"smd_pre","transport error"
0.336416962755655,0.594063247874972,"smd_pre","transport error"
0.33934565316669,0.598616606947818,"smd_pre","transport error"
0.342432555738927,0.603015324874717,"smd_pre","transport error"
0.345352986855453,0.607349780779936,"smd_pre","transport error"
0.348216015382037,0.611682498312058,"smd_pre","transport error"
0.351909235179413,0.615314122811343,"smd_pre","transport error"
0.356375824792048,0.61854528230383,"smd_pre","transport error"
0.360877950816498,0.621815637714947,"smd_pre","transport error"
0.3653415296764,0.625342497889798,"smd_pre","transport error"
0.369734252564835,0.62885736036042,"smd_pre","transport error"
0.374529278183841,0.632081208431441,"smd_pre","transport error"
0.379319598300356,0.635140988751674,"smd_pre","transport error"
0.384029959256786,0.638449415510281,"smd_pre","transport error"
0.388853088754071,0.641595138359693,"smd_pre","transport error"
0.39349687041028,0.644873605039221,"smd_pre","transport error"
0.398172006561442,0.648277426649348,"smd_pre","transport error"
0.402921588250697,0.651547641916338,"smd_pre","transport error"
0.40772333357958,0.655129732548432,"smd_pre","transport error"
0.412518890635293,0.658438589993857,"smd_pre","transport error"
0.417432101767672,0.661742976499927,"smd_pre","transport error"
0.42212289377889,0.665284579152936,"smd_pre","transport error"
0.427200901999078,0.668393102282941,"smd_pre","transport error"
0.431907538296208,0.671910740290837,"smd_pre","transport error"
0.436720398043097,0.675634974663764,"smd_pre","transport error"
0.441750908329311,0.67905700361611,"smd_pre","transport error"
0.446650005120026,0.682551418717301,"smd_pre","transport error"
0.451956491597863,0.685655378617918,"smd_pre","transport error"
0.45707309002816,0.689050510153006,"smd_pre","transport error"
0.461864153289737,0.692391429839359,"smd_pre","transport error"
0.466906382256171,0.695622162063174,"smd_pre","transport error"
0.471768560304033,0.699052517627342,"smd_pre","transport error"
0.47675908126404,0.702279178835276,"smd_pre","transport error"
0.481558442031277,0.705927345712505,"smd_pre","transport error"
0.486648027883025,0.709240511165493,"smd_pre","transport error"
0.491650944610977,0.712863537554228,"smd_pre","transport error"
0.496798199873266,0.71611196895539,"smd_pre","transport error"
0.501794776179586,0.719240833492188,"smd_pre","transport error"
0.506743559188992,0.722840944607662,"smd_pre","transport error"
0.511774374855034,0.726208891600945,"smd_pre","transport error"
0.516843132340502,0.729405361435026,"smd_pre","transport error"
0.521999588794508,0.732618797823113,"smd_pre","transport error"
0.527184425809579,0.735927576651095,"smd_pre","transport error"
0.532357201133575,0.739137277001939,"smd_pre","transport error"
0.537542817841827,0.742719090763927,"smd_pre","transport error"
0.542586771879424,0.745923880373534,"smd_pre","transport error"
0.547749880903062,0.748996526607927,"smd_pre","transport error"
0.552840637648214,0.752371737168583,"smd_pre","transport error"
0.557951759816822,0.755656077368075,"smd_pre","transport error"
0.562969276841044,0.759208884714658,"smd_pre","transport error"
0.568320116490361,0.762533031542135,"smd_pre","transport error"
0.573207593145409,0.766014809745165,"smd_pre","transport error"
0.57826651999935,0.76960229079878,"smd_pre","transport error"
0.5831180866396,0.773047241860682,"smd_pre","transport error"
0.588349962435995,0.776265877253933,"smd_pre","transport error"
0.593461832506722,0.77949021184154,"smd_pre","transport error"
0.598674615566346,0.782526447949025,"smd_pre","transport error"
0.603832301390744,0.78588550775399,"smd_pre","transport error"
0.608940455040001,0.789061703404876,"smd_pre","transport error"
0.613982862686121,0.792347919028982,"smd_pre","transport error"
0.619218066797782,0.795731381002176,"smd_pre","transport error"
0.624333737176604,0.7990394215099,"smd_pre","transport error"
0.629552957848769,0.802226449276084,"smd_pre","transport error"
0.63454137932244,0.805414198271784,"smd_pre","transport error"
0.639732096523575,0.808565240900967,"smd_pre","transport error"
0.644768142360635,0.811690017331139,"smd_pre","transport error"
0.649885179252311,0.815002166454386,"smd_pre","transport error"
0.654772893064026,0.818431675456897,"smd_pre","transport error"
0.659842908616917,0.821913959546032,"smd_pre","transport error"
0.664772439160731,0.825615018866344,"smd_pre","transport error"
0.669832102662282,0.828989525288235,"smd_pre","transport error"
0.674991562172633,0.832250611817685,"smd_pre","transport error"
0.679892942273157,0.835595499975433,"smd_pre","transport error"
0.685019449304288,0.838866429635636,"smd_pre","transport error"
0.690155593668011,0.842146687425424,"smd_pre","transport error"
0.695189188305963,0.845630390046539,"smd_pre","transport error"
0.700292704946595,0.848856788056975,"smd_pre","transport error"
0.705503076642612,0.851908973249344,"smd_pre","transport error"
0.710385267047496,0.855139705473158,"smd_pre","transport error"
0.715123927888397,0.858493932991557,"smd_pre","transport error"
0.719825575773518,0.861680596968998,"smd_pre","transport error"
0.723926794934766,0.864367631520459,"smd_pre","transport error"
0.727301480519776,0.866308024082954,"smd_pre","transport error"
0.730453280405326,0.86820696084179,"smd_pre","transport error"
0.733760536840014,0.870073942787249,"smd_pre","transport error"
0.737185596444488,0.871777942000185,"smd_pre","transport error"
0.74034746906867,0.87376665059209,"smd_pre","transport error"
0.743742368044698,0.875509909203573,"smd_pre","transport error"
0.746943149911183,0.877335857730971,"smd_pre","transport error"
0.750295444224101,0.879149185962651,"smd_pre","transport error"
0.753686608523936,0.880872055313242,"smd_pre","transport error"
0.757068039228464,0.88267161816917,"smd_pre","transport error"
0.760368403887056,0.884544319655108,"smd_pre","transport error"
0.763721425681558,0.886483321030815,"smd_pre","transport error"
0.767250020766754,0.888269230821614,"smd_pre","transport error"
0.770724905975541,0.890118737722658,"smd_pre","transport error"
0.774193933043149,0.891904112817237,"smd_pre","transport error"
0.777581852295542,0.893981930121234,"smd_pre","transport error"
0.78104036723492,0.895824725241869,"smd_pre","transport error"
0.784657056627124,0.897484432075489,"smd_pre","transport error"
0.788129899588964,0.899328809310968,"smd_pre","transport error"
0.791718850313344,0.901210393102153,"smd_pre","transport error"
0.79524156153831,0.903012438999431,"smd_pre","transport error"
0.798878345240416,0.904744659430037,"smd_pre","transport error"
0.802424732297458,0.906605275316477,"smd_pre","transport error"
0.80608712772163,0.908418662145001,"smd_pre","transport error"
0.809754555956993,0.910269319009149,"smd_pre","transport error"
0.813453604308977,0.912084544313717,"smd_pre","transport error"
0.817104202232754,0.913890223215451,"smd_pre","transport error"
0.820747113642577,0.915667404517724,"smd_pre","transport error"
0.824443695286666,0.917464142517367,"smd_pre","transport error"
0.828097356290794,0.919131816080514,"smd_pre","transport error"
0.831757325616092,0.920956814850696,"smd_pre","transport error"
0.835402306538921,0.922699690141142,"smd_pre","transport error"
0.83899425014806,0.924520789779526,"smd_pre","transport error"
0.842719983847241,0.926331212584255,"smd_pre","transport error"
0.84637995239903,0.928185019028875,"smd_pre","transport error"
0.85009596526574,0.929974710757778,"smd_pre","transport error"
0.85374191829115,0.931805290877546,"smd_pre","transport error"
0.857616203652463,0.933478589737914,"smd_pre","transport error"
0.861348808011046,0.935325865075736,"smd_pre","transport error"
0.865191612680039,0.937113007841836,"smd_pre","transport error"
0.868869263172578,0.938912648826891,"smd_pre","transport error"
0.872559144328389,0.940828746160397,"smd_pre","transport error"
0.876395283510215,0.942697404463957,"smd_pre","transport error"
0.880229134663837,0.944372810369246,"smd_pre","transport error"
0.884015142590792,0.946245138300288,"smd_pre","transport error"
0.88778924685377,0.948239335463437,"smd_pre","transport error"
0.891445508575555,0.95024516654206,"smd_pre","transport error"
0.895171318658366,0.952233235451726,"smd_pre","transport error"
0.898998811212985,0.954003968659396,"smd_pre","transport error"
0.902808652573688,0.955775458742997,"smd_pre","transport error"
0.906595798133325,0.957508807162888,"smd_pre","transport error"
0.910384332328066,0.95915685566568,"smd_pre","transport error"
0.9143281921562,0.961023282406018,"smd_pre","transport error"
0.918149433242278,0.96284689194264,"smd_pre","transport error"
0.921991188264795,0.964501044283563,"smd_pre","transport error"
0.925737196887325,0.966324500003465,"smd_pre","transport error"
0.929627961582263,0.968117272949856,"smd_pre","transport error"
0.933454304321489,0.970023088978415,"smd_pre","transport error"
0.93732150824324,0.971860078128219,"smd_pre","transport error"
0.941124590522648,0.973792480034138,"smd_pre","transport error"
0.945003183340704,0.975408373517658,"smd_pre","transport error"
0.948877383036319,0.977082148477401,"smd_pre","transport error"
0.952729426450704,0.97897901627926,"smd_pre","transport error"
0.956607817190542,0.980843147976462,"smd_pre","transport error"
0.960474584468644,0.982633503802953,"smd_pre","transport error"
0.964452138374053,0.984365145589702,"smd_pre","transport error"
0.968373448980346,0.986054902839203,"smd_pre","transport error"
0.972334361889547,0.987875216303236,"smd_pre","transport error"
0.976349310320819,0.989497865514801,"smd_pre","transport error"
0.980256585482972,0.991274973571012,"smd_pre","transport error"
0.984266871418633,0.992927912468912,"smd_pre","transport error"
0.988153892928822,0.99476455003764,"smd_pre","transport error"
0.992204635697194,0.996486994561094,"smd_pre","transport error"
0.996141989573593,0.998130135578028,"smd_pre","transport error"
1,1,"smd_pre","transport error"
0,0,"maha","transport error"
3.73775002663683e-06,0,"maha","transport error"
0.00138913953922388,0.00448958289317957,"maha","transport error"
0.00279096900851749,0.0090802356217859,"maha","transport error"
0.00426711499481821,0.0133080041797309,"maha","transport error"
0.00570895273897001,0.0175315275412997,"maha","transport error"
0.00723202901494214,0.0216542871734642,"maha","transport error"
0.00874100087237399,0.0257406231717263,"maha","transport error"
0.0102978254475695,0.0297450538255531,"maha","transport error"
0.0118819667388134,0.0337652538091177,"maha","transport error"
0.0134713684648962,0.0377230337591525,"maha","transport error"
0.015049287918563,0.0416202884922212,"maha","transport error"
0.0167005956741631,0.0454013349523027,"maha","transport error"
0.0183118704549163,0.0493271091098149,"maha","transport error"
0.0198950457101908,0.0531708799232835,"maha","transport error"
0.0215757286811063,0.0570128931147093,"maha","transport error"
0.0233224189205887,0.0608205108966095,"maha","transport error"
0.0248786188950743,0.0648993201326609,"maha","transport error"
0.0265312638891935,0.0688523364907031,"maha","transport error"
0.0282654390069322,0.0725646056899846,"maha","transport error"
0.0298510615358746,0.0764196266211164,"maha","transport error"
0.0314833900179051,0.0802156329486481,"maha","transport error"
0.0330910614455075,0.0841268591509199,"maha","transport error"
0.0347574902365113,0.0878714445664123,"maha","transport error"
0.0363482712444339,0.0919126452312579,"maha","transport error"
0.0380892585824779,0.0956324189635783,"maha","transport error"
0.0397779917416957,0.0993679683952829,"maha","transport error"
0.0414046351403009,0.103218381924662,"maha","transport error"
0.0431187822078686,0.107002281928747,"maha","transport error"
0.044717734266286,0.110929354371302,"maha","transport error"
0.046377375663746,0.114783747435815,"maha","transport error"
0.0480545729571391,0.118465114461954,"maha","transport error"
0.0497352648642896,0.12220204255798,"maha","transport error"
0.0513787132914973,0.126063001823616,"maha","transport error"
0.0530701806607151,0.129811891315623,"maha","transport error"
0.0547250944605991,0.133473544494006,"maha","transport error"
0.0563914431911376,0.137136775499971,"maha","transport error"
0.058177635897377,0.140764677398853,"maha","transport error"
0.0598553491278318,0.144448240489196,"maha","transport error"
0.0615078415174942,0.148311291398228,"maha","transport error"
0.0632008307742785,0.151924593420212,"maha","transport error"
0.064808578584896,0.155817257334596,"maha","transport error"
0.0665112730633194,0.159424073719738,"maha","transport error"
0.0682875359186727,0.163152938768268,"maha","transport error"
0.0699703520473515,0.167000831602241,"maha","transport error"
0.0716207993681439,0.170939733443916,"maha","transport error"
0.0732696799034237,0.174688779413078,"maha","transport error"
0.0749342638023666,0.178554389465763,"maha","transport error"
0.0765941094168733,0.182240704295322,"maha","transport error"
0.0782820814502466,0.186038573382776,"maha","transport error"
0.0799641527013348,0.189806402771191,"maha","transport error"
0.081606545819118,0.193507237966691,"maha","transport error"
0.0833372719366138,0.197027558394134,"maha","transport error"
0.0850276207395814,0.200717902182426,"maha","transport error"
0.0867078281827515,0.204631941344848,"maha","transport error"
0.0884531510708733,0.208137083604951,"maha","transport error"
0.0901075217021557,0.211686925734275,"maha","transport error"
0.0918914199894267,0.21536944781877,"maha","transport error"
0.0936923449771793,0.218867226232132,"maha","transport error"
0.0954123946194489,0.222448023452918,"maha","transport error"
0.097091609138046,0.225995594135563,"maha","transport error"
0.0987643227460551,0.229591127480914,"maha","transport error"
0.100458508558328,0.233099874213984,"maha","transport error"
0.102199487563764,0.236511521987578,"maha","transport error"
0.103887764884579,0.239998320627843,"maha","transport error"
0.105551371134561,0.243607093961699,"maha","transport error"
0.107266475879143,0.247050476893022,"maha","transport error"
0.108933155949181,0.250621137669254,"maha","transport error"
0.110536531620384,0.254256471913032,"maha","transport error"
0.1120979632473,0.258041344864811,"maha","transport error"
0.113684888375229,0.26156769641971,"maha","transport error"
0.115294575848899,0.265163526258468,"maha","transport error"
0.116949538532898,0.26859719046308,"maha","transport error"
0.118517155740916,0.271952296945958,"maha","transport error"
0.119987162580897,0.275352522534371,"maha","transport error"
0.122441907917158,0.279672993222652,"maha","transport error"
0.125104174151547,0.284045964346474,"maha","transport error"
0.127809077342885,0.28865282640899,"maha","transport error"
0.130511111216907,0.293242558660179,"maha","transport error"
0.133261858897634,0.29773504781766,"maha","transport error"
0.136252766968113,0.30229242158831,"maha","transport error"
0.139319888113282,0.306733352845875,"maha","transport error"
0.142132396505286,0.31122724018921,"maha","transport error"
0.145029867475371,0.315778230972866,"maha","transport error"
0.148099266593177,0.320275603200853,"maha","transport error"
0.151113833285243,0.324786392478895,"maha","transport error"
0.15402521574527,0.329287715924759,"maha","transport error"
0.156958738823047,0.334148872836066,"maha","transport error"
0.159907010323328,0.338549679089449,"maha","transport error"
0.162954044506891,0.343047652748947,"maha","transport error"
0.165972137802266,0.347675299601062,"maha","transport error"
0.169044399469217,0.352364560222951,"maha","transport error"
0.172142486539029,0.356876320418173,"maha","transport error"
0.175306091814713,0.36153645596604,"maha","transport error"
0.17827437002544,0.366156022150314,"maha","transport error"
0.181292635038956,0.370973848321659,"maha","transport error"
0.184514915127162,0.375244975685511,"maha","transport error"
0.187525720263732,0.379888874210107,"maha","transport error"
0.190628519526857,0.384595359049353,"maha","transport error"
0.193731595511446,0.389307198989252,"maha","transport error"
0.19684999405273,0.394029312909493,"maha","transport error"
0.199857331759133,0.398841259863951,"maha","transport error"
0.202999964409829,0.403093661466265,"maha","transport error"
0.206087066739772,0.407630663066767,"maha","transport error"
0.209124013256053,0.412264100426653,"maha","transport error"
0.21246456711457,0.41673997168136,"maha","transport error"
0.215468361587303,0.421404354686721,"maha","transport error"
0.218626825374321,0.425908808180779,"maha","transport error"
0.221688545326472,0.430720739672179,"maha","transport error"
0.224939105342724,0.435136764014789,"maha","transport error"
0.2279902760384,0.439732253406098,"maha","transport error"
0.231128139449779,0.44427012744853,"maha","transport error"
0.234239397571739,0.448670431559496,"maha","transport error"
0.237300446121429,0.453435628810792,"maha","transport error"
0.240407863983746,0.457962020312934,"maha","transport error"
0.243433473815319,0.462679895727976,"maha","transport error"
0.246550177993592,0.467029153033738,"maha","transport error"
0.249711771189031,0.471637243188483,"maha","transport error"
0.2528561531216,0.476256601028417,"maha","transport error"
0.256109173077575,0.480625397126955,"maha","transport error"
0.259148443009919,0.485094008069667,"maha","transport error"
0.262399872059197,0.489777343899345,"maha","transport error"
0.265564767928207,0.49422045463404,"maha","transport error"
0.268667275386519,0.498700059809993,"maha","transport error"
0.27170265091386,0.503363921954499,"maha","transport error"
0.274964982324709,0.507714970533291,"maha","transport error"
0.278061417187543,0.512289870457821,"maha","transport error"
0.281200221567925,0.516842835629646,"maha","transport error"
0.284297953792254,0.52131461487127,"maha","transport error"
0.287421200663755,0.525857783789818,"maha","transport error"
0.290623990549573,0.530229871077877,"maha","transport error"
0.293693283503797,0.534916309285014,"maha","transport error"
0.29657079282011,0.539583972899908,"maha","transport error"
0.299749321910588,0.543951982824097,"maha","transport error"
0.302856250144151,0.548368929253185,"maha","transport error"
0.305881477477431,0.552803962575422,"maha","transport error"
0.308833174251848,0.557251389130598,"maha","transport error"
0.311998864123881,0.561530707845221,"maha","transport error"
0.315102195751914,0.565803271645648,"maha","transport error"
0.318328684288206,0.570046649333671,"maha","transport error"
0.321471321386552,0.574283286756709,"maha","transport error"
0.324631841730358,0.578525880711917,"maha","transport error"
0.327751569346845,0.582776036915646,"maha","transport error"
0.330897423646444,0.586845507303047,"maha","transport error"
0.333988712186201,0.59088596492705,"maha","transport error"
0.336835286131318,0.595080611199134,"maha","transport error"
0.339815401677951,0.599352767263173,"maha","transport error"
0.342662327761284,0.603616919974657,"maha","transport error"
0.345475141107686,0.607612516829939,"maha","transport error"
0.34823562625124,0.611669477604556,"maha","transport error"
0.352061571524859,0.615304698973574,"maha","transport error"
0.356369125115966,0.618976775805531,"maha","transport error"
0.360878720222072,0.622685276436991,"maha","transport error"
0.36534818332895,0.626282721395977,"maha","transport error"
0.37018142663799,0.629478605587142,"maha","transport error"
0.374829726453745,0.633040785499255,"maha","transport error"
0.379534075380151,0.636524457357031,"maha","transport error"
0.384233877991422,0.639941465047978,"maha","transport error"
0.389102995308596,0.643153684574899,"maha","transport error"
0.393740578674741,0.646747790001966,"maha","transport error"
0.398520234591915,0.650271744749864,"maha","transport error"
0.40345894737658,0.65380564289423,"maha","transport error"
0.408292763814252,0.657477965832937,"maha","transport error"
0.413171578836093,0.660992749686122,"maha","transport error"
0.418128979079511,0.664703379824626,"maha","transport error"
0.423105117949047,0.667919808232781,"maha","transport error"
0.428121592133639,0.671213714692933,"maha","transport error"
0.433031205848314,0.674646049365576,"maha","transport error"
0.437956750481475,0.678107086238334,"maha","transport error"
0.442944557676048,0.681724534207328,"maha","transport error"
0.447874872786133,0.685002081404678,"maha","transport error"
0.45306203859313,0.688139067464341,"maha","transport error"
0.458190419865901,0.691317857490588,"maha","transport error"
0.463100358452734,0.694928277744513,"maha","transport error"
0.468156268597955,0.698356449111243,"maha","transport error"
0.473184715675232,0.701822736261408,"maha","transport error"
0.478070955379535,0.705227566225591,"maha","transport error"
0.483172446712996,0.708581413352791,"maha","transport error"
0.488283077241736,0.711877380957001,"maha","transport error"
0.49335382592281,0.715168409335398,"maha","transport error"
0.498512721896001,0.718426052649064,"maha","transport error"
0.503491111588145,0.722047315272734,"maha","transport error"
0.508472558868757,0.725474738064756,"maha","transport error"
0.513665669024079,0.728686021018751,"maha","transport error"
0.518582006780259,0.732045778126184,"maha","transport error"
0.523514301986152,0.735545347796596,"maha","transport error"
0.528505642165452,0.738766292719428,"maha","transport error"
0.533729489287899,0.741927391544006,"maha","transport error"
0.538797820920111,0.745271226911755,"maha","transport error"
0.54399370033986,0.748485104241107,"maha","transport error"
0.549094419560488,0.751870960058231,"maha","transport error"
0.554280414744805,0.755052235079056,"maha","transport error"
0.559426533766717,0.758268330787338,"maha","transport error"
0.564610253763016,0.761588286963704,"maha","transport error"
0.569808807151358,0.764718118836768,"maha","transport error"
0.57487584822892,0.768112976919905,"maha","transport error"
0.579904856522852,0.771345137930147,"maha","transport error"
0.58483754211679,0.774855990911571,"maha","transport error"
0.589972407296396,0.778134662680057,"maha","transport error"
0.595011757354049,0.781466978884485,"maha","transport error"
0.600215799186787,0.78442885657095,"maha","transport error"
0.60537539282294,0.787579258866821,"maha","transport error"
0.610406373090875,0.791147404588934,"maha","transport error"
0.615485198364543,0.794505062952664,"maha","transport error"
0.620606212078202,0.797870063501204,"maha","transport error"
0.625559817273342,0.801286661014225,"maha","transport error"
0.630836411451662,0.804461328752352,"maha","transport error"
0.635978333125273,0.807762724377736,"maha","transport error"
0.641031703040928,0.811144389543755,"maha","transport error"
0.646074335931736,0.814434925708645,"maha","transport error"
0.651239559873116,0.81750734634518,"maha","transport error"
0.65612028839196,0.820706734139427,"maha","transport error"
0.661315058102549,0.823906422730819,"maha","transport error"
0.66626292388955,0.827066375335983,"maha","transport error"
0.671323069284804,0.830140241849696,"maha","transport error"
0.676048939367355,0.833409065929897,"maha","transport error"
0.681098099481289,0.836783915306108,"maha","transport error"
0.68605417153902,0.840224631280967,"maha","transport error"
0.691105571917216,0.84320000723923,"maha","transport error"
0.696194782425586,0.846241004828767,"maha","transport error"
0.701144502420436,0.849405356592151,"maha","transport error"
0.705892755653278,0.85258917813425,"maha","transport error"
0.710602984920447,0.85572794504973,"maha","transport error"
0.715163637476472,0.858996437569451,"maha","transport error"
0.719823071473278,0.861745778147316,"maha","transport error"
0.723898802093155,0.864429697788105,"maha","transport error"
0.727215735386548,0.866250175811619,"maha","transport error"
0.730543893670506,0.867952505014442,"maha","transport error"
0.733801436543099,0.869882898025159,"maha","transport error"
0.737085658536174,0.871783066782684,"maha","transport error"
0.740319928224789,0.873685735672306,"maha","transport error"
0.743551429654535,0.875412755632826,"maha","transport error"
0.746902934218706,0.87709829635095,"maha","transport error"
0.750218393443353,0.87896151979704,"maha","transport error"
0.753626847323454,0.880771102713643,"maha","transport error"
0.756963169915486,0.882634831557531,"maha","transport error"
0.760249302466257,0.884575317386671,"maha","transport error"
0.763638917628672,0.886308966115402,"maha","transport error"
0.766978565132546,0.888168117080692,"maha","transport error"
0.770384592720399,0.890007533116539,"maha","transport error"
0.773938657589462,0.89190262836381,"maha","transport error"
0.777385953416917,0.893876897716232,"maha","transport error"
0.780818654556012,0.895754575051014,"maha","transport error"
0.784420394414377,0.897570562114583,"maha","transport error"
0.787909161333156,0.899468592087225,"maha","transport error"
0.791553863407382,0.901222278495768,"maha","transport error"
0.795058924792065,0.903093546800511,"maha","transport error"
0.798531823252898,0.90507398835405,"maha","transport error"
0.802041428593525,0.907044436703803,"maha","transport error"
0.80562316077456,0.908721800720365,"maha","transport error"
0.809179996725784,0.910641040309741,"maha","transport error"
0.812877991950516,0.91249032258954,"maha","transport error"
0.816533844488084,0.914235666272125,"maha","transport error"
0.82011146587605,0.916111558844635,"maha","transport error"
0.823701870790091,0.918006593053524,"maha","transport error"
0.827340689777596,0.919950191840109,"maha","transport error"
0.831018242228361,0.921784500184208,"maha","transport error"
0.834804837052341,0.923470753830625,"maha","transport error"
0.838585670423287,0.925220018618824,"maha","transport error"
0.842283142565167,0.926988510497134,"maha","transport error"
0.84591450612338,0.928794951157866,"maha","transport error"
0.849694338385296,0.930499574915517,"maha","transport error"
0.85341976732345,0.932206679272986,"maha","transport error"
0.857341897265068,0.933949100437874,"maha","transport error"
0.861174289781375,0.93586884298351,"maha","transport error"
0.864942905638632,0.937524357701102,"maha","transport error"
0.868698167316399,0.939458783639745,"maha","transport error"
0.872535755466731,0.941132238758369,"maha","transport error"
0.876369870772359,0.942782230723221,"maha","transport error"
0.880086072761074,0.944411220601835,"maha","transport error"
0.88393617931859,0.946215673852872,"maha","transport error"
0.887527430834003,0.948308865504348,"maha","transport error"
0.891307342766947,0.950142426738658,"maha","transport error"
0.894949190800574,0.952049360990361,"maha","transport error"
0.89884970262716,0.953859090399077,"maha","transport error"
0.902665562631355,0.955498869421971,"maha","transport error"
0.906548178643022,0.957183182047863,"maha","transport error"
0.910353142860438,0.959021653209564,"maha","transport error"
0.914187540882194,0.96076250202575,"maha","transport error"
0.917991789800731,0.96272889254391,"maha","transport error"
0.921760313804252,0.964632357374021,"maha","transport error"
0.925641947271014,0.966301102771145,"maha","transport error"
0.9296223047458,0.968056337113036,"maha","transport error"
0.933423501606431,0.969745110423831,"maha","transport error"
0.937299020708438,0.971450408045214,"maha","transport error"
0.941221826500168,0.973226690862511,"maha","transport error"
0.945084586248137,0.975168551275996,"maha","transport error"
0.948908062957443,0.977046592399528,"maha","transport error"
0.952917046117074,0.978730851311641,"maha","transport error"
0.956810809884816,0.980641877576427,"maha","transport error"
0.960618327055946,0.982601744312394,"maha","transport error"
0.964446403413569,0.984430036713631,"maha","transport error"
0.968318010319956,0.986310895368842,"maha","transport error"
0.972436945301473,0.987911016534636,"maha","transport error"
0.976386127038346,0.989629903741229,"maha","transport error"
0.980285858398242,0.991472603641986,"maha","transport error"
0.984260184466698,0.993078079094587,"maha","transport error"
0.988281625119982,0.994624713547616,"maha","transport error"
0.992080182200946,0.996418236045327,"maha","transport error"
0.99612691009089,0.998160278772249,"maha","transport error"
1,1,"maha","transport error"
0,0,"smd_unmatched","transport error"
0,1.46036785009345e-06,"smd_unmatched","transport error"
0.00070586421810451,0.00391651519515664,"smd_unmatched","transport error"
0.0015501126705242,0.00783712073795407,"smd_unmatched","transport error"
0.00236027072406898,0.0121672877819116,"smd_unmatched","transport error"
0.00336672628201614,0.0161095649606988,"smd_unmatched","transport error"
0.00438447464305272,0.0201013035905823,"smd_unmatched","transport error"
0.00543378824098485,0.0244280539386099,"smd_unmatched","transport error"
0.006482822002044,0.0287266813098162,"smd_unmatched","transport error"
0.00760197657795196,0.0328394304440396,"smd_unmatched","transport error"
0.00867298886546401,0.0370217770551922,"smd_unmatched","transport error"
0.00970028063706399,0.0412487827834387,"smd_unmatched","transport error"
0.0108118059762229,0.0454496594817057,"smd_unmatched","transport error"
0.0118780186579482,0.0498109077969496,"smd_unmatched","transport error"
0.0129537633045825,0.0542536396057291,"smd_unmatched","transport error"
0.0141113409251848,0.0584604816927818,"smd_unmatched","transport error"
0.0151964224282106,0.0627934387744448,"smd_unmatched","transport error"
0.0162926077403823,0.0670690652539714,"smd_unmatched","transport error"
0.0174104840495488,0.0714044819331293,"smd_unmatched","transport error"
0.0184993067963456,0.0757523229400265,"smd_unmatched","transport error"
0.0196312226229939,0.0799767191990666,"smd_unmatched","transport error"
0.0207208594408918,0.0845620225049778,"smd_unmatched","transport error"
0.0217881005158194,0.0889582472801371,"smd_unmatched","transport error"
0.0228710273583256,0.0934578299211184,"smd_unmatched","transport error"
0.0240503641413773,0.097502281000494,"smd_unmatched","transport error"
0.0251618567155436,0.101818313553849,"smd_unmatched","transport error"
0.026298273141429,0.106079802868615,"smd_unmatched","transport error"
0.02742615500885,0.11026732350621,"smd_unmatched","transport error"
0.0285438703159393,0.114447331569625,"smd_unmatched","transport error"
0.0296238146681606,0.118696211215837,"smd_unmatched","transport error"
0.0307325613808045,0.122820708842567,"smd_unmatched","transport error"
0.0318006150793517,0.126932851110301,"smd_unmatched","transport error"
0.032928872033211,0.13103009518966,"smd_unmatched","transport error"
0.0340210725915642,0.135270688036386,"smd_unmatched","transport error"
0.0351373471126815,0.139477218405007,"smd_unmatched","transport error"
0.0362999651891499,0.143912327075057,"smd_unmatched","transport error"
0.0375079444399147,0.148332451995225,"smd_unmatched","transport error"
0.0389381606627148,0.152816519227202,"smd_unmatched","transport error"
0.040297366476345,0.157986928315005,"smd_unmatched","transport error"
0.0418789203447833,0.163218117043998,"smd_unmatched","transport error"
0.0433958221487763,0.168742255954572,"smd_unmatched","transport error"
0.0450106564655309,0.174257733158122,"smd_unmatched","transport error"
0.0467822705099514,0.179658130237805,"smd_unmatched","transport error"
0.0486034933505657,0.185231328617083,"smd_unmatched","transport error"
0.0503545825843441,0.191099609781906,"smd_unmatched","transport error"
0.0521828048373646,0.196905307619558,"smd_unmatched","transport error"
0.0540122895265677,0.202958006883212,"smd_unmatched","transport error"
0.0557827092364723,0.208970412417285,"smd_unmatched","transport error"
0.0576203674911669,0.215055943593187,"smd_unmatched","transport error"
0.0595369553419946,0.22114815330971,"smd_unmatched","transport error"
0.0614456885091289,0.227221042085864,"smd_unmatched","transport error"
0.0635177970636814,0.233334456425735,"smd_unmatched","transport error"
0.0654411016456335,0.239795493770592,"smd_unmatched","transport error"
0.0675191665470915,0.245997268742453,"smd_unmatched","transport error"
0.0695446398117804,0.252024650868442,"smd_unmatched","transport error"
0.0716176604954434,0.257962101607977,"smd_unmatched","transport error"
0.0734856812731493,0.264513221156741,"smd_unmatched","transport error"
0.0754240209718459,0.270789072252273,"smd_unmatched","transport error"
0.0775438694412819,0.276709541247078,"smd_unmatched","transport error"
0.0795895017888353,0.28275079149017,"smd_unmatched","transport error"
0.0815960580494815,0.289038474258742,"smd_unmatched","transport error"
0.0835336150658887,0.295091776736604,"smd_unmatched","transport error"
0.0855787527233924,0.300897592564346,"smd_unmatched","transport error"
0.0876048869210062,0.306752047929494,"smd_unmatched","transport error"
0.0896938678180745,0.312513792647139,"smd_unmatched","transport error"
0.0918163185874841,0.317984389970351,"smd_unmatched","transport error"
0.0938421802024731,0.323317728721933,"smd_unmatched","transport error"
0.0958770417004145,0.328687647557399,"smd_unmatched","transport error"
0.0978974001573284,0.333701666396097,"smd_unmatched","transport error"
0.0998319281009761,0.338663194983581,"smd_unmatched","transport error"
0.101894115219101,0.343172880568442,"smd_unmatched","transport error"
0.103883806377609,0.347886690955227,"smd_unmatched","transport error"
0.105747704302298,0.352419067753309,"smd_unmatched","transport error"
0.107702345787411,0.356272309210277,"smd_unmatched","transport error"
0.109509962346922,0.360115379991055,"smd_unmatched","transport error"
0.111192282707621,0.363828937312424,"smd_unmatched","transport error"
0.112942586966491,0.367357339529397,"smd_unmatched","transport error"
0.115186616995701,0.370977336487912,"smd_unmatched","transport error"
0.117829321062156,0.37436397579466,"smd_unmatched","transport error"
0.120698512742359,0.377817139295929,"smd_unmatched","transport error"
0.12376493858449,0.381020618017265,"smd_unmatched","transport error"
0.126866785901107,0.384526608791317,"smd_unmatched","transport error"
0.130050794336229,0.387883771881841,"smd_unmatched","transport error"
0.133495264196046,0.39116658862853,"smd_unmatched","transport error"
0.136818944123362,0.394659517272788,"smd_unmatched","transport error"
0.140343100305929,0.397993205400354,"smd_unmatched","transport error"
0.143859883933838,0.401491426664184,"smd_unmatched","transport error"
0.147511346269425,0.404905370013967,"smd_unmatched","transport error"
0.151028811429345,0.408520678433233,"smd_unmatched","transport error"
0.154760265000267,0.411862944262995,"smd_unmatched","transport error"
0.158299102219034,0.415670343505423,"smd_unmatched","transport error"
0.161905652298512,0.419122195628957,"smd_unmatched","transport error"
0.165565431678365,0.42270688806709,"smd_unmatched","transport error"
0.169288752509027,0.426191182513782,"smd_unmatched","transport error"
0.172940029559192,0.429803725795121,"smd_unmatched","transport error"
0.176847718939121,0.433143473651396,"smd_unmatched","transport error"
0.180650489889893,0.436619004051912,"smd_unmatched","transport error"
0.184415970736632,0.439871890624223,"smd_unmatched","transport error"
0.188222707714595,0.443220855376071,"smd_unmatched","transport error"
0.191891431956243,0.446724677321007,"smd_unmatched","transport error"
0.195592197886555,0.45017938158357,"smd_unmatched","transport error"
0.199225759549607,0.453763746053217,"smd_unmatched","transport error"
0.203010571076527,0.457306475828181,"smd_unmatched","transport error"
0.206642309580182,0.460939067953738,"smd_unmatched","transport error"
0.210308326538978,0.464387229583094,"smd_unmatched","transport error"
0.214150303607871,0.467479560395068,"smd_unmatched","transport error"
0.217669941586599,0.471077351920923,"smd_unmatched","transport error"
0.221185290755684,0.474664813193245,"smd_unmatched","transport error"
0.22487618552407,0.477890177241165,"smd_unmatched","transport error"
0.228193718841496,0.481519497487236,"smd_unmatched","transport error"
0.231710024090383,0.484832037739844,"smd_unmatched","transport error"
0.235325317883056,0.487991840477788,"smd_unmatched","transport error"
0.238734930466203,0.49132996210705,"smd_unmatched","transport error"
0.242123186581376,0.494672621071163,"smd_unmatched","transport error"
0.245415040109408,0.497953435587581,"smd_unmatched","transport error"
0.248703902189523,0.501110740933215,"smd_unmatched","transport error"
0.251974679980016,0.504064248426931,"smd_unmatched","transport error"
0.255157829551911,0.50737898683084,"smd_unmatched","transport error"
0.25831693067801,0.510668858654849,"smd_unmatched","transport error"
0.261456737989951,0.51370821840072,"smd_unmatched","transport error"
0.264509094428362,0.516936241250649,"smd_unmatched","transport error"
0.267574129694958,0.520020625150625,"smd_unmatched","transport error"
0.270398908131861,0.523246042127733,"smd_unmatched","transport error"
0.273190231416602,0.526322745935693,"smd_unmatched","transport error"
0.275978895313825,0.529430326306828,"smd_unmatched","transport error"
0.278857376129653,0.53248178564691,"smd_unmatched","transport error"
0.281709864445541,0.535475096740297,"smd_unmatched","transport error"
0.284415213561608,0.538531981080245,"smd_unmatched","transport error"
0.287113324408769,0.541555528209692,"smd_unmatched","transport error"
0.289955980961901,0.544637728077605,"smd_unmatched","transport error"
0.29264657570097,0.547801170015184,"smd_unmatched","transport error"
0.295469254220587,0.550877626267614,"smd_unmatched","transport error"
0.298342813297738,0.553711455821299,"smd_unmatched","transport error"
0.301242925199631,0.55653500724247,"smd_unmatched","transport error"
0.304143600271336,0.559386812672201,"smd_unmatched","transport error"
0.307117583919054,0.562158370777401,"smd_unmatched","transport error"
0.310249480722227,0.564824456561006,"smd_unmatched","transport error"
0.313166062016565,0.567869293137543,"smd_unmatched","transport error"
0.316256412650828,0.570606308559996,"smd_unmatched","transport error"
0.319219339450481,0.573599439977115,"smd_unmatched","transport error"
0.322314175823364,0.576321641944571,"smd_unmatched","transport error"
0.32537696443078,0.57922208461941,"smd_unmatched","transport error"
0.328539188304452,0.582025658111603,"smd_unmatched","transport error"
0.331633679768765,0.584900163071321,"smd_unmatched","transport error"
0.334927231855892,0.58769708497254,"smd_unmatched","transport error"
0.338312180412702,0.590433279782558,"smd_unmatched","transport error"
0.341580920284544,0.593486577753884,"smd_unmatched","transport error"
0.344669941565451,0.596370765208458,"smd_unmatched","transport error"
0.347860619497724,0.59946809391972,"smd_unmatched","transport error"
0.351273631940764,0.602225806620817,"smd_unmatched","transport error"
0.354584416919424,0.605077722867939,"smd_unmatched","transport error"
0.358047237853729,0.607735974461777,"smd_unmatched","transport error"
0.361495425701717,0.61030100500238,"smd_unmatched","transport error"
0.364969988915981,0.613160336574435,"smd_unmatched","transport error"
0.368362727545056,0.61602674770701,"smd_unmatched","transport error"
0.371772108584006,0.618669841572201,"smd_unmatched","transport error"
0.375406722343248,0.621259785187746,"smd_unmatched","transport error"
0.378912415897464,0.624022654815466,"smd_unmatched","transport error"
0.382407658427198,0.626873892259452,"smd_unmatched","transport error"
0.385886139993268,0.629752276572963,"smd_unmatched","transport error"
0.389638396522661,0.632185843612063,"smd_unmatched","transport error"
0.393305805387418,0.634644536026704,"smd_unmatched","transport error"
0.396969439425936,0.637266590754995,"smd_unmatched","transport error"
0.40057487112184,0.639915315804197,"smd_unmatched","transport error"
0.404179506992764,0.642705205468097,"smd_unmatched","transport error"
0.407801327261866,0.645349838447797,"smd_unmatched","transport error"
0.411450700615842,0.648065719072515,"smd_unmatched","transport error"
0.415363345531504,0.650620083022243,"smd_unmatched","transport error"
0.418993832997385,0.653388298824182,"smd_unmatched","transport error"
0.422739859715839,0.655979588694693,"smd_unmatched","transport error"
0.426567442776346,0.658650336226083,"smd_unmatched","transport error"
0.430305463845718,0.661277872891519,"smd_unmatched","transport error"
0.434153048642514,0.663998187363637,"smd_unmatched","transport error"
0.437940991880348,0.66669179165627,"smd_unmatched","transport error"
0.441779063372354,0.669219672013769,"smd_unmatched","transport error"
0.445735943506856,0.67200744091402,"smd_unmatched","transport error"
0.449562963181115,0.674758961176637,"smd_unmatched","transport error"
0.453403308422348,0.677524522897023,"smd_unmatched","transport error"
0.457390563716894,0.680090154407154,"smd_unmatched","transport error"
0.461318283597271,0.682681537885762,"smd_unmatched","transport error"
0.465181307583239,0.6852513399456,"smd_unmatched","transport error"
0.469176172648329,0.687740569688469,"smd_unmatched","transport error"
0.473270465052455,0.690323655221096,"smd_unmatched","transport error"
0.477190563009576,0.693082491061664,"smd_unmatched","transport error"
0.481289942675033,0.695769356011748,"smd_unmatched","transport error"
0.48530402245757,0.698368413395786,"smd_unmatched","transport error"
0.48934580632219,0.701071971904269,"smd_unmatched","transport error"
0.493472337104992,0.703465764779102,"smd_unmatched","transport error"
0.497474806764377,0.706226243295834,"smd_unmatched","transport error"
0.501552486008563,0.708938225622398,"smd_unmatched","transport error"
0.505485289899299,0.71163990210485,"smd_unmatched","transport error"
0.509550155245074,0.714341969807559,"smd_unmatched","transport error"
0.513767806995645,0.716967865935648,"smd_unmatched","transport error"
0.517933216300285,0.719440512071268,"smd_unmatched","transport error"
0.52218021649271,0.722143572982426,"smd_unmatched","transport error"
0.526586323110655,0.724539425795973,"smd_unmatched","transport error"
0.53071620146755,0.727195162677062,"smd_unmatched","transport error"
0.534896974661793,0.729700675364738,"smd_unmatched","transport error"
0.539226549713873,0.73211861543786,"smd_unmatched","transport error"
0.543611294808355,0.73468599425888,"smd_unmatched","transport error"
0.547804243609207,0.737327201103586,"smd_unmatched","transport error"
0.551997012400494,0.739899618048798,"smd_unmatched","transport error"
0.556261133754,0.742615457494704,"smd_unmatched","transport error"
0.560376427766546,0.745153508800023,"smd_unmatched","transport error"
0.564814518711721,0.747673922522899,"smd_unmatched","transport error"
0.569017483063014,0.750465513847765,"smd_unmatched","transport error"
0.573186396913343,0.753131005475034,"smd_unmatched","transport error"
0.57750919980555,0.755694586430741,"smd_unmatched","transport error"
0.581697741070965,0.758438671705547,"smd_unmatched","transport error"
0.58596087109229,0.761087512992665,"smd_unmatched","transport error"
0.590383820050389,0.763715919464328,"smd_unmatched","transport error"
0.594608722683306,0.766317591220747,"smd_unmatched","transport error"
0.598952013964198,0.768888847005124,"smd_unmatched","transport error"
0.60315967239702,0.771445289240897,"smd_unmatched","transport error"
0.607538035025861,0.773934707039239,"smd_unmatched","transport error"
0.611798519027046,0.776736733407947,"smd_unmatched","transport error"
0.616089511337338,0.779544515153362,"smd_unmatched","transport error"
0.620437143038042,0.782274419646911,"smd_unmatched","transport error"
0.624821850855506,0.784771763804735,"smd_unmatched","transport error"
0.629176365088125,0.787198658767668,"smd_unmatched","transport error"
0.633469316608761,0.78986585699083,"smd_unmatched","transport error"
0.637908073463268,0.792336612158054,"smd_unmatched","transport error"
0.642189210930745,0.794901748525667,"smd_unmatched","transport error"
0.646639721321693,0.797805371536508,"smd_unmatched","transport error"
0.650903188172363,0.800510778994714,"smd_unmatched","transport error"
0.655268961802359,0.803001683753457,"smd_unmatched","transport error"
0.659560668246988,0.805775605401764,"smd_unmatched","transport error"
0.663961874671117,0.808328694088966,"smd_unmatched","transport error"
0.668452080107922,0.811162123432216,"smd_unmatched","transport error"
0.673024603321056,0.813819868739358,"smd_unmatched","transport error"
0.677392970060816,0.816526157130656,"smd_unmatched","transport error"
0.681787623861441,0.819137976709133,"smd_unmatched","transport error"
0.686349272062246,0.821473929403113,"smd_unmatched","transport error"
0.690809090595393,0.823955143595948,"smd_unmatched","transport error"
0.695220137203912,0.82681705739298,"smd_unmatched","transport error"
0.69977684197768,0.829349482944509,"smd_unmatched","transport error"
0.704473718036101,0.832015325891899,"smd_unmatched","transport error"
0.70894538147665,0.834639946434301,"smd_unmatched","transport error"
0.713576419467554,0.837120314089733,"smd_unmatched","transport error"
0.718229356948713,0.839965263653427,"smd_unmatched","transport error"
0.722843841546844,0.84277867127844,"smd_unmatched","transport error"
0.727338581265936,0.84543426780351,"smd_unmatched","transport error"
0.731852321429215,0.848048872581304,"smd_unmatched","transport error"
0.736453380107994,0.850660986981027,"smd_unmatched","transport error"
0.741151378467483,0.853198827231589,"smd_unmatched","transport error"
0.745733021773927,0.855540768553908,"smd_unmatched","transport error"
0.750402569172859,0.858176838775488,"smd_unmatched","transport error"
0.754892535403696,0.860811519489935,"smd_unmatched","transport error"
0.759275047814337,0.863503650471233,"smd_unmatched","transport error"
0.763809788573179,0.866114043399727,"smd_unmatched","transport error"
0.768275103909041,0.868708106198135,"smd_unmatched","transport error"
0.772811892227619,0.871302063844842,"smd_unmatched","transport error"
0.77746984124339,0.873893166611477,"smd_unmatched","transport error"
0.782141474172415,0.876405027960194,"smd_unmatched","transport error"
0.786798161195811,0.878727445509497,"smd_unmatched","transport error"
0.791370000824082,0.881396026684611,"smd_unmatched","transport error"
0.795922955487503,0.884320496449758,"smd_unmatched","transport error"
0.800550075898575,0.887019308829375,"smd_unmatched","transport error"
0.805169517330652,0.889415360285245,"smd_unmatched","transport error"
0.809667900634671,0.892231976264725,"smd_unmatched","transport error"
0.814238097506449,0.894864192018981,"smd_unmatched","transport error"
0.81886326855189,0.897244077800482,"smd_unmatched","transport error"
0.823434823182317,0.899796228931565,"smd_unmatched","transport error"
0.827883224312197,0.902565268547163,"smd_unmatched","transport error"
0.832231176226694,0.905299464526723,"smd_unmatched","transport error"
0.836838241375015,0.907738107118176,"smd_unmatched","transport error"
0.841528676303917,0.910269253871332,"smd_unmatched","transport error"
0.846186797570409,0.912897489552394,"smd_unmatched","transport error"
0.850724346932852,0.915598746290667,"smd_unmatched","transport error"
0.855041115482789,0.918645367102207,"smd_unmatched","transport error"
0.859631315370697,0.921413331670608,"smd_unmatched","transport error"
0.864206597682237,0.924110831612628,"smd_unmatched","transport error"
0.868824429422704,0.926769341958109,"smd_unmatched","transport error"
0.873580117840568,0.929260142853019,"smd_unmatched","transport error"
0.878197494351071,0.931780778256234,"smd_unmatched","transport error"
0.883039518645264,0.934274581239078,"smd_unmatched","transport error"
0.887836639015007,0.936817173130018,"smd_unmatched","transport error"
0.892507036407663,0.939568316193233,"smd_unmatched","transport error"
0.896929138180681,0.942343936809992,"smd_unmatched","transport error"
0.901721050216333,0.944836167978266,"smd_unmatched","transport error"
0.906406427291444,0.947564598170585,"smd_unmatched","transport error"
0.911051940221039,0.950358439289795,"smd_unmatched","transport error"
0.915524608608276,0.953074349976422,"smd_unmatched","transport error"
0.920165243720491,0.955821779016187,"smd_unmatched","transport error"
0.924791575455811,0.958545329582143,"smd_unmatched","transport error"
0.929490636300861,0.961000936570634,"smd_unmatched","transport error"
0.934066859149465,0.963613876514406,"smd_unmatched","transport error"
0.93883170408546,0.966372909727929,"smd_unmatched","transport error"
0.943594418698484,0.969008219990824,"smd_unmatched","transport error"
0.948286007715614,0.971594816938686,"smd_unmatched","transport error"
0.952797951373945,0.974313608607026,"smd_unmatched","transport error"
0.9576961666861,0.97682161224555,"smd_unmatched","transport error"
0.962565943806424,0.97931582141251,"smd_unmatched","transport error"
0.967251439891224,0.982068777891448,"smd_unmatched","transport error"
0.971845313447752,0.984757847856657,"smd_unmatched","transport error"
0.976566221945827,0.987222982308606,"smd_unmatched","transport error"
0.981358637665999,0.989643637303591,"smd_unmatched","transport error"
0.986089389205983,0.992179503487767,"smd_unmatched","transport error"
0.990647724405408,0.99490864371209,"smd_unmatched","transport error"
0.995345093126679,0.997480611580614,"smd_unmatched","transport error"
1,1,"smd_unmatched","transport error"
0,0,"bias_hat","transport error"
0,1.46036785009348e-06,"bias_hat","transport error"
2.92650124342763e-05,0.00535121944320285,"bias_hat","transport error"
6.18709910833237e-05,0.0109861362141988,"bias_hat","transport error"
9.73403850980128e-05,0.0168203292063268,"bias_hat","transport error"
0.00013659600048675,0.0228167509992157,"bias_hat","transport error"
0.000182555729627962,0.0289223054945123,"bias_hat","transport error"
0.000250317455457247,0.034882939818759,"bias_hat","transport error"
0.000308948035481956,0.0411404683668853,"bias_hat","transport error"
0.00037526340235675,0.0473420289536534,"bias_hat","transport error"
0.000447342406801863,0.0535871557600318,"bias_hat","transport error"
0.000538413623803065,0.0595665431597867,"bias_hat","transport error"
0.000653523733842638,0.0658009534697802,"bias_hat","transport error"
0.000781958638918446,0.0721837388140112,"bias_hat","transport error"
0.000907728010081044,0.0787859008159071,"bias_hat","transport error"
0.00105526293184925,0.0853477401909931,"bias_hat","transport error"
0.00122494973724183,0.0922105289073322,"bias_hat","transport error"
0.00138393365085969,0.0993758142990495,"bias_hat","transport error"
0.00157213480759683,0.106441659596869,"bias_hat","transport error"
0.00175686148173215,0.113940537176855,"bias_hat","transport error"
0.0019765102629946,0.121660985142031,"bias_hat","transport error"
0.00224204367928613,0.129058069074265,"bias_hat","transport error"
0.00254305580619805,0.136581760581149,"bias_hat","transport error"
0.00284674707846768,0.144539914710891,"bias_hat","transport error"
0.00317863513967311,0.152283345812275,"bias_hat","transport error"
0.0034839545096996,0.160141644918719,"bias_hat","transport error"
0.00379854941586162,0.167983018390475,"bias_hat","transport error"
0.00415169530173696,0.175735755576244,"bias_hat","transport error"
0.00453171402128714,0.183467899600975,"bias_hat","transport error"
0.00499579032473057,0.191106367750915,"bias_hat","transport error"
0.00548950788805536,0.19835219010981,"bias_hat","transport error"
0.00601018815035985,0.205809837572478,"bias_hat","transport error"
0.00656682870816958,0.212984431390944,"bias_hat","transport error"
0.00719380752184634,0.219862024041843,"bias_hat","transport error"
0.00786541484474446,0.226833106442532,"bias_hat","transport error"
0.00861673148372214,0.233168085630346,"bias_hat","transport error"
0.00935837542517922,0.239622650304611,"bias_hat","transport error"
0.0103635696409226,0.245337379122977,"bias_hat","transport error"
0.0114906664845227,0.250786168551332,"bias_hat","transport error"
0.0127174088674649,0.255909609694552,"bias_hat","transport error"
0.0140147821911892,0.260966350287004,"bias_hat","transport error"
0.0154539531120274,0.265630060322279,"bias_hat","transport error"
0.0170626170706381,0.269646778075806,"bias_hat","transport error"
0.01871972212705,0.273698072254508,"bias_hat","transport error"
0.0205794599595275,0.277453834190756,"bias_hat","transport error"
0.022502543137922,0.281054837125978,"bias_hat","transport error"
0.0245440015263215,0.284727373480997,"bias_hat","transport error"
0.02656223996571,0.288263609428906,"bias_hat","transport error"
0.0287652208930233,0.291606913712469,"bias_hat","transport error"
0.0308359084341741,0.29513346542549,"bias_hat","transport error"
0.0330699384282933,0.298516343875051,"bias_hat","transport error"
0.0352135630123208,0.302129452624149,"bias_hat","transport error"
0.0374109728361158,0.305716880237476,"bias_hat","transport error"
0.039765398903918,0.309151566760177,"bias_hat","transport error"
0.0420049950070615,0.31275216286555,"bias_hat","transport error"
0.0442913430100229,0.316271392362761,"bias_hat","transport error"
0.0465939362224537,0.319718753598855,"bias_hat","transport error"
0.0488832370918535,0.323102207270486,"bias_hat","transport error"
0.0512931142857102,0.326347972087127,"bias_hat","transport error"
0.0536053402404099,0.329851519650686,"bias_hat","transport error"
0.0560488145198578,0.33318280150555,"bias_hat","transport error"
0.058464374383507,0.336509947656529,"bias_hat","transport error"
0.0607908223235876,0.339966588215879,"bias_hat","transport error"
0.0632379974387527,0.343372175772176,"bias_hat","transport error"
0.0656033911017249,0.346626727231734,"bias_hat","transport error"
0.0680665710326438,0.349900019632457,"bias_hat","transport error"
0.0705034083242644,0.353198886341698,"bias_hat","transport error"
0.073010755239371,0.356435877858858,"bias_hat","transport error"
0.0753584596312486,0.359926591762882,"bias_hat","transport error"
0.077808176421055,0.36319819873505,"bias_hat","transport error"
0.0802717150247462,0.36636797210631,"bias_hat","transport error"
0.0826629999906413,0.369666299163577,"bias_hat","transport error"
0.0851347924954697,0.372920124172255,"bias_hat","transport error"
0.0875510760498603,0.376173845476999,"bias_hat","transport error"
0.0900380672122946,0.37922662521439,"bias_hat","transport error"
0.0924368813142028,0.382512841375405,"bias_hat","transport error"
0.0950280482951106,0.385586685644707,"bias_hat","transport error"
0.0974402639292571,0.388874351744549,"bias_hat","transport error"
0.099911330235688,0.391970935520184,"bias_hat","transport error"
0.102499090884945,0.394916758738076,"bias_hat","transport error"
0.104964464324711,0.397944890115281,"bias_hat","transport error"
0.107563766602537,0.400856352820918,"bias_hat","transport error"
0.110115136181012,0.403903812189875,"bias_hat","transport error"
0.112795183054919,0.406840196719153,"bias_hat","transport error"
0.115215304632152,0.409625667756173,"bias_hat","transport error"
0.117827914616074,0.412516736689088,"bias_hat","transport error"
0.12038557168525,0.415479721264682,"bias_hat","transport error"
0.123057752951285,0.418338794071354,"bias_hat","transport error"
0.12581590191314,0.421106903524873,"bias_hat","transport error"
0.128546884228701,0.42381584199357,"bias_hat","transport error"
0.131252961252485,0.42664422021137,"bias_hat","transport error"
0.134001202861734,0.429429492127842,"bias_hat","transport error"
0.136680264864361,0.432238596699617,"bias_hat","transport error"
0.139410078212386,0.435013947352868,"bias_hat","transport error"
0.142244450228758,0.437562817088343,"bias_hat","transport error"
0.145134365813889,0.44017349347966,"bias_hat","transport error"
0.147992561895516,0.443128307125596,"bias_hat","transport error"
0.151050610097493,0.445674325386597,"bias_hat","transport error"
0.153869518181756,0.448173006702599,"bias_hat","transport error"
0.156728336807183,0.450877318258448,"bias_hat","transport error"
0.159590800406058,0.45360373747237,"bias_hat","transport error"
0.162561589800542,0.456127912715621,"bias_hat","transport error"
0.165429603830766,0.45878651186791,"bias_hat","transport error"
0.168345641047054,0.461490171927917,"bias_hat","transport error"
0.171205575960407,0.464195010105196,"bias_hat","transport error"
0.174148060973102,0.466770570657448,"bias_hat","transport error"
0.177104398898181,0.46958973762656,"bias_hat","transport error"
0.180145495820149,0.472357687466633,"bias_hat","transport error"
0.183249347144034,0.474986642109617,"bias_hat","transport error"
0.186317485834839,0.477606443527813,"bias_hat","transport error"
0.189325056808898,0.480126823088956,"bias_hat","transport error"
0.19233800978425,0.482818779701681,"bias_hat","transport error"
0.195336384268214,0.485620304275334,"bias_hat","transport error"
0.198382121457624,0.488293760252422,"bias_hat","transport error"
0.201571543703123,0.490691421507513,"bias_hat","transport error"
0.204681511664034,0.493346827979709,"bias_hat","transport error"
0.207922670847911,0.495926744119677,"bias_hat","transport error"
0.211096796086083,0.498429357376444,"bias_hat","transport error"
0.214203294246489,0.501015510102932,"bias_hat","transport error"
0.217462186609957,0.503465771899937,"bias_hat","transport error"
0.220692873234292,0.505951774274734,"bias_hat","transport error"
0.223892044187068,0.508613960132589,"bias_hat","transport error"
0.227165809117907,0.511099351948055,"bias_hat","transport error"
0.23037283179904,0.513614696322939,"bias_hat","transport error"
0.233636221264699,0.516064011362985,"bias_hat","transport error"
0.236938718738471,0.518461896374512,"bias_hat","transport error"
0.240313104892554,0.52095585657488,"bias_hat","transport error"
0.243542721198655,0.523398575058754,"bias_hat","transport error"
0.246959284306004,0.525704420217748,"bias_hat","transport error"
0.25024248916157,0.528355409586581,"bias_hat","transport error"
0.253510630585825,0.530870299667087,"bias_hat","transport error"
0.256690592268305,0.533472072904203,"bias_hat","transport error"
0.260008260093091,0.535960689641684,"bias_hat","transport error"
0.263255591390429,0.538590006615075,"bias_hat","transport error"
0.266746817190786,0.540978239669907,"bias_hat","transport error"
0.270119485633066,0.543363400467319,"bias_hat","transport error"
0.273499967131113,0.545898574235938,"bias_hat","transport error"
0.276891040436766,0.548385881858148,"bias_hat","transport error"
0.280225273274906,0.550982272005934,"bias_hat","transport error"
0.283732206795302,0.553351412072045,"bias_hat","transport error"
0.287328054683721,0.555797690273925,"bias_hat","transport error"
0.290784076629132,0.558231040164053,"bias_hat","transport error"
0.294337364723886,0.560701098482841,"bias_hat","transport error"
0.297669390038716,0.563389877774521,"bias_hat","transport error"
0.301116204096095,0.565875693763303,"bias_hat","transport error"
0.304549863426422,0.568359482307807,"bias_hat","transport error"
0.308025167521786,0.570813443914177,"bias_hat","transport error"
0.311550123654294,0.573202674947689,"bias_hat","transport error"
0.315142648088525,0.575787912762151,"bias_hat","transport error"
0.31870529110516,0.578222936834874,"bias_hat","transport error"
0.322262880707571,0.580698790172253,"bias_hat","transport error"
0.325707807019007,0.583120322451595,"bias_hat","transport error"
0.329281202051666,0.585703116703386,"bias_hat","transport error"
0.332893864570329,0.588193713455039,"bias_hat","transport error"
0.336481633801562,0.590879295476706,"bias_hat","transport error"
0.340078990325079,0.593440961954959,"bias_hat","transport error"
0.343673336336757,0.596005746267648,"bias_hat","transport error"
0.347202320610736,0.598463383331521,"bias_hat","transport error"
0.350727176458538,0.601035350249515,"bias_hat","transport error"
0.354240974352818,0.603605435183712,"bias_hat","transport error"
0.357786851667849,0.606110877614693,"bias_hat","transport error"
0.361471962678136,0.60860423794288,"bias_hat","transport error"
0.365122591771484,0.611204583163731,"bias_hat","transport error"
0.368796574839123,0.613687271929917,"bias_hat","transport error"
0.372336877130415,0.616391133708341,"bias_hat","transport error"
0.375955025275614,0.618876583594361,"bias_hat","transport error"
0.379802135931791,0.62127209251854,"bias_hat","transport error"
0.383473224425376,0.623864633038585,"bias_hat","transport error"
0.38712957603151,0.626609454372225,"bias_hat","transport error"
0.390867425869779,0.629098570031152,"bias_hat","transport error"
0.394612684947575,0.631668072459918,"bias_hat","transport error"
0.398330562141838,0.634205337485581,"bias_hat","transport error"
0.401992589982993,0.636817640509951,"bias_hat","transport error"
0.405786528996123,0.639300792610635,"bias_hat","transport error"
0.409657283319537,0.641538487835196,"bias_hat","transport error"
0.413459533500511,0.644302549588202,"bias_hat","transport error"
0.417414190779778,0.64656081107911,"bias_hat","transport error"
0.421309913792275,0.649035234464991,"bias_hat","transport error"
0.425017913991369,0.651680709925478,"bias_hat","transport error"
0.428832190174272,0.654420554977019,"bias_hat","transport error"
0.432704781517305,0.656796443946029,"bias_hat","transport error"
0.43643271760362,0.659540122894705,"bias_hat","transport error"
0.440182735155538,0.662349666543155,"bias_hat","transport error"
0.444166913221495,0.664956688060225,"bias_hat","transport error"
0.448122003481922,0.667500496586167,"bias_hat","transport error"
0.451986678287447,0.66999409309689,"bias_hat","transport error"
0.455916894341399,0.672742719912054,"bias_hat","transport error"
0.459879602748493,0.675295677998668,"bias_hat","transport error"
0.463877429663224,0.677734261672461,"bias_hat","transport error"
0.467875177467231,0.680307461617557,"bias_hat","transport error"
0.47185729248299,0.682881895356459,"bias_hat","transport error"
0.475827469549559,0.685496053315559,"bias_hat","transport error"
0.479887384899417,0.688124277468608,"bias_hat","transport error"
0.483955245925764,0.69089033801324,"bias_hat","transport error"
0.487813857578416,0.693723588285174,"bias_hat","transport error"
0.491697049255602,0.696642374503067,"bias_hat","transport error"
0.495711776410634,0.699370522571397,"bias_hat","transport error"
0.499993221545966,0.702174383718759,"bias_hat","transport error"
0.504091094741074,0.704769579069199,"bias_hat","transport error"
0.508067583129539,0.707540803311221,"bias_hat","transport error"
0.512172263458328,0.710358157833914,"bias_hat","transport error"
0.516245927567451,0.71312225040305,"bias_hat","transport error"
0.520579849383148,0.715750162752355,"bias_hat","transport error"
0.524745802906206,0.718432684904969,"bias_hat","transport error"
0.528850849975668,0.721174871628055,"bias_hat","transport error"
0.532986209860911,0.724061367911864,"bias_hat","transport error"
0.537163317949105,0.726780971774313,"bias_hat","transport error"
0.541313416967493,0.729678578077324,"bias_hat","transport error"
0.545575494141404,0.732548766960458,"bias_hat","transport error"
0.549725989918042,0.735179459407763,"bias_hat","transport error"
0.553706690112758,0.738138293288642,"bias_hat","transport error"
0.558032945919778,0.740879192762739,"bias_hat","transport error"
0.562193576056425,0.743867725053318,"bias_hat","transport error"
0.56661127835866,0.746494302780495,"bias_hat","transport error"
0.570917066416884,0.749375879701557,"bias_hat","transport error"
0.575236850155392,0.752119027272173,"bias_hat","transport error"
0.579490666615679,0.755067929586888,"bias_hat","transport error"
0.583764335442152,0.75797990349406,"bias_hat","transport error"
0.588106154124255,0.760751256314767,"bias_hat","transport error"
0.592404718235202,0.763631037353765,"bias_hat","transport error"
0.596982430219112,0.766291185628002,"bias_hat","transport error"
0.601367774196809,0.768994911812839,"bias_hat","transport error"
0.605697578670997,0.771695383571375,"bias_hat","transport error"
0.61032562881776,0.774335053817146,"bias_hat","transport error"
0.614855861914908,0.777187273823257,"bias_hat","transport error"
0.619302226574457,0.780071080164391,"bias_hat","transport error"
0.623705904341399,0.78302167662008,"bias_hat","transport error"
0.628243347275093,0.785941229443572,"bias_hat","transport error"
0.632537512971041,0.788883665213579,"bias_hat","transport error"
0.637154925574422,0.791712996063944,"bias_hat","transport error"
0.641807737338673,0.794446276517966,"bias_hat","transport error"
0.646244711475344,0.797324233319535,"bias_hat","transport error"
0.650774024305964,0.800115189736647,"bias_hat","transport error"
0.65524924893077,0.803189714863756,"bias_hat","transport error"
0.659832045273229,0.806318234679512,"bias_hat","transport error"
0.6643782974294,0.809347092781231,"bias_hat","transport error"
0.668973813069525,0.812263270141989,"bias_hat","transport error"
0.673801313064602,0.81486437419218,"bias_hat","transport error"
0.678406103503097,0.817705555971019,"bias_hat","transport error"
0.683056649108134,0.820523874140096,"bias_hat","transport error"
0.687820558232378,0.823215116725251,"bias_hat","transport error"
0.692465792843765,0.826213526892864,"bias_hat","transport error"
0.697150225216791,0.829168262720833,"bias_hat","transport error"
0.702016284167707,0.832078724762536,"bias_hat","transport error"
0.706732961400242,0.835194021468024,"bias_hat","transport error"
0.711608848889891,0.837951172773813,"bias_hat","transport error"
0.716315595944635,0.840949162022323,"bias_hat","transport error"
0.721110915283283,0.844170539561571,"bias_hat","transport error"
0.72597320984753,0.847009842672344,"bias_hat","transport error"
0.730772382836199,0.849910172481259,"bias_hat","transport error"
0.735529315115464,0.85257143307879,"bias_hat","transport error"
0.7404173494713,0.855446827025464,"bias_hat","transport error"
0.74521281400653,0.858521555772024,"bias_hat","transport error"
0.750144895670305,0.861413226181659,"bias_hat","transport error"
0.755325747549327,0.864206962709783,"bias_hat","transport error"
0.760341083048267,0.867060808250296,"bias_hat","transport error"
0.765336143937653,0.869925934108202,"bias_hat","transport error"
0.770101324035216,0.872970225484248,"bias_hat","transport error"
0.775197961325646,0.875907856725605,"bias_hat","transport error"
0.780273435458837,0.878738896448238,"bias_hat","transport error"
0.785468833573024,0.881530665153312,"bias_hat","transport error"
0.790306180106401,0.884471036057814,"bias_hat","transport error"
0.795484553079107,0.886999121857074,"bias_hat","transport error"
0.800670716934973,0.889763410801105,"bias_hat","transport error"
0.805672482489528,0.892839071691854,"bias_hat","transport error"
0.810519637939171,0.895948649503357,"bias_hat","transport error"
0.815729614190774,0.898948826592323,"bias_hat","transport error"
0.820773963899981,0.902088038365967,"bias_hat","transport error"
0.825815145260816,0.905157734508988,"bias_hat","transport error"
0.8307297025772,0.908149505178831,"bias_hat","transport error"
0.835939191936378,0.911153261968873,"bias_hat","transport error"
0.841202655849962,0.914157467865389,"bias_hat","transport error"
0.846493317633181,0.916919745346397,"bias_hat","transport error"
0.85173579926952,0.919902908959585,"bias_hat","transport error"
0.856830202519606,0.922917227125864,"bias_hat","transport error"
0.862326231073835,0.925704243353658,"bias_hat","transport error"
0.867543752339481,0.928697630449443,"bias_hat","transport error"
0.872853611589627,0.931754035217566,"bias_hat","transport error"
0.878307650112589,0.934676922143924,"bias_hat","transport error"
0.883436595910448,0.937861916993783,"bias_hat","transport error"
0.888777238462238,0.94076200273367,"bias_hat","transport error"
0.894318562333979,0.94378431923314,"bias_hat","transport error"
0.899726860086961,0.946842583919446,"bias_hat","transport error"
0.905223408915562,0.949871194151908,"bias_hat","transport error"
0.910588143845847,0.95283023756658,"bias_hat","transport error"
0.915951501350003,0.955778165766721,"bias_hat","transport error"
0.921434107382327,0.958791732854841,"bias_hat","transport error"
0.927000579469072,0.961553721069663,"bias_hat","transport error"
0.932457180994437,0.964529780087857,"bias_hat","transport error"
0.938125234403662,0.967350941717346,"bias_hat","transport error"
0.943694325101047,0.970247063971262,"bias_hat","transport error"
0.949028020132427,0.97346496060016,"bias_hat","transport error"
0.954528456008617,0.976468719263971,"bias_hat","transport error"
0.959895172040433,0.979504081573345,"bias_hat","transport error"
0.965452858599275,0.982384113041314,"bias_hat","transport error"
0.971166326701049,0.985288282627853,"bias_hat","transport error"
0.97693822763525,0.988208660641903,"bias_hat","transport error"
0.982692665025601,0.991206570185936,"bias_hat","transport error"
0.988393915920332,0.99401167630943,"bias_hat","transport error"
0.994056198932434,0.997081799992555,"bias_hat","transport error"
1,1,"bias_hat","transport error"
0,0,"orc_cross","transport error"
0,2.17396599333436e-06,"orc_cross","transport error"
5.99935443040695e-05,0.0045791108179268,"orc_cross","transport error"
0.000163580473281561,0.00948839707063226,"orc_cross","transport error"
0.00029087057804295,0.0147218238622727,"orc_cross","transport error"
0.000479206786070227,0.0199187228569482,"orc_cross","transport error"
0.000696449356503661,0.0253707574726971,"orc_cross","transport error"
0.000943714087307198,0.0307271592848181,"orc_cross","transport error"
0.00119627308472705,0.0362797745572506,"orc_cross","transport error"
0.00147401715591276,0.0418282177371525,"orc_cross","transport error"
0.00179490324901062,0.0474354269354168,"orc_cross","transport error"
0.00214090544432035,0.0528299561387129,"orc_cross","transport error"
0.00251226705531675,0.0581459482545105,"orc_cross","transport error"
0.00291787010154348,0.0637378786220073,"orc_cross","transport error"
0.00333814123184216,0.069436408740566,"orc_cross","transport error"
0.00376613169482294,0.0749655502123357,"orc_cross","transport error"
0.00420063897965933,0.0806420365752588,"orc_cross","transport error"
0.004622410896383,0.0864131557059931,"orc_cross","transport error"
0.00508861217613666,0.0922612450317207,"orc_cross","transport error"
0.00554924573868056,0.0980369016281677,"orc_cross","transport error"
0.0060334325556327,0.103841168510697,"orc_cross","transport error"
0.00654392546409217,0.109661927105776,"orc_cross","transport error"
0.00704766171341832,0.115630435476075,"orc_cross","transport error"
0.0076108132243097,0.121572262814827,"orc_cross","transport error"
0.00818735636744493,0.127470190680861,"orc_cross","transport error"
0.00874870515683098,0.133429308028744,"orc_cross","transport error"
0.0093435323497524,0.139201115150544,"orc_cross","transport error"
0.00998228323400843,0.144988238305702,"orc_cross","transport error"
0.0106712588047835,0.150645693521787,"orc_cross","transport error"
0.0112617642025867,0.156655444874217,"orc_cross","transport error"
0.0118966426740211,0.162779462483534,"orc_cross","transport error"
0.012602122578514,0.168936595555655,"orc_cross","transport error"
0.0132370881133522,0.175145889036778,"orc_cross","transport error"
0.0139240087217039,0.181465199190106,"orc_cross","transport error"
0.0146842192436855,0.187528120733282,"orc_cross","transport error"
0.0154165850090224,0.193860725923512,"orc_cross","transport error"
0.0161674763472256,0.200113872798386,"orc_cross","transport error"
0.0168890351383553,0.206922404686704,"orc_cross","transport error"
0.0176360076186481,0.213516406799907,"orc_cross","transport error"
0.0183992973489857,0.219790593291116,"orc_cross","transport error"
0.0192700505406117,0.225899948529967,"orc_cross","transport error"
0.0201025576908855,0.232339901016759,"orc_cross","transport error"
0.0209452971006664,0.238626119107446,"orc_cross","transport error"
0.0218406920109547,0.244843233942324,"orc_cross","transport error"
0.0227682018638517,0.251143655792713,"orc_cross","transport error"
0.0236597044941123,0.257768421627385,"orc_cross","transport error"
0.024590755201352,0.26424801187437,"orc_cross","transport error"
0.0255535017763871,0.270806331375398,"orc_cross","transport error"
0.0265774338940848,0.277126432686295,"orc_cross","transport error"
0.0276180669522036,0.283218717341393,"orc_cross","transport error"
0.0286614810748314,0.289543366916498,"orc_cross","transport error"
0.029764351431634,0.29595243186713,"orc_cross","transport error"
0.0308314075581974,0.302526039819277,"orc_cross","transport error"
0.0319846160437573,0.308583265226384,"orc_cross","transport error"
0.0331266525236298,0.31506504998792,"orc_cross","transport error"
0.0342922782985098,0.321627395337258,"orc_cross","transport error"
0.0354877045473984,0.328258430330807,"orc_cross","transport error"
0.0367412582798018,0.334493395871478,"orc_cross","transport error"
0.0379568008263236,0.341107646209353,"orc_cross","transport error"
0.0391903223408498,0.347611078480998,"orc_cross","transport error"
0.0405113488576008,0.353923632894794,"orc_cross","transport error"
0.0418413127538257,0.360334598114079,"orc_cross","transport error"
0.0432819746210983,0.36658970306305,"orc_cross","transport error"
0.0446447098672691,0.372727146811004,"orc_cross","transport error"
0.0459807724603187,0.37877139905607,"orc_cross","transport error"
0.0473920309896174,0.3849535402478,"orc_cross","transport error"
0.048867200019758,0.39118950288152,"orc_cross","transport error"
0.0503881182743172,0.397065925474104,"orc_cross","transport error"
0.0518950199474432,0.403203024080001,"orc_cross","transport error"
0.0533782959479082,0.409301102315497,"orc_cross","transport error"
0.0549272655496112,0.415242558931348,"orc_cross","transport error"
0.0565357157252818,0.42117519594612,"orc_cross","transport error"
0.0581247194769261,0.427141460724518,"orc_cross","transport error"
0.0598183009241447,0.43267706096581,"orc_cross","transport error"
0.0613967922554133,0.438758317324887,"orc_cross","transport error"
0.0630892963306262,0.444556677905416,"orc_cross","transport error"
0.0647475490620483,0.450466041762348,"orc_cross","transport error"
0.0664107640817896,0.456160987761826,"orc_cross","transport error"
0.0681347239739013,0.461769411148586,"orc_cross","transport error"
0.0698867682815139,0.467372905864413,"orc_cross","transport error"
0.0716394773368528,0.472886339648727,"orc_cross","transport error"
0.0734325312622199,0.478225030765744,"orc_cross","transport error"
0.0751910483065246,0.483811782274347,"orc_cross","transport error"
0.0769903101841999,0.488932820178957,"orc_cross","transport error"
0.0788587947373401,0.493981771602275,"orc_cross","transport error"
0.0807230320846203,0.499176968719428,"orc_cross","transport error"
0.082588703474105,0.504289529209792,"orc_cross","transport error"
0.084535540604131,0.509250857993192,"orc_cross","transport error"
0.086581704011197,0.51393472452652,"orc_cross","transport error"
0.088455730889081,0.519040427865601,"orc_cross","transport error"
0.0904491811050326,0.523768679552227,"orc_cross","transport error"
0.0924026356978966,0.528557747114564,"orc_cross","transport error"
0.0943328984270953,0.533474046682644,"orc_cross","transport error"
0.0962232217230375,0.538316299430184,"orc_cross","transport error"
0.0981482477049218,0.543207785009518,"orc_cross","transport error"
0.100202820159337,0.547525306469512,"orc_cross","transport error"
0.102133594409782,0.552179074740543,"orc_cross","transport error"
0.104011780026267,0.557028676890107,"orc_cross","transport error"
0.106063442907481,0.561579013368501,"orc_cross","transport error"
0.108025866790726,0.566170727045434,"orc_cross","transport error"
0.110008985309521,0.570571743409905,"orc_cross","transport error"
0.112099367676905,0.574993949633689,"orc_cross","transport error"
0.114120797013555,0.579425565526173,"orc_cross","transport error"
0.116135371500329,0.58387574902996,"orc_cross","transport error"
0.118206625196909,0.588048782869309,"orc_cross","transport error"
0.120265825101321,0.592002616636508,"orc_cross","transport error"
0.122280064117374,0.596077337403399,"orc_cross","transport error"
0.124349581366425,0.60021148433105,"orc_cross","transport error"
0.126360675401948,0.604483159588569,"orc_cross","transport error"
0.128342182828893,0.60882499043684,"orc_cross","transport error"
0.130279432374671,0.613046190675569,"orc_cross","transport error"
0.132291882675362,0.617096482777344,"orc_cross","transport error"
0.134254561132854,0.621158316247156,"orc_cross","transport error"
0.136215338601263,0.625092622023975,"orc_cross","transport error"
0.13828008257199,0.628792309325568,"orc_cross","transport error"
0.140233920973255,0.632671720739743,"orc_cross","transport error"
0.142238051508411,0.636525029142168,"orc_cross","transport error"
0.144168676687798,0.640410339937661,"orc_cross","transport error"
0.146056151860922,0.644411689918437,"orc_cross","transport error"
0.147975824039231,0.648137114872805,"orc_cross","transport error"
0.150040234104575,0.65158361427382,"orc_cross","transport error"
0.151906011609469,0.655643387813756,"orc_cross","transport error"
0.153719368313489,0.659367747570658,"orc_cross","transport error"
0.155600746968899,0.662852516974805,"orc_cross","transport error"
0.157449420557776,0.666487778912868,"orc_cross","transport error"
0.159201913679865,0.670217938006477,"orc_cross","transport error"
0.160954031061441,0.67402558272957,"orc_cross","transport error"
0.162672022091299,0.677818284616013,"orc_cross","transport error"
0.164360736161212,0.681430697636694,"orc_cross","transport error"
0.166029144002747,0.684987411097467,"orc_cross","transport error"
0.167628763782305,0.688598381318294,"orc_cross","transport error"
0.169228485012309,0.692297049287452,"orc_cross","transport error"
0.170889477503225,0.695804617978852,"orc_cross","transport error"
0.172347445318799,0.69952317708862,"orc_cross","transport error"
0.17372780604098,0.70321939525916,"orc_cross","transport error"
0.175129903259779,0.706956550003907,"orc_cross","transport error"
0.17655962384397,0.710405385074869,"orc_cross","transport error"
0.177914851201386,0.713871750637723,"orc_cross","transport error"
0.179188430264091,0.717638822146735,"orc_cross","transport error"
0.18042693034846,0.721167986173478,"orc_cross","transport error"
0.181616088673564,0.724730559144752,"orc_cross","transport error"
0.18273253832219,0.728416136577019,"orc_cross","transport error"
0.183799538410533,0.732089538764044,"orc_cross","transport error"
0.184873656120178,0.735671151383768,"orc_cross","transport error"
0.18583663095445,0.73939617753348,"orc_cross","transport error"
0.186630933674838,0.743409667844821,"orc_cross","transport error"
0.187427770825021,0.747130905420407,"orc_cross","transport error"
0.188156184815597,0.750867275054157,"orc_cross","transport error"
0.188710166844779,0.754838545619886,"orc_cross","transport error"
0.189206430462005,0.758711520290568,"orc_cross","transport error"
0.189536640268399,0.762581392537634,"orc_cross","transport error"
0.193257849820679,0.764365029605014,"orc_cross","transport error"
0.200258032662271,0.764365029605014,"orc_cross","transport error"
0.206739378422657,0.764365029605014,"orc_cross","transport error"
0.210506490392537,0.764365029605014,"orc_cross","transport error"
0.214275819614901,0.764365029605014,"orc_cross","transport error"
0.22347741742246,0.764365029605014,"orc_cross","transport error"
0.233977691684789,0.764365029605014,"orc_cross","transport error"
0.242277184481825,0.764365029605014,"orc_cross","transport error"
0.2479311783154,0.764365029605014,"orc_cross","transport error"
0.253873731722215,0.764365029605014,"orc_cross","transport error"
0.262429510750769,0.764365029605014,"orc_cross","transport error"
0.270985289779322,0.764365029605014,"orc_cross","transport error"
0.276588744334031,0.764365029605014,"orc_cross","transport error"
0.281195702272469,0.764365029605014,"orc_cross","transport error"
0.289049791278888,0.764365029605014,"orc_cross","transport error"
0.301883459821747,0.764365029605014,"orc_cross","transport error"
0.314465681374603,0.764365029605014,"orc_cross","transport error"
0.32137611828226,0.764365029605014,"orc_cross","transport error"
0.328286555189918,0.764365029605014,"orc_cross","transport error"
0.337185867575524,0.764365029605014,"orc_cross","transport error"
0.346986123553706,0.764365029605014,"orc_cross","transport error"
0.355269778833022,0.764365029605014,"orc_cross","transport error"
0.360543735590936,0.764365029605014,"orc_cross","transport error"
0.365820796502327,0.764365029605014,"orc_cross","transport error"
0.380349343402167,0.764365029605014,"orc_cross","transport error"
0.395049727369498,0.764365029605014,"orc_cross","transport error"
0.405483674107543,0.764365029605014,"orc_cross","transport error"
0.413399265474513,0.764365029605014,"orc_cross","transport error"
0.422428582764074,0.764365029605014,"orc_cross","transport error"
0.434406673404061,0.764365029605014,"orc_cross","transport error"
0.446384764044047,0.764365029605014,"orc_cross","transport error"
0.453263765238782,0.764365029605014,"orc_cross","transport error"
0.459713506352665,0.764365029605014,"orc_cross","transport error"
0.472721387590679,0.764365029605014,"orc_cross","transport error"
0.490677954647153,0.764365029605014,"orc_cross","transport error"
0.506854880951756,0.764365029605014,"orc_cross","transport error"
0.516529492622523,0.764365029605014,"orc_cross","transport error"
0.52620410429329,0.764365029605014,"orc_cross","transport error"
0.533570841203822,0.764365029605014,"orc_cross","transport error"
0.540571024045413,0.764365029605014,"orc_cross","transport error"
0.545896864511423,0.764467676630079,"orc_cross","transport error"
0.54962184868417,0.764654307584743,"orc_cross","transport error"
0.554400027786691,0.764840938539407,"orc_cross","transport error"
0.56490030204902,0.764840938539407,"orc_cross","transport error"
0.575400576311348,0.764840938539407,"orc_cross","transport error"
0.581940204136955,0.765120884971404,"orc_cross","transport error"
0.587517702759783,0.765442823368201,"orc_cross","transport error"
0.594447567022562,0.765554801941,"orc_cross","transport error"
0.603003346051174,0.765554801941,"orc_cross","transport error"
0.611175857150446,0.765554801941,"orc_cross","transport error"
0.615780105113626,0.765566207166008,"orc_cross","transport error"
0.620387063052065,0.765566207166008,"orc_cross","transport error"
0.631115661528499,0.765566207166008,"orc_cross","transport error"
0.643941780854568,0.765566207166008,"orc_cross","transport error"
0.654461904805796,0.765566207166008,"orc_cross","transport error"
0.661372341713453,0.765566207166008,"orc_cross","transport error"
0.668169491034927,0.765618590089591,"orc_cross","transport error"
0.672100131558815,0.766886256840315,"orc_cross","transport error"
0.676068111923018,0.767996774820287,"orc_cross","transport error"
0.678660320002429,0.769849406459766,"orc_cross","transport error"
0.680669407089715,0.77202581211929,"orc_cross","transport error"
0.68502645339102,0.773910984255612,"orc_cross","transport error"
0.691044230933882,0.775326749656252,"orc_cross","transport error"
0.696327468005009,0.777056401160669,"orc_cross","transport error"
0.699357733973685,0.78045852243889,"orc_cross","transport error"
0.70282581458266,0.783002269793926,"orc_cross","transport error"
0.707950222939749,0.783040395831808,"orc_cross","transport error"
0.713077650983554,0.783065813190395,"orc_cross","transport error"
0.716115609319847,0.783619399974085,"orc_cross","transport error"
0.718749396178759,0.784173971195049,"orc_cross","transport error"
0.723769260069604,0.784606244301554,"orc_cross","transport error"
0.731442284014782,0.784720622415199,"orc_cross","transport error"
0.738646675810006,0.78493178200962,"orc_cross","transport error"
0.742568552003202,0.785876134640221,"orc_cross","transport error"
0.746512378995987,0.786728104948263,"orc_cross","transport error"
0.750304545918967,0.786994987213433,"orc_cross","transport error"
0.754073875141389,0.786994987213433,"orc_cross","transport error"
0.757114410528167,0.787000011892981,"orc_cross","transport error"
0.759142855435021,0.787000011892981,"orc_cross","transport error"
0.761407011336684,0.787000011892981,"orc_cross","transport error"
0.767061005170201,0.787000011892981,"orc_cross","transport error"
0.772714999003718,0.787000011892981,"orc_cross","transport error"
0.776491918051961,0.787082919105534,"orc_cross","transport error"
0.779507722545728,0.787203511414701,"orc_cross","transport error"
0.783085060444118,0.787309029685222,"orc_cross","transport error"
0.787692018382556,0.787309029685222,"orc_cross","transport error"
0.792287719500692,0.787309029685222,"orc_cross","transport error"
0.794768389159798,0.787309029685222,"orc_cross","transport error"
0.797249058818903,0.787309029685222,"orc_cross","transport error"
0.802619500171328,0.787309029685222,"orc_cross","transport error"
0.809525872116099,0.787309029685222,"orc_cross","transport error"
0.815483231571526,0.787309029685222,"orc_cross","transport error"
0.8192042360603,0.787309029685222,"orc_cross","transport error"
0.822925240549075,0.787309029685222,"orc_cross","transport error"
0.828111883041229,0.787335158018876,"orc_cross","transport error"
0.833376527338711,0.787387414686182,"orc_cross","transport error"
0.837141149163471,0.787674826356366,"orc_cross","transport error"
0.839880683997558,0.788096899438455,"orc_cross","transport error"
0.843850060561249,0.788462696109598,"orc_cross","transport error"
0.85176565192822,0.788462696109598,"orc_cross","transport error"
0.85968124329519,0.788462696109598,"orc_cross","transport error"
0.864310610644393,0.78866318082359,"orc_cross","transport error"
0.868502650524856,0.788958631981053,"orc_cross","transport error"
0.873875542225521,0.789180220349149,"orc_cross","transport error"
0.880325283339288,0.789180220349149,"orc_cross","transport error"
0.886239199806697,0.789180220349149,"orc_cross","transport error"
0.889699879903033,0.789231807059182,"orc_cross","transport error"
0.89316873161707,0.789249002629193,"orc_cross","transport error"
0.901768775560191,0.789257600414198,"orc_cross","transport error"
0.911437696282916,0.789257600414198,"orc_cross","transport error"
0.918994837516998,0.789270497091707,"orc_cross","transport error"
0.924204243801329,0.789270497091707,"orc_cross","transport error"
0.928874147074254,0.790810202467684,"orc_cross","transport error"
0.92955262633429,0.803818380007763,"orc_cross","transport error"
0.930200064059553,0.816957199216107,"orc_cross","transport error"
0.930821065312887,0.824581791525484,"orc_cross","transport error"
0.931375037318055,0.830792295447596,"orc_cross","transport error"
0.934014079447347,0.834544295447698,"orc_cross","transport error"
0.9395949039489,0.834852236522895,"orc_cross","transport error"
0.94500534112498,0.835205399714029,"orc_cross","transport error"
0.947643274628138,0.836916303100339,"orc_cross","transport error"
0.95020599210473,0.83893622427889,"orc_cross","transport error"
0.951208436588796,0.852183712152057,"orc_cross","transport error"
0.951506533867165,0.870318019913547,"orc_cross","transport error"
0.951850492265281,0.88508515432291,"orc_cross","transport error"
0.952289716716687,0.893676798053369,"orc_cross","transport error"
0.95271341092527,0.902366702183891,"orc_cross","transport error"
0.959623847832927,0.902366702183891,"orc_cross","transport error"
0.966530219777698,0.902366702183891,"orc_cross","transport error"
0.971300922759627,0.902670695296587,"orc_cross","transport error"
0.974903730635229,0.903168138571907,"orc_cross","transport error"
0.977459056551394,0.906292285185388,"orc_cross","transport error"
0.977605714768781,0.915301534708691,"orc_cross","transport error"
0.977740263592071,0.924361747931371,"orc_cross","transport error"
0.977887449387682,0.929551577491895,"orc_cross","transport error"
0.978041732555443,0.934592155277269,"orc_cross","transport error"
0.980304605726689,0.938185555910122,"orc_cross","transport error"
0.9829868365189,0.941336811321609,"orc_cross","transport error"
0.984863219967459,0.944816270311504,"orc_cross","transport error"
0.986061786242118,0.94834727769093,"orc_cross","transport error"
0.986757976899913,0.95524852904662,"orc_cross","transport error"
0.986788870617853,0.966751838988861,"orc_cross","transport error"
0.986812009637364,0.977968790050923,"orc_cross","transport error"
0.98687417230059,0.983971272239737,"orc_cross","transport error"
0.986949467920836,0.989918482953516,"orc_cross","transport error"
0.989707701584265,0.992476762655143,"orc_cross","transport error"
0.993578359245087,0.993626409335874,"orc_cross","transport error"
0.996682615057018,0.995169273081867,"orc_cross","transport error"
0.99836232025974,0.997496202180876,"orc_cross","transport error"
1,1,"orc_cross","transport error"
0,0,"lambda_norm","transport error"
0,5.66263326416082e-06,"lambda_norm","transport error"
0.00105541585478373,0.00484913724643538,"lambda_norm","transport error"
0.00241638793364023,0.00911828972652009,"lambda_norm","transport error"
0.00386667428348869,0.0133908883890675,"lambda_norm","transport error"
0.00539274456787536,0.0174539796045626,"lambda_norm","transport error"
0.00704543702908456,0.0216587066304474,"lambda_norm","transport error"
0.00868003513641943,0.0258050923505013,"lambda_norm","transport error"
0.0103854940892351,0.0298634162348949,"lambda_norm","transport error"
0.0120170617409764,0.0341006363472646,"lambda_norm","transport error"
0.0137447833201687,0.0383102715757976,"lambda_norm","transport error"
0.0155491719511341,0.0425327456226407,"lambda_norm","transport error"
0.0173098982492935,0.0469779221441052,"lambda_norm","transport error"
0.0192719979749535,0.0511018320753827,"lambda_norm","transport error"
0.0211469339605885,0.0553479295795671,"lambda_norm","transport error"
0.0229991501290084,0.059542074469887,"lambda_norm","transport error"
0.0248177538724964,0.0639171403316935,"lambda_norm","transport error"
0.0267271084317598,0.0683049155685943,"lambda_norm","transport error"
0.0287507598217788,0.0722502918626327,"lambda_norm","transport error"
0.0307233425874422,0.0764073136142011,"lambda_norm","transport error"
0.0326937291287037,0.0806393761881564,"lambda_norm","transport error"
0.0347113557024681,0.0847550851981526,"lambda_norm","transport error"
0.0367334020340439,0.0887757251294233,"lambda_norm","transport error"
0.0387066064713063,0.0930309796104424,"lambda_norm","transport error"
0.0405916201335837,0.0974115727107822,"lambda_norm","transport error"
0.0425122983981759,0.101665860325622,"lambda_norm","transport error"
0.0445446720771292,0.105731513830808,"lambda_norm","transport error"
0.0464952829443186,0.109913775039076,"lambda_norm","transport error"
0.0484497641666936,0.114040484046581,"lambda_norm","transport error"
0.0504418836128769,0.118135311890854,"lambda_norm","transport error"
0.0524488577113154,0.122251023246749,"lambda_norm","transport error"
0.0544554061538481,0.126324454432918,"lambda_norm","transport error"
0.0563480787239426,0.130501916213572,"lambda_norm","transport error"
0.0583175068649392,0.134539656238074,"lambda_norm","transport error"
0.0602772509667663,0.138650620166786,"lambda_norm","transport error"
0.0622195514078476,0.142672499221407,"lambda_norm","transport error"
0.0641222572230063,0.146775178547827,"lambda_norm","transport error"
0.066154490574761,0.150837883005357,"lambda_norm","transport error"
0.0680867398093007,0.154869299835943,"lambda_norm","transport error"
0.0699941568542154,0.159050408854602,"lambda_norm","transport error"
0.0718464587375515,0.163238217638353,"lambda_norm","transport error"
0.0737242358347551,0.167367014895612,"lambda_norm","transport error"
0.0756304027268786,0.171295382196138,"lambda_norm","transport error"
0.0775251647349811,0.175017353180431,"lambda_norm","transport error"
0.0794004138695262,0.179033524133943,"lambda_norm","transport error"
0.0813642511686909,0.182899837277761,"lambda_norm","transport error"
0.0833544069600372,0.186576925259412,"lambda_norm","transport error"
0.0851501397821006,0.190648586703728,"lambda_norm","transport error"
0.0869733378718439,0.194519077990421,"lambda_norm","transport error"
0.0889353207098275,0.198087932995033,"lambda_norm","transport error"
0.0908715289329282,0.201818745644749,"lambda_norm","transport error"
0.0927126568324582,0.205685072942537,"lambda_norm","transport error"
0.0946027753000281,0.20939118656088,"lambda_norm","transport error"
0.0965452017272013,0.213131079166231,"lambda_norm","transport error"
0.098436906817013,0.217023958438746,"lambda_norm","transport error"
0.100332488083462,0.220878170681829,"lambda_norm","transport error"
0.102374660775786,0.224558039524862,"lambda_norm","transport error"
0.104380178799919,0.228471232014135,"lambda_norm","transport error"
0.10645461076553,0.232406457603783,"lambda_norm","transport error"
0.108552581727481,0.236396774252669,"lambda_norm","transport error"
0.110767691950704,0.24031030443293,"lambda_norm","transport error"
0.1129420796782,0.244453101764009,"lambda_norm","transport error"
0.115184973361676,0.248776619331418,"lambda_norm","transport error"
0.117558358854134,0.252992775392067,"lambda_norm","transport error"
0.120034209169427,0.257355483581287,"lambda_norm","transport error"
0.122660555818139,0.26135881133382,"lambda_norm","transport error"
0.125307582550833,0.265864662596754,"lambda_norm","transport error"
0.128091708027001,0.270189193570791,"lambda_norm","transport error"
0.130813479170366,0.274592949180409,"lambda_norm","transport error"
0.133632611697543,0.279130526844424,"lambda_norm","transport error"
0.136469992352597,0.283804281553685,"lambda_norm","transport error"
0.139468673570111,0.288474022532778,"lambda_norm","transport error"
0.142449501590873,0.293101896874612,"lambda_norm","transport error"
0.145476274633956,0.297704015677729,"lambda_norm","transport error"
0.14832134278504,0.302646738111528,"lambda_norm","transport error"
0.151527492663525,0.3072457861153,"lambda_norm","transport error"
0.1546550665993,0.312294862949235,"lambda_norm","transport error"
0.157746950259068,0.316942275673944,"lambda_norm","transport error"
0.160883929869845,0.321712288961452,"lambda_norm","transport error"
0.16413640246125,0.326542623094515,"lambda_norm","transport error"
0.167363437487368,0.331339327052994,"lambda_norm","transport error"
0.170734605096849,0.336212259989142,"lambda_norm","transport error"
0.173963510297317,0.341097911072609,"lambda_norm","transport error"
0.177362815561871,0.345851501033202,"lambda_norm","transport error"
0.180433800989077,0.350844738847299,"lambda_norm","transport error"
0.183750870651428,0.35591822783029,"lambda_norm","transport error"
0.18710765520157,0.360980531811857,"lambda_norm","transport error"
0.190356275374675,0.366119191002952,"lambda_norm","transport error"
0.193666395433317,0.371105110482636,"lambda_norm","transport error"
0.196922392446201,0.376206446903759,"lambda_norm","transport error"
0.20019044211474,0.381097314538161,"lambda_norm","transport error"
0.203504795038798,0.386007903629898,"lambda_norm","transport error"
0.206819178254371,0.390644131745442,"lambda_norm","transport error"
0.209981594560555,0.395922677032551,"lambda_norm","transport error"
0.213293977777425,0.401113157148694,"lambda_norm","transport error"
0.2165538997887,0.405904131520724,"lambda_norm","transport error"
0.219635100285583,0.410966727404307,"lambda_norm","transport error"
0.222894810695645,0.415900326724075,"lambda_norm","transport error"
0.226235578024386,0.420741446996905,"lambda_norm","transport error"
0.22940537478074,0.425600707593745,"lambda_norm","transport error"
0.232546682370403,0.430560785909408,"lambda_norm","transport error"
0.235775514236443,0.435245968216994,"lambda_norm","transport error"
0.238987433319582,0.439942882933494,"lambda_norm","transport error"
0.242066912720721,0.444739224606939,"lambda_norm","transport error"
0.245157271544896,0.449380207064948,"lambda_norm","transport error"
0.24813234897876,0.454020502140497,"lambda_norm","transport error"
0.25118016293992,0.458459327791106,"lambda_norm","transport error"
0.254212688927527,0.462765152523267,"lambda_norm","transport error"
0.257239770285192,0.467307440025328,"lambda_norm","transport error"
0.260089230903032,0.471604358287527,"lambda_norm","transport error"
0.262994514647822,0.475778373240373,"lambda_norm","transport error"
0.265784165793757,0.480044495214813,"lambda_norm","transport error"
0.268723646003295,0.483785180468705,"lambda_norm","transport error"
0.27144202414535,0.487745868618339,"lambda_norm","transport error"
0.274009413239554,0.491665669491177,"lambda_norm","transport error"
0.276481566820227,0.49561201763236,"lambda_norm","transport error"
0.278804571721849,0.499300040241296,"lambda_norm","transport error"
0.28101732282194,0.503001757394074,"lambda_norm","transport error"
0.283181100416245,0.506582189080533,"lambda_norm","transport error"
0.285263220071499,0.510107998177182,"lambda_norm","transport error"
0.287254210745388,0.513580351641718,"lambda_norm","transport error"
0.289174136228423,0.517066664614723,"lambda_norm","transport error"
0.29117060043777,0.520493958170601,"lambda_norm","transport error"
0.29310441101272,0.523879224965774,"lambda_norm","transport error"
0.29515990848015,0.527247278535086,"lambda_norm","transport error"
0.297217928196907,0.530584636336532,"lambda_norm","transport error"
0.299385797591306,0.533879642675715,"lambda_norm","transport error"
0.30157625374324,0.537259026892687,"lambda_norm","transport error"
0.303653402271602,0.540722657114544,"lambda_norm","transport error"
0.305843628977952,0.54407497500605,"lambda_norm","transport error"
0.307837800446427,0.547518647033542,"lambda_norm","transport error"
0.309995843849196,0.550897238234606,"lambda_norm","transport error"
0.31224843254959,0.554247506036986,"lambda_norm","transport error"
0.314487541544548,0.55753823294848,"lambda_norm","transport error"
0.316703063165079,0.56080979354128,"lambda_norm","transport error"
0.318912818791539,0.564162769418953,"lambda_norm","transport error"
0.321104204461353,0.567684825894527,"lambda_norm","transport error"
0.323310432408156,0.571132483236224,"lambda_norm","transport error"
0.32554892049929,0.574452438754524,"lambda_norm","transport error"
0.327679658326103,0.577894889499465,"lambda_norm","transport error"
0.329930740331452,0.58126596244962,"lambda_norm","transport error"
0.332160768601965,0.584614361069755,"lambda_norm","transport error"
0.334395426365864,0.587937519730757,"lambda_norm","transport error"
0.336640888311338,0.591331029923663,"lambda_norm","transport error"
0.338944066508556,0.594403328669207,"lambda_norm","transport error"
0.341216141169099,0.597653424709099,"lambda_norm","transport error"
0.343559185506363,0.600716708632412,"lambda_norm","transport error"
0.34583969872123,0.603841472529369,"lambda_norm","transport error"
0.348096470820185,0.607131056169969,"lambda_norm","transport error"
0.350446050773104,0.610231985311488,"lambda_norm","transport error"
0.352821522495626,0.613322196276022,"lambda_norm","transport error"
0.35527904663784,0.616314245966824,"lambda_norm","transport error"
0.357704489383649,0.619264791348802,"lambda_norm","transport error"
0.360271568268885,0.622087335013198,"lambda_norm","transport error"
0.362807608597346,0.625063997334999,"lambda_norm","transport error"
0.365538848865195,0.627776568880268,"lambda_norm","transport error"
0.368297209770262,0.630579180176406,"lambda_norm","transport error"
0.371128709415164,0.633209026810422,"lambda_norm","transport error"
0.37401680179013,0.635810274928187,"lambda_norm","transport error"
0.376994959015131,0.638258505032638,"lambda_norm","transport error"
0.379938631601931,0.640839583790456,"lambda_norm","transport error"
0.382975131767072,0.643652568030497,"lambda_norm","transport error"
0.386125399222903,0.64623287086841,"lambda_norm","transport error"
0.389345028508998,0.648711731009213,"lambda_norm","transport error"
0.392510881706647,0.651320011399579,"lambda_norm","transport error"
0.39567852359626,0.653951952219772,"lambda_norm","transport error"
0.398935632571135,0.656645302371852,"lambda_norm","transport error"
0.40209126366631,0.659453404355242,"lambda_norm","transport error"
0.405391255224692,0.662104832044894,"lambda_norm","transport error"
0.408739406914803,0.664948052094732,"lambda_norm","transport error"
0.412049959525614,0.667708211115296,"lambda_norm","transport error"
0.415480833684242,0.67039769989799,"lambda_norm","transport error"
0.41888724605222,0.673220769957392,"lambda_norm","transport error"
0.422444634363467,0.675780885205232,"lambda_norm","transport error"
0.426062095868502,0.678454257413726,"lambda_norm","transport error"
0.429682666941551,0.681243535648624,"lambda_norm","transport error"
0.43323257859079,0.68411543738968,"lambda_norm","transport error"
0.436867478421129,0.68689007910905,"lambda_norm","transport error"
0.440570496904269,0.689512859288974,"lambda_norm","transport error"
0.444147483128493,0.692301016370886,"lambda_norm","transport error"
0.447779147773583,0.69522415617074,"lambda_norm","transport error"
0.451417763599966,0.698011407443073,"lambda_norm","transport error"
0.455029620789534,0.700837642708776,"lambda_norm","transport error"
0.458842603354618,0.703424399012669,"lambda_norm","transport error"
0.462631258138817,0.706139961438626,"lambda_norm","transport error"
0.466404075946728,0.709209999625068,"lambda_norm","transport error"
0.470109971714288,0.711910176960786,"lambda_norm","transport error"
0.474106132092471,0.714735383363531,"lambda_norm","transport error"
0.478145722463749,0.717291208833928,"lambda_norm","transport error"
0.482002312618707,0.720130651828728,"lambda_norm","transport error"
0.485897730411176,0.722871758084797,"lambda_norm","transport error"
0.489794933646883,0.725831729583308,"lambda_norm","transport error"
0.493986927233111,0.728528567387106,"lambda_norm","transport error"
0.497758763114923,0.731632725540386,"lambda_norm","transport error"
0.50192427366422,0.734374682915642,"lambda_norm","transport error"
0.505854238246029,0.737508332861538,"lambda_norm","transport error"
0.50991553278478,0.74039556955997,"lambda_norm","transport error"
0.513922425856183,0.743466681045307,"lambda_norm","transport error"
0.518094216725764,0.746570261531346,"lambda_norm","transport error"
0.522183396936991,0.749499577927078,"lambda_norm","transport error"
0.526500725119174,0.752453772753184,"lambda_norm","transport error"
0.530817067004955,0.755328757664952,"lambda_norm","transport error"
0.535113749561448,0.758182086321804,"lambda_norm","transport error"
0.539533169902437,0.761098765819379,"lambda_norm","transport error"
0.543894964419903,0.763769893443127,"lambda_norm","transport error"
0.54828590511382,0.766658728696072,"lambda_norm","transport error"
0.552699101987154,0.769646615080962,"lambda_norm","transport error"
0.557197133423469,0.772472194061985,"lambda_norm","transport error"
0.56167321607131,0.775356561793727,"lambda_norm","transport error"
0.566318127741176,0.77820658054262,"lambda_norm","transport error"
0.570680143442435,0.781533865231201,"lambda_norm","transport error"
0.575164572868213,0.784426256498854,"lambda_norm","transport error"
0.579600131504419,0.787158485821052,"lambda_norm","transport error"
0.584198290512512,0.790279454432846,"lambda_norm","transport error"
0.588799449212212,0.793337385534273,"lambda_norm","transport error"
0.593447023480146,0.796408366641622,"lambda_norm","transport error"
0.597997779888772,0.799227133250983,"lambda_norm","transport error"
0.602653225538385,0.802111436037887,"lambda_norm","transport error"
0.60734298093669,0.804895361450894,"lambda_norm","transport error"
0.611853120745116,0.807806414674631,"lambda_norm","transport error"
0.616630493352466,0.810657287960864,"lambda_norm","transport error"
0.621279375501561,0.813416236956548,"lambda_norm","transport error"
0.625793696143935,0.81670442485283,"lambda_norm","transport error"
0.630516549672471,0.819394887808083,"lambda_norm","transport error"
0.635313155794523,0.822463257937633,"lambda_norm","transport error"
0.640093528016122,0.825161083586591,"lambda_norm","transport error"
0.645072841428097,0.827897322397976,"lambda_norm","transport error"
0.649930061617407,0.830830453448384,"lambda_norm","transport error"
0.654707258677759,0.83366069820327,"lambda_norm","transport error"
0.659589301265812,0.836440111659132,"lambda_norm","transport error"
0.664209570840973,0.839461325976825,"lambda_norm","transport error"
0.668932444519318,0.842676814231136,"lambda_norm","transport error"
0.673686607138055,0.845539709148641,"lambda_norm","transport error"
0.678411141686636,0.848730941238529,"lambda_norm","transport error"
0.683130586339348,0.851633421743689,"lambda_norm","transport error"
0.687854341620174,0.854669760395655,"lambda_norm","transport error"
0.692777162780405,0.857394664135479,"lambda_norm","transport error"
0.697504840196395,0.860258922894576,"lambda_norm","transport error"
0.702404661181287,0.863038571714434,"lambda_norm","transport error"
0.707324788841921,0.865854132099699,"lambda_norm","transport error"
0.712278621447574,0.868596698882151,"lambda_norm","transport error"
0.717046330964605,0.871611031488585,"lambda_norm","transport error"
0.721789259272038,0.874580384667684,"lambda_norm","transport error"
0.726695660542507,0.877305084783467,"lambda_norm","transport error"
0.731655820033452,0.880370193998537,"lambda_norm","transport error"
0.736355913559996,0.883349778675263,"lambda_norm","transport error"
0.74107767184393,0.886291889204019,"lambda_norm","transport error"
0.745855555196717,0.889172818277509,"lambda_norm","transport error"
0.750630538910785,0.891941547575106,"lambda_norm","transport error"
0.755430397931352,0.894923794013564,"lambda_norm","transport error"
0.76030313289338,0.897608137993167,"lambda_norm","transport error"
0.765070419999253,0.900172331093176,"lambda_norm","transport error"
0.769968035372916,0.902875913556722,"lambda_norm","transport error"
0.774577303616523,0.905709846006453,"lambda_norm","transport error"
0.779070964632764,0.908575385594943,"lambda_norm","transport error"
0.783577286226436,0.911406704625341,"lambda_norm","transport error"
0.788213526323547,0.913834703517617,"lambda_norm","transport error"
0.792714112028526,0.916609043137689,"lambda_norm","transport error"
0.797318212445618,0.919076874700987,"lambda_norm","transport error"
0.801818084128005,0.921524584107353,"lambda_norm","transport error"
0.806052091071335,0.924015697662509,"lambda_norm","transport error"
0.810217817351213,0.926418830983166,"lambda_norm","transport error"
0.814299306871557,0.928779422505286,"lambda_norm","transport error"
0.818551977217636,0.930915655493412,"lambda_norm","transport error"
0.822696375098841,0.933014885549874,"lambda_norm","transport error"
0.827076044585261,0.934896739863164,"lambda_norm","transport error"
0.831385941239465,0.936985421022417,"lambda_norm","transport error"
0.835715624000445,0.939165505936901,"lambda_norm","transport error"
0.840028366109328,0.94128680942527,"lambda_norm","transport error"
0.844488833042026,0.943138962950527,"lambda_norm","transport error"
0.848977808009434,0.945074129162659,"lambda_norm","transport error"
0.853443399761762,0.947065684584666,"lambda_norm","transport error"
0.858052074185481,0.94888508247298,"lambda_norm","transport error"
0.862660374542111,0.950791035227514,"lambda_norm","transport error"
0.867199082834676,0.952643887031853,"lambda_norm","transport error"
0.871924862378465,0.954560726592077,"lambda_norm","transport error"
0.87666388510375,0.956541966527644,"lambda_norm","transport error"
0.881557723335794,0.95844769710247,"lambda_norm","transport error"
0.886408749992101,0.960369265916478,"lambda_norm","transport error"
0.891261702289454,0.962274806051555,"lambda_norm","transport error"
0.896093470021408,0.96437059549654,"lambda_norm","transport error"
0.90107677765923,0.966255726838446,"lambda_norm","transport error"
0.906077225010693,0.968229253964152,"lambda_norm","transport error"
0.911016225307213,0.970244677834781,"lambda_norm","transport error"
0.916080957897353,0.972212523507956,"lambda_norm","transport error"
0.921224629200919,0.973797013965068,"lambda_norm","transport error"
0.926207451657637,0.975659578196638,"lambda_norm","transport error"
0.931381395245115,0.977471199795176,"lambda_norm","transport error"
0.936467905679095,0.979395307805844,"lambda_norm","transport error"
0.94169169973908,0.98128485100195,"lambda_norm","transport error"
0.946900000684487,0.982937963248856,"lambda_norm","transport error"
0.952311004259737,0.984400699226019,"lambda_norm","transport error"
0.95759618001348,0.986303509724686,"lambda_norm","transport error"
0.962778929763598,0.987848610893577,"lambda_norm","transport error"
0.968141726951515,0.989668326181475,"lambda_norm","transport error"
0.973351465842979,0.991529842994423,"lambda_norm","transport error"
0.978705627812887,0.993201999216294,"lambda_norm","transport error"
0.983898802671905,0.995020317946028,"lambda_norm","transport error"
0.989292005379994,0.996826670711491,"lambda_norm","transport error"
0.994542630206145,0.998546881230194,"lambda_norm","transport error"
1,1,"lambda_norm","transport error"
